0.05171707,0.95830363,0.039564647
0.046627823,0.94621384,0.049645685
0.057180654,0.9409348,0.041147612
0.06263239,0.9493178,0.030212887
0.05396922,0.9335706,0.04921016
0.043944586,0.93615067,0.05563078
0.064153425,0.9332018,0.032327488
0.06906304,0.9378091,0.021061003
0.07056394,0.89648026,0.02861096
0.07471688,0.89013195,0.020060614
0.07422571,0.90244937,0.019103132
0.068983614,0.9056444,0.02751553
0.069851965,0.8700945,0.030852042
0.063682154,0.8630444,0.04057072
0.06648488,0.8521941,0.032862246
0.07163876,0.85901386,0.021700896
0.030635014,0.88171935,0.060859963
0.03606025,0.8749259,0.06114462
0.03999973,0.8813884,0.058669277
0.033930577,0.8873179,0.058410317
0.021666165,0.89306194,0.06536347
0.022807304,0.8975409,0.06083718
0.01807157,0.9025239,0.065464504
0.017797723,0.8974699,0.0712965
0.025380371,0.87663877,0.06274989
0.03117884,0.86938566,0.06292773
0.026005294,0.8878582,0.061407626
0.024127237,0.88402915,0.06495228
0.02151306,0.8802913,0.077382095
0.023036093,0.8847714,0.074879415
0.019752087,0.8870716,0.08156038
0.018436752,0.8815768,0.08209454
0.024268461,0.8774364,0.06789371
0.024789037,0.88112676,0.07011629
0.022378737,0.877857,0.07333311
0.0208273,0.8749432,0.07070551
0.021279888,0.88927126,0.06968316
0.018343545,0.8927555,0.07648379
0.014460447,0.895545,0.08350042
0.015312654,0.88798726,0.08866181
0.046973128,0.8601171,0.057774
0.04191064,0.86775374,0.060297064
0.03697971,0.862963,0.062377766
0.0418018,0.8567331,0.06075237
0.02196462,0.87096155,0.068021946
0.02555415,0.8544818,0.07197218
0.026011148,0.85870856,0.071319126
0.020043198,0.86034,0.07523849
0.020200768,0.8562598,0.07569552
0.052485444,0.843783,0.051810108
0.04693072,0.84340405,0.057355992
0.047375184,0.8358153,0.05613175
0.052588746,0.83463836,0.049506903
0.045160946,0.8294111,0.056390695
0.051187593,0.82586944,0.04846946
0.041363448,0.81137717,0.05262074
0.046581313,0.8178561,0.050072342
0.041065086,0.8237999,0.058433972
0.035768017,0.8190084,0.06279859
0.023541017,0.8252031,0.07050206
0.017580606,0.8243876,0.073703624
0.022457175,0.81157404,0.07383088
0.029204728,0.81449175,0.06907161
0.024698485,0.84750015,0.06858577
0.028634658,0.8469597,0.06582135
0.02906555,0.8491002,0.067733906
0.025046209,0.850709,0.07091472
0.032665,0.84628725,0.063787855
0.034440942,0.8459747,0.063047625
0.03414329,0.84771764,0.06410872
0.032532126,0.84717685,0.064278096
0.030568711,0.8467781,0.06486087
0.029351192,0.84478116,0.06562526
0.031682856,0.8454468,0.064344995
0.025836408,0.8442956,0.06869211
0.013315675,0.84388226,0.077392764
0.017138958,0.84390837,0.07584483
0.015643701,0.84848154,0.07405665
0.012427276,0.8486402,0.075175606
0.032461405,0.849893,0.06561463
0.03501821,0.85167223,0.065017514
0.031370275,0.8551435,0.067881204
0.029961027,0.85203314,0.06796078
0.037895963,0.85369635,0.06372842
0.036585666,0.8487681,0.06315888
0.03985792,0.8495354,0.061816692
0.033693843,0.84401834,0.06326011
0.03668248,0.8420764,0.061929166
0.037316747,0.84521407,0.06244769
0.034465324,0.8388132,0.063091435
0.031149097,0.84218395,0.064708285
0.027675852,0.8406286,0.06793712
0.023157844,0.83954644,0.0718908
0.025600156,0.8341478,0.0694867
0.030594505,0.836145,0.06588219
0.03337746,0.85902107,0.06583721
0.04153829,0.84427637,0.06045162
0.044747982,0.8507527,0.05874917
0.04142453,0.8390851,0.060080886
0.03927721,0.83434474,0.060751386
0.035055734,0.8303834,0.06310665
0.029463328,0.8274111,0.06677226
0.024614992,0.8011966,0.06347287
0.03279361,0.8056555,0.05888868
0.04138153,0.9288561,0.05413145
0.050027106,0.9272192,0.051075354
0.05008313,0.9190028,0.04763808
0.051963337,0.92106974,0.047091804
0.046886805,0.9232781,0.050261296
0.04605495,0.9204838,0.049984112
0.06321645,0.90872324,0.032980166
0.05835342,0.91141355,0.037316844
0.058749743,0.9074372,0.036613293
0.064774744,0.902117,0.03348867
0.051455006,0.90107477,0.045455106
0.055643566,0.9017306,0.04176633
0.05202267,0.908825,0.04354036
0.04897793,0.9084532,0.046252355
0.045226675,0.9084682,0.04835546
0.041035045,0.9090133,0.049729407
0.041448336,0.9034148,0.05001446
0.04648025,0.9018961,0.048253603
0.04025848,0.92478895,0.05154998
0.032944668,0.92445934,0.05144597
0.034408413,0.9212171,0.05086469
0.040490683,0.92158324,0.051259495
0.024087287,0.9143367,0.04729016
0.025245223,0.9169548,0.047677338
0.021673743,0.9186572,0.04873713
0.020905424,0.91408086,0.04891725
0.023352021,0.9109647,0.049640328
0.025425956,0.9126718,0.04815027
0.043236837,0.9790665,0.035017423
0.038222004,0.9641368,0.046351746
0.057916794,0.970303,0.025035262
0.06759982,0.9576357,0.016120873
0.07477519,0.9427433,0.008666161
0.05953118,0.84691596,0.043495886
0.060426403,0.83678913,0.038741224
0.068085626,0.8419715,0.025404356
0.06625275,0.8307122,0.022231922
0.05844812,0.82578576,0.037118986
0.044428106,0.80708003,0.038593844
0.05331554,0.81532204,0.03708128
0.06161068,0.8193848,0.018729955
0.06900124,0.82917064,0.0003864132
0.072217,0.8382727,0.0068160444
0.07230778,0.84243643,-0.0147151835
0.06465696,0.81976545,-0.009448711
0.06970236,0.8397422,-0.023530884
0.04871145,0.7847916,-0.0011079162
0.051133662,0.77219933,-0.0045084506
0.06243258,0.7776907,-0.019623268
0.060967136,0.7896782,-0.015812997
0.07327181,0.8482301,0.013192855
0.07577248,0.9117367,0.009908605
0.07185879,0.9135995,0.021025293
0.077938095,0.8981875,0.008572377
0.07763824,0.9666072,-0.016372148
0.07325058,0.96437776,0.0011281371
0.08004333,0.9477849,-0.0036085434
0.08399874,0.9516926,-0.019306213
0.04989212,1.0011753,-0.011976618
0.048440713,0.9924388,0.0138776
0.061240833,0.98069656,0.007807549
0.06433682,0.9869442,-0.013407927
0.08529441,0.9514246,-0.033425078
0.08597988,0.94944084,-0.051200155
0.08210635,0.9652891,-0.058899254
0.08016665,0.9682926,-0.0368881
0.07095158,0.9842318,-0.068469964
0.06846553,0.9892528,-0.0413161
0.06767735,0.82478595,-0.032120798
0.06875862,0.84313095,-0.037196867
0.059857577,0.80386525,-0.011216324
0.06665748,0.80843294,-0.029837044
0.053374812,1.0004078,-0.075989515
0.050739475,1.0059357,-0.043187838
0.07533586,0.920592,-0.09705232
0.07852802,0.93917686,-0.09006834
0.08395228,0.9284923,-0.07345344
0.08148296,0.91288894,-0.08159586
0.06568158,0.92766225,-0.112893954
0.06857906,0.9498805,-0.10570839
0.06241895,0.86541826,-0.091556855
0.05541803,0.84924144,-0.083355404
0.046849225,0.849469,-0.09591472
0.053094946,0.8653199,-0.10629624
0.06076076,0.92843515,0.041824058
0.056130517,0.9237817,0.046356916
0.059673447,0.9197632,0.040931985
0.06450808,0.92210317,0.035080418
0.068602666,0.92384404,0.025701687
0.07282366,0.9254835,0.014105663
0.08177398,0.9331911,-0.009407688
0.085519314,0.9383577,-0.022838935
0.08753635,0.9363287,-0.04760155
0.08724949,0.93823874,-0.033700813
0.0855747,0.9172316,-0.064766735
0.08381127,0.9073434,-0.069824755
0.06782305,0.8513982,-0.05467815
0.06518812,0.8297103,-0.050626
0.058997836,0.8316343,-0.06554725
0.06194188,0.85051244,-0.07027373
0.04153388,0.83296525,-0.087478995
0.05049556,0.8324238,-0.0772029
0.06355546,0.7969187,-0.049046047
0.063777916,0.78313804,-0.0528487
0.05858653,0.7859615,-0.06874207
0.05732178,0.79881936,-0.06437584
0.050791748,0.7858526,-0.08169143
0.04042173,0.7850703,-0.09068152
0.039822765,0.79977274,-0.08714782
0.0487911,0.8002052,-0.0773745
0.027206732,0.7650992,0.014623858
0.028445227,0.75472254,0.01066415
0.040910713,0.75746644,0.0033875108
0.038230825,0.7684155,0.006438058
0.06582511,0.7720694,-0.058391307
0.0614118,0.77629125,-0.074650384
0.0687595,0.865929,-0.0764153
0.07268752,0.86859924,-0.064666286
0.054009095,0.7753297,-0.08789724
0.049163837,0.8150951,-0.07527165
0.057824705,0.8134787,-0.06374877
0.031537525,0.8335801,-0.09610842
0.035481095,0.8493203,-0.10647583
0.028216192,0.8925872,0.058484443
0.03142871,0.90701216,0.050760694
0.032046832,0.9107995,0.049977854
0.028181706,0.9117998,0.04912755
0.027014786,0.90878475,0.05024202
0.021138001,0.9481684,0.059376523
0.01898217,0.9321866,0.060895048
0.03218721,0.9357306,0.059869982
0.03433994,0.9485995,0.056325592
0.058435045,0.8765588,0.047781788
0.049315616,0.88329303,0.053607956
0.046434302,0.87448853,0.05746089
0.052542,0.8663596,0.05370161
0.055411555,0.91316664,0.040149778
0.057039626,0.91523874,0.03995295
0.054472327,0.91521245,0.042386137
0.05006159,0.8524667,0.055090576
0.056684695,0.85668457,0.048912458
0.07783477,0.8834336,0.009223696
0.06681576,0.9146647,0.02982895
0.028829126,1.0125093,-0.009059377
0.028644193,1.0010011,0.020181902
0.032125752,1.0125353,-0.08071773
0.02992802,1.0163398,-0.044164594
0.053682264,0.9596081,-0.11961984
0.050428234,0.93430316,-0.12726244
0.030803645,0.9385661,-0.13706347
0.032326523,0.9673184,-0.1287663
0.040320218,0.8653757,-0.117404066
0.029700698,0.7846013,-0.09553777
0.028868595,0.8008069,-0.093921006
0.027448786,0.9834622,0.039609417
0.023717044,0.9649562,0.051354535
0.07757063,0.92841816,0.0018740147
0.069610536,0.88787115,0.032566004
0.06487703,0.8960409,0.036823153
0.062388893,0.89221454,0.041705064
0.06660567,0.881546,0.03829222
0.07284208,0.8784537,0.024548382
0.07541101,0.8692914,0.013194054
0.07774863,0.8602617,-0.00074582174
0.07498829,0.84889257,-0.008165326
0.0848992,0.94233775,-0.065937385
0.08037853,0.95514643,-0.07808835
0.070544615,0.9700848,-0.09149742
0.05491137,0.9838591,-0.10292376
0.08649486,0.9321533,-0.060169064
0.032941625,0.9945309,-0.11054396
0.01934357,0.8649452,0.07367941
0.026346087,0.8644264,0.06853803
0.017523993,0.86945367,0.0728881
0.018386342,0.83884835,0.07490503
0.014001176,0.8385704,0.076615654
0.014945686,0.8325999,0.073570795
0.020047864,0.8330914,0.0720917
0.024436604,0.7964995,0.047945395
0.03392756,0.8009003,0.0431998
0.02633767,0.7751831,0.020151153
0.036548935,0.7790648,0.011093959
0.017217524,0.87897784,0.0761502
0.015520771,0.8792554,0.07659718
0.015276369,0.8782464,0.074412264
0.017436303,0.8780998,0.073974155
0.030982515,0.84824485,0.06574498
0.015266748,0.856593,0.077911936
0.011997003,0.85631466,0.078524105
0.0121542355,0.852532,0.07710663
0.015422294,0.8526564,0.07639549
0.050774172,0.8071028,0.016095906
0.04806527,0.7967444,0.0046926253
0.066204205,0.7792845,-0.03469591
0.06610876,0.7931514,-0.031511247
0.06396761,0.81208557,-0.048267942
0.03923576,0.817114,-0.08617327
0.030361433,0.8167504,-0.09451085
0.004336892,0.819594,-0.10084256
0.0044746418,0.8348397,-0.104332164
0.0186146,0.8339522,-0.10249075
0.01704204,0.8183406,-0.09894887
0.035868064,0.7965777,0.02799756
0.025327902,0.79221284,0.034378298
0.026115121,0.7852824,0.025607966
0.036088042,0.7895007,0.017323896
0.011747017,0.87596345,0.0778938
0.010437399,0.8748967,0.07960429
0.010919794,0.87245,0.076960064
0.012679627,0.87474513,0.07591627
0.018305643,0.8759964,0.07221366
0.015933525,0.8749867,0.072427735
0.01642624,0.8728499,0.07253313
0.018806182,0.8789004,0.076723
0.019250007,0.87737477,0.073970936
0.0139805395,0.87979245,0.081717126
0.016915752,0.87963045,0.07996973
0.014090952,0.88015485,0.086801656
0.013291498,0.8770892,0.07630273
0.013835666,0.87576896,0.07466965
0.017146643,0.87704134,0.07268923
0.015384768,0.87675613,0.07294395
0.014201127,0.8797226,0.07956382
0.016083164,0.87948,0.07821568
0.013694647,0.9015293,0.07723015
0.0076314034,0.9028324,0.08018892
0.007669324,0.89635164,0.086470254
0.0077750213,0.888492,0.09208686
0.007844978,0.8799776,0.09002208
0.016867312,0.7826166,0.029897533
0.017113518,0.7726749,0.024927728
0.008094902,0.96465504,0.05174216
0.007975608,0.9469423,0.059223108
0.031852663,0.84669274,0.06419181
0.032153882,0.92856145,0.05413802
0.056216188,0.8909055,0.047265835
0.035581425,0.8931154,0.05522258
0.04196829,0.88857013,0.055005364
0.04208055,0.8960653,0.051972464
0.036068447,0.8991894,0.052595027
0.023015352,0.9257121,0.0543328
0.014159182,0.92213273,0.060161382
0.01760347,0.92022836,0.05333753
0.017157469,0.91365564,0.0539518
0.014472628,0.91342807,0.062984414
0.018764505,0.9062033,0.059285164
0.020338215,0.9084754,0.05301041
0.05269646,0.91725314,0.044893935
0.05500172,0.9185126,0.043360636
0.023874713,0.9014021,0.056409143
0.029477036,0.8972423,0.055173412
0.030324575,0.90209055,0.052280247
0.025090845,0.90491176,0.052383818
0.048689626,0.89301264,0.050298646
0.06161695,0.91499054,0.03596349
0.058028236,0.9039693,0.03844192
0.07595478,0.87437177,-0.05580009
0.072397724,0.8633895,-0.04884164
0.07881069,0.8541945,-0.027447173
0.07668607,0.85016334,-0.024469627
0.071744576,0.8523959,-0.029527357
0.07663797,0.8565426,-0.032153673
0.08735621,0.90738386,-0.047809463
0.08675358,0.9144912,-0.051220186
0.0873799,0.91567004,-0.043767642
0.086758435,0.9081507,-0.044771623
0.086479634,0.91167533,-0.03829363
0.08634415,0.91494143,-0.035809487
0.08594875,0.90686756,-0.034440294
0.08593038,0.90714014,-0.0380091
0.08731121,0.9257443,-0.03478752
0.08506228,0.9238179,-0.024835886
0.08429414,0.9121343,-0.028186996
0.07983716,0.91007394,-0.0045204125
0.08036284,0.89850396,-0.016981881
0.08182138,0.9067186,-0.021970771
0.081961915,0.9186442,-0.015205029
0.077486455,0.85535944,-0.020157523
0.07757954,0.86320114,-0.016705792
0.07063228,0.85616696,-0.03854776
0.0061919694,0.9407173,-0.13946426
0.006486025,0.97168046,-0.13092609
0.07228817,0.9013655,-0.09894866
0.062046457,0.9056332,-0.11418043
0.078930244,0.8972123,-0.08431663
0.08121601,0.89503455,-0.07132015
0.04764343,0.90933216,-0.12760195
0.028490134,0.91169053,-0.13743243
0.080409706,0.89276737,-0.0036303587
0.07948205,0.8865068,-0.0153259225
0.06854263,0.88245636,-0.0973192
0.057468846,0.884809,-0.11207365
0.074832976,0.88105416,-0.08250277
0.077838466,0.88222337,-0.0696609
0.04349798,0.8863584,-0.124315225
0.023485979,0.86417353,-0.123624906
0.026603471,0.8859321,-0.13199067
0.08109453,0.8648478,-0.028519453
0.07923192,0.8637382,-0.023858076
0.07896447,0.8574953,-0.024938362
0.08230209,0.8592165,-0.026664661
0.079744264,0.87734944,-0.0033513308
0.07909012,0.8744402,-0.015881997
0.01416315,0.90733474,0.07107744
0.007543113,0.91589284,0.06809009
0.0076322723,0.9093182,0.07420833
0.007573852,0.9231638,0.06324335
0.0068782,1.0194523,-0.043800566
0.0069102566,1.0155959,-0.0075094514
0.006687534,0.9985029,-0.11217525
0.006845747,1.0152776,-0.08160305
0.012519618,0.824254,0.07545809
0.015068005,0.8104507,0.076295875
0.014350234,0.8651338,0.07636755
0.011155194,0.8643553,0.076959364
0.011669618,0.8601964,0.07808129
0.0149753345,0.86078,0.07753835
0.026236827,0.9223105,0.05002381
0.020749433,0.849069,-0.112598926
0.016090713,0.80205953,-0.09729113
0.016835814,0.7857666,-0.09785633
0.042909216,0.7736753,-0.09654888
0.030367954,0.7717777,-0.10100041
0.010782188,0.86845946,0.07649181
0.013614859,0.86912465,0.0755071
0.013389846,0.87903625,0.078149445
0.019947866,0.85217166,0.07435777
0.013386155,0.8722459,0.07495638
0.014003345,0.8744844,0.07438194
0.008820855,0.8717895,0.0776635
0.009081891,0.8680272,0.07660512
0.03633549,0.9052256,0.050885834
0.0365297,0.90986365,0.05027166
0.011322466,0.87683153,0.08319899
0.012026947,0.87789893,0.080508806
0.007847439,0.8759425,0.083909415
0.05373929,0.76102346,-0.007984437
0.06395616,0.7651478,-0.023708044
0.009735665,0.8561221,0.07856863
0.009796962,0.8522967,0.07727919
0.006919302,1.0034494,0.021944731
0.0033627362,0.86409485,-0.12344292
0.005395325,0.88513947,-0.13288109
0.081128135,0.8908635,-0.024610072
0.08283317,0.88650805,-0.029965512
0.08418998,0.8934288,-0.032172523
0.0828218,0.8983966,-0.027032908
0.017613579,0.76283354,0.019470096
0.06724773,0.7681706,-0.04107435
0.016982213,0.77197295,-0.10310799
0.05524448,0.9113034,0.039836824
0.05405371,0.90981287,0.041134067
0.028967645,0.919634,0.0491015
0.0061872303,0.9121033,-0.13983518
0.021544931,0.8440225,0.0727777
0.019840432,0.8481492,0.07186371
0.003808203,0.8038838,-0.0985297
0.016497163,0.7896575,0.037717953
0.008855846,0.874329,0.080447264
0.0045113387,0.8486911,-0.11377377
0.0865169,0.89996356,-0.040477738
0.08819896,0.89840853,-0.037267473
0.08761236,0.8950906,-0.03754618
0.08594386,0.89592695,-0.039036095
0.08912833,0.9020248,-0.03283249
0.09021972,0.8984276,-0.03488661
0.09187421,0.90139276,-0.036110282
0.090492696,0.90536857,-0.03501879
0.084815785,0.90395296,-0.030468466
0.08700454,0.8981314,-0.031840794
0.09283246,0.9034493,-0.038068164
0.092732444,0.9063834,-0.037066206
0.09008148,0.9080117,-0.038207017
0.086539164,0.90796316,-0.041392226
0.09514357,0.9071621,-0.04054749
0.09151012,0.909304,-0.042588588
0.09800725,0.90619344,-0.045367975
0.093398556,0.9087224,-0.047841117
0.0993346,0.9028356,-0.050751466
0.093791306,0.9048325,-0.05334688
0.08024748,0.87127817,-0.023664009
0.08054733,0.87141585,-0.030770255
0.099970624,0.89730716,-0.053887215
0.0933868,0.8981402,-0.055892285
0.099382535,0.8901744,-0.055309463
0.09294917,0.8906694,-0.056754746
0.097560704,0.8830664,-0.054545738
0.09230095,0.8828573,-0.055938285
0.09600575,0.8759464,-0.052437242
0.0907246,0.8747855,-0.053584427
0.09380092,0.8692442,-0.048192877
0.08821195,0.8657973,-0.049310826
0.09459174,0.9042274,-0.046346623
0.09578553,0.90088344,-0.050073672
0.085437655,0.90358186,-0.04977437
0.09336409,0.90523934,-0.041704558
0.085586205,0.89003074,-0.04446656
0.08386119,0.8924556,-0.044747442
0.08491154,0.8904382,-0.043761354
0.083548024,0.8891662,-0.046352755
0.0818848,0.8788669,-0.029781291
0.08298808,0.8786204,-0.033742607
0.08341487,0.8841649,-0.033786163
0.08140141,0.87449247,-0.03407315
0.080404595,0.8758559,-0.035332657
0.080102235,0.87938714,-0.035229333
0.079655096,0.8839482,-0.035721958
0.08087319,0.87429833,-0.03713334
0.082248345,0.87255067,-0.03625407
0.079705015,0.87552875,-0.037675418
0.079298496,0.87639475,-0.03666795
0.078299776,0.878587,-0.037687235
0.07911739,0.8819777,-0.040055566
0.08070806,0.88129246,-0.023572102
0.08041467,0.87800467,-0.04895961
0.077773675,0.86930287,-0.044998318
0.09070319,0.8643006,-0.042406213
0.0869001,0.8584153,-0.042498298
0.085173234,0.85579383,-0.029018344
0.08674891,0.85416555,-0.035050035
0.0839525,0.89826846,-0.05157208
0.08378059,0.89179754,-0.052827857
0.076342076,0.8629339,-0.03826116
0.08292711,0.88512087,-0.052316166
0.0921676,0.8733022,-0.046966344
0.08911316,0.87004304,-0.04297471
0.09451833,0.8780309,-0.050310038
0.083443746,0.8691863,-0.034379914
0.08485012,0.86308426,-0.03196369
0.08817339,0.8625637,-0.036737826
0.085894495,0.86857355,-0.038831197
0.09085415,0.87649393,-0.044774864
0.0870876,0.8739825,-0.04262209
0.087522626,0.87932885,-0.044854783
0.08399513,0.87699723,-0.04308105
0.081837654,0.8749249,-0.040024053
0.08383377,0.8725611,-0.039608333
0.079965055,0.8792029,-0.043682836
0.08362378,0.8825963,-0.045520626
0.079407364,0.8766166,-0.040049188
0.09042817,0.88217795,-0.04553415
0.09261952,0.88595116,-0.046534654
0.09027949,0.88852036,-0.04418784
0.0870695,0.88542795,-0.04535842
0.0953414,0.88389087,-0.052510798
0.094991684,0.88450456,-0.049122453
0.09326053,0.88005674,-0.047341287
0.09570576,0.8899574,-0.050242677
0.0959934,0.8904078,-0.053288583
0.09376487,0.8900779,-0.047822915
0.09218462,0.8911247,-0.0456396
0.09495652,0.8989038,-0.04807937
0.09570049,0.8948984,-0.049727704
0.09646124,0.8964546,-0.052544832
0.09439373,0.8937592,-0.047238324
0.09360193,0.89689505,-0.046128407
0.09209335,0.8950069,-0.044972092
0.092937395,0.8934097,-0.046183653
0.090722665,0.9030586,-0.039441936
0.08942929,0.9013084,-0.037789743
0.09195654,0.90306675,-0.042252947
0.089781955,0.90329576,-0.041347016
0.09049386,0.9007945,-0.042214617
0.08832845,0.9023043,-0.040971264
0.08946757,0.8986707,-0.04144343
0.08747262,0.8958584,-0.04120665
0.032135725,0.7320955,0.0064419433
0.030321008,0.74304354,0.007859737
0.018577619,0.7403384,0.011653386
0.019258019,0.73019516,0.0089354515
0.090948716,0.8966806,-0.042858377
0.09210129,0.8990632,-0.044193078
0.09351094,0.9018009,-0.045449317
0.08847514,0.89227855,-0.043220215
0.08999418,0.8912701,-0.043579586
0.09098172,0.8928621,-0.043919638
0.08938129,0.8943022,-0.042608097
0.0835415,0.8884386,-0.034657538
0.08178699,0.88679814,-0.03806801
0.082163915,0.884389,-0.041840624
0.06644598,0.72141075,-0.014836933
0.08011024,0.7295177,-0.029419133
0.07510626,0.73670685,-0.031998716
0.062279936,0.72991204,-0.017394565
0.07701956,0.7021202,0.0029503405
0.07967766,0.68600047,0.013111368
0.098788455,0.69069815,0.0051954836
0.09791371,0.70937276,-0.01483161
0.098370835,0.6733597,0.01828476
0.07991786,0.6697983,0.022964008
0.0920075,0.6259504,0.04802291
0.094642356,0.64113444,0.03898298
0.07688472,0.63960046,0.042155296
0.074728,0.6247405,0.051032446
0.10858728,0.5529064,0.06862079
0.097250044,0.55463135,0.072168075
0.09052284,0.53955036,0.072657935
0.10295968,0.53641427,0.067565314
0.1649349,0.6483151,0.013142139
0.1755688,0.6381636,0.009142939
0.17893256,0.6570308,0.004261952
0.1668813,0.66642094,0.0063534416
0.10574868,0.7420332,-0.065488145
0.09785929,0.7455952,-0.067816064
0.094852746,0.73192,-0.04585898
0.10337056,0.72728467,-0.041225
0.1520165,0.5632789,0.024127103
0.14817274,0.5723746,0.033931382
0.14278436,0.5611786,0.040056124
0.14629783,0.5521093,0.03229966
0.12887086,0.46879432,0.040077895
0.113998994,0.46848327,0.056052223
0.11250077,0.44732946,0.057033263
0.1280016,0.44771343,0.04040298
0.16545473,0.49014416,-0.030850291
0.16317329,0.47094595,-0.028848842
0.16288036,0.47072956,-0.056749385
0.16569464,0.48774907,-0.058686174
0.122957215,0.6260559,0.040005066
0.1263962,0.6416641,0.031059496
0.1112999,0.64181685,0.035249807
0.1082291,0.626541,0.044188842
0.35168973,0.6864947,-0.03341399
0.3264092,0.68551636,-0.03262713
0.32692912,0.66953015,-0.03159499
0.35229293,0.6704565,-0.03292398
0.15538245,0.37531447,-0.016767647
0.15687646,0.3572191,-0.014174491
0.15774795,0.36186334,-0.04133685
0.15514682,0.37930834,-0.042356983
0.21832874,0.7135941,-0.023848465
0.2178869,0.73004353,-0.042473078
0.20442988,0.7340009,-0.042733468
0.20450497,0.7184626,-0.022425408
0.16438319,0.61115646,0.017461948
0.16978656,0.62347674,0.013447039
0.16171427,0.63273096,0.018996254
0.1569625,0.6185018,0.024436884
0.17184596,0.5198172,-0.06499749
0.17478429,0.53703505,-0.06902745
0.17272066,0.5397204,-0.049357988
0.17081578,0.522642,-0.04256214
0.16842805,0.50624746,-0.036610875
0.16887608,0.5035742,-0.061566487
0.14744397,0.6223269,0.030084305
0.15072793,0.638699,0.023140632
0.13954881,0.6406794,0.02700714
0.13595773,0.6246394,0.03535161
0.08314355,0.5251267,0.07246999
0.09859498,0.52117336,0.06603966
0.14886658,0.35143048,0.011775337
0.14866866,0.3705673,0.0086079985
0.13651076,0.3654569,0.03087075
0.1356016,0.34526387,0.03396651
0.09805821,0.48859912,0.066292726
0.114157766,0.48768568,0.055194937
0.11228365,0.505104,0.05622989
0.09723921,0.50616544,0.06557272
0.11858605,0.34005952,0.052718498
0.120145425,0.3611194,0.049941942
0.10133031,0.35863405,0.06652939
0.099592134,0.33604413,0.06947401
0.096993834,0.6567604,0.028993823
0.07871063,0.65441203,0.032612957
0.12699819,0.55234414,0.056553163
0.11873345,0.5521884,0.0632592
0.114239976,0.53570706,0.061377898
0.12373288,0.53653127,0.054485604
0.18015245,0.60855937,-0.01329302
0.1892622,0.619473,-0.017572358
0.19066225,0.64189863,-0.003172025
0.1820526,0.6240027,0.0005867742
0.15998428,0.34443933,-0.03929655
0.15782058,0.33913946,-0.011554647
0.116787046,0.31867903,0.053571716
0.09833783,0.31333163,0.07005801
0.2244125,0.60895014,-0.084239185
0.22215585,0.61215574,-0.07096891
0.21078466,0.6004138,-0.069334365
0.21473211,0.5978236,-0.08265348
0.059716586,0.555292,0.07672601
0.06871706,0.53602046,0.075980745
0.08006105,0.5485378,0.07567293
0.07424718,0.5639324,0.07557113
0.1223713,0.5211174,0.049583666
0.111576006,0.520224,0.05798641
0.12483558,0.5063126,0.045599334
0.044333573,0.5454854,0.07505327
0.055453517,0.5194949,0.07655629
0.059692588,0.65215707,0.036470726
0.05830512,0.63777673,0.0450837
0.060611315,0.666664,0.028385833
0.05977011,0.6816019,0.020113043
0.040778607,0.6785775,0.025236852
0.041277215,0.6638992,0.032544635
0.05759318,0.6961118,0.012638532
0.038977873,0.69263756,0.018354163
0.049882602,0.7153928,-0.0032864138
0.047060594,0.7250072,-0.0054862015
0.17451844,0.6116086,0.0041381456
0.16793229,0.6007966,0.0074793845
0.13422339,0.32502866,0.03551746
0.11694051,0.6757342,-0.15600187
0.13567899,0.68183714,-0.14892024
0.13424428,0.66442865,-0.15361023
0.11553724,0.6576415,-0.16131493
0.11669785,0.72843224,-0.03966894
0.11532658,0.74198246,-0.06426327
0.19426069,0.61854154,-0.1259737
0.19504595,0.6084438,-0.12192254
0.18528615,0.5997006,-0.12617362
0.18305638,0.61184585,-0.13003665
0.22340712,0.61262584,-0.104724646
0.22123615,0.61877257,-0.110967785
0.23618992,0.6263286,-0.11352974
0.2381137,0.62040675,-0.10676161
0.15278368,0.36555064,-0.06634693
0.14930685,0.38266742,-0.067182146
0.14075953,0.50019544,-0.12504235
0.1483766,0.5175203,-0.12278276
0.15875724,0.5099452,-0.10531728
0.15322179,0.49299568,-0.10591152
0.019384537,0.6450485,-0.15806219
0.03731413,0.64862204,-0.16367155
0.03764531,0.63349134,-0.16625759
0.019405544,0.63058525,-0.16027346
0.07572092,0.6768586,-0.16103536
0.054967027,0.669206,-0.16348514
0.053913288,0.68347085,-0.15860996
0.07558113,0.6920312,-0.15496999
0.09637509,0.6682159,-0.16235158
0.09568524,0.6500368,-0.16733617
0.16961393,0.52179134,-0.08579408
0.17369018,0.5379735,-0.08784625
0.18199036,0.56092674,-0.09086182
0.18731089,0.568876,-0.09191217
0.18690404,0.569423,-0.076721735
0.1819323,0.56130224,-0.07491207
0.09073469,0.75045156,-0.06986391
0.09633213,0.7531702,-0.09072189
0.08758451,0.75649273,-0.09302734
0.052105498,0.7311014,-0.13364765
0.06304379,0.73575586,-0.12968898
0.06464269,0.73009497,-0.13357498
0.051510423,0.7247435,-0.13821107
0.044821203,0.5628246,-0.1685342
0.04823385,0.5417648,-0.16561884
0.024088617,0.54241157,-0.16143575
0.022819635,0.5626365,-0.16401634
0.1930709,0.5781703,-0.1047651
0.1903568,0.5827074,-0.11385535
0.2000203,0.59150743,-0.11163704
0.20255566,0.5860597,-0.104071155
0.18294016,0.57534266,-0.1150726
0.18560553,0.5710491,-0.104468815
0.1798399,0.5629141,-0.10429004
0.17635342,0.5674063,-0.11624686
0.15629485,0.5332799,-0.12055675
0.16466288,0.54776657,-0.1186735
0.17048396,0.54205674,-0.1040774
0.16459087,0.5265809,-0.104168355
0.025554838,0.47166952,-0.1486038
0.025050618,0.4966776,-0.1540169
0.04712883,0.49380982,-0.15772896
0.0464062,0.468705,-0.15241411
0.2306018,0.62880856,-0.0503607
0.24739893,0.63214403,-0.05447339
0.24390994,0.63939923,-0.04023952
0.22890216,0.63636076,-0.036857437
0.2425379,0.64751637,-0.1255562
0.24113972,0.6540591,-0.1270585
0.25260046,0.65873253,-0.12740861
0.2535528,0.65258336,-0.1266449
0.26986593,0.6271442,-0.07056475
0.2896127,0.6266243,-0.07305029
0.28578857,0.6334237,-0.05907855
0.26509443,0.63309073,-0.057206076
0.123615384,0.74458075,-0.09086176
0.113954976,0.74746776,-0.09014146
0.1252773,0.743848,-0.06320248
0.2554852,0.61982304,-0.09115206
0.25437772,0.6209463,-0.10175374
0.27139387,0.62292767,-0.10625756
0.27237588,0.6210123,-0.0950737
0.3514644,0.70160675,-0.041708317
0.32635766,0.7006923,-0.041637737
0.313264,0.6238419,-0.08824974
0.29188782,0.62225676,-0.08623788
0.292556,0.62157655,-0.098827116
0.3147682,0.62515014,-0.10148603
0.14813536,0.4759173,-0.105505854
0.13411866,0.48242176,-0.12495872
0.12638201,0.3695988,-0.10591148
0.12275694,0.38808352,-0.106516495
0.13770592,0.38570005,-0.0889173
0.1418035,0.36813504,-0.08830698
0.15550122,0.34819087,-0.065441266
0.1292934,0.35088262,-0.10479817
0.14479887,0.35017896,-0.087415785
0.07278834,0.7625238,-0.087542266
0.07974973,0.7598809,-0.09162654
0.068721235,0.75672114,-0.10821283
0.06324661,0.76233566,-0.10238413
0.16851574,0.23915194,-0.06447159
0.1729959,0.23545206,-0.034864753
0.17376211,0.21181205,-0.042235076
0.16746022,0.2129702,-0.070075855
0.03648752,0.7442539,-0.122702114
0.033691786,0.75321525,-0.11542935
0.04913209,0.7577435,-0.11077863
0.05389787,0.7502449,-0.117247924
0.16705519,0.26281077,-0.061761145
0.17024344,0.25885987,-0.03322735
0.07657862,0.75728667,-0.06780869
0.08367756,0.7536633,-0.069784895
0.075853676,0.74995947,-0.049213078
0.08259097,0.7445008,-0.05054607
0.06996313,0.74467915,-0.031361066
0.17240681,0.22861831,-0.008538064
0.17620544,0.20270488,-0.012476031
0.05805748,0.7676414,-0.09509285
0.045775604,0.7645965,-0.104003794
0.03201308,0.76182306,-0.10834502
0.017597115,0.7607132,-0.11030616
0.0025445893,0.7606285,-0.110679716
0.0029723584,0.77217317,-0.10376355
0.1591836,0.3274727,-0.03687447
0.15597408,0.3307092,-0.063516855
0.11777152,0.11220601,-0.1388013
0.11851257,0.09590557,-0.12915377
0.08837736,0.09755793,-0.13926375
0.09184313,0.108515054,-0.14615098
0.02833371,0.124078214,-0.15092072
0.06131935,0.113052785,-0.15143178
0.056804642,0.10384703,-0.14156912
0.024893267,0.11615881,-0.1386057
0.036887597,0.23115055,-0.16574368
0.037010454,0.25266075,-0.15977144
0.064583175,0.25338292,-0.15853065
0.06506495,0.23167303,-0.16539195
0.14602947,0.3325008,-0.08590605
0.13111354,0.33285663,-0.103426404
0.15567549,0.32182413,-0.009863146
0.1745891,0.061791986,0.001415655
0.1733225,0.025276124,-0.0001818724
0.17505659,0.03477183,-0.038494516
0.17932777,0.07210824,-0.03896934
0.14279243,0.043930143,-0.09854272
0.113428995,0.047178775,-0.11476926
0.116339624,0.07361394,-0.12103645
0.14619766,0.0748232,-0.10345568
0.08005373,0.30893028,0.085582905
0.07772668,0.28660583,0.081819065
0.09648067,0.29253548,0.06793463
0.021332357,0.2980655,0.107095264
0.019127341,0.27554226,0.10146483
0.03875371,0.27828366,0.09911571
0.0424523,0.30137587,0.105306886
0.023973502,0.16446722,0.088314496
0.028062591,0.18957931,0.084940545
0.013489582,0.1862432,0.08852371
0.011878383,0.16261977,0.09066931
0.16485536,0.22002897,0.01542598
0.15901421,0.24123599,0.017145678
0.14163968,0.23236728,0.0358084
0.14551197,0.2113277,0.035446897
0.051034585,0.09301698,-0.12834704
0.0229101,0.10900569,-0.122197285
0.15863064,0.054140657,0.03855204
0.15829878,0.0177418,0.035845846
0.13115464,0.012244701,0.06264197
0.13209015,0.047027826,0.06536278
0.10019997,0.044838995,0.07490163
0.098134875,0.01388365,0.07144777
0.008937996,0.09135288,0.03855288
0.0088245645,0.083607584,0.03576161
0.023466034,0.09609923,0.060419112
0.019333765,0.10836056,0.06657746
0.03243145,0.14827788,-0.16394316
0.06279199,0.14385986,-0.16543472
0.062332194,0.12765679,-0.16042534
0.03115824,0.133133,-0.15744111
0.11265397,0.33196247,-0.116250426
0.11057566,0.35079566,-0.11711598
0.09078187,0.3503772,-0.12510256
0.08876304,0.37112832,-0.12604895
0.10838728,0.3702853,-0.11828324
0.094997,0.50216913,-0.1505566
0.10316731,0.5212908,-0.15324247
0.1237873,0.5089579,-0.14075798
0.11608775,0.4914436,-0.13968575
0.055913746,0.65395033,-0.1677747
0.05675828,0.63818103,-0.17091227
0.079159856,0.057224393,-0.121646784
0.0817122,0.022726595,-0.11472782
0.048272066,0.030103594,-0.109500125
0.03876228,0.073259115,-0.11490101
0.13985424,0.012140304,-0.094776526
0.1651998,0.041389793,-0.072927825
0.1593682,0.0073304772,-0.071565345
0.16992657,-0.009551674,-0.0014626309
0.170904,-0.0005482733,-0.038471762
0.12792255,-0.020943254,0.059592508
0.09495382,-0.01770246,0.066543
0.017627561,0.025138408,0.02837462
0.017126344,0.0015815496,0.018516585
0.037234645,-0.0048409104,0.039883144
0.03856412,0.021022558,0.048336394
0.05907021,0.16777056,0.07072457
0.068187565,0.14040402,0.07281808
0.09608579,0.16084984,0.063899
0.09277956,0.18740463,0.05986187
0.04447444,0.32734254,0.10808367
0.026713198,0.32332355,0.110276885
0.08109954,0.33337063,0.08582657
0.062580064,0.33071202,0.09988975
0.06126274,0.3047946,0.09828522
0.04969617,0.42671835,0.099086784
0.046502143,0.4033453,0.10245197
0.068465054,0.40326396,0.09280398
0.07220037,0.42596477,0.08928575
0.07573821,0.44909677,0.08534188
0.052986007,0.44994467,0.09440238
0.055569425,0.49412942,0.08077041
0.07835962,0.49108455,0.07486113
0.078290865,0.50981927,0.07312874
0.040512986,0.64924747,0.039921604
0.03953438,0.6347388,0.047111876
0.16829017,0.19504663,0.012781195
0.010925304,0.06264514,-0.08595988
0.019833304,0.029610336,-0.08986403
0.0049332306,0.02292481,-0.061666228
0.0013843835,0.049507797,-0.05384013
0.16765174,0.25043744,-0.0064131916
0.14838728,0.33228475,0.013958618
0.14561228,0.31439143,0.014388107
0.15660033,0.49654242,0.0002446212
0.15579113,0.47260547,-0.001506187
0.08854695,0.55764943,0.07408143
0.08745751,0.56921446,0.072763786
0.16933933,0.07689822,-0.07569813
0.12352157,-0.051607847,0.054313593
0.0907927,-0.048628688,0.05938828
0.085668564,-0.07731116,0.051728733
0.11771245,-0.07954532,0.04771804
0.008172093,-0.019643068,-0.015839778
0.013435054,-0.04867232,-0.025430363
0.02096421,-0.053141356,-0.0012233406
0.018238291,-0.025307477,0.008044016
0.018082395,-0.07810104,-0.03214863
0.020826617,-0.106859565,-0.038450524
0.023847532,-0.11273736,-0.016108867
0.023448197,-0.08361399,-0.008561619
0.15522727,-0.018805146,0.034417316
0.1592771,-0.07268524,-0.0023333877
0.16517901,-0.04340011,-0.001107581
0.1502857,-0.050225914,0.031680457
0.14490283,-0.07889956,0.027998239
0.11252388,0.015884966,-0.10852052
0.004636601,0.030042142,0.005330153
0.0055637667,0.007527292,-0.0051840134
0.020557689,-0.04210031,-0.07195622
0.012329997,-0.009867787,-0.06747054
0.028514642,-0.007025391,-0.09185764
0.03655676,-0.040133,-0.09348513
0.13656129,-0.048350334,-0.089958295
0.13785024,-0.01890248,-0.091838896
0.15616529,-0.024471253,-0.06776684
0.15280657,-0.05431223,-0.066086955
0.16571087,-0.033301592,-0.03590804
0.1602573,-0.06300235,-0.03535351
0.14708686,-0.12871367,-0.0059768707
0.15327007,-0.1010738,-0.004249539
0.13799703,-0.10670042,0.024019003
0.130341,-0.13378763,0.019860335
0.1493136,-0.119409025,-0.036778323
0.15443502,-0.09103054,-0.035899147
0.14601384,-0.11033189,-0.0640751
0.14908075,-0.082148015,-0.064964466
0.132745,-0.10363692,-0.08507514
0.13502559,-0.075850666,-0.08779957
0.114393264,-0.099152744,-0.099607214
0.11435743,-0.07191992,-0.10277493
0.090296075,-0.069285214,-0.108682625
0.09289211,-0.09686422,-0.1057708
0.07082079,-0.09591502,-0.1028965
0.06558699,-0.06823462,-0.10565471
0.033951826,-0.0994913,-0.07876977
0.028062208,-0.07171476,-0.07538266
0.043514807,-0.06924087,-0.09447942
0.049764562,-0.097121894,-0.0944179
0.056701764,-0.2088986,-0.089524135
0.049392007,-0.18029529,-0.08827086
0.067102745,-0.17794943,-0.09421308
0.07250817,-0.2063548,-0.094752505
0.088401794,-0.20431769,-0.10026437
0.08387555,-0.17687601,-0.09856848
0.10065949,-0.17700845,-0.09957963
0.10478754,-0.20403641,-0.10103997
0.13068914,-0.18365091,-0.07893394
0.13417642,-0.21053535,-0.08036855
0.120580494,-0.20580679,-0.094256595
0.11675717,-0.17892301,-0.09270138
0.14533666,-0.19023967,-0.062340748
0.14607477,-0.21653432,-0.06291349
0.14546427,-0.19825202,-0.037966833
0.14258103,-0.22415161,-0.03855221
0.13225283,-0.20559841,-0.010845967
0.1327401,-0.23086399,-0.010911599
0.026824659,-0.19550985,-0.041962016
0.026409714,-0.1898312,-0.059791494
0.03318454,-0.21749556,-0.065846965
0.031968653,-0.22356224,-0.047516767
0.053749572,-0.20521986,-0.003851518
0.05596773,-0.23159587,-0.012112401
0.07041009,-0.2336328,0.009853527
0.069350675,-0.20808947,0.018866755
0.1407185,-0.15469152,-0.007979531
0.14546429,-0.14590555,-0.037177637
0.14354712,-0.13732809,-0.06319279
0.13021468,-0.13051832,-0.08180905
0.038951878,-0.12614018,-0.08268137
0.055705864,-0.123642445,-0.09505978
0.024225114,-0.14102066,-0.024310196
0.022089072,-0.13490552,-0.04530761
0.09655589,-0.18629903,0.030658774
0.12106557,-0.18555117,0.016396053
0.12371579,-0.15963757,0.017040767
0.099360466,-0.1607368,0.031741984
0.14574231,-0.17229897,-0.03801923
0.1434864,-0.16370988,-0.06262178
0.12932757,-0.15698832,-0.07923172
0.09765136,-0.15033573,-0.1004467
0.11489941,-0.15222621,-0.09341627
0.07974024,-0.1499573,-0.09937537
0.043866042,-0.15285766,-0.0861722
0.06127926,-0.15046197,-0.095409766
0.025667123,-0.16875821,-0.03344024
0.023526613,-0.16255426,-0.052806303
0.095169395,-0.23514247,0.019821852
0.12034491,-0.23466033,0.011474997
0.12051049,-0.2104404,0.014927059
0.09527832,-0.21149343,0.027330957
0.09545945,-0.25590205,0.008013833
0.07501531,-0.2544269,-0.0020725876
0.10970765,-0.23179102,-0.10419631
0.09299466,-0.23193002,-0.10500987
0.12510292,-0.23362005,-0.09754518
0.14206006,-0.25059873,-0.036775168
0.1464208,-0.24291539,-0.06382011
0.12954083,-0.2565437,-0.012131292
0.11527564,-0.25582266,0.004063692
0.04817251,-0.2728551,-0.07414231
0.046493836,-0.276686,-0.057144675
0.03977987,-0.24922127,-0.052420888
0.042639986,-0.24468088,-0.06924355
0.06609005,-0.2667513,-0.100911885
0.063614346,-0.23758483,-0.09100309
0.07753421,-0.2343834,-0.09929946
0.07975663,-0.2630582,-0.1118938
0.115318,-0.26068014,-0.11292913
0.097370654,-0.26082438,-0.11545796
0.13197806,-0.26155257,-0.10465634
0.14878991,-0.27115238,-0.06400188
0.1455072,-0.2647096,-0.08853473
0.13934985,-0.23705924,-0.08424556
0.14410919,-0.2780915,-0.033936143
0.12426688,-0.31373793,-0.016379025
0.14651711,-0.3074577,-0.034492582
0.122780025,-0.28439367,-0.012606088
0.09987466,-0.41086173,-0.027928254
0.09965494,-0.4454103,-0.033752084
0.12119445,-0.4433301,-0.03331755
0.124232545,-0.4089889,-0.027159387
0.047506284,-0.30295277,-0.0813324
0.04828575,-0.30536592,-0.061819766
0.08143176,-0.29337734,-0.12203307
0.06509429,-0.29708928,-0.11157256
0.1584378,-0.33135647,-0.06875041
0.15590756,-0.32620585,-0.09611656
0.1518478,-0.2945748,-0.09164903
0.15462574,-0.3005002,-0.06515369
0.04598154,-0.40230817,-0.073574886
0.04288674,-0.3692543,-0.07003576
0.043486536,-0.36719942,-0.09176007
0.046202138,-0.40058035,-0.093525596
0.08067308,-0.32567972,-0.12938732
0.08107461,-0.35925597,-0.13323084
0.06322597,-0.36212635,-0.123507954
0.063064046,-0.32913572,-0.11900794
0.15442443,-0.4000877,-0.07325749
0.15276907,-0.39651603,-0.098521106
0.15622652,-0.36009395,-0.09891376
0.15821472,-0.3646446,-0.071572356
0.12594445,-0.34358627,-0.018848684
0.12671189,-0.37565148,-0.022903731
0.14852741,-0.37009215,-0.042088505
0.1489986,-0.33794618,-0.03830663
0.09970467,-0.3452857,-0.019611705
0.1002451,-0.37711215,-0.022807103
0.06113695,-0.47291255,-0.092449114
0.060017835,-0.47668093,-0.077008404
0.0533935,-0.43879837,-0.07531122
0.05432972,-0.43574977,-0.09288928
0.08348243,-0.39445025,-0.1319934
0.08643852,-0.43121052,-0.12649497
0.07093479,-0.4326524,-0.11892398
0.06569362,-0.3966266,-0.12359713
0.14314705,-0.47589743,-0.07600543
0.1404899,-0.4734425,-0.09656482
0.1471312,-0.434833,-0.097719386
0.14892657,-0.43729806,-0.075232044
0.11809175,-0.48050708,-0.040256627
0.13641968,-0.4784178,-0.053717792
0.14164932,-0.4403034,-0.048859905
0.09886865,-0.48218846,-0.03979233
0.09813666,-0.5186663,-0.043297768
0.11432569,-0.51728547,-0.04357958
0.06564149,-0.5092514,-0.09204378
0.06633861,-0.5120582,-0.077428006
0.07562886,-0.5062892,-0.112297624
0.074868396,-0.46987456,-0.114641465
0.08785415,-0.4683326,-0.12200402
0.08742283,-0.50441676,-0.11948134
0.12031822,-0.4710467,-0.12010518
0.11728951,-0.5069956,-0.116612375
0.10245618,-0.5047309,-0.12115118
0.104064435,-0.46888793,-0.12394806
0.13422588,-0.5091174,-0.09495476
0.12698215,-0.5079294,-0.10782344
0.13266161,-0.4720986,-0.11141904
0.13720381,-0.5112041,-0.076164216
0.13077204,-0.51464987,-0.055255413
0.0010011566,0.0875828,-0.059968147
0.00606619,0.08291802,-0.07409249
-0.00040156627,0.065902084,-0.041934624
-0.0026022983,0.072877645,-0.028064564
0.036402773,-0.062496662,0.022456624
0.03667166,-0.03290528,0.031702317
0.03409801,-0.12050748,0.0058760457
0.03573342,-0.092430234,0.014907569
0.034845687,-0.14798355,-0.0030885637
0.038143374,-0.20239091,-0.022659136
0.03657866,-0.17501158,-0.012891743
0.040691726,-0.22865587,-0.030288938
0.04699291,-0.25443417,-0.035537433
0.05410967,-0.28105223,-0.038985748
0.057085622,-0.3383947,-0.046323802
0.05846725,-0.30844676,-0.04366467
0.04532646,-0.3367567,-0.065929525
0.05711547,-0.40534103,-0.05258425
0.05549238,-0.3708508,-0.04907223
0.06765886,-0.4802671,-0.060968783
0.06174085,-0.44250107,-0.056647632
0.074004516,-0.5154575,-0.0629459
0.07034157,0.0704492,0.07288685
0.071513936,0.09351498,0.07478786
0.044755634,0.08219126,0.068556376
0.043064203,0.06531468,0.062255554
0.0011426096,0.08911231,-8.172169e-05
-0.0010982957,0.08520335,-0.0022761822
0.002241793,0.08185932,0.01601392
0.003692315,0.08621001,0.017720409
0.1357304,-0.18002093,-0.009652913
0.114708334,-0.12578583,-0.09617811
0.07561521,-0.12278247,-0.100611754
0.09519321,-0.12363905,-0.10238791
0.048985317,-0.18116611,0.0091344565
0.07033034,-0.18374395,0.025184013
0.07177776,-0.15901184,0.03162136
0.05071128,-0.15466964,0.017401896
0.09842309,-0.31780267,-0.015746824
0.076196894,-0.31331164,-0.027923323
0.077598155,-0.3422628,-0.032858796
0.097809926,-0.29351836,-0.009520393
0.13887623,-0.29095477,-0.11149487
0.121108696,-0.2898953,-0.1225083
0.10217258,-0.3226894,-0.13364378
0.10109666,-0.29082537,-0.12560731
0.12430127,-0.32163066,-0.1299601
0.054280683,-0.10087693,0.03446632
0.051666815,-0.12776226,0.025926799
0.07600789,-0.13239253,0.03711731
0.080333635,-0.10526067,0.04457257
0.12034944,0.40654957,-0.10820599
0.13493186,0.4031983,-0.091075
0.14192933,0.5306904,0.031209968
0.13251823,0.52462906,0.04074154
0.13695197,0.5095445,0.033288725
0.1480967,0.51584446,0.019190937
0.1556392,0.5264718,0.007982872
0.14969365,0.5398831,0.022192284
0.16019313,0.53952867,-0.0017353706
0.15521811,0.55165446,0.012923233
0.1791919,0.59878594,-0.030046966
0.18867023,0.60658693,-0.034425523
0.031606838,0.49302536,0.084360905
0.030537909,0.47178543,0.09181551
0.05511799,0.47237426,0.08793225
0.05819324,0.28183722,0.09283898
0.06598825,0.20023477,0.07029532
0.044793755,0.19406119,0.078414775
0.038394492,0.16486603,0.08262468
0.0070808185,0.102543354,0.06553454
0.0016384663,0.09420401,0.0478234
0.0014536201,0.08738908,0.021157943
0.0010229507,0.08917734,0.0012030266
0.06775758,0.46395478,-0.15011552
0.06938417,0.48891374,-0.15501264
0.01923025,0.6587147,-0.1553975
0.036691964,0.6627185,-0.16034767
0.034396484,0.6891844,-0.15244722
0.01823432,0.6845307,-0.14878157
0.017567512,0.6963516,-0.14482509
0.033199504,0.70089436,-0.14786603
0.018239554,0.7504411,-0.1176552
0.019283347,0.74030703,-0.12466683
-0.0020707822,0.09170312,-0.021949127
-0.0023412216,0.090764344,-0.03165496
-0.0026280493,0.08152637,-0.0066837035
0.018936926,0.045416743,0.03756839
0.020880697,0.06064397,0.04593329
0.006200804,0.05967346,0.024889879
0.005274332,0.0473305,0.01596243
0.18056586,0.108207524,-0.03590405
0.17518066,0.09826177,0.003790073
0.084024265,0.07926938,-0.12986483
0.3623224,0.6357697,-0.10191256
0.33802494,0.6301167,-0.102392554
0.33970273,0.6380919,-0.11363304
0.36383942,0.64406896,-0.11182587
0.06875864,0.5647411,-0.17007273
0.078166574,0.53884304,-0.16355377
0.088389084,0.73891526,-0.04887043
0.14950635,0.7450185,-0.057736993
0.13661887,0.744735,-0.061116975
0.14048307,0.73458815,-0.03568642
0.15179677,0.73577833,-0.03236071
0.1508903,0.7015492,-0.13531443
0.13681275,0.698645,-0.14148761
0.13672282,0.7149571,-0.12957057
0.14937498,0.7161155,-0.122762844
0.06415473,0.2088229,-0.17035444
0.03557837,0.20870176,-0.17034175
0.045759358,0.39605242,-0.13675396
0.04541152,0.41927218,-0.14164829
0.06579694,0.41610372,-0.13945758
0.06682077,0.39392418,-0.13471758
0.10207628,0.55263317,-0.16191351
0.11810064,0.5372357,-0.15094411
0.039838392,0.56899476,0.07170879
0.05626959,0.5754798,0.07297876
0.055420022,0.5923649,0.066613
0.038457558,0.58810043,0.06588381
0.30667314,0.65836036,-0.12696937
0.31428602,0.6437765,-0.12268785
0.2909822,0.6362906,-0.12012565
0.28512484,0.64545095,-0.12491961
0.14754556,0.10271138,-0.11167082
0.1717177,0.11812484,-0.081020966
0.15124118,0.43622172,-0.07741005
0.1479322,0.4174869,-0.07358003
0.13590398,0.42136222,-0.09554326
0.13931966,0.44018763,-0.10031429
0.16155793,0.48906612,-0.08366729
0.15784638,0.47243357,-0.082553856
0.16551605,0.50529444,-0.08477371
0.22414374,0.60876083,-0.096443996
0.2142895,0.59740305,-0.09466091
0.2122097,0.60061216,-0.10338412
0.04098414,0.044959664,0.055522397
0.044004228,0.11659932,0.07415024
0.03772213,0.13220286,0.07742258
-0.00029063784,0.0955964,-0.018001072
0.0010371539,0.09529939,-0.0168137
0.066173896,0.7543248,-0.028196003
0.0702589,0.75786734,-0.045898605
0.27209803,0.6225992,-0.08303606
0.25452518,0.62178224,-0.07966126
0.19394925,0.5763758,-0.07874629
0.20405081,0.58475953,-0.08115689
0.19981648,0.588546,-0.0664169
0.189953,0.5803344,-0.06273065
0.19468194,0.5759368,-0.09289701
0.20451261,0.5840959,-0.0937486
0.15354694,0.6547216,0.015326679
0.154444,0.67144924,0.0072863065
0.1419937,0.67388976,0.008560132
0.1410741,0.6576582,0.018060341
0.12838303,0.6582465,0.021217503
0.12920398,0.67523456,0.010384515
0.1149493,0.6751823,0.013635695
0.11363964,0.6580907,0.02511327
0.08657214,0.7220521,-0.023609404
0.071757495,0.7142273,-0.0065234937
0.053822916,0.70743597,0.0044015944
0.036705792,0.7035308,0.011765614
0.019481108,0.7296134,-0.13099766
0.039976146,0.73410594,-0.13104287
0.03433016,0.72230315,-0.13800856
0.01803982,0.71852076,-0.13623571
0.0029107365,0.7163159,-0.13415314
0.0026575418,0.72761005,-0.12948316
0.059059866,0.7400625,-0.01631086
0.04537225,0.7356311,-0.0030730926
0.033149302,0.72172904,0.0051371455
0.3528487,0.7126874,-0.055765893
0.32840794,0.7116613,-0.056577325
0.066418186,0.7678206,-0.08109562
0.07035838,0.7631733,-0.06366873
0.3544177,0.7181897,-0.07302565
0.32956132,0.7175113,-0.07385415
0.13121358,0.71247697,-0.01838955
0.14316149,0.7158589,-0.016959455
0.12895711,0.7315297,-0.038185988
0.05653431,0.7505352,-0.01260601
0.043840263,0.7462299,0.00030158833
0.18053047,0.14499399,-0.028984291
0.1734011,0.13486299,0.0057141744
0.1543994,0.39318377,-0.019370206
0.14897655,0.38933113,0.005544562
0.002782913,0.4257618,0.10310807
0.0016198398,0.4031431,0.106512405
0.023771567,0.40274772,0.106718384
0.026332086,0.42660177,0.10312229
0.0064663664,0.49067834,0.08396008
0.005322984,0.47001883,0.091390945
0.017994456,0.7516092,0.0150476545
0.04342316,0.35396925,0.10689557
0.04407085,0.37931025,0.104768
0.021806598,0.3773314,0.108679615
0.021235125,0.34963304,0.10989981
0.012839495,0.32191432,0.108855166
0.011272028,0.30832264,0.10774348
0.018955402,0.14448485,0.08966196
0.010020002,0.14367178,0.09130784
0.2632582,0.68580586,-0.028034922
0.26297006,0.7044637,-0.03562285
0.24596508,0.70676595,-0.030778142
0.24688838,0.68688637,-0.024387816
0.08252102,0.35770267,0.083209895
0.06326154,0.35659224,0.09790715
0.17325906,0.5992175,-0.010100849
0.17244811,0.5896054,-0.026907805
0.030939126,0.51524246,0.07714585
0.07207866,0.5802705,0.07210957
0.07208963,0.59539825,0.06594734
0.08693339,0.58307844,0.068761766
0.08793077,0.59713167,0.06330498
0.0010185037,0.10707489,-0.03776613
-0.00021693856,0.093859464,-0.024210813
0.2464018,0.69392294,-0.122027405
0.24864753,0.6852194,-0.12494007
0.23603277,0.6809132,-0.12719688
0.23402368,0.6910993,-0.124362074
-0.0003423849,0.037965,-0.021694455
-0.00049792556,0.053489804,-0.0106677
0.01594582,0.10348034,-0.10175805
0.0034214896,0.10363302,-0.08558142
0.002210529,0.10649848,-0.086557776
0.0018953206,0.1170553,-0.103257805
0.06369379,-0.01249826,0.05773121
0.066265866,0.01766482,0.064886905
0.060466472,-0.042298853,0.050278977
0.05756638,-0.071650684,0.04269003
0.061494,-0.2561056,-0.019372169
0.07255255,-0.28385198,-0.020556223
0.07763277,-0.3744071,-0.03609194
0.07811047,-0.40855974,-0.039692186
0.07991938,-0.44491792,-0.04481736
0.08481969,-0.5180832,-0.05102877
0.082379505,-0.48256266,-0.049006157
0.35643584,0.71545327,-0.089554876
0.3593058,0.70781726,-0.10365884
0.33333668,0.70625687,-0.10606815
0.3298818,0.7150644,-0.09172505
0.31116918,0.62783736,-0.07469453
0.3333073,0.6305514,-0.075812645
0.33129975,0.6368563,-0.06219768
0.30826354,0.63497305,-0.06084375
0.35697,0.63278735,-0.07673641
0.33559486,0.62759006,-0.089444
0.35962301,0.6319678,-0.09001061
0.36360234,0.65610254,-0.11887088
0.3396887,0.6503144,-0.12120022
0.33692697,0.6648247,-0.12436527
0.36280873,0.6698415,-0.12223134
0.36104795,0.69670236,-0.11419362
0.36237916,0.6836568,-0.120706245
0.33702958,0.68078804,-0.12255129
0.33640346,0.6945776,-0.1161123
0.35254014,0.65636444,-0.038873583
0.32769075,0.65558517,-0.03772228
0.3290213,0.64511853,-0.048895717
0.35337564,0.6456732,-0.04964763
0.26322332,0.71874976,-0.050026
0.24570954,0.7227881,-0.045865044
0.19882657,0.627998,-0.024848558
0.2108879,0.63377786,-0.032106966
0.2138511,0.6470357,-0.019063912
0.2016819,0.6443581,-0.013293866
0.30239514,0.7001563,-0.040714182
0.3042742,0.71201503,-0.056107916
0.28215644,0.71464926,-0.053535935
0.2812842,0.701428,-0.038709387
0.30365047,0.65418,-0.03638063
0.28090888,0.65205735,-0.03370045
0.28244445,0.6417804,-0.04522992
0.3052726,0.64378095,-0.047679164
0.29204738,0.6262195,-0.110346064
0.31522614,0.631553,-0.113464676
0.24682494,0.66658014,-0.022856716
0.2631466,0.66662276,-0.025960146
0.16766417,0.5890069,-0.0069089495
0.18307824,0.57327807,-0.060064442
0.17835778,0.56475544,-0.057663128
0.1319831,0.5389779,0.047161557
0.1338187,0.55265623,0.049758427
0.1684359,0.5455898,-0.029239664
0.16659886,0.5292623,-0.020686034
0.13868187,0.55290675,0.043926686
0.13950038,0.5436853,0.03988246
0.09739499,0.46954527,0.06928771
0.034254998,0.7122564,0.0063378774
0.2807857,0.6668482,-0.028560909
0.28118825,0.6846665,-0.030249817
0.2675602,0.6381415,-0.121807024
0.27023515,0.62980974,-0.115703866
0.25250965,0.625404,-0.11099638
0.2511206,0.6324482,-0.11796742
0.13827232,0.5760571,-0.15321256
0.14770123,0.56462365,-0.14313611
0.1326898,0.5512558,-0.14730468
0.12078975,0.56411624,-0.15845302
0.2482971,0.7095505,-0.11165288
0.23452896,0.7097852,-0.11241664
0.23637791,0.71856475,-0.10137932
0.25202686,0.71679056,-0.10166977
0.23975192,0.7259214,-0.08614917
0.24421589,0.7299018,-0.066662386
0.26200843,0.72543305,-0.069137104
0.25740895,0.7227752,-0.08742611
0.17473872,0.1832709,-0.049630802
0.16658908,0.1869336,-0.07733284
0.1143651,0.2988128,0.05216445
0.1314023,0.306083,0.034726396
0.09247792,0.21152845,0.060534105
0.007516304,0.076199174,0.034124725
0.022650318,0.08409831,0.05813425
0.0012125743,0.014487743,-0.032388337
0.17683935,0.17841983,-0.02197263
0.013550247,-0.044969857,-0.048871826
0.006376234,-0.014558762,-0.041132424
0.06059961,-0.03947985,-0.10712313
0.054754186,-0.0073025823,-0.1078691
0.08431262,-0.010643959,-0.11212421
0.08731593,-0.041169643,-0.111177266
0.113375485,-0.01474911,-0.10665734
0.11382814,-0.044220626,-0.10538582
0.104349226,-0.13407713,0.03484758
0.103028685,-0.35721117,-0.13689236
0.12402338,-0.3935516,-0.13002427
0.103870064,-0.3935547,-0.13455722
0.12494634,-0.3560837,-0.1327933
0.14305331,-0.32280248,-0.1172171
0.14365126,-0.35713023,-0.119509906
0.14545125,-0.40423542,-0.04432356
0.104585245,-0.43087333,-0.12885231
0.12247522,-0.43216628,-0.12425644
0.1414728,-0.39420128,-0.11749335
0.13770548,-0.43295068,-0.114135
-0.0006077741,0.06312114,0.0001892969
0.002574905,0.12165108,-0.118673116
0.15538207,0.12076658,0.041054264
0.15761979,0.08907944,0.039181747
0.07103744,0.11624473,0.074319504
0.0986806,0.13197616,0.068827726
0.122260645,0.3813978,0.046909265
0.10404426,0.38000658,0.0635379
0.12675975,0.42526278,0.042101704
0.12496625,0.40262553,0.04465817
0.1397611,0.40575367,0.025429428
0.1413866,0.42730612,0.022920944
0.1578996,0.43107796,-0.024562215
0.15523107,0.41185907,-0.021919947
0.1543062,0.41438732,-0.04810849
0.1572104,0.43320504,-0.051526092
0.14710715,0.39959627,-0.06974129
0.15375043,0.39642772,-0.045082513
0.0861917,0.43513152,-0.13774626
0.088009894,0.4583017,-0.14301252
0.106655985,0.45214882,-0.1324203
0.1043877,0.43063164,-0.12670554
0.028284077,0.14121825,0.084176
0.0002020495,0.07640836,0.013421163
0.068625495,0.045571208,0.069819264
0.10080679,0.07514596,0.0760195
0.13186313,0.0799579,0.065474436
0.25188503,0.6261528,-0.06738724
0.17618176,0.5911857,-0.13043728
0.17289992,0.6032125,-0.13527203
0.28127232,0.7216754,-0.07227874
0.27651387,0.72005594,-0.0905247
0.2616958,0.65065366,-0.030266743
0.2316466,0.7093966,-0.026459176
0.21821329,0.6908332,-0.014248729
0.23237284,0.6881921,-0.019352663
0.120977476,0.20098957,0.048839636
0.123849735,0.1745328,0.0524026
0.14880496,0.1861034,0.035481624
0.0007771901,0.10071257,-0.067619435
0.0025008798,0.10714188,-0.0755067
0.04578067,0.0991596,0.07226682
0.023628436,-0.1029495,-0.06002725
0.019320112,-0.074591756,-0.054294158
0.026874842,-0.12994611,-0.06593357
0.030409787,-0.1570586,-0.07154676
0.03478314,-0.18443668,-0.07672937
0.04196454,-0.21173316,-0.0813151
0.051769476,-0.24004662,-0.08186536
0.05591393,-0.26980704,-0.08827405
0.044832923,-0.33462095,-0.087263346
0.053794608,-0.300081,-0.097788915
0.051474392,-0.3318761,-0.10485691
0.050880313,-0.3648165,-0.10932002
0.06057371,-0.43421698,-0.10761455
0.05340732,-0.39865184,-0.11048071
0.06632,-0.47078377,-0.10457547
0.06891143,-0.5073476,-0.10308133
-0.00036402745,0.10089651,-0.040411543
0.00027563283,0.100595,-0.05322442
0.11789034,0.7091341,-0.019209728
0.18384002,0.5887569,-0.046530303
0.19337252,0.5959505,-0.0507513
0.24503037,0.6498921,-0.026919559
0.003326862,0.12821382,-0.13247563
0.003531689,0.13587928,-0.14492992
0.31271493,0.69073904,-0.11808702
0.30850363,0.70376843,-0.10971813
0.26145115,0.64045835,-0.04276617
0.19973513,0.6161125,-0.03961973
0.21157075,0.6245798,-0.044559084
0.56000996,0.7178929,-0.07483637
0.5802105,0.713575,-0.07530604
0.57936525,0.7185712,-0.087061465
0.55858195,0.7221627,-0.08780606
0.56028664,0.70816535,-0.06507745
0.5800486,0.70385903,-0.06687342
0.5568736,0.6467633,-0.08210273
0.5773471,0.64849496,-0.08723352
0.57722247,0.65632796,-0.07525111
0.5566299,0.65574014,-0.070164666
0.59860075,0.6888822,-0.06454393
0.57926816,0.69190407,-0.062151413
0.57808566,0.6790284,-0.062311128
0.59768033,0.6771474,-0.06580628
0.5554582,0.6476009,-0.11313182
0.5353558,0.6440499,-0.108517654
0.5335374,0.65334517,-0.12084655
0.55381316,0.65743834,-0.123960435
0.47175083,0.651701,-0.058114458
0.4544198,0.6541758,-0.05263799
0.45651597,0.6428565,-0.06226796
0.4738184,0.6409871,-0.06880514
0.51799154,0.7263746,-0.07348987
0.5391796,0.7221465,-0.074120104
0.5372606,0.7252526,-0.08816934
0.5153707,0.7273531,-0.08842425
0.5161876,0.6877336,-0.051888436
0.49333358,0.6916781,-0.0502122
0.49184865,0.67547464,-0.052615713
0.5143622,0.6715504,-0.05461295
0.49323145,0.72757596,-0.08899904
0.4958389,0.730198,-0.074064694
0.55798805,0.681283,-0.05820146
0.5375739,0.68423516,-0.054434713
0.5357717,0.66914237,-0.057951033
0.5565693,0.66774756,-0.062570356
0.5956403,0.6556632,-0.117571816
0.57562685,0.65162647,-0.11612913
0.5740967,0.6614468,-0.12541626
0.5943933,0.66528046,-0.12561157
0.5971512,0.6664929,-0.071180426
0.577147,0.6670541,-0.06728524
0.5971775,0.6572025,-0.07972646
0.59727824,0.710718,-0.10980596
0.5757063,0.7116914,-0.11275598
0.5775843,0.71774936,-0.10022608
0.59862566,0.71557003,-0.09821148
0.51444995,0.64605016,-0.070000514
0.535808,0.6456225,-0.07603859
0.53546023,0.65580714,-0.06493595
0.51390743,0.6572758,-0.060233574
0.51867646,0.7174217,-0.060960133
0.5397941,0.7126202,-0.06296445
0.5538747,0.7117886,-0.115104355
0.5317827,0.7109064,-0.11646873
0.5344209,0.72029555,-0.10245173
0.5561988,0.71938026,-0.10157054
0.50886095,0.69404244,-0.12558547
0.5302468,0.6974466,-0.1259135
0.53013706,0.68164945,-0.128865
0.50911313,0.67764795,-0.1274749
0.49407187,0.63990504,-0.07709987
0.49267158,0.64877176,-0.064158015
0.51504713,0.6409252,-0.1023601
0.49475417,0.638135,-0.09466585
0.49336186,0.6450647,-0.11035213
0.5133699,0.64944065,-0.1164238
0.45428267,0.7142534,-0.05166096
0.47280377,0.71222585,-0.050812174
0.47396556,0.725321,-0.060666412
0.45462787,0.7265137,-0.06261113
0.47326857,0.7312486,-0.0756529
0.45363617,0.7305306,-0.07875492
0.4242915,0.71747524,-0.09737875
0.4364005,0.71992207,-0.09573163
0.43372792,0.70649916,-0.10454338
0.4225666,0.7048652,-0.106459096
0.46845928,0.6828884,-0.12591305
0.48805025,0.68912554,-0.12601113
0.48874217,0.6721705,-0.1256021
0.46920222,0.66584295,-0.12278285
0.45545748,0.6464006,-0.11003612
0.47153416,0.65178424,-0.115085095
0.47458678,0.64118344,-0.10300359
0.45874894,0.6377479,-0.09587334
0.40124613,0.63897556,-0.09231271
0.4170365,0.6397044,-0.0939714
0.4162604,0.63657856,-0.08044213
0.39997676,0.63693184,-0.07943752
0.41228142,0.6472173,-0.053176038
0.41190922,0.65835124,-0.043593306
0.3957161,0.65772647,-0.041592583
0.3962747,0.6471181,-0.051920276
0.3997601,0.7155113,-0.05555727
0.41380012,0.7159039,-0.055129696
0.4134269,0.72451615,-0.07022952
0.39957583,0.72210264,-0.07231383
0.4523081,0.6768929,-0.12521677
0.4508282,0.65899026,-0.12018686
0.42689016,0.6463829,-0.05514397
0.44103262,0.644573,-0.058234803
0.4392647,0.65608966,-0.04902165
0.42575794,0.6576054,-0.046046566
0.42424175,0.6860944,-0.043755844
0.43786037,0.6841171,-0.04678352
0.43813148,0.6997155,-0.048357423
0.4256953,0.70073426,-0.047253683
0.42567492,0.715657,-0.054529767
0.4387312,0.7152543,-0.053381402
0.4387282,0.72642946,-0.065405026
0.42542154,0.7256422,-0.06775101
0.44169295,0.67422414,-0.12414319
0.43331984,0.6709086,-0.122851156
0.43155742,0.6836151,-0.12023604
0.4401791,0.6875938,-0.12044408
0.4446031,0.6356769,-0.08913101
0.44262293,0.6428079,-0.10314548
0.4525853,0.6824335,-0.049753077
0.43848005,0.6699507,-0.045700874
0.45318004,0.66765296,-0.04916803
0.43805107,0.72854495,-0.08146815
0.402452,0.644608,-0.10291658
0.3858548,0.64112025,-0.10194106
0.38643476,0.6491535,-0.110879734
0.40269628,0.65201735,-0.111956865
0.38435224,0.6358961,-0.09075455
0.38200358,0.6353074,-0.077986404
0.3767033,0.6571368,-0.039979555
0.3776611,0.64662826,-0.050594717
0.37654206,0.671358,-0.034531012
0.39597785,0.67198265,-0.036542628
0.39591473,0.68691677,-0.03753575
0.37604004,0.6865393,-0.034950458
0.3773536,0.7139522,-0.05559921
0.3784751,0.7194617,-0.0725604
0.39996797,0.71889395,-0.08727826
0.38084862,0.7160103,-0.088313565
0.41442254,0.63990545,-0.06607367
0.42900497,0.6384251,-0.0686197
0.55203706,0.69974524,-0.12537476
0.57395035,0.7011684,-0.123101525
0.57275814,0.68755394,-0.12810478
0.55135095,0.6850059,-0.12914467
0.5728823,0.67405236,-0.12922657
0.5936002,0.67715716,-0.1279566
0.53928596,0.69952464,-0.056128852
0.55957675,0.6955578,-0.059184156
0.59950185,0.7002758,-0.06757446
0.453054,0.69797826,-0.04874692
0.47092786,0.69548035,-0.049385495
0.42222968,0.6930215,-0.11457012
0.4125318,0.6910051,-0.116036765
0.4121147,0.70271635,-0.108037084
0.4511097,0.6936095,-0.11954844
0.44784233,0.70669913,-0.10549568
0.4689479,0.7135333,-0.1033006
0.46818078,0.7003885,-0.11818694
0.4251034,0.6677834,-0.12093774
0.41502878,0.66523623,-0.119457945
0.41369772,0.6782584,-0.120118804
0.42338312,0.68072987,-0.12002409
0.39762226,0.7020218,-0.044145275
0.4127681,0.7014684,-0.046083324
0.3842414,0.698475,-0.11228177
0.38355887,0.7080959,-0.101715006
0.40040073,0.7107023,-0.09947309
0.40020722,0.7005849,-0.10960311
0.41283676,0.7141851,-0.09845495
0.38462022,0.686294,-0.11912449
0.40052944,0.6889532,-0.11731428
0.37627253,0.70200235,-0.041665934
0.40195197,0.6629342,-0.118810296
0.38584232,0.6601409,-0.118381836
0.3852338,0.6732062,-0.12122827
0.40131238,0.675912,-0.12040028
0.55207485,0.6705897,-0.12893644
0.531465,0.6667453,-0.12725341
0.4588655,0.6356595,-0.07822922
0.47549102,0.6357289,-0.085907675
0.44343513,0.63664985,-0.07256587
0.55657864,0.64327574,-0.09779024
0.5768072,0.64650476,-0.10230435
0.5151838,0.63941664,-0.084883414
0.5361319,0.64100254,-0.09178157
0.5099103,0.7090846,-0.11688254
0.42903116,0.64785576,-0.10820637
0.43923834,0.6508955,-0.11361349
0.43044224,0.64032704,-0.09799287
0.3790559,0.6393079,-0.06367297
0.39799136,0.63998514,-0.06516598
0.4418274,0.6635969,-0.12288002
0.35488644,0.63808423,-0.06296082
0.4512568,0.72254384,-0.093736455
0.41337457,0.72286636,-0.085696295
0.42524338,0.72590244,-0.083595306
0.5996635,0.7154168,-0.08569671
0.5178811,0.7035696,-0.05354004
0.46999002,0.6796498,-0.051275413
0.47052667,0.66475666,-0.052913684
0.41701603,0.6462921,-0.1047049
0.41632283,0.65382785,-0.11368326
0.42692134,0.6560662,-0.11632667
0.41168672,0.6724341,-0.038953632
0.41102567,0.6871712,-0.040556107
0.5966088,0.65042233,-0.105220154
0.42551798,0.67151964,-0.041951295
0.4710612,0.72560966,-0.09034522
0.018876892,0.67183924,-0.15233976
0.0034825166,0.6569643,-0.1522231
0.0035491865,0.6698408,-0.1493632
0.1628915,0.5139444,-0.011720113
0.12825759,0.48872206,0.041497797
0.14213437,0.49144426,0.024303392
0.17712845,0.5812028,-0.043450158
0.17262813,0.57172745,-0.03989347
0.21661709,0.6170603,-0.058264513
0.20475878,0.6065616,-0.054787394
0.16298953,0.5536133,-0.010884877
0.08539052,0.9099537,-0.056777414
0.08334617,0.90301275,-0.059887763
0.08723213,0.92298466,-0.055846654
0.010995759,0.33643806,0.10839056
-0.00087646674,0.30676568,0.1052837
-0.000705346,0.2919292,0.1042391
0.0860021,0.8933321,-0.0424684
0.083842635,0.88689667,-0.046945807
0.088109,0.8899425,-0.04376549
0.08602004,0.895337,-0.040356494
0.08565803,0.8943424,-0.040744532
0.08821878,0.9255746,-0.045296155
0.08112131,0.8945011,-0.060353126
0.07905242,0.8850735,-0.059139878
0.08668403,0.91215634,-0.040729143
0.051837172,0.3265256,-0.13085574
0.055590354,0.3088196,-0.13452083
0.031102257,0.30700615,-0.13619363
0.028414462,0.32419595,-0.13108432
0.0046310164,0.29224527,-0.14392671
0.004220527,0.30731505,-0.13627233
0.034261882,0.29003835,-0.1442019
0.14372018,0.26021814,-0.112338126
0.13987322,0.28114462,-0.10869536
0.15350826,0.2827506,-0.08648575
0.15817554,0.26266378,-0.08871747
0.15758511,0.2992399,-0.060822427
0.16232462,0.28227562,-0.060694143
0.14845417,0.30062807,-0.085113786
0.16047281,0.29543817,-0.03385406
0.16496749,0.27795538,-0.033206508
0.15688692,0.2882733,-0.008134831
0.1619576,0.26977605,-0.007242158
0.15319662,0.2603326,0.015812464
0.13775262,0.25120127,0.035706624
0.118650705,0.22297198,0.048995294
0.11652283,0.24225543,0.05125227
0.09334962,0.23421098,0.06278395
0.06990634,0.22619067,0.071929134
0.048960764,0.22015837,0.07934157
0.03093255,0.2147799,0.085026406
0.014903745,0.21155772,0.088530995
0.00040800497,0.20956331,0.08892741
0.0008179471,0.18433201,0.08917018
0.115695044,0.6918554,-0.00053532794
0.0867279,0.74808264,-0.11086817
0.10452187,0.7504058,-0.089167885
0.09546423,0.7443167,-0.11093822
0.11878006,0.69339526,-0.14897126
0.09782536,0.6856468,-0.15656164
0.09862198,0.70189226,-0.14843813
0.119411856,0.7109141,-0.13787779
0.07680696,0.73807824,-0.124713615
0.07239799,0.7409682,-0.12357645
0.08228785,0.73340625,-0.1271427
0.06756292,0.7235356,-0.1382315
0.049516026,0.7169504,-0.14236656
0.14809732,0.7426237,-0.0843175
0.16140926,0.74203366,-0.07980909
0.15910712,0.7304572,-0.10127722
0.14850055,0.73113227,-0.10713127
0.15143837,0.68621653,-0.14297935
0.16313629,0.68897116,-0.1379759
0.16395384,0.6741529,-0.14220968
0.15108487,0.6702008,-0.14720699
0.20123379,0.73797596,-0.066637486
0.21498805,0.7357394,-0.06555373
0.21029635,0.7311162,-0.08671746
0.19689794,0.7323163,-0.088673934
0.16108572,0.7031308,-0.12964933
0.091123015,0.57093555,-0.16992638
0.111312225,0.5794491,-0.16610451
0.12900439,0.5883506,-0.16111189
0.16964224,0.6160501,-0.13885212
0.16260181,0.5942016,-0.14082937
0.15847914,0.6076372,-0.14472896
0.18095468,0.6244105,-0.13422072
0.19036719,0.62901604,-0.12958091
0.20427386,0.6950873,-0.010679081
0.20411338,0.66802114,-0.006101623
0.2171524,0.666602,-0.012192801
0.21433884,0.6353631,-0.122286476
0.21657993,0.6294496,-0.11941679
0.20409761,0.62225634,-0.1196154
0.20192415,0.6291925,-0.12264377
0.13478096,0.7432847,-0.088131994
0.20828234,0.72089756,-0.103498
0.20706476,0.7099797,-0.115190215
0.19393748,0.7084204,-0.116699405
0.19499107,0.7207595,-0.10516095
0.2070844,0.6980749,-0.12371435
0.20768644,0.68560606,-0.12866889
0.19576284,0.68297654,-0.13085645
0.19512454,0.69590104,-0.12588958
0.21408185,0.64277625,-0.12538195
0.19961593,0.6370653,-0.12582213
0.23101634,0.7263942,-0.043438062
0.17661843,0.74258864,-0.048512578
0.16317348,0.74481404,-0.053297415
0.16387747,0.73373926,-0.028375661
0.17626289,0.72957104,-0.024754273
0.2335513,0.6224041,-0.06347221
0.2374995,0.6180768,-0.076464236
0.23918553,0.6155327,-0.08856137
0.20910157,0.6069158,-0.11095309
0.23946121,0.6159669,-0.09870047
0.22869053,0.6477173,-0.023650212
0.2313588,0.6663271,-0.018694941
0.16444382,0.7123004,-0.01150972
0.17643249,0.70675516,-0.009360649
0.22868954,0.73313797,-0.0659295
0.22421628,0.7286931,-0.08658809
0.24473588,0.6425547,-0.12375862
0.23179714,0.63568485,-0.12090605
0.22933595,0.6407236,-0.12335619
0.1972592,0.59933126,-0.117552005
0.2058295,0.61520696,-0.11583129
0.1743898,0.7410039,-0.07480268
0.22067107,0.7091917,-0.11460997
0.2215022,0.719602,-0.10274219
0.183856,0.69336694,-0.1286048
0.17334007,0.6910518,-0.13276194
0.17130068,0.70470583,-0.12419916
0.18207547,0.7064143,-0.11983403
0.22319068,0.6764892,-0.12928621
0.22124651,0.68833566,-0.12688354
0.17468674,0.6769173,-0.13756919
0.18509856,0.6798364,-0.13385686
0.22771788,0.6475019,-0.12572555
0.15401146,0.71617615,-0.014622565
0.14305224,0.69379926,-0.0031789392
0.15481116,0.6937047,-0.0024889968
0.16583107,0.68908006,-0.0008366145
0.17830153,0.68190277,-0.00029201433
0.19174188,0.6733053,-0.0019390024
0.13075848,0.6927365,-0.0026183762
0.43574405,0.6596838,-0.11989948
0.24878451,0.6385787,-0.122037165
0.25720805,0.64883626,-0.12595317
0.2624711,0.644225,-0.12454568
0.31224936,0.67646056,-0.12440784
0.010631823,0.83851445,0.07716965
0.011037741,0.8325564,0.07456242
0.009390628,0.86369836,0.07694756
0.009583243,0.8598338,0.07797489
0.43147084,0.6951783,-0.11323628
0.4391659,0.69688344,-0.112930246
0.4884895,0.70558274,-0.11724361
0.4904446,0.7182493,-0.10306758
0.512322,0.71998346,-0.10290476
0.49637234,0.7221614,-0.059904706
0.49522528,0.7081813,-0.05156444
0.4917609,0.66066444,-0.05663355
0.49077916,0.65741324,-0.12005301
0.63920796,0.70413995,-0.071620576
0.65906036,0.700864,-0.07050572
0.6597867,0.7080778,-0.07930359
0.63950324,0.7100485,-0.08174185
0.67843735,0.6979812,-0.068339854
0.65806216,0.69082767,-0.066947885
0.6768338,0.6873274,-0.066557
0.6566,0.6806623,-0.068537846
0.67504114,0.6779558,-0.06944477
0.6735425,0.67031854,-0.075654425
0.6554954,0.67187065,-0.07366203
0.65542537,0.6652293,-0.08087356
0.67339694,0.6651001,-0.08344129
0.63634855,0.65951514,-0.08679469
0.6363245,0.65628636,-0.09756242
0.65559185,0.6593942,-0.09973964
0.65561813,0.6609845,-0.089851
0.67370826,0.67018175,-0.117424265
0.6551342,0.66681933,-0.118421905
0.6549247,0.6757065,-0.122249655
0.6737054,0.6781438,-0.12045593
0.6361698,0.694094,-0.12083084
0.6565658,0.6964166,-0.119140744
0.655412,0.68601066,-0.121815726
0.634985,0.6830598,-0.1240009
0.67532724,0.69872797,-0.1190118
0.65796757,0.7040648,-0.11209358
0.6766399,0.7063277,-0.11109905
0.6189539,0.6972543,-0.06721051
0.6194727,0.70704424,-0.07361248
0.5997983,0.70968086,-0.07498508
0.63650125,0.67325544,-0.07090319
0.63727105,0.6831366,-0.06687147
0.61793816,0.6859784,-0.06586814
0.61705136,0.67506754,-0.06852865
0.59706837,0.6507162,-0.091660164
0.6168607,0.653708,-0.09489979
0.6166783,0.6581641,-0.08357996
0.636209,0.66538805,-0.07777358
0.6166533,0.66572237,-0.07473559
0.6359591,0.6575403,-0.10901112
0.6553588,0.6612602,-0.11012325
0.6395021,0.71121895,-0.09328118
0.6597336,0.70980513,-0.09074998
0.6592736,0.70816696,-0.10191442
0.63892686,0.70868313,-0.10410516
0.61634874,0.6543026,-0.10729402
0.61918205,0.71327204,-0.09573379
0.618374,0.7097286,-0.1068411
0.6376807,0.7031579,-0.114060186
0.616911,0.702481,-0.1168845
0.678709,0.70981574,-0.088494875
0.6791507,0.706319,-0.076678246
0.6196192,0.7129895,-0.08386809
0.63536036,0.6631761,-0.11873944
0.6155062,0.65956634,-0.11830796
0.6146271,0.6688917,-0.124991074
0.63483626,0.6724099,-0.1239957
0.5941649,0.68962365,-0.12594227
0.6153767,0.6916647,-0.12319114
0.6144212,0.6800718,-0.12597273
0.67427135,0.687997,-0.12108124
0.5956793,0.7018245,-0.12009122
0.76051456,0.6638866,-0.08179009
0.7655764,0.66274506,-0.07239878
0.7561442,0.65905863,-0.07017816
0.75080425,0.6607733,-0.080246404
0.7349665,0.65070546,-0.06232468
0.7433877,0.6523208,-0.052679244
0.7360604,0.6562673,-0.04601648
0.72623754,0.65472424,-0.054528557
0.7691602,0.6647432,-0.063561395
0.7602559,0.65982515,-0.061543856
0.7680513,0.670221,-0.05713936
0.7769367,0.66968304,-0.0649202
0.7763746,0.67714435,-0.061120793
0.784204,0.68044406,-0.0636431
0.7824894,0.6894767,-0.06730006
0.7707114,0.6883324,-0.06304532
0.7640061,0.69954765,-0.0876144
0.7785553,0.6974159,-0.08787298
0.77573586,0.6977676,-0.09876002
0.7609567,0.6995345,-0.09820054
0.7662176,0.69245124,-0.11740182
0.75257635,0.6945602,-0.1152791
0.7571197,0.6971847,-0.106746405
0.77208155,0.69496137,-0.10799265
0.7539266,0.6666536,-0.096558884
0.7560308,0.66586506,-0.09044206
0.7463012,0.66359484,-0.089980975
0.74362695,0.664859,-0.09661943
0.7650184,0.67501676,-0.046238218
0.7665004,0.6708988,-0.048103217
0.76708525,0.6780587,-0.055353142
0.7610423,0.6820478,-0.05372274
0.71722275,0.6575176,-0.1085908
0.71696144,0.658029,-0.10060857
0.7062596,0.6600938,-0.09741318
0.70544636,0.65974104,-0.10623433
0.7110834,0.65658563,-0.069995835
0.7073683,0.66882575,-0.06216782
0.70067143,0.6702376,-0.067258865
0.7057972,0.660395,-0.07753565
0.7178215,0.6548982,-0.062694676
0.72342336,0.66593236,-0.05021259
0.71429193,0.6670065,-0.056500804
0.734003,0.6655975,-0.0424672
0.70376104,0.66260445,-0.11637027
0.71207756,0.6603701,-0.12056467
0.8332525,0.67020917,-0.06820363
0.82745063,0.6708201,-0.06799832
0.8280794,0.6691131,-0.07329637
0.8340684,0.6688968,-0.07334357
0.7101895,0.67892045,-0.1286583
0.7035411,0.67799103,-0.12584823
0.7047783,0.6875057,-0.12473831
0.7120636,0.68827593,-0.12544414
0.71903074,0.67979693,-0.13211918
0.7214538,0.6891104,-0.12665078
0.8360376,0.683365,-0.06646483
0.8299712,0.6847547,-0.06715228
0.8287046,0.68022,-0.06480593
0.83453625,0.6787493,-0.064503446
0.7698432,0.665736,-0.08175784
0.7743918,0.6652006,-0.072793454
0.7923929,0.6670838,-0.076565035
0.7911514,0.66905916,-0.070335165
0.7829359,0.6671934,-0.07160005
0.7808284,0.6666513,-0.081188135
0.7729889,0.66814977,-0.100969225
0.7775669,0.66772795,-0.093833126
0.76679,0.6676805,-0.09337498
0.7625472,0.66797227,-0.10089913
0.758664,0.66560364,-0.11293021
0.75821084,0.66372335,-0.119065
0.76692516,0.6647548,-0.120311275
0.7686883,0.6664778,-0.113546155
0.78957945,0.6684132,-0.108502194
0.7880212,0.6683171,-0.114102095
0.7972537,0.67107373,-0.1143996
0.7992062,0.67070556,-0.10922433
0.6967646,0.6780944,-0.12386217
0.6975547,0.68791354,-0.12385584
0.7563421,0.6850389,-0.13455051
0.7657618,0.68409127,-0.13808718
0.76132435,0.676587,-0.14439169
0.751714,0.67741895,-0.14065698
0.71534294,0.6959828,-0.118518926
0.7076379,0.6963818,-0.11858628
0.83749056,0.68586445,-0.07130966
0.8314131,0.6874714,-0.07194778
0.7364174,0.67583287,-0.043956622
0.7254212,0.6778124,-0.05226506
0.7160824,0.6796663,-0.058774713
0.70879346,0.6812993,-0.063140854
0.70185184,0.68302274,-0.06479145
0.78593725,0.66707015,-0.08636645
0.7639183,0.66666937,-0.08897542
0.7519642,0.66667885,-0.10115321
0.7458291,0.6594201,-0.13037783
0.7487723,0.6604006,-0.12304277
0.7415845,0.65908265,-0.12019014
0.7375055,0.6589506,-0.12993422
0.75044966,0.66848505,-0.14193298
0.7600455,0.6683197,-0.14428233
0.7615004,0.66315335,-0.13948447
0.75266635,0.6624934,-0.13769569
0.7624154,0.6779859,-0.042139344
0.7546368,0.68284714,-0.04960569
0.7100439,0.66883034,-0.1272933
0.7030153,0.66920596,-0.12316666
0.6964002,0.6704945,-0.11980821
0.73005795,0.6609932,-0.09930535
0.7318977,0.6605108,-0.09473713
0.7184695,0.6561347,-0.089280754
0.71708894,0.65779495,-0.09548396
0.74008524,0.65493226,-0.077951744
0.7463917,0.6536403,-0.06747474
0.72750616,0.65134573,-0.072676376
0.70607525,0.65993154,-0.08926405
0.6974406,0.6631879,-0.08657893
0.697531,0.6628654,-0.095697075
0.6971435,0.66313744,-0.1050199
0.6965441,0.66535497,-0.113812014
0.6876302,0.664616,-0.08541534
0.68782735,0.66349113,-0.09437999
0.6878522,0.6642046,-0.10390861
0.6877986,0.6669019,-0.11224705
0.6890063,0.6990815,-0.118806176
0.6991571,0.69753206,-0.11871543
0.68809205,0.68853617,-0.12275028
0.6900112,0.67456436,-0.068631776
0.68834907,0.6685401,-0.07690671
0.69801974,0.6657444,-0.076993495
0.69234806,0.68483895,-0.065773964
0.7495586,0.6547619,-0.04560042
0.75616586,0.6572864,-0.051045325
0.76081073,0.6580923,-0.04510799
0.7556302,0.6561203,-0.039884023
0.7840139,0.67285216,-0.06561034
0.7914611,0.6744861,-0.06609595
0.79210514,0.6817274,-0.0652202
0.72074497,0.6594437,-0.12526771
0.7254087,0.65763766,-0.114605054
0.7948054,0.667439,-0.08228526
0.8226644,0.6857878,-0.067851886
0.8104279,0.6869769,-0.06836483
0.8088816,0.68136555,-0.06583037
0.82152563,0.68098766,-0.065231346
0.8040901,0.6716713,-0.08569285
0.811822,0.67345184,-0.08383107
0.8094413,0.6696928,-0.079612315
0.80147386,0.6690152,-0.0805152
0.78562623,0.6672079,-0.120722555
0.7932866,0.6693477,-0.12084139
0.7927908,0.6918369,-0.088269986
0.7803417,0.6963228,-0.07660024
0.7919437,0.6941961,-0.07716036
0.7704266,0.66759384,-0.10756391
0.7785709,0.66709197,-0.113940045
0.78015715,0.6676748,-0.10815242
0.7894137,0.6675192,-0.08897889
0.7855794,0.6677793,-0.093926474
0.793441,0.6687199,-0.0929274
0.795918,0.66840225,-0.08709245
0.7389437,0.6669305,-0.1392126
0.7403895,0.6789453,-0.13772345
0.8276766,0.67508906,-0.0650983
0.8335135,0.6741131,-0.065210775
0.68777716,0.6786512,-0.12156835
0.6877283,0.6715519,-0.11800228
0.7601059,0.6672467,-0.10681621
0.7667991,0.69660676,-0.07576223
0.7499195,0.66568047,-0.1060189
0.78359973,0.68399525,-0.12744576
0.7918512,0.68405867,-0.12812763
0.7909641,0.67764044,-0.12984541
0.7831847,0.6775074,-0.13143352
0.8236913,0.67502886,-0.0823508
0.83105034,0.6757357,-0.08165426
0.829659,0.6712371,-0.07834315
0.82198435,0.670532,-0.078593545
0.7992826,0.6686627,-0.075400956
0.8076955,0.66864634,-0.074427575
0.80687374,0.6707182,-0.06934646
0.7981263,0.6704705,-0.069970384
0.79853886,0.6754406,-0.06670282
0.8075599,0.6757139,-0.06647976
0.8251458,0.6816291,-0.08299742
0.8138786,0.6807601,-0.08420144
0.81280684,0.68779993,-0.08073255
0.82500595,0.68720484,-0.07896903
0.73922634,0.6967635,-0.11312601
0.7485855,0.69122165,-0.12409547
0.7358294,0.6933454,-0.121387064
0.7788438,0.69068766,-0.11932553
0.7731205,0.6848247,-0.12853159
0.7612944,0.68896794,-0.12664472
0.7447365,0.6869154,-0.13126487
0.8027533,0.68132865,-0.09121157
0.80154115,0.6873673,-0.0926573
0.80258316,0.68704057,-0.08425498
0.7478109,0.6632031,-0.11291577
0.820412,0.6755895,-0.06555054
0.7139418,0.70056355,-0.074850656
0.72263306,0.6983666,-0.07430457
0.7241311,0.7046082,-0.08781858
0.71418256,0.7059427,-0.08651382
0.8206107,0.66896373,-0.07337466
0.8200958,0.67059517,-0.068229094
0.7847362,0.6674859,-0.12762469
0.7858508,0.6700597,-0.13283697
0.7916317,0.6718491,-0.13057658
0.7915347,0.66979605,-0.12640873
0.7325694,0.6888187,-0.1285862
0.7722842,0.68334097,-0.14147583
0.76924247,0.6756749,-0.14725311
0.7242609,0.6951809,-0.11951464
0.7181117,0.70109236,-0.10936135
0.7272191,0.6991142,-0.111096576
0.7876184,0.69071144,-0.10857922
0.74294364,0.6992934,-0.10539898
0.73054904,0.7017069,-0.10335058
0.7204774,0.7039736,-0.10024206
0.7122315,0.7058098,-0.098659165
0.71027356,0.70250225,-0.108627856
0.82401854,0.68864495,-0.07288286
0.8323704,0.68642724,-0.07795791
0.69044274,0.7057015,-0.109357655
0.7011694,0.7039572,-0.10846247
0.6919311,0.7085613,-0.09852231
0.7031302,0.7074262,-0.09817236
0.7361445,0.7025986,-0.08550513
0.7338122,0.7032182,-0.094697684
0.749826,0.701023,-0.08706203
0.7465835,0.70129204,-0.09711288
0.78930664,0.69538116,-0.098934665
0.84692067,0.6803844,-0.07928226
0.8461396,0.6758703,-0.08052397
0.8375939,0.6758568,-0.08130804
0.83873856,0.68105835,-0.08030498
0.8322506,0.68156004,-0.081570074
0.83857745,0.68527234,-0.076931246
0.75269014,0.69709235,-0.074768804
0.80126065,0.6712086,-0.09216572
0.73690677,0.6952608,-0.0710849
0.7469619,0.6895568,-0.058412563
0.7577579,0.69149435,-0.062175483
0.7296199,0.687889,-0.058161173
0.71939087,0.6905781,-0.06353994
0.7041221,0.6936083,-0.06725572
0.71119726,0.6922148,-0.06658182
0.6939525,0.69542444,-0.067420356
0.7402375,0.6843482,-0.05000824
0.8417152,0.66843516,-0.074062325
0.84094363,0.6690274,-0.06865972
0.7056692,0.70205724,-0.074720114
0.6946481,0.7041781,-0.07509975
0.7522508,0.6548781,-0.058300078
0.7399253,0.6637,-0.104751594
0.7378335,0.66120917,-0.10991369
0.734045,0.6581342,-0.11764809
0.72945184,0.65890586,-0.12832174
0.6936936,0.70927835,-0.08674526
0.6737793,0.66249806,-0.09232307
0.6737637,0.6627353,-0.10197617
0.6777412,0.7091134,-0.099974364
0.8414343,0.67253566,-0.06550214
0.8010166,0.6775856,-0.11318943
0.8026169,0.676706,-0.111043714
0.7436969,0.6575583,-0.039917324
0.7517655,0.65879357,-0.0350627
0.75492764,0.6721397,-0.032435
0.7455109,0.67398596,-0.03713237
0.74256796,0.6651586,-0.03640038
0.75193983,0.66478676,-0.0323599
0.72906786,0.66045403,-0.103005774
0.72807753,0.6592722,-0.10800384
0.7293056,0.679973,-0.13501835
0.72802687,0.66821337,-0.13629353
0.7996085,0.68181497,-0.06601188
0.8005365,0.68779457,-0.06923284
0.79222864,0.68924725,-0.06886912
0.8114489,0.69006115,-0.07439675
0.8061148,0.6790686,-0.086343795
0.80423266,0.6765874,-0.09053402
0.7352454,0.6582449,-0.08760805
0.7221549,0.6536008,-0.08176716
0.76497096,0.66435117,-0.04910524
0.76185155,0.6622899,-0.054701366
0.782137,0.66788316,-0.10106524
0.8002148,0.6897,-0.10615398
0.8000622,0.6930064,-0.09890194
0.79068124,0.66859525,-0.100869924
0.84283614,0.67688125,-0.06454138
0.84427154,0.6814218,-0.0662972
0.8012538,0.691579,-0.07611914
0.776434,0.6657644,-0.120917566
0.80206025,0.6835911,-0.10953139
0.7951402,0.686245,-0.11292879
0.7671032,0.66850936,-0.14585897
0.70520866,0.7074418,-0.08604078
0.8356391,0.67097664,-0.078631334
0.84353435,0.6707651,-0.078905776
0.846393,0.68343884,-0.07616181
0.8452154,0.6840788,-0.07108077
0.7185677,0.66870284,-0.1322256
0.74172854,0.66483563,-0.1007674
0.6737178,0.665196,-0.11085576
0.7494977,0.68108517,-0.042365007
0.75876886,0.6776229,-0.03629508
0.7986354,0.6699737,-0.100917116
0.7775712,0.68198323,-0.13484898
0.7992458,0.6871972,-0.11585224
0.79497576,0.6891513,-0.12224611
0.78781086,0.6896146,-0.12094096
0.8022351,0.682284,-0.11433391
0.85223454,0.6830762,-0.070847236
0.8531629,0.68253434,-0.07584817
0.85158044,0.68042535,-0.06600381
0.84941417,0.6758664,-0.06474914
0.8474493,0.67189056,-0.065795586
0.85345453,0.679583,-0.07889765
0.8523179,0.6754769,-0.080034904
0.84942406,0.67078185,-0.07855068
0.8590409,0.67867213,-0.07889068
0.86000013,0.6814074,-0.075710595
0.8645453,0.6770647,-0.06530191
0.866243,0.6791981,-0.06726952
0.86261547,0.6800865,-0.06764801
0.8591837,0.6795442,-0.06594219
0.8694412,0.67568356,-0.06605617
0.87078995,0.6783152,-0.06765298
0.86666334,0.6808848,-0.07087755
0.86217207,0.6814071,-0.07057145
0.8716034,0.68025744,-0.07130347
0.8712659,0.6796467,-0.07520554
0.86648214,0.6801665,-0.07471189
0.8627591,0.6809838,-0.073761985
0.8583905,0.68218076,-0.070617385
0.87366295,0.67519224,-0.068050094
0.8761968,0.67597765,-0.07224907
0.87554485,0.6790306,-0.071653694
0.87395984,0.6777718,-0.06842387
0.8557844,0.6751114,-0.06488699
0.86234915,0.67368084,-0.06549461
0.8679538,0.67237365,-0.0667015
0.8724343,0.6721134,-0.06902574
0.8613924,0.67019296,-0.066996895
0.86720276,0.66976714,-0.068538845
0.8709413,0.6699209,-0.070663676
0.86121607,0.667859,-0.07006
0.8671047,0.6683898,-0.07119404
0.85347533,0.6712479,-0.06615188
0.852481,0.6684456,-0.06923121
0.8698309,0.6690796,-0.07210055
0.8749166,0.67313594,-0.0732078
0.8656155,0.67928076,-0.07745413
0.87070465,0.6779901,-0.07773113
0.8648268,0.67707646,-0.079187214
0.8699822,0.6757866,-0.07902941
0.8746962,0.6791698,-0.07519039
0.8748409,0.67707205,-0.07661761
0.8465665,0.6687609,-0.06898738
0.8473733,0.668541,-0.074369445
0.8531412,0.66817385,-0.07426892
0.86157197,0.6675916,-0.07490486
0.85500526,0.67063266,-0.07832408
0.85791177,0.674806,-0.07984619
0.8640517,0.67410403,-0.07965231
0.8625201,0.6703428,-0.078654364
0.86895543,0.6730112,-0.07906555
0.86797094,0.6703352,-0.07795023
0.86747533,0.668485,-0.0749095
0.8720734,0.672069,-0.07741942
0.8736858,0.6744677,-0.07741925
0.8726812,0.67098296,-0.07405676
0.87047845,0.669555,-0.07459821
0.8705486,0.67049634,-0.07687154
0.8407101,0.67262745,-0.10089231
0.83316505,0.67329395,-0.09956843
0.83282536,0.6723902,-0.10455297
0.8405797,0.6719367,-0.106009595
0.84156007,0.6857327,-0.09698312
0.8345499,0.6870814,-0.096442625
0.834191,0.6814079,-0.09511076
0.8412722,0.6799474,-0.096037626
0.84126854,0.6887207,-0.10266331
0.83429646,0.69031954,-0.10220397
0.82618743,0.68799883,-0.09552831
0.8121532,0.68759245,-0.09434748
0.81203544,0.6813766,-0.093561485
0.8259017,0.6821307,-0.09441933
0.81097233,0.676808,-0.110728666
0.8092665,0.6728749,-0.10752599
0.83368117,0.67662585,-0.096724525
0.8410553,0.675397,-0.09764509
0.8249887,0.6773821,-0.11173388
0.8339304,0.6776611,-0.112675324
0.8332426,0.67388713,-0.10943827
0.8242026,0.6735009,-0.10843438
0.8089418,0.67145026,-0.10153698
0.8099482,0.67234564,-0.09558985
0.8113631,0.6763031,-0.09353976
0.8257948,0.6832212,-0.11196154
0.81223714,0.6834043,-0.1105314
0.8120205,0.6895413,-0.106667176
0.82615936,0.6886816,-0.108186066
0.82521063,0.6769129,-0.09545779
0.82375383,0.67216057,-0.10305412
0.8244082,0.6730401,-0.097956866
0.8258924,0.6912378,-0.10150412
0.8344544,0.6877475,-0.1089118
0.85142004,0.6817125,-0.11300284
0.8514285,0.6772459,-0.11436461
0.8415679,0.6774045,-0.11370088
0.8419319,0.68227726,-0.11286467
0.8345393,0.68267983,-0.11245799
0.8415452,0.68676275,-0.10900736
0.85124093,0.6712744,-0.10796614
0.85110307,0.671605,-0.10261449
0.8513341,0.67404014,-0.099202365
0.8119026,0.69248354,-0.09994142
0.851281,0.6782202,-0.097784325
0.8512268,0.6839052,-0.09826107
0.8409668,0.67346,-0.11087309
0.8510821,0.6730343,-0.112416774
0.8509435,0.68544656,-0.109397724
0.8505526,0.687145,-0.1035173
0.85877043,0.68556404,-0.10468931
0.85877603,0.6841597,-0.11011478
0.85949725,0.68282485,-0.09957236
0.85874736,0.677552,-0.09893936
0.8580169,0.673726,-0.10034683
0.858959,0.6810864,-0.11327095
0.8584847,0.6772816,-0.114589915
0.85748297,0.6732014,-0.11296948
0.8660858,0.68038833,-0.11411952
0.86715865,0.68325686,-0.11130974
0.87941885,0.6787955,-0.103137955
0.88028115,0.6817782,-0.104451895
0.8750604,0.6822312,-0.1037173
0.87387604,0.6801775,-0.10156514
0.8713087,0.68315876,-0.10366754
0.8679461,0.6823207,-0.10123953
0.875114,0.68394834,-0.10746046
0.87057906,0.6840285,-0.106735036
0.8807792,0.6841075,-0.10840709
0.87980807,0.6832183,-0.11223625
0.87416023,0.68295765,-0.110871255
0.8704374,0.6832689,-0.10983981
0.88433623,0.6788661,-0.10567367
0.88414943,0.6815517,-0.10563542
0.8661524,0.68477845,-0.10601896
0.8652303,0.67747056,-0.10028857
0.8724061,0.67646456,-0.10152535
0.8789168,0.6756499,-0.10358171
0.88355345,0.6757721,-0.10653484
0.87142634,0.6727159,-0.10300079
0.8780795,0.67275155,-0.10507587
0.8818829,0.67351633,-0.10793039
0.8707968,0.67029226,-0.106402546
0.8773984,0.67113495,-0.10807583
0.86359245,0.673453,-0.101538226
0.8626179,0.6710744,-0.10476833
0.88042814,0.6723864,-0.109306246
0.88525194,0.6772814,-0.11061157
0.8865116,0.68044245,-0.10988474
0.88589245,0.68378687,-0.10908452
0.8733737,0.6814851,-0.112939715
0.87934387,0.68101645,-0.11384143
0.87295866,0.6796944,-0.11509513
0.8790521,0.67910784,-0.11543381
0.88416165,0.68335617,-0.11276807
0.8842608,0.6811212,-0.113587216
0.85741556,0.6714971,-0.103765234
0.85719424,0.67126477,-0.10863732
0.86238486,0.67081445,-0.10954468
0.87052006,0.6704518,-0.11125336
0.8628434,0.67312026,-0.1137148
0.8648004,0.677148,-0.115302116
0.871884,0.6768584,-0.11594031
0.87075555,0.67321455,-0.11493909
0.877972,0.6765848,-0.11576263
0.87701005,0.67370206,-0.1149604
0.87696356,0.6712918,-0.11212905
0.88187295,0.67601246,-0.11450051
0.8835094,0.6784796,-0.114343114
0.8830927,0.67473215,-0.11140435
0.8806744,0.672866,-0.11195
0.8801645,0.6741032,-0.11419987
0.82895726,0.67309237,-0.12445271
0.8229789,0.67376244,-0.122998536
0.8211998,0.671413,-0.12729797
0.82737297,0.6707045,-0.12890859
0.8300073,0.6848136,-0.124521956
0.82322466,0.6862564,-0.12240615
0.82429343,0.682271,-0.1206307
0.8305212,0.68149716,-0.12265044
0.8288494,0.6861581,-0.1292464
0.82148945,0.68762803,-0.12776843
0.8163146,0.68681383,-0.120462686
0.8064397,0.6870361,-0.11808682
0.8079822,0.68177927,-0.116445
0.8178455,0.6822345,-0.11858296
0.8241785,0.67782384,-0.12099359
0.8302533,0.67727435,-0.12270962
0.8119806,0.6737056,-0.13346171
0.8196251,0.674185,-0.13509193
0.8200099,0.67172796,-0.13192023
0.81242937,0.67142427,-0.13011476
0.8017517,0.67074627,-0.12260878
0.80453867,0.6726931,-0.11823925
0.80694634,0.67664385,-0.116669625
0.8122146,0.67885,-0.13491493
0.8004572,0.6783048,-0.13181524
0.80146205,0.68475145,-0.13000718
0.81265986,0.68500227,-0.13224578
0.81773883,0.6774548,-0.11916473
0.8140117,0.6708517,-0.12545991
0.81622905,0.67321235,-0.12111327
0.81399655,0.68816435,-0.1261316
0.82012063,0.6845247,-0.13343371
0.8371011,0.67881584,-0.13892111
0.83668727,0.6745154,-0.13914223
0.8263091,0.6740635,-0.13694227
0.8267247,0.6788758,-0.13737765
0.8196432,0.67890394,-0.13631852
0.82762724,0.6837461,-0.13449013
0.8368033,0.67025495,-0.13149828
0.8379862,0.671937,-0.12701942
0.83908176,0.67590904,-0.12521595
0.8037671,0.68879294,-0.12393312
0.79987943,0.6729236,-0.13064724
0.839664,0.6796017,-0.12516716
0.839604,0.68286794,-0.12676868
0.82636684,0.67126876,-0.13370208
0.8361339,0.67116916,-0.13630389
0.83769333,0.6828414,-0.13599238
0.8384775,0.6847576,-0.1311554
0.8455645,0.68380463,-0.1325885
0.8446725,0.682336,-0.13752218
0.8468997,0.6820585,-0.12816715
0.84646964,0.67847836,-0.12688327
0.84531605,0.6749863,-0.12701648
0.8440906,0.6784657,-0.14015606
0.8435975,0.67474014,-0.14022912
0.8422297,0.6714059,-0.13751768
0.84928757,0.6779625,-0.14150006
0.8510371,0.68137217,-0.13878429
0.8643115,0.6783707,-0.131825
0.86448026,0.6801758,-0.1334196
0.8596683,0.6801584,-0.13240692
0.85943747,0.67910177,-0.13035995
0.8561459,0.68115145,-0.13190451
0.8534774,0.68114096,-0.1297991
0.8591368,0.6819981,-0.13576502
0.8548719,0.6823107,-0.13466556
0.863891,0.68176115,-0.13709882
0.8621867,0.68040776,-0.14066769
0.8574647,0.68057895,-0.1391628
0.8541857,0.68158543,-0.13774645
0.86811054,0.6783397,-0.13430172
0.8675373,0.68013287,-0.13485754
0.85112464,0.6827896,-0.13382378
0.8518352,0.67767,-0.12818816
0.8581915,0.67637783,-0.12951872
0.8635931,0.6756098,-0.13139522
0.8670965,0.67527497,-0.13429272
0.8566877,0.6732379,-0.13021123
0.86214846,0.67286783,-0.13223663
0.8651604,0.6727001,-0.13482404
0.8551769,0.67062974,-0.13203129
0.8608355,0.67084694,-0.13403262
0.85024875,0.6741834,-0.12860309
0.84839827,0.67138237,-0.13040017
0.86345804,0.671534,-0.13557103
0.8676786,0.6754976,-0.13897988
0.8687846,0.6788314,-0.1387502
0.86790663,0.6814474,-0.13825119
0.8559322,0.67931324,-0.14138615
0.8610395,0.67855877,-0.14248808
0.8548346,0.67692703,-0.14251736
0.86038655,0.6763659,-0.14318106
0.86574537,0.68056715,-0.1410692
0.8656622,0.678771,-0.14202961
0.8437333,0.67195535,-0.12879115
0.84237313,0.6705293,-0.13281268
0.8472118,0.67030585,-0.13393898
0.85430187,0.6698142,-0.13585514
0.84689224,0.67143095,-0.13839851
0.8482065,0.6745126,-0.14098829
0.8541667,0.67399627,-0.14206807
0.8534968,0.67132765,-0.13980329
0.8596212,0.673792,-0.14262363
0.8592625,0.67152065,-0.14075091
0.8598513,0.6702883,-0.13739198
0.863487,0.67362285,-0.14175287
0.86471534,0.6761987,-0.14236656
0.8656569,0.6730545,-0.13855152
0.8633595,0.6714958,-0.13809627
0.8622863,0.67199326,-0.14061055
0.8000279,0.6711345,-0.12711757
0.80358416,0.66943026,-0.15060619
0.7992195,0.6699922,-0.14784747
0.79723006,0.66814584,-0.15070355
0.80149055,0.6675201,-0.15344018
0.80444473,0.67982453,-0.15277782
0.79947627,0.68092465,-0.14971179
0.80088955,0.677636,-0.14686127
0.80571467,0.6768445,-0.14999314
0.8017779,0.6800206,-0.1573831
0.7965543,0.6811788,-0.15464532
0.79353845,0.6811533,-0.1460763
0.78426415,0.68162465,-0.13995555
0.7871044,0.6772313,-0.13786282
0.7952705,0.67758375,-0.14327708
0.7728081,0.66892946,-0.14700864
0.7792896,0.6688497,-0.14987695
0.7814706,0.6670466,-0.14655566
0.7741976,0.6662035,-0.14320943
0.8006905,0.6734933,-0.14637044
0.80519664,0.67292655,-0.14952317
0.78821146,0.66919863,-0.15451753
0.79359317,0.6694056,-0.15757833
0.7953245,0.66793954,-0.1542141
0.7902842,0.66749626,-0.15124717
0.7774344,0.665681,-0.13909876
0.7839563,0.6671457,-0.14303455
0.785946,0.6690085,-0.13968518
0.7810962,0.6668069,-0.13514704
0.78739744,0.6721508,-0.13817666
0.78708,0.67299324,-0.15631716
0.7779566,0.6725848,-0.15147963
0.77746457,0.6778568,-0.15072164
0.7878207,0.6779672,-0.15543222
0.79539853,0.6733196,-0.14314288
0.7923709,0.6678175,-0.14782882
0.7941829,0.66986877,-0.1447152
0.7902798,0.68170476,-0.15088907
0.7940288,0.6776501,-0.15850674
0.8039486,0.671515,-0.16573873
0.8040107,0.66839236,-0.16421044
0.7980786,0.6688957,-0.16056027
0.79765177,0.67247987,-0.16242519
0.7928276,0.6730471,-0.15956849
0.79912686,0.6768151,-0.16128284
0.80695385,0.66671306,-0.15704802
0.8094698,0.6685949,-0.15428017
0.81095606,0.67186564,-0.15318145
0.78010666,0.68291885,-0.14531052
0.8117058,0.67533284,-0.15377118
0.8107614,0.6781591,-0.15626109
0.7995804,0.6673532,-0.15706521
0.80519575,0.6667507,-0.16077991
0.8054522,0.6754827,-0.16455361
0.8080208,0.6784471,-0.16058202
0.8132268,0.6777325,-0.16333452
0.8107445,0.67485267,-0.16735813
0.81569755,0.67716205,-0.15894216
0.8161507,0.674479,-0.1563915
0.8148663,0.6711057,-0.15594411
0.8089133,0.67075837,-0.1682188
0.80872494,0.6681923,-0.16642755
0.8093848,0.6668852,-0.16309093
0.81369203,0.67038554,-0.17040095
0.8161456,0.6741699,-0.16973409
0.8287874,0.6731217,-0.16432226
0.8281789,0.6745634,-0.16586754
0.8250114,0.6748767,-0.16456386
0.8251198,0.67412,-0.16233084
0.82189804,0.6759085,-0.16380401
0.820381,0.67594945,-0.16138422
0.8234152,0.67583275,-0.16769207
0.8201045,0.6761787,-0.16633227
0.8270806,0.67553943,-0.16951874
0.82520735,0.67314434,-0.17270619
0.82163244,0.6739092,-0.171182
0.8191524,0.6749628,-0.16936845
0.8314857,0.67262113,-0.16712351
0.83064294,0.6743524,-0.1675762
0.81734014,0.6768077,-0.16516685
0.82010245,0.67365754,-0.1587368
0.82483846,0.6723538,-0.1608339
0.82930154,0.6710269,-0.16359621
0.8314136,0.6700598,-0.16710055
0.823416,0.6699041,-0.16061687
0.82775325,0.66877156,-0.1636106
0.82977027,0.6680876,-0.16674945
0.82128227,0.66762894,-0.1612609
0.8258121,0.6670441,-0.16417447
0.8185688,0.67092615,-0.1579642
0.8163358,0.66833955,-0.15868458
0.8279766,0.66702646,-0.16635814
0.8306764,0.66953504,-0.17057598
0.8311546,0.6721165,-0.1712115
0.8302155,0.6748531,-0.17114325
0.82013816,0.67205465,-0.17254207
0.82451445,0.67096907,-0.17392978
0.8185295,0.66949123,-0.17223018
0.8240006,0.6686098,-0.17340378
0.82809365,0.67320883,-0.17339867
0.82834524,0.6711506,-0.17368594
0.8131872,0.66834915,-0.15689716
0.81109166,0.6667406,-0.15934755
0.8142986,0.66651195,-0.16120109
0.8193183,0.6659595,-0.16347635
0.81298804,0.66652596,-0.16497183
0.81270933,0.6678457,-0.16833723
0.81799304,0.6672689,-0.17038962
0.81812936,0.66582125,-0.1671991
0.82346994,0.66680425,-0.17158332
0.8235441,0.66576874,-0.16896623
0.82438725,0.665849,-0.16602449
0.82737803,0.66719687,-0.17113197
0.8280857,0.6687786,-0.1728143
0.82932717,0.66767675,-0.1693874
0.8275666,0.66658324,-0.16800246
0.826559,0.66636574,-0.1695663
0.7724807,0.6721143,-0.14875469
0.7716865,0.6757654,-0.036054417
0.7734655,0.6729082,-0.040413626
0.7714905,0.66215616,-0.042029075
0.7677507,0.6574278,-0.038703773
0.76372564,0.6563833,-0.033399075
0.76207745,0.65949184,-0.029068802
0.7624483,0.664453,-0.02664846
0.7737869,0.6681755,-0.042533126
0.76837146,0.67587006,-0.030594967
0.76469177,0.67111796,-0.026781559
0.7734056,0.6704159,-0.020558793
0.7766414,0.6754866,-0.02482757
0.77090067,0.6637139,-0.020201106
0.7697157,0.65849066,-0.023617843
0.77011883,0.65578854,-0.028883446
0.7791313,0.6755454,-0.031348806
0.7799821,0.6724061,-0.036283746
0.779129,0.66700757,-0.0386703
0.786032,0.67534894,-0.026013719
0.78634465,0.67511404,-0.018298876
0.78949267,0.6606739,-0.009166285
0.78983915,0.6648085,-0.0072631836
0.7861209,0.66483974,-0.009515673
0.7847226,0.66075563,-0.011289399
0.7838664,0.6658073,-0.011329304
0.78002036,0.6630602,-0.014009617
0.7883304,0.67062914,-0.00940679
0.785864,0.67038,-0.011664584
0.79124403,0.6749239,-0.012267631
0.7881469,0.6741941,-0.013272166
0.7918989,0.67061895,-0.006633088
0.7932946,0.6652569,-0.0056112036
0.7953931,0.66941893,-0.0055580586
0.79428923,0.6624936,-0.007237423
0.7820803,0.6700598,-0.01474908
0.7770905,0.65779185,-0.018863436
0.78383315,0.65718794,-0.01506874
0.7901413,0.65781224,-0.012458369
0.795512,0.6604544,-0.011069644
0.7848327,0.6553119,-0.02041423
0.7915823,0.6571561,-0.017292805
0.79584223,0.66011745,-0.015418503
0.7865962,0.6565838,-0.025697373
0.7927584,0.65869373,-0.021072378
0.77628666,0.6549613,-0.025097042
0.77790684,0.6560727,-0.031040713
0.7958173,0.6605891,-0.018408015
0.79908174,0.66531837,-0.011498522
0.798389,0.66714317,-0.0072413944
0.79254967,0.675724,-0.016494256
0.79442674,0.6745243,-0.009665877
0.7965164,0.6747177,-0.013628036
0.7927083,0.6746433,-0.02173335
0.7974425,0.67289054,-0.017751489
0.79677325,0.6730183,-0.007619828
0.7988811,0.67217714,-0.010325279
0.77263,0.6566925,-0.03458698
0.7763005,0.6608807,-0.03805357
0.781429,0.66071266,-0.03459531
0.7892006,0.66114646,-0.029029425
0.78462183,0.6669843,-0.03502202
0.78610355,0.67262346,-0.03172835
0.7927774,0.67171794,-0.026050875
0.7916199,0.6668332,-0.029051378
0.7972297,0.6699252,-0.021129219
0.7961627,0.66633844,-0.023141732
0.7946122,0.6621525,-0.02299253
0.79890275,0.6675222,-0.017534293
0.7996759,0.6698976,-0.014093526
0.79827,0.6639532,-0.015461151
0.7970607,0.6631316,-0.018854868
0.7977409,0.6657745,-0.019706339
0.7683834,0.6640726,-0.14112544
0.77137315,0.66357017,-0.1356942
0.7638208,0.6624691,-0.13373734
0.75487494,0.6606781,-0.13199584
0.74523216,0.66166437,-0.13624164
0.75704587,0.66186464,-0.12536888
0.7659464,0.66354954,-0.12748396
0.7759672,0.66500115,-0.12942623
0.75168836,0.6623738,-0.11817394
0.045591168,0.9186085,0.048751652
0.04888167,0.9176481,0.046677172
0.050420903,0.9116611,0.044183746
0.047861617,0.9114598,0.046120755
0.04456634,0.91150016,0.047823027
0.04068371,0.91180354,0.048855074
0.0353743,0.9193376,0.049701437
0.040792905,0.9196197,0.04991036
0.025754407,0.91411245,0.046972618
0.027637096,0.9155071,0.04683669
0.026538327,0.91315573,0.047459006
0.03261187,0.912597,0.048711717
0.02891892,0.9130894,0.047654852
0.05280473,0.91504693,0.04269132
0.05364181,0.91381776,0.04149127
0.05116538,0.91634035,0.04464253
0.036576595,0.9121655,0.049140587
0.053434204,0.9126843,0.041325055
0.052278113,0.9119724,0.042320117
0.030832171,0.91794217,0.04823099
0.044897154,0.9137908,0.04768566
0.040892355,0.91416705,0.048891984
0.036230132,0.91701645,0.04960569
0.041053545,0.91692054,0.049405433
0.03294404,0.91444445,0.048790745
0.03050381,0.9142827,0.04802026
0.04791739,0.91346276,0.046041764
0.036691625,0.91445446,0.0492775
0.045318145,0.9163857,0.047875553
0.03000509,0.9153029,0.047947325
0.032194212,0.916382,0.048805892
0.052789483,0.91378736,0.04198321
0.052658506,0.9133656,0.04195101
0.023161836,0.6755561,0.026819788
0.022960538,0.6606524,0.034752443
0.04830769,0.91568446,0.046036348
0.051651213,0.913244,0.04282526
0.05003961,0.913406,0.044214077
0.050390486,0.914946,0.044297844
0.05192611,0.9142961,0.042863958
0.30204737,0.6844112,-0.031651933
0.30261973,0.6681289,-0.030553553
0.3041424,0.7188046,-0.07450978
0.3000518,0.7157339,-0.095981166
0.06510981,0.3804094,0.09520798
0.12080687,0.4257984,-0.11302717
0.12387784,0.4457425,-0.11857967
0.045831397,0.44355053,-0.14693543
0.06639833,0.43948808,-0.14486924
0.15239279,0.42947,0.00075641274
0.15026623,0.4090527,0.0029640086
0.110427365,0.4244882,0.059041053
0.10745601,0.40152118,0.06136941
0.1378682,0.3851179,0.027749754
0.087108895,0.39210457,-0.1290541
0.08578777,0.4131171,-0.13274111
0.10391872,0.41004333,-0.122111164
0.105772525,0.39015073,-0.119727634
0.025193322,0.4222303,-0.13770853
0.02543174,0.44678465,-0.14289805
0.16086018,0.4513112,-0.027143756
0.16016294,0.45253474,-0.054486714
0.14327656,0.4589595,-0.103695735
0.12820294,0.46497503,-0.122600906
0.09080306,0.48132926,-0.14713895
0.110545695,0.4731724,-0.1364703
0.09563297,0.4479582,0.07226392
0.0778911,0.47090194,0.07996798
0.15421332,0.4507076,-0.00088704005
0.028820628,0.44983616,0.098161764
0.047592837,0.5180875,-0.16226962
0.07187976,0.5131319,-0.1594691
0.15431549,0.45505044,-0.080494
0.038451914,0.6196426,0.053834297
0.038078215,0.6041123,0.059857696
0.05589482,0.6080561,0.060162283
0.05691943,0.6231187,0.053118423
0.07312247,0.6101101,0.058912635
0.08954327,0.61131823,0.056192584
0.10493092,0.6117639,0.05248277
0.14244673,0.6074651,0.037202485
0.13149737,0.60988,0.04304765
0.15895502,0.59897995,0.022267126
0.15169682,0.6042248,0.030644618
0.16245718,0.58928317,0.011237785
0.1629096,0.57781506,-0.002772063
0.16496192,0.56604356,-0.018032487
0.16785608,0.5790297,-0.023511132
0.15902802,0.5648863,0.0037447326
0.15731877,0.57650644,0.016835064
0.15360098,0.5856298,0.028035246
0.023641346,0.5627241,0.06712878
0.026641572,0.5394555,0.07118303
0.022222074,0.68964726,0.019403137
0.51092935,0.6624472,-0.124306634
0.6383943,0.69417244,-0.06654177
0.033023644,0.7115194,-0.14329547
0.017180577,0.7075305,-0.14052413
0.003460722,0.6942257,-0.1421653
0.00324306,0.70519125,-0.13836971
0.104718745,0.7392592,-0.11365311
0.09031007,0.7267399,-0.13204142
0.06985395,0.7153821,-0.14269198
0.050881322,0.7070819,-0.14786339
0.1432561,0.47068182,0.02149646
0.035587654,0.67655814,-0.1566746
0.052728828,0.6961465,-0.1535141
0.07412413,0.7050304,-0.14891806
0.096043184,0.7166544,-0.13858193
0.11815432,0.7309986,-0.11986683
0.13595648,0.7318034,-0.112645045
0.15969798,0.7171941,-0.117735885
0.17000514,0.7178327,-0.11206359
0.17126003,0.7306893,-0.09643325
0.18389551,0.73171055,-0.09217763
0.18187757,0.7196293,-0.10831024
0.2679885,0.7144203,-0.104126856
0.28150356,0.7091825,-0.10852459
0.28945768,0.69974184,-0.115119815
0.29341918,0.687748,-0.120943174
0.29260176,0.67461884,-0.12535545
0.2866176,0.66173553,-0.12713128
0.27530637,0.65165126,-0.1264146
0.23461887,0.6330813,-0.118595056
0.21948406,0.6263412,-0.11635774
0.18801907,0.59010816,-0.12089408
0.1797532,0.5819818,-0.12377988
0.1453012,0.54146653,-0.1341311
0.1568086,0.55515385,-0.13159566
0.13417259,0.5259689,-0.13789478
0.099895254,0.29574326,-0.13121367
0.095697016,0.31308666,-0.12575373
0.11472879,0.3148656,-0.11655335
0.118227586,0.29763037,-0.12047318
0.026680917,0.3470739,-0.12943688
0.04915527,0.3483736,-0.1312202
0.15757729,0.31175497,-0.03468124
0.1550991,0.31475422,-0.061584212
0.14591935,0.31589666,-0.08454913
0.1318742,0.31589335,-0.102599375
0.15321594,0.30569488,-0.008971844
0.074893564,0.26667315,0.0779391
0.09436385,0.2730905,0.06559938
0.017219441,0.25548148,0.096433364
0.035570577,0.25813234,0.09329087
0.14374991,0.2975831,0.0138814375
0.054959614,0.2617529,0.08725227
0.113111556,0.28039837,0.05102709
0.13029501,0.28872758,0.0337013
0.09296262,0.3305493,-0.124619484
0.07291083,0.32873017,-0.1291118
0.070374444,0.3494914,-0.12978676
0.04094636,0.58277965,-0.16935182
0.062146608,0.58514255,-0.17306855
0.08342022,0.5892482,-0.17399812
0.09914975,0.6128041,-0.17227438
0.11780238,0.6204752,-0.1662135
0.12186363,0.60327554,-0.16522409
0.103309646,0.59547853,-0.17086223
0.15141462,0.6370139,-0.14900368
0.16531064,0.64422786,-0.1437198
0.16685078,0.62964165,-0.14177798
0.15402167,0.62153226,-0.14758952
0.17876787,0.63667154,-0.13746412
0.18839715,0.6414764,-0.1326122
0.1996026,0.64624715,-0.12880096
0.21322028,0.6513275,-0.1281084
0.20943746,0.6738813,-0.13107821
0.19717216,0.67001426,-0.13264695
0.15071005,0.65369356,-0.14901212
0.13364021,0.6464921,-0.15639143
0.03764411,0.6178095,-0.16838405
0.019577656,0.61559176,-0.16215798
0.16983676,0.5589012,-0.035331912
0.17503804,0.5530535,-0.054051675
0.17789511,0.55023444,-0.072345
0.1774867,0.5503552,-0.08911262
0.17512615,0.55347997,-0.104006186
0.1706481,0.5581821,-0.11734294
0.16489361,0.56520927,-0.12893137
0.17207322,0.5740421,-0.1265732
0.15855575,0.5740136,-0.13881327
0.16732515,0.5827475,-0.1348913
0.15159401,0.58484864,-0.14690916
0.14417572,0.59759134,-0.15308657
0.13851504,0.61227626,-0.1564717
0.13477522,0.6288237,-0.15742248
0.09666158,0.6312815,-0.17095812
0.11548132,0.6389052,-0.16476914
0.07558668,0.64351916,-0.17096956
0.07521598,0.6606699,-0.16642267
0.07902315,0.60739124,-0.17527542
0.07703428,0.6255276,-0.17410788
0.07490739,0.7501097,-0.11333963
0.05832637,0.7424111,-0.12368323
0.26334295,0.66242105,-0.1274943
0.27383643,0.6632472,-0.12729625
0.26717117,0.6551202,-0.12712091
0.26121783,0.65655583,-0.12722458
0.277193,0.67330956,-0.12611528
0.2636627,0.6803735,-0.12523177
0.27722567,0.68455505,-0.12340624
0.26438102,0.67134666,-0.12703696
0.2741795,0.69468856,-0.11956817
0.26137936,0.690099,-0.12280182
0.26852006,0.70285153,-0.11550209
0.2579691,0.69772637,-0.119672075
0.25476894,0.7025732,-0.11687424
0.25982127,0.7078415,-0.112515144
0.22059198,0.6987786,-0.12209524
0.23355114,0.70062447,-0.11957618
0.24611917,0.701727,-0.117848806
0.22688112,0.6558032,-0.12797822
0.24023615,0.6622052,-0.12813258
0.25257978,0.66725504,-0.12772985
0.25132465,0.67636293,-0.12694097
0.23872185,0.671192,-0.12837887
0.22531906,0.66540134,-0.12938091
0.03802317,0.6015501,-0.16951227
0.05809037,0.6038492,-0.17369688
0.17732558,0.6496627,-0.13916585
0.18752931,0.65331566,-0.13514534
0.19828233,0.6566779,-0.13173166
0.21106464,0.66146886,-0.13033631
0.18665683,0.6665554,-0.13584232
0.17622592,0.663355,-0.13955775
0.16443688,0.6591622,-0.14391689
0.05739068,0.6214459,-0.1728825
0.01980418,0.5997379,-0.16408567
0.19033386,0.70041466,-0.008742675
0.19028342,0.7237481,-0.022398401
0.19086884,0.7383057,-0.04455581
0.18785174,0.73963493,-0.06999495
0.002407435,0.73832965,-0.12419416
0.43064612,0.6356117,-0.08401823
0.0034130365,0.543513,-0.15836287
0.0031222953,0.56311595,-0.16070338
0.0056940448,0.47379348,-0.14300048
0.0048318473,0.498375,-0.1492948
0.04728451,0.37227464,-0.13239273
0.025560766,0.37284935,-0.12967335
0.02495904,0.39789724,-0.1330904
0.0037649039,0.3233196,-0.12914559
0.0037113763,0.3468039,-0.12575057
0.0049783704,0.39967293,-0.12743013
0.005507952,0.42492756,-0.13184226
0.024527285,0.5205004,-0.15842868
0.021215385,0.5817468,-0.16477978
0.0029922694,0.5994842,-0.16117156
0.00326738,0.61509687,-0.15951094
0.003550719,0.629698,-0.1574772
0.11282201,0.58288205,0.06134852
0.11545354,0.5969312,0.055320114
0.102467164,0.59755266,0.05961643
0.100811064,0.5836566,0.06539636
0.13330247,0.5807246,0.049738966
0.13752206,0.59389126,0.04377342
0.12728135,0.5957749,0.049963318
0.123606995,0.58204746,0.05589331
0.14641757,0.5906278,0.03676731
0.14154729,0.577817,0.042452104
0.110983804,0.5685011,0.06632395
0.12124404,0.56805617,0.060816027
0.099495634,0.56920075,0.06995622
0.13716628,0.56526,0.04744035
0.12996067,0.5671561,0.054465212
0.016343832,0.79440165,0.05034183
0.016178116,0.7997796,0.06531303
0.0102690775,0.8438306,0.07775029
0.0099211605,0.84847337,0.07553061
0.008849991,0.7813405,0.03076443
0.0087661985,0.77176404,0.026441291
0.007731811,0.82431066,0.07596605
0.007913074,0.80983067,0.076314144
0.007738319,0.8716083,0.07763251
0.007702308,0.8677895,0.07648847
0.007909016,0.85609555,0.078456976
0.007952699,0.85202956,0.07720705
0.008651198,0.7609734,0.021099634
0.008842608,0.7886596,0.038141973
0.008364905,0.73866075,0.012588173
0.008239834,0.7287184,0.009176578
0.019811865,0.7204574,0.0076334737
0.020362448,0.7106785,0.009051006
0.022221137,0.582192,0.062426716
0.02153164,0.63040847,0.047721595
0.02119885,0.6150603,0.053034894
0.02233012,0.6456067,0.041837327
0.021270081,0.7007827,0.013394482
0.008584812,0.74978733,0.01632481
0.007855266,0.83870566,0.077070005
0.007716837,0.8327839,0.074598245
0.007788383,0.8636145,0.07671697
0.00783402,0.8598804,0.077577345
0.006731995,0.67400384,0.026627772
0.006279476,0.65913945,0.03503243
0.021493332,0.5989867,0.057683825
0.0071694255,0.5594341,0.06370536
0.0071760565,0.5361342,0.06825535
0.007019526,0.6880621,0.019073345
0.0072992924,0.5120724,0.07624873
0.15768848,0.13673893,-0.10437276
0.14095883,0.12120715,-0.12386827
0.1337684,0.13470495,-0.13289562
0.14650835,0.14665613,-0.11938931
0.15531488,0.18762913,-0.1015193
0.15727137,0.21232343,-0.095089294
0.15876204,0.23838952,-0.09101945
0.115143165,0.12717587,-0.14525184
0.09075546,0.1420806,-0.16090189
0.09195995,0.124355614,-0.15520215
0.14505199,0.23597348,-0.1151847
0.14415868,0.21059415,-0.11847558
0.13960648,0.15127003,-0.12766784
0.14207889,0.16494948,-0.12596413
0.15375991,0.1645115,-0.1101287
0.11321962,0.14349166,-0.15076742
0.12971427,0.14665794,-0.13818708
0.059619397,0.29148078,-0.1418294
0.062957235,0.27316684,-0.15035452
0.036723275,0.27199897,-0.15177032
0.13504477,0.29946458,-0.104521796
0.123059005,0.27944595,-0.12581801
0.0038572773,0.14334637,-0.15366903
0.12935764,0.16320288,-0.14099497
0.08944096,0.16256657,-0.16476166
0.11221272,0.16241631,-0.15443942
0.08958982,0.23247296,-0.15985365
0.1107111,0.23299553,-0.14930528
0.11051628,0.20869565,-0.1535933
0.089323044,0.2092832,-0.16458228
0.12884277,0.23368429,-0.13470212
0.12691677,0.257932,-0.13068624
0.08803727,0.254896,-0.15359002
0.108600155,0.25635898,-0.14403987
0.104575574,0.27756992,-0.13782111
0.12878144,0.2084473,-0.13828182
0.08891201,0.18522814,-0.16648966
0.062207762,0.18560776,-0.17203411
0.03384573,0.18645099,-0.17086491
0.005625151,0.18511465,-0.1689522
0.005747472,0.20807225,-0.16944009
0.08481878,0.27542597,-0.14566472
0.07613027,0.31113827,-0.1310224
0.08063616,0.2936774,-0.13766012
0.068418354,0.3717278,-0.13048315
0.11067863,-0.10666841,0.04108897
-0.0017912304,0.08876166,-0.044020124
-0.0031686248,0.077347904,-0.014910478
0.17139253,0.16523191,0.010967791
0.1757333,0.15345302,-0.06201729
0.16426568,0.16067615,-0.08807914
0.0066972505,0.068318784,0.031592004
0.021990778,0.0727396,0.05338291
0.15217978,0.15519774,0.038090788
0.10048737,0.10355544,0.0734364
-0.0008310247,0.070032895,0.009130456
0.1436684,0.18649188,-0.12219908
0.12896232,0.18420026,-0.14008494
0.11116697,0.18446326,-0.15518211
0.062424306,0.1635719,-0.16994958
0.032905374,0.1654365,-0.16839564
0.0050147832,0.16537586,-0.1646721
0.01775226,0.12358025,0.08232307
0.008420323,0.12902781,0.08801716
0.014982228,0.13156918,0.08875949
0.0014418354,0.14231959,0.09038595
0.0013621808,0.12720448,0.085742556
0.008344978,0.11625284,0.078851335
0.0015638128,0.11445403,0.07602232
0.0017344893,0.09954256,0.067094035
0.07259542,0.2473019,0.074869104
0.09342514,0.25383562,0.06395403
0.016013578,0.23491384,0.09170271
0.033126324,0.2378166,0.08855494
0.14754194,0.27917004,0.014509894
0.05206817,0.24192746,0.083167784
0.114208415,0.26124698,0.051096745
0.13348511,0.26979387,0.034164526
0.0055572786,0.25328165,-0.16018116
0.005108754,0.27326003,-0.15176639
1.3755169e-05,0.23297782,0.09201025
0.00816132,0.7994083,0.065662585
0.008378994,0.7936774,0.05055198
0.007481832,0.9843184,0.041530237
0.0032249044,0.78731894,-0.09922972
0.0076984987,0.933195,0.06201858
0.007835349,0.8483445,0.07532143
0.007834838,0.87408966,0.08037887
0.0079994155,0.71908355,0.0062764324
0.0076645263,0.70859164,0.0067182854
0.0014138964,0.1059643,-0.048350085
0.007383078,0.6987971,0.012199119
0.0020656371,0.10598776,-0.060448997
0.005729527,0.44943586,-0.13696393
0.07085124,-0.543758,-0.075023755
0.06920165,-0.54164714,-0.08965729
0.07132979,-0.57134825,-0.08537478
0.07042909,-0.5727044,-0.07118636
0.08577971,-0.53724736,-0.11764228
0.07492559,-0.5391517,-0.109806895
0.100215286,-0.5371801,-0.11939334
0.11331315,-0.53843886,-0.11381361
0.10850698,-0.56850654,-0.110977545
0.09756845,-0.5676287,-0.118772306
0.12239756,-0.5395728,-0.10463482
0.1253667,-0.5702087,-0.09199289
0.1289084,-0.54084116,-0.09355278
0.13072582,-0.54234403,-0.07537139
0.12544948,-0.57035655,-0.074346416
0.12467386,-0.54634374,-0.054807276
0.12016964,-0.5735826,-0.054697044
0.110532895,-0.5488226,-0.04380659
0.07701282,-0.5469274,-0.06072619
0.07454237,-0.5748355,-0.055458136
0.08430523,-0.5677827,-0.117483065
0.07641746,-0.5696394,-0.1080038
0.073573604,-0.5704815,-0.09598672
0.0708842,-0.54064494,-0.10066792
0.06898008,-0.6002769,-0.08171663
0.06359844,-0.60023147,-0.06538338
0.08231515,-0.5972087,-0.11787674
0.07784878,-0.59868354,-0.103733495
0.10368514,-0.5971634,-0.10924816
0.09522955,-0.59647995,-0.12037695
0.12564641,-0.59803754,-0.09192367
0.115583494,-0.5975984,-0.1014809
0.117865965,-0.56919354,-0.10236229
0.12559265,-0.59776443,-0.07418294
0.1197537,-0.599003,-0.05090234
0.06938937,-0.6008281,-0.047540758
0.073370144,-0.59996766,-0.092843294
0.12447746,-0.68859094,0.10767699
0.12315063,-0.6840269,0.1068367
0.11853875,-0.68389505,0.107421555
0.11723791,-0.68915707,0.10852108
0.08178662,-0.68894714,0.11784815
0.079499364,-0.67815393,0.11968178
0.0711443,-0.67986745,0.11673201
0.07030858,-0.6920931,0.11459396
0.10083753,-0.68964714,0.11710317
0.102242485,-0.69294626,0.11372671
0.10736053,-0.6929421,0.11346214
0.10934642,-0.68963295,0.117117174
0.14868325,-0.68587035,0.07682019
0.14903896,-0.6906058,0.074293815
0.15353525,-0.690267,0.07290845
0.15457669,-0.6862754,0.074254535
0.13346305,-0.68878144,0.095517136
0.13406533,-0.69330305,0.092483155
0.13833271,-0.6926622,0.09121487
0.13989234,-0.68930906,0.09283436
0.08473313,-0.6747406,0.09530427
0.07067755,-0.673538,0.09201496
0.070233926,-0.67808646,0.106634416
0.08260986,-0.67567545,0.10975697
0.064073674,-0.68724793,0.10247629
0.0645024,-0.68469375,0.0867224
0.07202706,-0.69239706,0.08557556
0.07168648,-0.69217616,0.10003022
0.08485708,-0.69249684,0.089498214
0.083365604,-0.6923261,0.102624096
0.09143138,-0.6854041,0.094285555
0.09145704,-0.6848274,0.109116055
0.111845925,-0.6843441,0.096476026
0.10704306,-0.6768506,0.09700904
0.10795084,-0.6809899,0.10983782
0.114160046,-0.6872621,0.108918525
0.09564988,-0.6775096,0.09814183
0.09965749,-0.68123394,0.110420756
0.09194416,-0.6877243,0.09681066
0.09765935,-0.6929092,0.09348603
0.09961626,-0.6929497,0.10670713
0.09378639,-0.6879595,0.11037744
0.10719599,-0.6921136,0.093399875
0.10897489,-0.69310147,0.10596683
0.12545079,-0.67723614,0.090160765
0.114462554,-0.6781282,0.092129044
0.11689028,-0.68225473,0.101608686
0.12458594,-0.681977,0.100840874
0.11225334,-0.69008464,0.101737075
0.111077234,-0.68826324,0.091758735
0.11673233,-0.69266135,0.089236625
0.11783229,-0.693132,0.10008637
0.12631862,-0.6917035,0.08830806
0.12559006,-0.6931835,0.09965085
0.13038938,-0.6837346,0.09037819
0.12953505,-0.6874426,0.10111689
0.14642173,-0.683634,0.07669764
0.14295042,-0.6768952,0.077273674
0.14116569,-0.68181926,0.08693624
0.14431396,-0.687723,0.08596847
0.13467212,-0.677435,0.08087266
0.13481379,-0.68149024,0.08905763
0.13007887,-0.6860295,0.08974803
0.13124464,-0.68328315,0.082806565
0.13402994,-0.6917142,0.07877932
0.13260026,-0.69341236,0.087197445
0.14251335,-0.6915973,0.07553477
0.140514,-0.6935268,0.08519424
0.15838197,-0.67649454,0.06089361
0.15653124,-0.67952424,0.06959905
0.15844917,-0.68539745,0.06796748
0.15978949,-0.68372256,0.057564385
0.15130885,-0.6759612,0.06567958
0.15048465,-0.6788842,0.07192478
0.14638449,-0.68395656,0.07186561
0.1483156,-0.6819803,0.06692233
0.14862935,-0.69046825,0.06319828
0.14748085,-0.6914508,0.06940311
0.1555867,-0.68982536,0.05905778
0.15510064,-0.6912492,0.06719307
0.09031618,-0.674465,0.08112345
0.07254973,-0.66999084,0.077421494
0.07296875,-0.6921223,0.11002327
0.06664772,-0.6828088,0.07220237
0.0796065,-0.69214314,0.11139255
0.0908438,-0.6926486,0.07744638
0.074849114,-0.69187933,0.071096666
0.091257155,-0.68541926,0.08790929
0.107441574,-0.684104,0.11639557
0.11152069,-0.69243413,0.0767085
0.11079475,-0.686089,0.086253084
0.10234742,-0.6841975,0.1166083
0.10975054,-0.6747491,0.08026055
0.12885807,-0.6757924,0.072071806
0.11942305,-0.6930422,0.10590706
0.12367442,-0.6931258,0.10556232
0.1308254,-0.69201213,0.070511244
0.13177793,-0.68227965,0.08084839
0.13921936,-0.68470496,0.09271305
0.14659129,-0.69120246,0.05972822
0.1486399,-0.68161935,0.06721837
0.13553613,-0.6843558,0.09374971
0.14667214,-0.67413384,0.06106461
0.15359765,-0.6825699,0.073919065
0.15723278,-0.6902155,0.04806877
0.16223083,-0.6824164,0.04475408
0.15043917,-0.68194443,0.07556354
0.15901867,-0.6740288,0.04952628
0.08372864,-0.5766316,-0.04353954
0.08540553,-0.5493253,-0.048935186
0.0964537,-0.55056375,-0.042828947
0.09484573,-0.57744104,-0.038054757
0.10790713,-0.5758793,-0.041298322
0.0815628,-0.6010178,-0.034791213
0.09417473,-0.6007337,-0.030340245
0.10710654,-0.6007003,-0.03607192
0.12917441,-0.6206328,-0.07624228
0.12732618,-0.61953646,-0.09498972
0.113762975,-0.6193599,-0.103260696
0.10374695,-0.61945707,-0.11365544
0.09527019,-0.6189143,-0.12521242
0.06967552,-0.6233924,-0.042455595
0.080362186,-0.6203173,-0.024591839
0.094322294,-0.61801857,-0.018045127
0.110102266,-0.6188294,-0.026279544
0.06991185,-0.66470546,0.060972154
0.08867462,-0.66274637,0.062613115
0.085899636,-0.6537501,0.043672957
0.071308255,-0.6643799,0.04020887
0.10743564,-0.6661027,0.059737243
0.105582595,-0.6542552,0.040528797
0.12590577,-0.66813284,0.052419424
0.123307735,-0.6582282,0.03290789
0.14332283,-0.66909176,0.042823583
0.13921368,-0.6623761,0.023369268
0.15808176,-0.67115337,0.033703096
0.15360011,-0.66761535,0.013828456
0.16494118,-0.6804773,0.028682902
0.16230182,-0.67741114,0.008179445
0.06465034,-0.6818113,0.05537103
0.06748894,-0.67984074,0.03473641
0.075197,-0.6927566,0.052621767
0.0770528,-0.6928988,0.03197194
0.09254974,-0.693106,0.052076533
0.09366365,-0.6930843,0.030414313
0.15710458,-0.6898375,0.01042068
0.15853207,-0.691451,0.031454414
0.112061456,-0.6928167,0.04867042
0.11253849,-0.6920083,0.02648969
0.13018127,-0.693445,0.043265842
0.12982427,-0.69270605,0.020943642
0.1456886,-0.6934946,0.03704021
0.14478624,-0.6927888,0.015205815
0.082184866,-0.64746016,0.020357288
0.1016033,-0.6414111,0.019888729
0.11844224,-0.6461001,0.011140853
0.13410866,-0.652469,0.00029429793
0.1474078,-0.6624568,-0.010047726
0.15726155,-0.673287,-0.015416492
0.13244745,-0.64012927,-0.02833821
0.14080153,-0.66006666,-0.036260962
0.1483342,-0.6724239,-0.039030936
0.1414355,-0.67190844,-0.062814906
0.13698053,-0.65856415,-0.062330537
0.12683152,-0.6584478,-0.10386729
0.13195203,-0.6577241,-0.08568221
0.137144,-0.6713492,-0.08650851
0.13216394,-0.67328995,-0.10572418
0.13276055,-0.6405478,-0.05750641
0.12862022,-0.6395443,-0.080987036
0.12124781,-0.63891035,-0.09750217
0.11465189,-0.6744885,-0.1288828
0.11308932,-0.65781635,-0.12874016
0.12134223,-0.6585147,-0.11702087
0.12571715,-0.6741274,-0.11906927
0.09762761,-0.6763187,-0.13305813
0.09640524,-0.6591359,-0.13550055
0.07994039,-0.6614737,-0.123880744
0.08071238,-0.67785794,-0.12328057
0.10848756,-0.6379364,-0.12113397
0.114438415,-0.6389939,-0.10955453
0.096343055,-0.63811594,-0.12911081
0.081288874,-0.6405836,-0.12034645
0.073254526,-0.66273004,-0.10478194
0.07606855,-0.6419211,-0.10308048
0.07243495,-0.67846674,-0.10501745
0.07188666,-0.66325325,0.015667684
0.07143225,-0.67634445,0.010996915
0.11506592,-0.6313794,-0.008819446
0.09695819,-0.6291917,-0.0005361587
0.07791036,-0.63799554,-0.008282032
0.069021076,-0.6607552,-0.011212952
0.07303804,-0.67519563,-0.015098538
0.06680028,-0.66184384,-0.036557615
0.07314342,-0.6750565,-0.038771495
0.08002044,-0.68675977,0.007972591
0.08269285,-0.6820503,-0.017535876
0.08187541,-0.68159455,-0.040801376
0.06672843,-0.6624122,-0.058256686
0.07137726,-0.67597395,-0.059463616
0.06977953,-0.6623568,-0.07596736
0.07076055,-0.6767002,-0.07620888
0.07073146,-0.6776579,-0.090018496
0.071725264,-0.6627527,-0.08989377
0.06999117,-0.64297324,-0.07734594
0.07266122,-0.64189845,-0.08980264
0.06734595,-0.64423376,-0.059601355
0.068325564,-0.6427738,-0.036854714
0.15336214,-0.6867992,-0.013787445
0.14682256,-0.6840963,-0.03791792
0.13934894,-0.68195015,-0.061251383
0.13411713,-0.6833306,-0.084367424
0.12747692,-0.68498415,-0.102234125
0.12080042,-0.6856697,-0.11368814
0.11152369,-0.6855696,-0.122149676
0.09761591,-0.68534034,-0.12413864
0.08528647,-0.68649477,-0.11786742
0.07924704,-0.6880905,-0.10362698
0.07746552,-0.6888514,-0.09038877
0.07939558,-0.68428427,-0.061277773
0.07741453,-0.6875618,-0.07714346
0.06403853,-0.6240203,-0.061974116
0.0669068,-0.6229282,-0.0794511
0.07132164,-0.6220067,-0.09079533
0.08211541,-0.6202373,-0.11772193
0.07747686,-0.6210081,-0.10163747
0.094868824,-0.6903587,0.0054035373
0.11238544,-0.68979174,0.0012158491
0.12864947,-0.69028217,-0.0043067895
0.14227696,-0.69020957,-0.00955243
0.13768588,-0.68804127,-0.03448125
0.1252556,-0.68826765,-0.030255508
0.10989216,-0.68810624,-0.025297118
0.09481394,-0.6857199,-0.020459782
0.13088189,-0.6872234,-0.05774058
0.11981581,-0.688265,-0.053608738
0.10572609,-0.6881724,-0.049456578
0.092672154,-0.6862044,-0.044135686
0.08894564,-0.68942827,-0.06472105
0.10041514,-0.6902099,-0.07044038
0.11317721,-0.68964046,-0.07442092
0.12375748,-0.6879948,-0.079422615
0.11781153,-0.688775,-0.09616328
0.10790266,-0.68994254,-0.09053046
0.0965001,-0.6908352,-0.086235285
0.08688329,-0.6908657,-0.081011936
0.11293474,-0.68884856,-0.10606177
0.09834027,-0.68879336,-0.11603534
0.10687846,-0.68874055,-0.11293715
0.09009032,-0.6899,-0.11265832
0.08697039,-0.6906715,-0.10270059
0.086309716,-0.69109863,-0.09223378
0.09408575,-0.69024104,-0.10330108
0.09491445,-0.69059247,-0.09573169
0.10475698,-0.6896612,-0.09999702
0.10168719,-0.6893515,-0.10661715
0.094231084,-0.6897314,-0.10907235
0.09812465,-0.6893144,-0.11064284
0.121756375,-0.6225386,-0.0477396
0.0021105434,0.750049,-0.11732467
0.003499104,0.6824249,-0.14604586
0.08230297,-0.2701589,-0.008936375
0.096251294,-0.2730856,-0.0034805574
0.112120405,-0.27203697,-0.0019358881
0.12674655,0.1444225,0.058529437
0.085232124,0.38045752,0.08028581
0.09258163,0.42505303,0.07490567
0.08895147,0.40242383,0.077798374
0.1298932,0.11148602,0.06367023
0.14232358,0.44911563,0.021503225
0.0045638443,0.15069216,-0.15773639
0.0034200992,0.6438744,-0.15518814
0.11901365,0.61135864,0.047898665
0.005627827,0.23116697,-0.16614905
0.08779685,0.8956474,-0.034711458
0.08536701,0.89377135,-0.036236554
0.084733516,0.89035064,-0.03738153
0.083910495,0.8884749,-0.041113228
0.08339822,0.88663995,-0.044289526
0.08288658,0.88586116,-0.046697807
0.08629364,0.8910742,-0.039763596
0.08435896,0.8939296,-0.042866375
0.0855196,0.89401865,-0.03975286
0.08678548,0.89291096,-0.038203917
0.006012354,0.64338815,0.041449524
0.0058158496,0.6275083,0.04643917
0.0060882103,0.6120368,0.051435508
0.006411027,0.5958266,0.05544536
0.00784247,0.84375525,0.077826045
-0.001108434,0.32188284,0.104690276
-0.0008125673,0.33872762,0.10436911
0.004270863,0.37314826,-0.12450427
-0.0005911919,0.27314016,0.1009435
-0.0008133175,0.35592312,0.10749663
0.004072771,0.5218571,-0.15449749
0.0069799367,0.5789752,0.059486575
-0.0004187543,0.25362635,0.09640301
0.0029418594,0.5819492,-0.16163185
0.00040656747,0.37952235,0.10796142
0.001400617,0.16158515,0.09068935
0.0036615597,0.4483731,0.097796984
-0.035134893,0.95654225,0.03681922
-0.046480622,0.9474171,0.02849669
-0.041282732,0.9395491,0.038980156
-0.030013192,0.9450077,0.0468344
-0.037861932,0.9324646,0.04679831
-0.027589306,0.9353197,0.052736573
-0.053264715,0.93629766,0.01967498
-0.04870903,0.9319211,0.030917808
-0.05510091,0.89582735,0.027144976
-0.053163387,0.904971,0.02608715
-0.05890586,0.9015465,0.018084079
-0.05959672,0.8892412,0.018826462
-0.05453037,0.8696326,0.029347308
-0.056580365,0.85925865,0.02033668
-0.051342845,0.85262257,0.03155438
-0.04829943,0.8630204,0.03875144
-0.016065368,0.88158214,0.059352882
-0.019172756,0.8871786,0.05669426
-0.025015853,0.8812453,0.05656553
-0.021312779,0.87485397,0.059353806
-0.007278134,0.8930925,0.06426944
-0.003015277,0.8975328,0.070320874
-0.0035295365,0.9023518,0.064411335
-0.008456342,0.897519,0.059636362
-0.011051653,0.8764093,0.06194759
-0.016561398,0.8693062,0.061596364
-0.010019999,0.8839204,0.06425708
-0.011651967,0.887735,0.060279198
-0.006420443,0.88025486,0.07668906
-0.0032026535,0.88155735,0.08145567
-0.0043755285,0.88719857,0.08076332
-0.007933539,0.8848289,0.07422873
-0.009949687,0.87730646,0.06714225
-0.006161947,0.874742,0.070018366
-0.007583348,0.87776303,0.0725959
-0.00995697,0.8811454,0.06944847
-0.006820784,0.8890828,0.069108196
-0.0033860775,0.89276147,0.075848944
0.00094808685,0.89524364,0.08277998
0.0005408237,0.88788474,0.08779039
-0.03184399,0.8603438,0.05611576
-0.027044259,0.8570341,0.059854098
-0.02221665,0.86306864,0.06119369
-0.026881859,0.8677199,0.058364794
-0.0071945908,0.8708149,0.067076035
-0.010280594,0.8543881,0.071695656
-0.00458886,0.85618067,0.075172685
-0.004544491,0.8603245,0.07450164
-0.0108862035,0.8586488,0.070745304
-0.037662875,0.8443624,0.050043926
-0.037705746,0.83554775,0.047778234
-0.031596735,0.8364682,0.054485627
-0.031832926,0.8436887,0.055899955
-0.029214166,0.83000493,0.054819196
-0.035337668,0.8266338,0.047052763
-0.025456468,0.81099963,0.052379772
-0.019917846,0.81894666,0.06159754
-0.025090104,0.8241607,0.057002783
-0.031054795,0.81842786,0.048806608
-0.007918141,0.82545495,0.06959594
-0.013603244,0.8144202,0.06775883
-0.006812888,0.8114559,0.073368095
-0.0021889936,0.8243971,0.07304207
-0.009378546,0.8474992,0.06859404
-0.009662203,0.8507534,0.070738256
-0.013907371,0.84923005,0.06760842
-0.013444873,0.84695923,0.065989524
-0.017736057,0.8462726,0.06343322
-0.017652694,0.8470585,0.06411249
-0.019404894,0.84770495,0.06385232
-0.019621594,0.84597063,0.06263838
-0.015733149,0.84655595,0.06458249
-0.016638707,0.8452987,0.063923486
-0.01439576,0.8445349,0.065477595
-0.010913275,0.8441432,0.06858877
0.0023388753,0.8435738,0.07676572
0.0033559876,0.8483759,0.074776
2.8185546e-05,0.84823453,0.07345427
-0.0016643135,0.84370434,0.07538205
-0.017737549,0.8497294,0.065594666
-0.014978897,0.8519411,0.06805365
-0.016441043,0.85528743,0.06755953
-0.020161903,0.8517791,0.06497561
-0.023190552,0.8541188,0.06330805
-0.025577415,0.84946203,0.061369285
-0.02205589,0.8486085,0.06309299
-0.018554717,0.8440197,0.06266466
-0.022517046,0.84530026,0.061633654
-0.02147589,0.8421464,0.06085147
-0.019233396,0.83903027,0.062283777
-0.016224783,0.8422195,0.06443978
-0.012773842,0.84077984,0.06774119
-0.015622407,0.83641005,0.065401666
-0.010427893,0.8344551,0.06897246
-0.008068935,0.83946323,0.071702644
-0.018604146,0.85913575,0.06531971
-0.026611026,0.8444633,0.05952079
-0.030059095,0.8507966,0.05792123
-0.02597355,0.83928585,0.05845631
-0.023625232,0.8347548,0.05935958
-0.014263654,0.8276433,0.0656875
-0.019770747,0.830732,0.062040284
-0.017784337,0.80487317,0.058324367
-0.00878164,0.80089617,0.063056506
-0.03378768,0.9264667,0.048136182
-0.025233239,0.9283699,0.050990216
-0.03419675,0.91853565,0.045107946
-0.030562788,0.91994905,0.04718993
-0.031105824,0.9226769,0.047237217
-0.03572824,0.9206039,0.044267267
-0.047157615,0.9081842,0.031188972
-0.04908256,0.901557,0.031936727
-0.043192245,0.90683156,0.03522689
-0.042329136,0.9108945,0.035551377
-0.036043994,0.90037405,0.04362905
-0.03368915,0.9076338,0.044597805
-0.03672606,0.9080909,0.04196114
-0.040267523,0.90110534,0.040312275
-0.029938161,0.9076197,0.046607748
-0.031176582,0.90093887,0.046330273
-0.026272448,0.90248334,0.04817979
-0.025800798,0.90822124,0.047838934
-0.024462454,0.9240002,0.048725173
-0.025125176,0.9208542,0.04856562
-0.0189993,0.9206525,0.04800891
-0.01730999,0.92395633,0.04861574
-0.00930401,0.9137324,0.045612365
-0.006464922,0.9136915,0.047766544
-0.006738591,0.9178504,0.04735911
-0.010064298,0.9161453,0.045632914
-0.010736917,0.9118024,0.0466083
-0.00890306,0.91033196,0.048352994
-0.026891593,0.9774936,0.032139264
-0.04104068,0.96803755,0.023508616
-0.021618363,0.96242,0.04420115
-0.052294284,0.9554269,0.015214592
-0.05866735,0.9409474,0.00727598
-0.05282805,0.84242886,0.024994895
-0.045466956,0.83765376,0.037536286
-0.0443724,0.84748936,0.041633278
-0.051012617,0.8314162,0.021213979
-0.042929336,0.8268827,0.035672642
-0.0291076,0.8068539,0.03715373
-0.037653282,0.8160155,0.035386644
-0.057375267,0.838539,0.00472058
-0.054582372,0.8294421,-0.0013941154
-0.045738537,0.8200622,0.017183967
-0.059524495,0.84168494,-0.016959403
-0.057199966,0.8379622,-0.025712196
-0.049511056,0.8196095,-0.010867111
-0.033322267,0.7833579,-0.00029970333
-0.046158142,0.7882792,-0.014409024
-0.04800647,0.7756297,-0.017678939
-0.035790898,0.77081096,-0.0030114911
-0.058211323,0.84872997,0.01116816
-0.061225306,0.91102064,0.008920155
-0.063319,0.8972327,0.0072559714
-0.056215487,0.9129813,0.019748107
-0.06232244,0.9675691,-0.019924693
-0.06755561,0.9508541,-0.022290276
-0.063451186,0.94633645,-0.006828159
-0.057032455,0.96271753,-0.0014755502
-0.034570362,1.0016255,-0.013097942
-0.050532795,0.9867159,-0.016319469
-0.045778506,0.9787882,0.005549632
-0.031192854,0.99145854,0.011703983
-0.07125741,0.9514046,-0.03765312
-0.065781385,0.96888256,-0.04008151
-0.067938834,0.9646361,-0.0614
-0.07269876,0.9486642,-0.05425916
-0.053969514,0.9884352,-0.043273494
-0.056785017,0.982817,-0.07039201
-0.0573756,0.84045863,-0.038702067
-0.05510625,0.82230884,-0.033029035
-0.05339935,0.8067815,-0.030168422
-0.04487312,0.80308276,-0.011724912
-0.03962718,0.9984373,-0.07724507
-0.03646453,1.0037966,-0.044515066
-0.06145485,0.9196229,-0.097531974
-0.066964105,0.9119896,-0.08272593
-0.07040846,0.9275197,-0.07511271
-0.06520602,0.93817675,-0.091393545
-0.05216592,0.92682606,-0.11261562
-0.055446837,0.9491123,-0.106543094
-0.04936855,0.8650146,-0.091736786
-0.03970532,0.86603975,-0.10483158
-0.035006095,0.8496014,-0.095554546
-0.0433756,0.849457,-0.08290866
-0.04478346,0.92750764,0.03986694
-0.0485594,0.9211981,0.033289067
-0.043087993,0.91932184,0.03849861
-0.03969575,0.9233218,0.043571867
-0.05775212,0.92429847,0.013300493
-0.053160682,0.9227828,0.024242967
-0.06645177,0.9312992,-0.011688814
-0.070056364,0.93595135,-0.024710292
-0.07400659,0.9355446,-0.050553624
-0.07291296,0.9370534,-0.037099734
-0.06990795,0.9057404,-0.07180722
-0.07191634,0.91592836,-0.06678448
-0.058377076,0.848209,-0.05539977
-0.051286176,0.8484372,-0.07074177
-0.04879995,0.8296143,-0.06553579
-0.055709675,0.8267199,-0.05115279
-0.03295372,0.83253145,-0.087419525
-0.040549096,0.83142775,-0.07722104
-0.05328494,0.79519117,-0.048997037
-0.0473518,0.79776907,-0.06385981
-0.049108163,0.7845701,-0.06650478
-0.053045385,0.7819092,-0.051273696
-0.042350154,0.78512406,-0.0796584
-0.03946414,0.79920024,-0.07602729
-0.031525187,0.798799,-0.08600141
-0.03272943,0.7844127,-0.08873112
-0.010504442,0.7643441,0.014694847
-0.022138447,0.7674425,0.0071350224
-0.024780998,0.75613403,0.0040205307
-0.011797411,0.75378954,0.010830015
-0.05474389,0.77017665,-0.055871245
-0.052893642,0.77464277,-0.07181661
-0.055784512,0.864883,-0.07780197
-0.061942656,0.8660655,-0.06626095
-0.046251357,0.77487814,-0.08535024
-0.047473207,0.81176966,-0.06326286
-0.039795604,0.81381166,-0.074878484
-0.022273477,0.8330729,-0.09605621
-0.024523294,0.8497031,-0.10473228
-0.013632812,0.892441,0.057028353
-0.01652863,0.9062676,0.049091175
-0.0123670325,0.9080894,0.048820786
-0.013348771,0.9109682,0.047538072
-0.017052853,0.9099779,0.048190415
-0.0046287244,0.9471941,0.05817712
-0.01765406,0.94752336,0.053702302
-0.015862156,0.9351624,0.057517193
-0.003276498,0.9317928,0.05975294
-0.043173715,0.87625396,0.04608883
-0.037346974,0.8664235,0.051738493
-0.031266548,0.8744585,0.05527503
-0.034042757,0.8830562,0.051584363
-0.039385024,0.91261226,0.038360216
-0.03825664,0.9147608,0.040339954
-0.04061161,0.9147472,0.03782147
-0.035362784,0.8528775,0.053219706
-0.04156082,0.8570293,0.046784624
-0.062902465,0.8825835,0.0074808113
-0.05068357,0.913905,0.028020315
-0.014393823,1.0121057,-0.010007288
-0.013156919,1.0001175,0.018068343
-0.015373301,1.0148172,-0.044761185
-0.017531704,1.0092924,-0.080660224
-0.04061859,0.958881,-0.11940819
-0.019647606,0.96699595,-0.12798856
-0.016997382,0.93788564,-0.13504907
-0.037759908,0.93330926,-0.12621385
-0.027085293,0.8673352,-0.1149078
-0.02134113,0.80050135,-0.0930316
-0.022310354,0.7843821,-0.09418482
-0.011196753,0.9828061,0.037912607
-0.0072866865,0.96422905,0.04857909
-0.061949264,0.9266135,0.00017992035
-0.054531705,0.88757586,0.030881323
-0.051037073,0.88092947,0.036732957
-0.04662074,0.891823,0.03995914
-0.049287494,0.89576614,0.035201177
-0.057986293,0.8781766,0.022522278
-0.060432743,0.8688321,0.010869965
-0.062781006,0.85983276,-0.0032542571
-0.061913524,0.8482347,-0.010192055
-0.06753139,0.9544585,-0.079616815
-0.07184054,0.94154704,-0.06828092
-0.04183236,0.98241884,-0.103484794
-0.05766738,0.96921,-0.09293888
-0.07332283,0.9314648,-0.062667236
-0.019961491,0.9935293,-0.110532455
-0.0042109992,0.8649961,0.0728847
-0.0025155903,0.8695034,0.07189073
-0.0115273725,0.8644923,0.06759988
-0.003185288,0.8387565,0.074415885
-0.004838406,0.8331175,0.07154284
0.00031752838,0.83265054,0.07317927
0.0014582125,0.8385394,0.075972326
-0.008187522,0.79560864,0.047623843
-0.018435176,0.8000386,0.042527527
-0.009435787,0.7748996,0.019852519
-0.020410674,0.77824646,0.011328496
-0.0021131984,0.8788184,0.07546232
-0.002484494,0.8779744,0.07337112
-0.00040416187,0.8783194,0.0738611
-0.00045133382,0.87914264,0.07592859
-0.016381763,0.8482239,0.06541863
0.0004436667,0.85647243,0.0772839
0.00029580947,0.85253584,0.075877644
0.0036335848,0.8523521,0.076687835
0.0037619558,0.85616314,0.07803073
-0.035499357,0.80624497,0.014966942
-0.03261565,0.7955485,0.004580103
-0.053371012,0.7786164,-0.034030586
-0.053132933,0.7919935,-0.03118574
-0.053935174,0.80985355,-0.04879516
-0.03327732,0.81458247,-0.0860302
-0.021884818,0.8163326,-0.09356698
-0.009776961,0.8177073,-0.09869616
-0.0101713855,0.83379203,-0.10228674
-0.019905178,0.7957374,0.02746442
-0.01995138,0.7881913,0.017127082
-0.008980153,0.78465927,0.025130808
-0.0083741965,0.79140633,0.03415876
0.0036889492,0.87604314,0.07743978
0.0026542863,0.8747218,0.075327866
0.0046100677,0.8723911,0.0763732
0.0051768464,0.87492263,0.07916392
-0.003416352,0.8758108,0.07175762
-0.0014270516,0.8727227,0.07184302
-0.0009814091,0.8749236,0.07185708
-0.0043049688,0.8771795,0.07335725
-0.003707854,0.87869656,0.07608826
0.0013133639,0.8797033,0.081033625
0.0018095647,0.8804773,0.08615696
-0.0017689178,0.87962663,0.07917174
0.0018137065,0.87740916,0.07574358
0.0014278071,0.8760296,0.073940046
-0.0004932429,0.87684697,0.07223353
-0.0022683796,0.8769914,0.07212825
0.0009374926,0.8796395,0.07879273
-0.00092842104,0.8794262,0.07741264
0.0014650468,0.9011047,0.076543726
0.00024804985,0.7726548,0.024507962
0.00054870313,0.78246474,0.029307
-0.017026423,0.84665596,0.06382843
-0.016093727,0.92820144,0.052142523
-0.040683623,0.89046586,0.04524316
-0.020745445,0.8929478,0.053520136
-0.021192314,0.89868367,0.05091323
-0.026984114,0.89548147,0.049884662
-0.026783597,0.88822913,0.052942917
-0.00750121,0.92531085,0.052678123
-0.0028890935,0.9198257,0.052228004
0.00083833514,0.9217709,0.059022777
-0.0028917864,0.91343844,0.052890666
-0.006144818,0.9082648,0.05185789
-0.0045277737,0.90613705,0.058137573
0.00027518626,0.91305673,0.06206902
-0.03857879,0.9179401,0.04093907
-0.03663185,0.9167026,0.042682476
-0.00953322,0.90124774,0.055151828
-0.010672738,0.9046049,0.051160492
-0.01567556,0.9016762,0.05101542
-0.014910845,0.89700395,0.05384361
-0.03340865,0.8924334,0.04822068
-0.045089785,0.9143638,0.03386271
-0.042582184,0.9032692,0.037160315
-0.06155811,0.8612567,-0.050497767
-0.06506008,0.8720045,-0.05802436
-0.06461498,0.8534183,-0.029362664
-0.0635241,0.8559303,-0.033732846
-0.058734346,0.85071194,-0.03153149
-0.062016647,0.8497325,-0.026531193
-0.07276583,0.90597683,-0.05104761
-0.07208851,0.90663326,-0.046929184
-0.072493434,0.91342723,-0.046207543
-0.072565764,0.9123832,-0.053921785
-0.072277695,0.9091722,-0.0401449
-0.07205656,0.9054369,-0.03991964
-0.071595445,0.9050418,-0.036393292
-0.07180911,0.9124403,-0.03787966
-0.07027683,0.9098879,-0.030183489
-0.07051556,0.92167383,-0.02695019
-0.07263914,0.9238188,-0.03740892
-0.06527816,0.9083419,-0.006529048
-0.06736562,0.91660225,-0.017233498
-0.06799714,0.90441346,-0.024061976
-0.066577494,0.8962383,-0.018960819
-0.06436214,0.8615558,-0.018272713
-0.0642166,0.8535111,-0.021602985
-0.058954995,0.8542502,-0.040448815
-0.048664473,0.90515715,-0.11390388
-0.057424735,0.9006556,-0.09881975
-0.06340808,0.8964743,-0.08509736
-0.06750223,0.8932624,-0.07320571
-0.035212193,0.908837,-0.12712795
-0.01585493,0.9109943,-0.13576277
-0.06578027,0.8912587,-0.005456142
-0.0658852,0.8844679,-0.01722449
-0.053140078,0.8825947,-0.09689355
-0.043952126,0.8851423,-0.11081371
-0.05950879,0.8804306,-0.083300956
-0.06477839,0.8801765,-0.07145916
-0.031077389,0.887468,-0.12252009
-0.013753369,0.88668895,-0.12978229
-0.012281764,0.8669642,-0.12025275
-0.068715215,0.8620881,-0.029465813
-0.0696352,0.8565724,-0.028117307
-0.06674072,0.85550344,-0.026576865
-0.06640644,0.86128664,-0.025216045
-0.065156505,0.87276876,-0.017668024
-0.06478159,0.8761519,-0.0054243244
0.0009358516,0.9070022,0.070180304
0.0006573866,0.81038266,0.07585435
0.0029439665,0.8242613,0.07521283
0.0009997624,0.86490846,0.07572334
0.0005584499,0.86059594,0.07677867
0.003943433,0.85995317,0.07753768
0.0042921193,0.8641037,0.0765655
-0.010794397,0.92189896,0.0476472
-0.011096653,0.8503243,-0.11127363
-0.009298957,0.8021369,-0.096882276
-0.010174311,0.7856754,-0.097551
-0.035914127,0.772727,-0.09444566
-0.023995198,0.77100104,-0.099500574
0.004654214,0.8683802,0.07593744
0.0016960229,0.8689724,0.07475317
0.0015940047,0.87895703,0.0775704
-0.0044531645,0.8520576,0.07395605
0.0012620355,0.8745277,0.073623024
0.0019208889,0.8721845,0.074174516
0.006676457,0.87176645,0.077388294
0.006372818,0.8679595,0.07640182
-0.021329748,0.9045292,0.049114868
-0.021387279,0.9091263,0.048283592
0.0031816745,0.8779628,0.07987248
0.004347613,0.87709,0.08267205
-0.038584918,0.7593889,-0.006584499
-0.05018599,0.76314485,-0.021731116
0.005975665,0.8522316,0.07700653
0.005977396,0.85599315,0.07831796
-0.06688206,0.8886225,-0.02708821
-0.068517074,0.896021,-0.029311154
-0.069954336,0.89061385,-0.034568273
-0.06832038,0.884169,-0.03263069
-0.0005130926,0.7625473,0.019336917
-0.05426868,0.7662903,-0.039100382
-0.011292012,0.7715671,-0.10204871
-0.038737677,0.909112,0.039689146
-0.039614618,0.9106566,0.038290225
-0.013650658,0.9191464,0.046446368
-0.006300495,0.843885,0.07252909
-0.0044922736,0.8480819,0.07156001
0.0007278272,0.78925633,0.037433594
0.006777016,0.8743423,0.08024108
-0.07108104,0.8981639,-0.04381461
-0.070669934,0.8943206,-0.04273347
-0.073035866,0.8933606,-0.04052994
-0.07320395,0.8968613,-0.040154234
-0.07431503,0.90065324,-0.03522051
-0.07577476,0.9041538,-0.037097294
-0.076808095,0.9003123,-0.038684882
-0.07532722,0.8972687,-0.037709065
-0.07077135,0.9018549,-0.032457463
-0.072199956,0.89643395,-0.034423236
-0.0781126,0.90549135,-0.039044455
-0.07771106,0.9025723,-0.040372565
-0.072000995,0.9063326,-0.04270435
-0.07522057,0.9070188,-0.040136836
-0.07655068,0.9084021,-0.04482784
-0.08078793,0.9063728,-0.042991016
-0.07872532,0.90783274,-0.051060934
-0.083663404,0.90557265,-0.04833271
-0.07941556,0.9036166,-0.05635228
-0.08499725,0.90213054,-0.054036066
-0.06618367,0.86941695,-0.025432382
-0.06605987,0.86922336,-0.032432638
-0.079551905,0.89732474,-0.05905107
-0.08541861,0.896633,-0.057458326
-0.07908103,0.8896749,-0.06064724
-0.08486657,0.8893565,-0.05879799
-0.078357995,0.88146913,-0.05978861
-0.08358127,0.881824,-0.05786623
-0.07720223,0.873196,-0.056745972
-0.08224897,0.8745752,-0.05480736
-0.07539658,0.86415416,-0.05176357
-0.08040807,0.86782336,-0.049718954
-0.08102761,0.9001281,-0.053146068
-0.079704985,0.90331435,-0.0493569
-0.07185644,0.90198576,-0.053006083
-0.078513116,0.90410936,-0.044353757
-0.06994328,0.8882426,-0.049733683
-0.06892589,0.88607883,-0.049041435
-0.07133055,0.8871403,-0.04587006
-0.06932774,0.8892721,-0.047673807
-0.069359094,0.8816781,-0.036336504
-0.06933257,0.8762393,-0.036042392
-0.068096295,0.8766099,-0.03174071
-0.06765495,0.87216467,-0.036289025
-0.0665375,0.8766914,-0.03783313
-0.06676726,0.8734493,-0.037915148
-0.06583917,0.8805178,-0.038434662
-0.067303255,0.8718436,-0.039433036
-0.06849089,0.87016475,-0.038086962
-0.06618874,0.87286985,-0.04012023
-0.06569035,0.8738816,-0.039287716
-0.0649471,0.87572825,-0.040303133
-0.065075904,0.87853664,-0.042716466
-0.06678742,0.8791928,-0.026023412
-0.06568776,0.86763024,-0.047329035
-0.06882472,0.8754221,-0.051976364
-0.07740627,0.8626167,-0.043751236
-0.07387191,0.85706437,-0.04389034
-0.07169865,0.85348904,-0.030345744
-0.07315552,0.8532167,-0.03621872
-0.07129376,0.896641,-0.054493442
-0.07133573,0.8900227,-0.056002967
-0.06396532,0.8617127,-0.039558962
-0.07044983,0.883003,-0.054985125
-0.07840958,0.8715855,-0.048665434
-0.07565178,0.8680029,-0.044283494
-0.08093323,0.8764867,-0.052406006
-0.06974043,0.86688995,-0.035705328
-0.0728949,0.8664312,-0.03981305
-0.07498279,0.8608446,-0.037642546
-0.07220963,0.86103064,-0.03264734
-0.07315232,0.8715099,-0.044308152
-0.07654418,0.87440205,-0.0470062
-0.06957924,0.8736018,-0.045562238
-0.07268414,0.8764667,-0.047843836
-0.06815834,0.87207484,-0.042125832
-0.0702766,0.86993676,-0.041215006
-0.06568886,0.87542456,-0.046155483
-0.06840885,0.87946594,-0.04917232
-0.065855056,0.8735706,-0.042321824
-0.07559669,0.87997925,-0.048502345
-0.07218312,0.8829355,-0.04936022
-0.075591385,0.88649386,-0.04783654
-0.078147575,0.8840052,-0.048677247
-0.07915901,0.87823683,-0.049600683
-0.08104046,0.88278043,-0.05151221
-0.081373766,0.8824693,-0.055066172
-0.0814354,0.88827586,-0.05272492
-0.0816571,0.88911337,-0.056022167
-0.07929303,0.887987,-0.0499933
-0.077586904,0.8890126,-0.047765743
-0.08176109,0.8953984,-0.055458605
-0.08100562,0.8936019,-0.05245042
-0.08010681,0.8977494,-0.05096726
-0.07964657,0.8920653,-0.049874343
-0.07861033,0.8952751,-0.048757236
-0.078327164,0.8913655,-0.048285604
-0.0773159,0.8931151,-0.047141135
-0.07534315,0.9016048,-0.042013492
-0.074190065,0.89973974,-0.040422898
-0.07684246,0.90168214,-0.044939913
-0.07542117,0.8991146,-0.044850726
-0.07444911,0.9006962,-0.043590486
-0.07313058,0.89955103,-0.043261416
-0.07449083,0.8967593,-0.04421495
-0.072498456,0.89460725,-0.045388814
-0.0155464485,0.73125196,0.0062309913
-0.00265494,0.7296612,0.00882297
-0.00166337,0.7399302,0.011658534
-0.013675716,0.7420392,0.007885933
-0.07699035,0.8975178,-0.046892963
-0.076034755,0.89481926,-0.045282245
-0.078404784,0.9004376,-0.04832368
-0.073972434,0.8906081,-0.047517814
-0.07471262,0.89247996,-0.046075255
-0.07627478,0.89085954,-0.04658877
-0.07540776,0.8893081,-0.04723147
-0.069028065,0.88583034,-0.037621614
-0.067174286,0.8839102,-0.04111198
-0.06724115,0.8813639,-0.045119002
-0.052376166,0.71979374,-0.013878621
-0.04841842,0.7285242,-0.015908848
-0.06266503,0.7348888,-0.030448949
-0.06798087,0.7276974,-0.028156495
-0.06396562,0.70054656,0.0029169135
-0.08642952,0.7078292,-0.0135510005
-0.086531,0.6880325,0.0055781454
-0.066457585,0.6836312,0.012526944
-0.085098,0.67011714,0.017900951
-0.06652358,0.66740173,0.021882579
-0.078253865,0.6232276,0.046231814
-0.06133843,0.6224545,0.049121715
-0.06341812,0.6371373,0.0402219
-0.08088669,0.6382404,0.037380017
-0.09356023,0.55013704,0.066484585
-0.08790293,0.53350425,0.06507512
-0.07548155,0.5371505,0.07007059
-0.08223809,0.5522299,0.06986039
-0.15392332,0.644653,0.014622547
-0.1573051,0.6637945,0.008273147
-0.1701673,0.6547416,0.006449662
-0.16453911,0.63457745,0.010826133
-0.09630597,0.74077064,-0.06185947
-0.092962265,0.72591984,-0.039288193
-0.083986506,0.7300266,-0.043899853
-0.08860189,0.74459136,-0.06381216
-0.1375284,0.56101453,0.02351904
-0.13193741,0.5497888,0.031061478
-0.12804821,0.5587647,0.03864581
-0.13312294,0.5697834,0.03278029
-0.11477426,0.47015297,0.036770917
-0.11577299,0.45005983,0.036151245
-0.10077408,0.44937554,0.0530523
-0.1001555,0.46964008,0.052500263
-0.1528642,0.49130023,-0.032631636
-0.15627861,0.48910183,-0.060138453
-0.15326437,0.4729266,-0.05939859
-0.1508912,0.47310767,-0.03188964
-0.1087064,0.62236106,0.038642175
-0.094150454,0.6232877,0.04267288
-0.09745522,0.63837385,0.034102492
-0.112774834,0.63774776,0.030421361
-0.34075207,0.68585765,-0.032680728
-0.3407845,0.6695986,-0.031889483
-0.31593978,0.6691175,-0.030312901
-0.31570616,0.68536204,-0.031719815
-0.15030381,0.3790688,-0.02523862
-0.14942418,0.38336018,-0.05086303
-0.15327963,0.36531362,-0.04958358
-0.15300465,0.36018777,-0.02257943
-0.2073001,0.71487164,-0.023457954
-0.19360533,0.7188827,-0.021626687
-0.19190739,0.734259,-0.04258012
-0.20536745,0.73133326,-0.04248413
-0.15060663,0.607285,0.017537124
-0.14316659,0.6143454,0.024516977
-0.14932902,0.6286372,0.01980263
-0.15720275,0.61943233,0.01423908
-0.16293165,0.5196107,-0.06432702
-0.1594856,0.52236277,-0.042631358
-0.16244899,0.5389582,-0.04835152
-0.16667545,0.5365622,-0.06744449
-0.15626968,0.50651854,-0.037442565
-0.15953079,0.5039852,-0.06201025
-0.13346061,0.6185484,0.02966845
-0.12192556,0.6207125,0.034337983
-0.12645161,0.63663906,0.026886798
-0.13808307,0.634745,0.023709193
-0.08361764,0.51874316,0.06322935
-0.06820385,0.5232701,0.0696101
-0.14654559,0.3542403,0.0031745434
-0.1343273,0.34786665,0.025471464
-0.13350792,0.3691783,0.02251663
-0.14471836,0.3743297,0.00017659739
-0.08323729,0.48858956,0.06346528
-0.08217728,0.5050528,0.063033074
-0.09691267,0.5039057,0.05331041
-0.09870294,0.4877724,0.05185639
-0.118144974,0.34216645,0.044731997
-0.10100193,0.337431,0.063258536
-0.10076594,0.36108837,0.060553044
-0.117937535,0.36451298,0.042135485
-0.083360285,0.65368503,0.027937308
-0.06524496,0.65201396,0.031062737
-0.1122278,0.54945785,0.054719523
-0.109234005,0.5333396,0.05233635
-0.099277034,0.5326505,0.05905088
-0.10378532,0.54953074,0.06120903
-0.16921233,0.6059209,-0.011618257
-0.17099394,0.62057275,0.002500102
-0.18297334,0.6406814,-0.0005633682
-0.18009497,0.61705303,-0.015472509
-0.15566598,0.34689862,-0.04743585
-0.15421127,0.34114695,-0.020154774
-0.11735387,0.31919277,0.045523353
-0.10011414,0.31355208,0.063644305
-0.21825288,0.607216,-0.08330497
-0.20726271,0.5948617,-0.08043812
-0.20372126,0.5975257,-0.06585632
-0.2153811,0.6102253,-0.06897687
-0.045071587,0.5538933,0.074179895
-0.059520986,0.5624575,0.07302738
-0.06512633,0.5467064,0.07315198
-0.053663734,0.53449506,0.07351526
-0.107819155,0.5184275,0.04749541
-0.10933903,0.5048861,0.04269527
-0.09677933,0.5176784,0.055695295
-0.029734705,0.54428315,0.072743855
-0.040464588,0.5187676,0.074052356
-0.046719044,0.6500925,0.03466861
-0.04528469,0.6356362,0.042862788
-0.047380395,0.6648251,0.026939765
-0.0283342,0.66254234,0.031443372
-0.027187906,0.6771873,0.023985103
-0.046248037,0.67972565,0.01892607
-0.024525948,0.6914689,0.017205887
-0.043275498,0.6947509,0.011827409
-0.03440398,0.714209,-0.0027863346
-0.03141967,0.7239704,-0.0043541044
-0.16170529,0.60805947,0.0049550086
-0.15419282,0.5974409,0.0074939914
-0.13389684,0.3262166,0.027040191
-0.10631919,0.6751538,-0.1521964
-0.105453655,0.6573294,-0.15763658
-0.12373796,0.66334486,-0.15096292
-0.124916136,0.68063194,-0.14654204
-0.105929464,0.74043095,-0.061051052
-0.106215626,0.72681963,-0.03737777
-0.18627758,0.61835,-0.12622952
-0.17452016,0.61146134,-0.12954354
-0.17814536,0.5991619,-0.12525158
-0.18756838,0.6080965,-0.12176959
-0.21677315,0.61078453,-0.10409242
-0.23013894,0.61889935,-0.10670724
-0.22832449,0.6259102,-0.11373295
-0.21371557,0.6177817,-0.11052696
-0.14677294,0.36888838,-0.07425216
-0.14192934,0.38650125,-0.075242594
-0.13427208,0.5017964,-0.12639272
-0.14658293,0.49448055,-0.10689241
-0.15259127,0.5107378,-0.10520402
-0.14255612,0.5186502,-0.12263528
-0.013042912,0.6456384,-0.15781257
-0.013031274,0.63127106,-0.16031083
-0.03143121,0.6347076,-0.16484249
-0.031282615,0.64949536,-0.16184115
-0.067398325,0.6775933,-0.15706426
-0.06729534,0.69277924,-0.15135267
-0.046829693,0.6843524,-0.15463923
-0.047863603,0.6700892,-0.15961605
-0.086881,0.6683946,-0.15821522
-0.086577594,0.65076554,-0.1635856
-0.16714911,0.5376716,-0.08614843
-0.16292351,0.52146935,-0.084938936
-0.17559701,0.55962443,-0.08947908
-0.1742565,0.55993384,-0.07346554
-0.17894064,0.5674118,-0.07511312
-0.18033661,0.5671188,-0.09031922
-0.08175348,0.7495338,-0.06570885
-0.07992564,0.75549006,-0.088149995
-0.087781355,0.751892,-0.086022064
-0.04583734,0.73249537,-0.13012767
-0.045035392,0.72632194,-0.13447711
-0.05782492,0.7315511,-0.1294823
-0.05669309,0.73678184,-0.125754
-0.03777118,0.56434023,-0.16845113
-0.01610759,0.56337166,-0.16522203
-0.016371502,0.54328096,-0.16340992
-0.04013486,0.5425842,-0.16658382
-0.18651316,0.57636756,-0.10327836
-0.1962398,0.5842705,-0.102205515
-0.19400571,0.59018964,-0.11052611
-0.18424016,0.5814371,-0.11281939
-0.17675357,0.5743096,-0.113936454
-0.1703973,0.56672585,-0.11497713
-0.17390548,0.56219757,-0.10292154
-0.17955841,0.5698134,-0.10317621
-0.1510475,0.5338168,-0.11941825
-0.1586235,0.52687955,-0.103355944
-0.16452979,0.5419052,-0.102901444
-0.1588599,0.547836,-0.117807515
-0.013561001,0.4717746,-0.15054297
-0.035000023,0.46912777,-0.15541609
-0.036908787,0.49449703,-0.15988317
-0.014506195,0.4969203,-0.15558608
-0.22331853,0.6286013,-0.046801593
-0.2217633,0.63602656,-0.03278846
-0.23606671,0.6394501,-0.037078477
-0.2393572,0.6319709,-0.052437864
-0.23511432,0.6488235,-0.12597576
-0.24589776,0.65411425,-0.12706824
-0.24491492,0.66073877,-0.1281684
-0.23346652,0.6558175,-0.12762433
-0.26064202,0.62683177,-0.070294335
-0.25638834,0.63381857,-0.056498133
-0.27580187,0.6343644,-0.05906457
-0.27964753,0.62709194,-0.07351346
-0.11385283,0.7420318,-0.08765492
-0.11589135,0.7418009,-0.060322713
-0.10460305,0.7450186,-0.08608699
-0.2473646,0.6182852,-0.09123267
-0.26324654,0.6208007,-0.09561111
-0.26230493,0.6233581,-0.10671367
-0.24624036,0.6200339,-0.102187276
-0.3406121,0.7011424,-0.041665778
-0.31575277,0.7002187,-0.04107433
-0.30265892,0.6248867,-0.08923055
-0.30462554,0.62677497,-0.102285266
-0.28276047,0.62302184,-0.0995487
-0.28218213,0.623458,-0.08725642
-0.1274826,0.48437953,-0.12871522
-0.14101689,0.47835973,-0.10837786
-0.118502855,0.3724953,-0.113219455
-0.13467951,0.371213,-0.09581524
-0.12930083,0.38926113,-0.09637198
-0.11377594,0.39137182,-0.113726206
-0.15015234,0.35073683,-0.072951935
-0.12225798,0.3527593,-0.11200224
-0.13874674,0.35241812,-0.09506415
-0.06493263,0.7621645,-0.083733335
-0.05630487,0.76196814,-0.09868453
-0.062078517,0.7561404,-0.104031876
-0.072475195,0.7589675,-0.087250456
-0.16497421,0.24145705,-0.07040077
-0.16390243,0.21510558,-0.07482959
-0.17182726,0.21430078,-0.047279812
-0.1709011,0.2378832,-0.041654
-0.031425577,0.74433863,-0.1205222
-0.048345547,0.7500893,-0.11411924
-0.04339034,0.75704014,-0.10806301
-0.029209819,0.75207037,-0.11325709
-0.16731095,0.26075804,-0.040508952
-0.16228473,0.26548532,-0.0688615
-0.06814614,0.7554508,-0.06467633
-0.07545963,0.7524332,-0.06608357
-0.07210778,0.74251646,-0.04795202
-0.06448816,0.74788654,-0.04701433
-0.056960404,0.74262416,-0.029729968
-0.1750088,0.20441112,-0.018470127
-0.17078608,0.22952145,-0.015458576
-0.051236745,0.766803,-0.09222538
-0.039595358,0.7636097,-0.10146441
-0.026453,0.7611606,-0.10626328
-0.012447465,0.7601208,-0.10924928
-0.150547,0.33274704,-0.07044707
-0.15500054,0.3288699,-0.044968847
-0.11169715,0.11269197,-0.14230049
-0.08602215,0.10855022,-0.15000182
-0.083721176,0.09732497,-0.14302202
-0.113842025,0.096185,-0.1329873
-0.021592224,0.12491995,-0.15288922
-0.019790234,0.11672124,-0.14101133
-0.05141209,0.10402048,-0.14477375
-0.05526884,0.113744766,-0.15467055
-0.025571913,0.23172428,-0.16686559
-0.053862527,0.23224449,-0.1665422
-0.053678546,0.25387546,-0.15973948
-0.026406903,0.25331163,-0.16064957
-0.12367651,0.33437744,-0.10936891
-0.13960737,0.33421206,-0.09255315
-0.15203694,0.32273078,-0.018734135
-0.17209649,0.06281212,-0.003705293
-0.1762594,0.07339835,-0.042729445
-0.17288008,0.03615874,-0.04252796
-0.17030977,0.025821477,-0.0056457
-0.1394234,0.046005666,-0.10125572
-0.14201446,0.07665503,-0.10686403
-0.11242889,0.07470596,-0.124441594
-0.11034402,0.04851979,-0.11784926
-0.08230257,0.30863285,0.0807681
-0.097895935,0.29182225,0.06096711
-0.079585806,0.28593713,0.076473914
-0.023316978,0.29781604,0.10614904
-0.045009162,0.30091757,0.10267749
-0.04067417,0.27793467,0.09644882
-0.020856481,0.2752705,0.10034216
-0.02272225,0.16350019,0.08466867
-0.00984464,0.16224802,0.088713475
-0.012045665,0.18581125,0.08687394
-0.027164843,0.1882706,0.08201622
-0.16258618,0.21993998,0.008916907
-0.14385425,0.21059105,0.02929452
-0.14081332,0.23110245,0.028500356
-0.15804659,0.24089576,0.009705219
-0.017634165,0.10951227,-0.12592277
-0.04625402,0.09261471,-0.13212368
-0.15552798,0.016611755,0.030098565
-0.15633234,0.05360943,0.032680273
-0.1277787,0.010561824,0.056883812
-0.093793824,0.012531608,0.064846575
-0.09652947,0.043606162,0.06875581
-0.1297092,0.044762194,0.059150614
-0.0068795653,0.09258133,0.034455486
-0.017106643,0.10773668,0.061665684
-0.022729823,0.095904976,0.05450601
-0.008078259,0.08525309,0.02974227
-0.023484686,0.14848441,-0.16528267
-0.023264136,0.13396794,-0.15921877
-0.05508175,0.12813547,-0.16319296
-0.054164518,0.14400649,-0.16808654
-0.102872655,0.35242397,-0.1233355
-0.1045817,0.33296525,-0.12109953
-0.0827025,0.35155553,-0.13009423
-0.10008563,0.3726097,-0.12550135
-0.080102995,0.37269622,-0.13196811
-0.08746439,0.50381434,-0.15406984
-0.10919562,0.4932428,-0.14377838
-0.116966054,0.51070327,-0.14288965
-0.09604061,0.52284527,-0.15486607
-0.04996912,0.639514,-0.16792527
-0.048881672,0.6550907,-0.16417716
-0.07538393,0.057468504,-0.125896
-0.035709515,0.07299465,-0.11947605
-0.046244666,0.030234903,-0.1138477
-0.07945369,0.022968143,-0.11862875
-0.13659982,0.01356262,-0.097922355
-0.15677595,0.009613037,-0.07488289
-0.1618818,0.04365772,-0.076247826
-0.1679177,0.0008713305,-0.042811424
-0.166549,-0.009463191,-0.006742865
-0.12329659,-0.022387683,0.05288717
-0.08968438,-0.019297868,0.05929137
-0.013118928,0.025597095,0.0223201
-0.033812508,0.020318449,0.04102631
-0.03204054,-0.004668474,0.03296817
-0.012768488,0.0021900535,0.011506647
-0.059122477,0.16628906,0.06506313
-0.092560366,0.18506277,0.054873534
-0.09524347,0.15938616,0.05753258
-0.06687899,0.13961008,0.06510183
-0.029041752,0.32334694,0.1087132
-0.047213007,0.32736212,0.10546421
-0.06348841,0.30456954,0.09443661
-0.06514649,0.3308358,0.09673173
-0.083432525,0.3339141,0.0818237
-0.04335733,0.4272715,0.09649693
-0.06499696,0.4271812,0.08629512
-0.0639393,0.40447575,0.08922168
-0.04282918,0.40400967,0.09971083
-0.043766484,0.45039555,0.09194345
-0.065693945,0.45010352,0.08243757
-0.041782737,0.494165,0.079064585
-0.06345768,0.50888926,0.07058346
-0.06435186,0.49106172,0.072817214
-0.028057352,0.6477993,0.03824155
-0.0272839,0.6331909,0.044994168
-0.16613494,0.19543457,0.0070861615
-0.010132031,0.06386125,-0.09068341
0.0012373894,0.050501913,-0.05997299
-0.0036971783,0.023848861,-0.06825085
-0.019082258,0.030603617,-0.09546241
-0.16577439,0.2515604,-0.014029071
-0.14681093,0.33401674,0.0052511916
-0.1435806,0.3147341,0.0051328987
-0.14218482,0.49722224,-0.0015079752
-0.14177637,0.47422272,-0.0045775883
-0.072635144,0.5673673,0.070446126
-0.073586315,0.55562943,0.071637176
-0.1658035,0.07864177,-0.07927999
-0.11869636,-0.05315548,0.04717835
-0.11175956,-0.08124477,0.040934324
-0.07929604,-0.078327596,0.045590498
-0.08433865,-0.049704075,0.053115807
-0.0056771114,-0.01888448,-0.02330415
-0.0138840545,-0.024860263,0.0005049519
-0.016970525,-0.05264342,-0.009913955
-0.010611538,-0.047940016,-0.033427056
-0.014982156,-0.07700384,-0.040388357
-0.019379301,-0.08275437,-0.017055552
-0.019283818,-0.11171216,-0.02461676
-0.01730121,-0.10550189,-0.04758057
-0.15165304,-0.019616753,0.028866462
-0.15593381,-0.072829425,-0.008113842
-0.1402989,-0.08006793,0.021581843
-0.14663734,-0.05119115,0.025729291
-0.16184853,-0.043051243,-0.006600987
-0.11069934,0.01656729,-0.112134054
-0.0019471985,0.008211821,-0.012726791
-0.00043222075,0.030652225,-0.001109533
-0.018508935,-0.040806055,-0.07993618
-0.035140432,-0.03880173,-0.100101516
-0.027411416,-0.005987525,-0.09819828
-0.010666202,-0.008745849,-0.07468882
-0.13410851,-0.04677856,-0.09407912
-0.14923021,-0.052648485,-0.07072396
-0.15309794,-0.022770673,-0.07195872
-0.13553931,-0.017370284,-0.095278524
-0.16274814,-0.03210157,-0.041024536
-0.15690863,-0.06239885,-0.04072702
-0.14300151,-0.12924773,-0.012036044
-0.12514876,-0.13456583,0.013206162
-0.13316047,-0.10777891,0.017298952
-0.14963056,-0.101423204,-0.009911183
-0.14553484,-0.119016826,-0.042016685
-0.15077886,-0.09064114,-0.041084573
-0.14516558,-0.08107698,-0.06984139
-0.14182389,-0.10946393,-0.06911434
-0.12868205,-0.10205716,-0.08964042
-0.13167027,-0.07408512,-0.09201817
-0.111511365,-0.07020241,-0.10713467
-0.11091998,-0.09723395,-0.1041861
-0.08793385,-0.06771737,-0.113731116
-0.06354609,-0.06664938,-0.11071004
-0.068345726,-0.09389216,-0.10819614
-0.08992548,-0.09502566,-0.11077635
-0.031593602,-0.097623706,-0.08635779
-0.047537096,-0.09496385,-0.10043247
-0.041621797,-0.067724586,-0.10026848
-0.025685702,-0.07021439,-0.08328057
-0.051485177,-0.20679456,-0.096183464
-0.06709182,-0.20412058,-0.10145236
-0.062051754,-0.17560315,-0.10055104
-0.044623893,-0.17816144,-0.09533702
-0.08281493,-0.20266569,-0.10751572
-0.09979375,-0.2026,-0.10731515
-0.09561995,-0.17502391,-0.10480268
-0.07878384,-0.17465049,-0.10445419
-0.12544966,-0.1825527,-0.084594354
-0.11157225,-0.17751384,-0.09827863
-0.115450874,-0.20478755,-0.1009447
-0.12882271,-0.20959753,-0.087028846
-0.14121956,-0.21625882,-0.06924593
-0.14033929,-0.18979806,-0.0681358
-0.13858782,-0.22431886,-0.045459434
-0.14103693,-0.19874859,-0.044881344
-0.12818676,-0.20672685,-0.017839111
-0.12913366,-0.23164904,-0.017873637
-0.021788236,-0.19436485,-0.051034056
-0.026709136,-0.22278422,-0.05581581
-0.027442563,-0.21629214,-0.074524015
-0.021380035,-0.18829834,-0.06852509
-0.04767824,-0.20485449,-0.011613134
-0.06253353,-0.20917785,0.01216986
-0.06351802,-0.23398983,0.0024165697
-0.049531765,-0.2313602,-0.019622725
-0.14183308,-0.14587289,-0.043164145
-0.13627635,-0.1555224,-0.01472342
-0.12592281,-0.12933207,-0.08684024
-0.1392456,-0.1365403,-0.06833284
-0.03582737,-0.12434584,-0.08990011
-0.052675683,-0.12167227,-0.10073447
-0.019696971,-0.13967669,-0.032541372
-0.018288044,-0.13347363,-0.05409777
-0.09063138,-0.18731946,0.024514318
-0.0935217,-0.1614272,0.025990471
-0.11894293,-0.16054541,0.010925986
-0.116482764,-0.18659574,0.010807566
-0.14208412,-0.17261887,-0.0439997
-0.13891818,-0.16315556,-0.068149626
-0.12466417,-0.15605676,-0.08487536
-0.11015996,-0.15063101,-0.09872039
-0.09318057,-0.14815605,-0.10496764
-0.07563493,-0.14734536,-0.10418953
-0.057632066,-0.14811319,-0.10045788
-0.040157925,-0.15084499,-0.09275594
-0.0191405,-0.16071826,-0.061632648
-0.020429935,-0.16753536,-0.041757815
-0.088596836,-0.2362017,0.012634605
-0.08922838,-0.21281427,0.021124624
-0.115788,-0.21195322,0.009008456
-0.11471078,-0.23584682,0.0046334267
-0.088984504,-0.2564172,0.00083019584
-0.068665,-0.25443935,-0.009553593
-0.0870496,-0.23053533,-0.11168748
-0.10419044,-0.23055267,-0.11085036
-0.120192006,-0.23266077,-0.10454449
-0.14206776,-0.24242646,-0.071060605
-0.13786665,-0.25045532,-0.04449277
-0.12621333,-0.25672042,-0.019003741
-0.11071733,-0.2563181,-0.002428867
-0.040727247,-0.2711823,-0.08168107
-0.03577603,-0.24337918,-0.07708928
-0.034689777,-0.2482202,-0.060311176
-0.041302588,-0.2746408,-0.06474638
-0.05913655,-0.26446652,-0.10754371
-0.07336554,-0.26111197,-0.11754331
-0.07124084,-0.23262095,-0.10642824
-0.057638597,-0.23543793,-0.09751879
-0.091495305,-0.25958645,-0.12171499
-0.10940398,-0.25965077,-0.11879459
-0.1263777,-0.2604941,-0.11095147
-0.14522372,-0.26999277,-0.07224402
-0.13449357,-0.23636597,-0.0910995
-0.14005485,-0.26377028,-0.09547788
-0.13969028,-0.2776279,-0.0417047
-0.12018718,-0.31291527,-0.022122078
-0.11870383,-0.28420174,-0.018654473
-0.14254707,-0.30651772,-0.042114176
-0.09496939,-0.40852588,-0.03312859
-0.12042478,-0.40699488,-0.03308382
-0.116825715,-0.44138366,-0.039537504
-0.09452239,-0.4431876,-0.039064746
-0.042602155,-0.3033114,-0.069222964
-0.040628385,-0.30076182,-0.08877133
-0.05744603,-0.29510593,-0.118435964
-0.074535474,-0.29187697,-0.12795392
-0.15443245,-0.32955098,-0.07655187
-0.15090074,-0.29901034,-0.07300493
-0.1460274,-0.2933216,-0.0984747
-0.14937824,-0.32448465,-0.10248361
-0.04098348,-0.39981443,-0.07999575
-0.040019397,-0.39823914,-0.099519104
-0.036592994,-0.3646053,-0.098167464
-0.03771497,-0.36664402,-0.076606736
-0.073127195,-0.32383442,-0.13494375
-0.055520836,-0.32715148,-0.124776244
-0.05555213,-0.36016345,-0.12886474
-0.07368192,-0.35737854,-0.13809824
-0.15002951,-0.39791942,-0.080534935
-0.15419036,-0.36264026,-0.07890848
-0.14978594,-0.3581789,-0.1049601
-0.14632763,-0.39449245,-0.104956806
-0.121939674,-0.34182423,-0.024386184
-0.14552493,-0.33641213,-0.045579713
-0.14521407,-0.3681618,-0.049392745
-0.12301108,-0.37359965,-0.02832596
-0.094568804,-0.34318942,-0.025420569
-0.09547144,-0.3746941,-0.028292276
-0.05478186,-0.47076255,-0.09730061
-0.047947645,-0.43345308,-0.09801196
-0.048238352,-0.43627167,-0.08142633
-0.055361636,-0.4743265,-0.08237161
-0.076597944,-0.39265364,-0.13617888
-0.05848567,-0.3946752,-0.12726891
-0.064439505,-0.4306972,-0.12237895
-0.07920471,-0.42947125,-0.13027239
-0.13817528,-0.4744454,-0.08212818
-0.14431326,-0.43542373,-0.0814617
-0.14063308,-0.43299663,-0.103498
-0.13407129,-0.47193867,-0.10235535
-0.11336367,-0.47859108,-0.045920335
-0.13709766,-0.43844062,-0.055765294
-0.13199677,-0.47675925,-0.060113166
-0.10953212,-0.5155742,-0.049397167
-0.09290786,-0.5169067,-0.04825129
-0.09369828,-0.4798826,-0.04499264
-0.061438132,-0.5103769,-0.08347274
-0.05958533,-0.507552,-0.097624466
-0.068186596,-0.50457585,-0.11668017
-0.07981764,-0.50266457,-0.12374037
-0.08027293,-0.46664578,-0.12632531
-0.06730893,-0.46806002,-0.119044065
-0.11263387,-0.4692859,-0.12561044
-0.09642534,-0.4671409,-0.12881638
-0.09475194,-0.5030469,-0.12568063
-0.10940109,-0.5051997,-0.12169811
-0.12719527,-0.507611,-0.10063756
-0.12546383,-0.470407,-0.116936676
-0.11982228,-0.5063691,-0.11351903
-0.13146493,-0.50972754,-0.08193475
-0.12606567,-0.51330686,-0.060940303
0.0023383335,0.088995904,-0.064616606
0.0042931847,0.07499617,-0.033052914
0.0034249555,0.0672493,-0.047592267
-0.0018129828,0.083738506,-0.07979986
-0.031127777,-0.06168157,0.015482299
-0.031393684,-0.03218189,0.024549082
-0.029451005,-0.11958659,-0.00084006786
-0.030803423,-0.09166825,0.007300228
-0.029258355,-0.1474384,-0.0106945075
-0.030812386,-0.1746043,-0.021447267
-0.03168888,-0.20208246,-0.030972185
-0.03446602,-0.22828335,-0.038198106
-0.041742887,-0.25335896,-0.042623743
-0.048880816,-0.27946782,-0.046044827
-0.051628124,-0.33621186,-0.053115185
-0.039856225,-0.33417296,-0.073740646
-0.05300831,-0.30673116,-0.05042632
-0.052080616,-0.40276045,-0.058421176
-0.05024935,-0.3682546,-0.055523142
-0.057076216,-0.43977314,-0.06277358
-0.0629617,-0.47784334,-0.0662444
-0.06871171,-0.51350385,-0.06837804
-0.067204505,0.06989589,0.06665116
-0.039766006,0.06527561,0.055888437
-0.04277915,0.082595915,0.060918532
-0.06937979,0.09288442,0.06830482
0.00018853368,0.09045023,-0.0035302714
-0.0020567756,0.08792403,0.013992004
-0.0016311565,0.083666,0.010602936
0.0017492063,0.087138504,-0.0067857765
-0.13175929,-0.1811502,-0.01639492
-0.11034514,-0.12405461,-0.100796476
-0.09154549,-0.12146872,-0.10679026
-0.07213068,-0.12064016,-0.10550237
-0.043543227,-0.18057716,0.0018258542
-0.044658203,-0.15429139,0.010748841
-0.06537184,-0.15908295,0.025240228
-0.063717455,-0.18458807,0.018567257
-0.092760414,-0.31626642,-0.021944625
-0.071725875,-0.34010744,-0.0383446
-0.070439324,-0.31193495,-0.034007233
-0.09215085,-0.29275578,-0.016148105
-0.11476728,-0.28880996,-0.12744069
-0.13281377,-0.2896288,-0.11731468
-0.095499694,-0.3211816,-0.13824116
-0.11750682,-0.31988728,-0.13495253
-0.09441145,-0.2895276,-0.12927836
-0.0491803,-0.10088885,0.027141087
-0.07460612,-0.105979204,0.037324756
-0.06990641,-0.13287532,0.029889114
-0.04609375,-0.12774175,0.01855763
-0.12587537,0.40656677,-0.098807186
-0.11060323,0.40969288,-0.115729555
-0.1279122,0.52824074,0.029578723
-0.13330916,0.51478934,0.017210878
-0.12156175,0.5081081,0.030641928
-0.11817165,0.5217366,0.038788304
-0.14145808,0.525366,0.0065980554
-0.13544004,0.5377668,0.020759605
-0.14096422,0.54969037,0.012063004
-0.14650437,0.537994,-0.002335906
-0.17013164,0.59615695,-0.02812832
-0.18027121,0.60416317,-0.032468997
-0.043254595,0.47261685,0.08628202
-0.019308167,0.47173756,0.090594776
-0.018253941,0.49283803,0.08320586
-0.060335103,0.2812057,0.08855683
-0.066243574,0.19691977,0.06581305
-0.037651386,0.16348338,0.078004874
-0.044653002,0.19201899,0.07493275
-0.0037798192,0.10267401,0.06297637
-0.057261907,0.46473667,-0.15432741
-0.06003413,0.48969543,-0.15807962
-0.030215297,0.6636834,-0.15833537
-0.012735622,0.65923405,-0.15484083
-0.02787599,0.6900884,-0.14970241
-0.027106225,0.7019457,-0.14510009
-0.011268977,0.6967419,-0.14372468
-0.01171007,0.6849045,-0.147822
-0.013469484,0.7500454,-0.11629481
-0.014482938,0.74047935,-0.123427145
0.0031044763,0.09309855,-0.025108783
0.0027346658,0.083724976,-0.011615757
0.003623995,0.092609376,-0.03510061
-0.015099315,0.04543668,0.032009147
-0.0017120261,0.047972947,0.010040756
-0.0043736426,0.061303884,0.018661194
-0.01821007,0.06172377,0.039743513
-0.1720761,0.09941763,-0.0011883453
-0.17863779,0.110556245,-0.04008256
-0.07979073,0.08003822,-0.13282561
-0.35211492,0.6380144,-0.10310513
-0.3538115,0.6467664,-0.11279847
-0.32997236,0.6409875,-0.114466935
-0.32800615,0.63261217,-0.10353772
-0.06168032,0.56642437,-0.16902485
-0.07092753,0.54021895,-0.16376495
-0.0776331,0.73721755,-0.046512082
-0.13890344,0.74180645,-0.055789657
-0.14072526,0.7324294,-0.029912328
-0.12931927,0.73177624,-0.03345566
-0.12683983,0.7420265,-0.05881369
-0.13956873,0.6999414,-0.13355714
-0.13836272,0.7144906,-0.12162215
-0.12541334,0.713554,-0.1272549
-0.12551787,0.69743824,-0.1391572
-0.024569456,0.2094846,-0.1709181
-0.053078122,0.20950055,-0.17168355
-0.03507228,0.39658174,-0.13925129
-0.056322854,0.39496332,-0.13917337
-0.054639015,0.41698837,-0.14464824
-0.033599913,0.41965434,-0.14468835
-0.09489994,0.5544418,-0.16162501
-0.11155203,0.53890973,-0.15117335
-0.02604802,0.56813514,0.069794066
-0.025609577,0.58675253,0.064011514
-0.042261425,0.5907744,0.064736985
-0.04233374,0.5739381,0.07033778
-0.29759032,0.66116035,-0.12777977
-0.27640772,0.6477236,-0.12587407
-0.2816865,0.6386812,-0.12084999
-0.30515012,0.64670503,-0.122987844
-0.16712545,0.12062138,-0.08488478
-0.14231879,0.104346246,-0.11506679
-0.1423952,0.43972862,-0.08330877
-0.13053423,0.44343197,-0.10651126
-0.12715214,0.42465004,-0.10312334
-0.13969412,0.42116112,-0.08088783
-0.15414599,0.49031362,-0.08488156
-0.14964844,0.474427,-0.08504741
-0.1586505,0.5055539,-0.084683895
-0.20492327,0.5984769,-0.101773106
-0.2068055,0.5946261,-0.09278642
-0.21784328,0.606938,-0.09495461
-0.036341578,0.044509232,0.04966759
-0.0430519,0.11628109,0.06682083
-0.036337033,0.13161215,0.07118918
0.0016819371,0.096570015,-0.020207457
-0.057782207,0.75548184,-0.043798525
-0.052996255,0.75202465,-0.026435979
-0.24675833,0.6206534,-0.07902812
-0.2631387,0.6220922,-0.0834398
-0.18620999,0.5743739,-0.0767304
-0.18162073,0.5784973,-0.060764
-0.19196405,0.58618134,-0.06316617
-0.19637455,0.58244807,-0.07848943
-0.19750163,0.5819515,-0.09150218
-0.1875592,0.573728,-0.09136149
-0.14245471,0.65119314,0.016552813
-0.12921374,0.6540021,0.0190866
-0.13130596,0.6706705,0.010615893
-0.14435028,0.6686939,0.009311598
-0.11567171,0.65440243,0.02171468
-0.10032199,0.6543151,0.024759702
-0.10250503,0.6716005,0.014374472
-0.11759186,0.6719011,0.012095131
-0.07444267,0.7203656,-0.022395264
-0.058043916,0.7128426,-0.0060325637
-0.038873643,0.7062327,0.004046701
-0.021387232,0.702495,0.010921128
-0.014001919,0.73031557,-0.12984446
-0.012734709,0.7188637,-0.13507035
-0.029871814,0.72253096,-0.13552254
-0.034713846,0.73479754,-0.12854798
-0.045322813,0.7383503,-0.014650218
-0.02954112,0.73441434,-0.002345886
-0.016974105,0.7208057,0.005273793
-0.34194583,0.7122364,-0.056070387
-0.31733602,0.7113782,-0.056373224
-0.05838823,0.76663184,-0.077726826
-0.060372625,0.76150924,-0.060579505
-0.3190914,0.7175444,-0.07449487
-0.3437503,0.71795046,-0.07390048
-0.11989845,0.7105128,-0.015799552
-0.1182289,0.72939175,-0.035832815
-0.13177538,0.7131788,-0.014382124
-0.042231645,0.74856555,-0.011266202
-0.02779233,0.7447147,0.0009155981
-0.177441,0.14692578,-0.033824842
-0.16996254,0.13520029,0.0004345551
-0.14303946,0.3935458,-0.0022032
-0.14792146,0.3973991,-0.027249351
-0.020492394,0.4265958,0.102035604
-0.020530337,0.4031535,0.10542937
-0.0010958514,0.75119543,0.014997862
-0.04495719,0.35441023,0.10478925
-0.022753106,0.3499678,0.108796336
-0.021406863,0.37776253,0.10774372
-0.043320663,0.38001525,0.10225507
-0.015096864,0.32193834,0.10808333
-0.013375625,0.30828953,0.1070304
-0.017256184,0.14369375,0.084777944
-0.0076788375,0.14336169,0.08899561
-0.25363117,0.6861011,-0.026463779
-0.23682578,0.68768626,-0.023018146
-0.23481499,0.70732564,-0.029897427
-0.2523305,0.70431286,-0.034729913
-0.064482704,0.35741246,0.09477531
-0.083184436,0.35916737,0.07913958
-0.16119343,0.5965225,-0.00940302
-0.16197295,0.58778125,-0.0260274
-0.016494919,0.5151869,0.07574352
-0.05776557,0.5786201,0.069543965
-0.058336418,0.5933615,0.063895844
-0.073913366,0.594798,0.06139385
-0.07265885,0.58107865,0.0669859
0.0021722333,0.09460655,-0.025805727
-0.23638065,0.69674927,-0.122486934
-0.22401632,0.6935406,-0.12485693
-0.22678678,0.68349755,-0.12770602
-0.23936877,0.68824255,-0.12549369
0.0039263368,0.054216832,-0.016859423
0.0030106409,0.038745522,-0.028733864
-0.011228278,0.10384941,-0.10762599
-0.00016345689,0.10446948,-0.08881053
-0.057954308,-0.012971818,0.051000975
-0.061279763,0.016496152,0.05786127
-0.054951973,-0.043403327,0.043139204
-0.052066274,-0.07262039,0.03515809
-0.055457614,-0.2557078,-0.026889948
-0.06656656,-0.28309768,-0.02702406
-0.07243173,-0.3720026,-0.041326653
-0.073565245,-0.4058556,-0.045650594
-0.0753033,-0.4423796,-0.049594488
-0.07752389,-0.4801073,-0.05498433
-0.07915914,-0.51624185,-0.05599622
-0.3460103,0.7167121,-0.09134276
-0.32015702,0.71733856,-0.09369348
-0.32389584,0.70878845,-0.10745351
-0.34942034,0.70988005,-0.10536577
-0.3005953,0.629135,-0.075975
-0.2977345,0.6363065,-0.061764203
-0.3203562,0.63742095,-0.06299412
-0.32252902,0.6318309,-0.07736743
-0.34616622,0.633649,-0.078067124
-0.34921,0.63347256,-0.0913576
-0.32507917,0.62963176,-0.09091408
-0.35403866,0.6588212,-0.12000888
-0.35332045,0.6722933,-0.12348776
-0.3273996,0.667911,-0.12531894
-0.33021253,0.6534934,-0.12183053
-0.35175753,0.69922036,-0.11592892
-0.32707575,0.69721437,-0.11706779
-0.32801208,0.6835282,-0.12349501
-0.3531615,0.68605083,-0.1223006
-0.3410645,0.65548915,-0.0383677
-0.34211925,0.6452176,-0.050098874
-0.31788373,0.6449967,-0.048884813
-0.3168688,0.6552945,-0.03701334
-0.23405404,0.7240444,-0.045513313
-0.2521236,0.7192558,-0.049445324
-0.19184473,0.6281153,-0.021401908
-0.19446875,0.6444361,-0.009769496
-0.20695809,0.64741594,-0.015461769
-0.20463794,0.6337938,-0.02753175
-0.2920073,0.69947183,-0.039799206
-0.27117044,0.7012087,-0.037500694
-0.2716188,0.7145821,-0.05291953
-0.2936328,0.71180516,-0.055605214
-0.29332453,0.6543824,-0.034873433
-0.2949572,0.64478743,-0.047308154
-0.27283084,0.6432626,-0.04468702
-0.27153134,0.6526964,-0.031775296
-0.30594155,0.63492143,-0.1142436
-0.28275558,0.62857306,-0.11124724
-0.23827916,0.6672645,-0.02028652
-0.25471342,0.6668367,-0.023719177
-0.1544888,0.58667094,-0.0068593025
-0.16944101,0.56362325,-0.055816926
-0.17443138,0.57180095,-0.058346346
-0.11781803,0.53595495,0.04542003
-0.119299605,0.5499123,0.048068196
-0.15376055,0.5284774,-0.020948011
-0.15634413,0.54434437,-0.028805438
-0.12552729,0.54110485,0.038254313
-0.124267235,0.5504614,0.042357825
-0.08402616,0.4702667,0.06595861
-0.018364057,0.71132594,0.006035555
-0.27157044,0.684596,-0.028983993
-0.27108577,0.66702557,-0.02640361
-0.25841913,0.6391724,-0.12238064
-0.24241583,0.63300157,-0.1183712
-0.2442035,0.62532043,-0.111539304
-0.261071,0.63102186,-0.1163149
-0.13134682,0.5771748,-0.15152094
-0.11411877,0.5661614,-0.15700266
-0.12671629,0.55282104,-0.14669693
-0.14153723,0.56540793,-0.14213032
-0.2370616,0.71229136,-0.1121559
-0.2410824,0.7199471,-0.10273328
-0.22503458,0.72190195,-0.10288741
-0.22326992,0.71243644,-0.11335045
-0.22796677,0.7296783,-0.08791481
-0.2459894,0.72587514,-0.08852368
-0.2504292,0.7264485,-0.069762364
-0.23164332,0.7314402,-0.06742129
-0.16291636,0.18778607,-0.08171826
-0.17249419,0.18496415,-0.054503627
-0.13075113,0.30608875,0.025553256
-0.11511472,0.29835373,0.043613262
-0.09254721,0.20826066,0.054769464
-0.021948956,0.085586786,0.050154038
-0.006997114,0.0783295,0.027092643
0.0003854027,0.015404999,-0.03939808
-0.17603824,0.17986768,-0.0279287
-0.0044881813,-0.013539821,-0.0484991
-0.011115022,-0.04373783,-0.05646843
-0.059106905,-0.03860879,-0.11226222
-0.08558236,-0.040016055,-0.11545535
-0.082898885,-0.010128498,-0.11654448
-0.053388346,-0.006556809,-0.11309524
-0.11186525,-0.042901337,-0.10902767
-0.11146012,-0.013846755,-0.11019839
-0.09860283,-0.13483179,0.02834829
-0.09563823,-0.35544926,-0.14147334
-0.116597086,-0.39182997,-0.13480867
-0.117675245,-0.35424727,-0.13797994
-0.09658712,-0.39189893,-0.13882136
-0.13668521,-0.3551324,-0.12479811
-0.1362048,-0.3210094,-0.12245196
-0.14199749,-0.4021976,-0.05181148
-0.097072184,-0.4292752,-0.13329786
-0.11499916,-0.43049026,-0.12999874
-0.13452283,-0.39223588,-0.12337819
-0.13045225,-0.43129992,-0.12013021
0.002294789,0.064751744,-0.005467966
-0.15547657,0.089321315,0.0337084
-0.15337752,0.12031695,0.035178177
-0.09756008,0.13078398,0.06318904
-0.06959137,0.115971535,0.06713967
-0.100327685,0.3829894,0.057386763
-0.11750515,0.38529056,0.03972078
-0.11651169,0.4285468,0.03678304
-0.13099341,0.4307517,0.017565921
-0.1316629,0.4099321,0.018628135
-0.11697602,0.4065551,0.03805185
-0.14797921,0.43478015,-0.030186208
-0.1482398,0.43687704,-0.05736109
-0.14653072,0.4183495,-0.055365644
-0.14716567,0.41591924,-0.028868368
-0.14697094,0.40058503,-0.053203102
-0.13922006,0.40338856,-0.07779972
-0.07601237,0.43652663,-0.14422157
-0.09503016,0.43270466,-0.13425806
-0.0975724,0.45404306,-0.13860938
-0.07828185,0.45952773,-0.14827508
-0.02674197,0.14103377,0.077623
-0.00013044663,0.0784159,0.007394351
-0.064390674,0.04444197,0.063146465
-0.09775093,0.073743224,0.070055164
-0.12988535,0.07834545,0.05946172
-0.24393083,0.6252538,-0.06607396
-0.16497429,0.60300636,-0.13382514
-0.16921958,0.5907611,-0.12907866
-0.26571012,0.7216665,-0.091088325
-0.270424,0.7219324,-0.07242095
-0.2528824,0.6508416,-0.027704276
-0.22045447,0.71052694,-0.025716504
-0.22218962,0.6890018,-0.018193327
-0.20851915,0.69204664,-0.013233691
-0.119901344,0.1985535,0.043261833
-0.14749865,0.18517983,0.029653907
-0.1231408,0.17294788,0.046691626
0.0024528897,0.101937085,-0.069687665
-0.044171754,0.099559724,0.06429472
-0.016688583,-0.07309812,-0.062442947
-0.020923344,-0.10120195,-0.06797097
-0.023840535,-0.12835675,-0.07386667
-0.026739296,-0.15527493,-0.07922408
-0.030215606,-0.18257177,-0.08443408
-0.03686468,-0.21008158,-0.08864556
-0.044755403,-0.23871958,-0.090052366
-0.048378315,-0.26773524,-0.095528595
-0.037754916,-0.33208936,-0.094011575
-0.04362242,-0.3295892,-0.11124489
-0.046176605,-0.29756516,-0.10489111
-0.042976465,-0.36285824,-0.11554654
-0.04583867,-0.39654016,-0.114994995
-0.054222185,-0.4320274,-0.11154925
-0.059291784,-0.46894085,-0.10920161
-0.061976317,-0.50559646,-0.10792512
0.0024397362,0.10186368,-0.04219839
0.0024722654,0.10188827,-0.05460459
-0.106655106,0.70734745,-0.016992528
-0.17501071,0.58660275,-0.044591792
-0.18507792,0.5936423,-0.04796814
-0.2368348,0.6498785,-0.023832042
-0.30376625,0.6943679,-0.1197332
-0.2991896,0.7065292,-0.11125831
-0.25283206,0.6415196,-0.041283675
-0.19279493,0.61555266,-0.035110444
-0.20498182,0.6247027,-0.039304756
-0.54756254,0.71769273,-0.07589296
-0.5457196,0.7214301,-0.090139896
-0.56652313,0.71772945,-0.088782504
-0.5677065,0.7130323,-0.075703084
-0.54829246,0.70807576,-0.06498488
-0.56798476,0.7033999,-0.06654964
-0.54553443,0.6441947,-0.08160368
-0.5450011,0.6538342,-0.06971031
-0.5652407,0.6539966,-0.07470178
-0.5657358,0.64566547,-0.086920895
-0.58662194,0.6877431,-0.06403161
-0.5855149,0.6755508,-0.06503838
-0.5661213,0.67771715,-0.061426364
-0.56739265,0.6912611,-0.06171655
-0.54456794,0.64624876,-0.11407077
-0.5427972,0.6566581,-0.12535676
-0.52287304,0.65284985,-0.122383915
-0.5249356,0.64299273,-0.10965171
-0.46125188,0.65015584,-0.058000933
-0.46372315,0.63955104,-0.06931938
-0.4462468,0.6413497,-0.06306944
-0.44394132,0.6527493,-0.053127456
-0.505943,0.7264729,-0.07552694
-0.5030602,0.7270856,-0.09140968
-0.52452075,0.72465575,-0.090827994
-0.52691495,0.7222115,-0.07546967
-0.5051638,0.6876444,-0.05183447
-0.50344807,0.6714642,-0.05501827
-0.48124975,0.6754049,-0.052634694
-0.4826814,0.6920066,-0.05003323
-0.48419347,0.7298937,-0.07656197
-0.48154983,0.7275742,-0.09216474
-0.54651314,0.6807314,-0.057661638
-0.545104,0.6663578,-0.061917216
-0.5246805,0.66856873,-0.057920277
-0.52639943,0.68410337,-0.054398533
-0.5840925,0.65423083,-0.11825428
-0.5828922,0.6643871,-0.12712842
-0.56287766,0.6606463,-0.12686184
-0.5643606,0.65015787,-0.11685046
-0.58491504,0.6644949,-0.07046444
-0.58507144,0.6549021,-0.079100944
-0.5651183,0.6652614,-0.06647165
-0.58475274,0.71092355,-0.11304271
-0.5858923,0.7147602,-0.10066295
-0.56477374,0.7174928,-0.1029689
-0.56316125,0.7119211,-0.1159947
-0.5037318,0.64479727,-0.06993212
-0.50296056,0.6564678,-0.060215347
-0.5243187,0.65451914,-0.064585954
-0.524888,0.6439157,-0.07587214
-0.50712585,0.71805334,-0.061705604
-0.52801764,0.7130234,-0.06332445
-0.5415199,0.7121042,-0.11799447
-0.543444,0.71981883,-0.10486114
-0.52167386,0.72072124,-0.10577847
-0.5197052,0.71132535,-0.11908433
-0.49800432,0.6947742,-0.12860608
-0.49859107,0.6782521,-0.1296687
-0.5190623,0.6823446,-0.13111764
-0.51879245,0.69800395,-0.12837368
-0.48205543,0.6472399,-0.06420944
-0.48394316,0.6382274,-0.077413596
-0.50497913,0.64032316,-0.103541315
-0.5030738,0.648964,-0.117970884
-0.48354757,0.6451056,-0.11207062
-0.48503572,0.63744956,-0.0956105
-0.44386524,0.7146243,-0.0529519
-0.44414216,0.7263677,-0.064906225
-0.4629335,0.72564745,-0.06246055
-0.46199626,0.7128774,-0.051757436
-0.46216974,0.7309767,-0.07861369
-0.44299,0.7299933,-0.08164899
-0.4148763,0.71800756,-0.099868104
-0.414274,0.70634985,-0.108306654
-0.42548552,0.70759517,-0.10667655
-0.42696333,0.7203002,-0.09855294
-0.45916507,0.68441916,-0.12904334
-0.45957214,0.66721356,-0.12518519
-0.47873372,0.673189,-0.12780905
-0.4780432,0.6903182,-0.12930429
-0.44618785,0.64703333,-0.11212455
-0.44940263,0.6372241,-0.09786995
-0.46529287,0.6408367,-0.10492626
-0.46216658,0.6523553,-0.11726301
-0.390629,0.6400764,-0.09337449
-0.38899785,0.63734436,-0.0806881
-0.4061766,0.6370281,-0.082099795
-0.40722388,0.640818,-0.09542875
-0.40138084,0.6457108,-0.054397166
-0.38467762,0.64546776,-0.05313254
-0.38430053,0.65581554,-0.04242707
-0.40073767,0.6563548,-0.044425942
-0.38890195,0.7148068,-0.057493903
-0.38917732,0.7218965,-0.07441029
-0.40278965,0.72414076,-0.07267643
-0.40326446,0.7159848,-0.05710665
-0.4435372,0.678624,-0.12793308
-0.441569,0.6608487,-0.1226356
-0.4161357,0.644808,-0.056224737
-0.4150577,0.6557186,-0.04685134
-0.42879146,0.65464246,-0.05001851
-0.43060884,0.6431999,-0.05907287
-0.41340894,0.68488294,-0.04522089
-0.41503152,0.7006816,-0.04853383
-0.4280317,0.6997354,-0.048728216
-0.42745334,0.6834311,-0.047847632
-0.4153893,0.7158746,-0.05581038
-0.41508138,0.72547984,-0.07059666
-0.4286566,0.7260195,-0.06756428
-0.4288252,0.71538186,-0.05423203
-0.43324476,0.67626643,-0.12628439
-0.4321452,0.6889172,-0.122440204
-0.42372066,0.6850719,-0.12173811
-0.42489916,0.6727924,-0.12431827
-0.4333276,0.6429162,-0.105501436
-0.43521148,0.635749,-0.09104675
-0.44276777,0.6813153,-0.049987823
-0.44310164,0.66651434,-0.049203508
-0.42819417,0.6682427,-0.045651592
-0.42807966,0.7280803,-0.08444671
-0.3923459,0.64610493,-0.10384761
-0.3928286,0.65360296,-0.11318745
-0.37642494,0.6511307,-0.112232015
-0.37564933,0.643012,-0.103266254
-0.37377352,0.63767296,-0.09251346
-0.37118435,0.6361285,-0.079510614
-0.36617193,0.6455029,-0.051585328
-0.36527485,0.6559564,-0.040375743
-0.3648979,0.6696561,-0.03421228
-0.3646045,0.6852449,-0.03450287
-0.38457993,0.6853634,-0.03762768
-0.38464367,0.669731,-0.03681409
-0.366556,0.7130631,-0.05631981
-0.36797145,0.71906906,-0.07390945
-0.38978207,0.720147,-0.08979221
-0.37049153,0.71756256,-0.09045616
-0.41870642,0.6372922,-0.06986363
-0.40383637,0.6388421,-0.0676403
-0.54002094,0.7002492,-0.12809299
-0.53990775,0.6854478,-0.13166615
-0.5609679,0.68788695,-0.1309208
-0.56154835,0.70147014,-0.12610158
-0.58197117,0.6768451,-0.13044083
-0.5614647,0.6738646,-0.13128597
-0.54787976,0.6953787,-0.05858844
-0.5278742,0.6993768,-0.056057453
-0.5872781,0.6994363,-0.067655176
-0.44324812,0.6976591,-0.049326554
-0.46070352,0.695804,-0.049373485
-0.41427666,0.6946267,-0.11621888
-0.40348703,0.7045071,-0.1097662
-0.40414464,0.6929953,-0.117690824
-0.44279763,0.6948471,-0.12202715
-0.45888785,0.70125085,-0.12080785
-0.4588188,0.71356994,-0.10587017
-0.4391156,0.70743686,-0.10809696
-0.41650596,0.66965854,-0.121656716
-0.41520095,0.6823242,-0.12114231
-0.40491813,0.6801441,-0.12116671
-0.4058828,0.6672554,-0.12019015
-0.38711685,0.7012405,-0.04471379
-0.40224558,0.7011106,-0.04720512
-0.3746553,0.7006298,-0.11415047
-0.39061412,0.7026036,-0.111488625
-0.39051834,0.71238863,-0.10152796
-0.3738136,0.71013653,-0.103809476
-0.40326798,0.71505606,-0.10046528
-0.37502107,0.68834347,-0.12058
-0.39109668,0.6910866,-0.118993595
-0.3652036,0.7008564,-0.04189055
-0.3921392,0.6649473,-0.11940936
-0.39173627,0.67804575,-0.12137372
-0.37538877,0.675186,-0.12214609
-0.37582082,0.6619973,-0.11901489
-0.5409636,0.6706201,-0.13090079
-0.5205652,0.66701144,-0.12893406
-0.44910404,0.6345919,-0.0794477
-0.46591857,0.63495827,-0.086968735
-0.43343535,0.6355907,-0.07362956
-0.5457482,0.6411295,-0.09797455
-0.56555766,0.64440495,-0.10248556
-0.5049355,0.63785434,-0.085217595
-0.52558154,0.6390004,-0.09201668
-0.49881136,0.70932156,-0.11937482
-0.41950506,0.6487137,-0.110437706
-0.4210183,0.64115167,-0.099600956
-0.4300802,0.65203285,-0.116394065
-0.36769205,0.6385022,-0.065032914
-0.38669494,0.6392437,-0.06664997
-0.4331624,0.6655055,-0.12525646
-0.34337404,0.63732415,-0.06355774
-0.44112253,0.72282696,-0.0970669
-0.41493315,0.725747,-0.08679193
-0.40309507,0.72316384,-0.08833425
-0.5869218,0.7141762,-0.08704747
-0.5067499,0.7038962,-0.053543665
-0.459614,0.6793813,-0.051231135
-0.46007672,0.66382897,-0.053055253
-0.4178793,0.65775716,-0.11853535
-0.40686512,0.65542746,-0.11531032
-0.40734354,0.6473657,-0.106163785
-0.40026256,0.68576497,-0.041483182
-0.4008002,0.67014986,-0.03955292
-0.5850683,0.64831126,-0.105398744
-0.41438067,0.6694975,-0.042587765
-0.46025124,0.72603005,-0.09374432
-0.012160098,0.67235446,-0.15155044
-0.14961696,0.5135084,-0.012747221
-0.11282121,0.48902228,0.038239755
-0.12723699,0.49196014,0.021676846
-0.16247663,0.5701189,-0.038689606
-0.1677475,0.5795951,-0.041643515
-0.19809224,0.6049244,-0.050352927
-0.20973718,0.6162766,-0.054013822
-0.14965436,0.5517056,-0.010997266
-0.072006464,0.9079131,-0.059255924
-0.07081145,0.90065205,-0.062475264
-0.07345781,0.92165655,-0.05832584
-0.012985591,0.33686337,0.10738026
-0.07053238,0.892532,-0.04764464
-0.06854482,0.88435066,-0.05049149
-0.07345182,0.88821125,-0.048523497
-0.07005444,0.893618,-0.045765083
-0.07021345,0.8948122,-0.045293164
-0.073676944,0.923824,-0.047929436
-0.06911968,0.8917944,-0.06309395
-0.06726758,0.88256884,-0.061630838
-0.07229303,0.9098819,-0.04257946
-0.043834798,0.3266644,-0.13159212
-0.020892613,0.3246189,-0.13084882
-0.022735156,0.30729014,-0.13683948
-0.04677977,0.30889598,-0.13536325
-0.02496854,0.29019773,-0.14472736
-0.13562737,0.2613176,-0.11752405
-0.15135823,0.26435852,-0.09481285
-0.14618547,0.28437996,-0.09210403
-0.13154161,0.2820763,-0.11378243
-0.15139519,0.3001045,-0.06763898
-0.1408948,0.30146617,-0.090103
-0.15668888,0.2842582,-0.0674552
-0.16147938,0.27982694,-0.040529754
-0.15579815,0.29643974,-0.04177912
-0.15978272,0.27129477,-0.014719762
-0.15352817,0.2890163,-0.016456496
-0.15220621,0.26129618,0.008438278
-0.13772933,0.25077382,0.027880624
-0.118339434,0.22072057,0.04258819
-0.093951866,0.23092626,0.05642253
-0.11706787,0.24029237,0.043392368
-0.049326453,0.21734111,0.07577907
-0.07063043,0.22281165,0.067170985
-0.014215993,0.21096188,0.0871383
-0.030847467,0.2135527,0.08247966
-0.10442385,0.6893716,0.0016187727
-0.07931049,0.7473538,-0.10649601
-0.087190434,0.7434649,-0.10649115
-0.09579812,0.748525,-0.08497721
-0.108219385,0.69281244,-0.14558671
-0.108637735,0.7100268,-0.13423455
-0.088986084,0.7023695,-0.14454198
-0.08795676,0.6856082,-0.15193632
-0.06987244,0.73869634,-0.12035289
-0.0660996,0.74136037,-0.119535565
-0.074527174,0.7342018,-0.12248619
-0.04400682,0.7176428,-0.13879463
-0.060186107,0.72545576,-0.13362741
-0.13725093,0.73955417,-0.0824216
-0.13724665,0.7288283,-0.105209686
-0.14795017,0.72815293,-0.09996519
-0.15006584,0.7390518,-0.078307524
-0.14042671,0.6845167,-0.14119947
-0.14061676,0.6685493,-0.14551899
-0.15289424,0.6724741,-0.14140975
-0.15177172,0.6872644,-0.1368286
-0.18825695,0.73886,-0.06718682
-0.18421863,0.73234284,-0.089423686
-0.19741945,0.7330314,-0.088059165
-0.20145789,0.73730224,-0.066247895
-0.14979817,0.7014159,-0.1282659
-0.08393766,0.5729043,-0.16858336
-0.10394448,0.58132523,-0.16459341
-0.12143737,0.5897322,-0.15857905
-0.16038577,0.6159432,-0.13744617
-0.15022132,0.60788643,-0.14224693
-0.1554454,0.5943685,-0.13882396
-0.17093465,0.6239006,-0.13401178
-0.18168886,0.62821674,-0.12990487
-0.20874482,0.66835296,-0.010182213
-0.19629182,0.6686077,-0.004045654
-0.19501922,0.6953986,-0.009296391
-0.20668988,0.6352104,-0.12272434
-0.19352648,0.6290388,-0.12386433
-0.19592214,0.62157273,-0.12003077
-0.20904271,0.6294618,-0.11941423
-0.124873936,0.74034536,-0.085801
-0.19656788,0.7219589,-0.104753986
-0.18335006,0.7203021,-0.105654255
-0.18312319,0.7082259,-0.11726898
-0.19588737,0.71098304,-0.11566746
-0.19693264,0.6983507,-0.12405603
-0.18461116,0.6950961,-0.12640849
-0.1855585,0.6823214,-0.13163093
-0.19822785,0.6855154,-0.12902305
-0.20523237,0.64244527,-0.12578592
-0.19153473,0.6369381,-0.12752724
-0.21885553,0.72805244,-0.043282613
-0.16437054,0.7396247,-0.047287103
-0.16517004,0.7275007,-0.02298986
-0.15247658,0.7307426,-0.02602771
-0.15141326,0.7413266,-0.05121679
-0.23050313,0.6162949,-0.0746016
-0.22659801,0.62119174,-0.06054471
-0.2321143,0.6130135,-0.0872257
-0.20238854,0.6056552,-0.10995919
-0.23180881,0.61426276,-0.09800376
-0.22150637,0.64839196,-0.02017771
-0.22277673,0.6677098,-0.01625096
-0.16682349,0.7054161,-0.0074717626
-0.15407847,0.71003777,-0.009075161
-0.21568228,0.7350124,-0.06672988
-0.21190159,0.7318803,-0.08817855
-0.22202307,0.6415981,-0.12360368
-0.22433539,0.6364193,-0.121200435
-0.23750888,0.6436783,-0.12423375
-0.19073817,0.59854305,-0.11676479
-0.1985257,0.6144475,-0.115744464
-0.16229159,0.7389977,-0.07399456
-0.21000834,0.72211194,-0.10440341
-0.20956708,0.7112164,-0.11524131
-0.17329945,0.6921271,-0.12938884
-0.1714106,0.7052681,-0.12039149
-0.16072065,0.70322824,-0.1243428
-0.16256359,0.68951887,-0.1329414
-0.21124607,0.68955505,-0.12756333
-0.21346022,0.6782751,-0.12964922
-0.16371764,0.6752766,-0.13715269
-0.17427436,0.6784277,-0.13394326
-0.2202343,0.6486152,-0.12634692
-0.14264454,0.7133776,-0.011923119
-0.1444695,0.6913366,9.04575e-05
-0.13212644,0.69140226,-0.0006107092
-0.16944312,0.68038875,0.0017430075
-0.1562544,0.68690354,0.0015252419
-0.18345211,0.67257595,8.375198e-05
-0.119558305,0.69020176,-0.00013196096
-0.42701414,0.66131365,-0.12239804
-0.24058379,0.6393777,-0.12231804
-0.2538939,0.6456012,-0.124996595
-0.24936397,0.65026367,-0.12656063
-0.30300215,0.6792232,-0.12522426
0.00447077,0.8325462,0.07434321
0.0049400106,0.8384647,0.07683536
0.006066141,0.8596863,0.07774807
0.0062002237,0.8635774,0.07680272
-0.42352656,0.69624573,-0.115074575
-0.43114108,0.69770724,-0.11530247
-0.4782813,0.7060158,-0.11971314
-0.5004022,0.7201518,-0.10587888
-0.4794188,0.7179046,-0.105724186
-0.4851416,0.7231034,-0.061303835
-0.4842545,0.7089584,-0.05184941
-0.48101228,0.65986854,-0.05668052
-0.48073414,0.6577758,-0.12207204
-0.6267554,0.70262504,-0.07161743
-0.6270158,0.7084164,-0.08240068
-0.64744335,0.70589876,-0.0795197
-0.6466256,0.6988552,-0.06982076
-0.66610295,0.69591236,-0.0675157
-0.66455096,0.68548954,-0.064775266
-0.64569014,0.68882436,-0.06553584
-0.66270995,0.6757659,-0.06823252
-0.64420974,0.67836,-0.067353174
-0.66114175,0.66794276,-0.07491505
-0.6609845,0.66248584,-0.08268762
-0.6428838,0.6629878,-0.08007462
-0.6431,0.6696224,-0.0726413
-0.6241109,0.65747213,-0.086072266
-0.6432443,0.6584538,-0.08920193
-0.64345086,0.6568146,-0.09976364
-0.62428385,0.654009,-0.09719348
-0.66223747,0.66833043,-0.11902454
-0.6623104,0.6767658,-0.12268374
-0.64334846,0.6745024,-0.12420749
-0.64329004,0.6650668,-0.11969871
-0.6242229,0.69355303,-0.12334133
-0.62332284,0.682511,-0.12633571
-0.6439079,0.6851486,-0.12420346
-0.64478344,0.6957202,-0.1215596
-0.6635618,0.6981591,-0.121388905
-0.6652258,0.70515794,-0.11275076
-0.64596117,0.70359266,-0.11475944
-0.5873975,0.709047,-0.07546294
-0.607056,0.7057063,-0.07390936
-0.6067083,0.69583917,-0.06709364
-0.6241939,0.67147946,-0.07005743
-0.6049756,0.673476,-0.067610964
-0.60586673,0.6845143,-0.065132566
-0.62507814,0.68142027,-0.06614863
-0.5854246,0.6482151,-0.091213
-0.6046361,0.65615785,-0.08281985
-0.6048985,0.6513598,-0.09447597
-0.62394685,0.6635263,-0.07699804
-0.60452855,0.6641176,-0.07390326
-0.62386715,0.6556024,-0.10925631
-0.64331245,0.6593527,-0.11068888
-0.627064,0.70996034,-0.09459025
-0.62660426,0.70818514,-0.10655503
-0.6471439,0.7072572,-0.10381096
-0.64757264,0.7082572,-0.09181908
-0.604597,0.65228456,-0.10738146
-0.6058395,0.7096058,-0.109883055
-0.6065834,0.7122676,-0.09768812
-0.6255331,0.70269626,-0.11676399
-0.6047261,0.70225096,-0.119662344
-0.6668857,0.7071778,-0.08908902
-0.6670398,0.7038275,-0.07670206
-0.60702884,0.71128887,-0.08473566
-0.62352777,0.6614966,-0.11959757
-0.6232978,0.67132723,-0.12551324
-0.60300237,0.66780245,-0.12652361
-0.6038162,0.65795386,-0.119008675
-0.5821829,0.68973625,-0.12886386
-0.6027175,0.6795802,-0.12850955
-0.6032912,0.6914899,-0.12606601
-0.6626097,0.6871806,-0.12329615
-0.5833518,0.70188046,-0.12289799
-0.748727,0.6616107,-0.078914516
-0.7390366,0.65827924,-0.07745034
-0.74408686,0.656325,-0.06726299
-0.7534234,0.6603427,-0.069227934
-0.7232191,0.6475871,-0.059687115
-0.7142649,0.6517122,-0.05181857
-0.7238812,0.65267175,-0.04277
-0.7314925,0.648848,-0.049696747
-0.75692475,0.66184926,-0.060312826
-0.7480409,0.65694237,-0.058497384
-0.75570583,0.66620505,-0.05391731
-0.7645511,0.67358446,-0.057194017
-0.7648911,0.6667268,-0.061314896
-0.7728287,0.6773582,-0.059085492
-0.7589204,0.684574,-0.05945606
-0.77125686,0.68632144,-0.06312952
-0.7536381,0.69631237,-0.08499142
-0.7510398,0.6970036,-0.096054636
-0.7658099,0.695745,-0.096398406
-0.76807344,0.694491,-0.084859006
-0.7572136,0.69149244,-0.116059676
-0.7626547,0.6940538,-0.106350034
-0.7477242,0.6958526,-0.10515669
-0.7435494,0.69360965,-0.113937
-0.74261934,0.6645393,-0.093999
-0.73231196,0.66252804,-0.09434676
-0.7346992,0.6612288,-0.08740905
-0.7444745,0.6637452,-0.08778146
-0.75171494,0.66888195,-0.04277641
-0.74838656,0.67705804,-0.050421484
-0.7544437,0.6735807,-0.05210244
-0.75361747,0.66549575,-0.044518482
-0.70695734,0.6547103,-0.10814817
-0.6949112,0.65751004,-0.10631092
-0.6954487,0.65786016,-0.09702379
-0.70639175,0.65567017,-0.099919826
-0.69923764,0.6540354,-0.06833689
-0.6941722,0.6577635,-0.07616629
-0.68851876,0.6677437,-0.06572052
-0.6953529,0.66607803,-0.060090523
-0.7057591,0.65202934,-0.060477685
-0.7019457,0.66414565,-0.05396272
-0.710904,0.6626009,-0.046952672
-0.721427,0.6614213,-0.038779892
-0.6938366,0.6608257,-0.1168399
-0.7023784,0.6582805,-0.12050349
-0.8234807,0.67001504,-0.06579937
-0.8241103,0.66841173,-0.07158008
-0.81828743,0.6686999,-0.07080193
-0.81767124,0.6703784,-0.0649478
-0.7015216,0.6780068,-0.12868896
-0.7034657,0.6876566,-0.12565735
-0.6960375,0.6872767,-0.1254739
-0.6944817,0.67709196,-0.12642378
-0.7108909,0.67880917,-0.13148913
-0.71314955,0.6884048,-0.12600136
-0.8259457,0.6826499,-0.06452899
-0.8247162,0.67837054,-0.061777446
-0.81879324,0.67956966,-0.061756257
-0.8198158,0.68386996,-0.06483676
-0.7624653,0.66299677,-0.06955042
-0.7582153,0.66363883,-0.078665525
-0.78121394,0.6653045,-0.07322381
-0.76944435,0.6646634,-0.078059375
-0.7712903,0.6650272,-0.06817955
-0.7799317,0.6669585,-0.06661196
-0.7623591,0.66582495,-0.098581985
-0.751699,0.66558105,-0.09841482
-0.75557816,0.66562545,-0.0906473
-0.76658905,0.6656825,-0.091217525
-0.748758,0.6623582,-0.11108734
-0.7588793,0.66338396,-0.11167355
-0.7574802,0.66145694,-0.11853749
-0.7485793,0.6604611,-0.11746868
-0.77971756,0.66658974,-0.10674816
-0.78937685,0.66943055,-0.10757685
-0.78772926,0.6698081,-0.11320014
-0.7784387,0.6662339,-0.11253968
-0.6883276,0.6876043,-0.12528837
-0.68678546,0.6772332,-0.1249227
-0.74822986,0.6839982,-0.13354911
-0.7437396,0.6761451,-0.13929655
-0.7532821,0.6745873,-0.14305192
-0.75776505,0.6826617,-0.1369384
-0.7064523,0.69531655,-0.118505694
-0.6984528,0.6959539,-0.11904441
-0.82708806,0.68479407,-0.06990301
-0.8209458,0.6861726,-0.07026301
-0.71297526,0.6740798,-0.04927168
-0.7238987,0.67117155,-0.040500097
-0.70370644,0.6764377,-0.056099553
-0.69676244,0.678389,-0.060375076
-0.68946975,0.68036836,-0.06240064
-0.7749076,0.66532457,-0.08347283
-0.75248474,0.66453624,-0.086178645
-0.7409835,0.66413414,-0.09881837
-0.73682183,0.6568912,-0.12921876
-0.72878003,0.6567835,-0.12890168
-0.7322791,0.65609145,-0.119018026
-0.73934096,0.6573155,-0.121725895
-0.74215114,0.6664425,-0.1405622
-0.7440119,0.66021484,-0.13627215
-0.7527849,0.66043127,-0.13807409
-0.7515472,0.66559947,-0.14324734
-0.74926126,0.6715555,-0.038874462
-0.74185413,0.6774465,-0.046556015
-0.7010698,0.66731566,-0.12752214
-0.6934392,0.66774905,-0.123850144
-0.6860491,0.6691353,-0.12101555
-0.71924275,0.6584576,-0.09782669
-0.70623446,0.65571755,-0.094460204
-0.70722324,0.6539601,-0.08776893
-0.7206472,0.658031,-0.09284623
-0.728258,0.6521704,-0.07536678
-0.71574503,0.6483282,-0.07036126
-0.7344959,0.65063155,-0.064738475
-0.6949273,0.6576518,-0.08843356
-0.6862892,0.66045904,-0.09537554
-0.6859231,0.660758,-0.08578318
-0.6862971,0.66101456,-0.10537639
-0.6862203,0.6639068,-0.11451703
-0.67618805,0.66104805,-0.09403348
-0.67566836,0.66217375,-0.08462657
-0.67635983,0.6621405,-0.10427705
-0.67662615,0.6650208,-0.11314842
-0.6784241,0.6994516,-0.120432116
-0.6771032,0.68838555,-0.12409633
-0.6897239,0.69768214,-0.11980433
-0.6778474,0.6724981,-0.06750494
-0.68617636,0.66312075,-0.07561724
-0.67631954,0.66581595,-0.07585771
-0.6797765,0.68271786,-0.06369054
-0.7371651,0.6504919,-0.042434342
-0.74288756,0.6509893,-0.036432933
-0.74833226,0.6530548,-0.041709796
-0.74396163,0.6532576,-0.047822993
-0.7810926,0.6793888,-0.060829673
-0.7804369,0.67208546,-0.061627768
-0.7724607,0.6699368,-0.061379157
-0.71583307,0.6544466,-0.113961846
-0.71155787,0.6572502,-0.12484049
-0.783943,0.66609144,-0.079120144
-0.8123652,0.6847319,-0.06504126
-0.8114649,0.680084,-0.061752304
-0.7986738,0.6801522,-0.06177012
-0.8000159,0.68569547,-0.06512811
-0.79366285,0.67051095,-0.08290123
-0.7910107,0.6677437,-0.07745621
-0.7993411,0.6681455,-0.07700321
-0.8018526,0.6720911,-0.08166842
-0.7839083,0.6676104,-0.11969963
-0.77628255,0.6648348,-0.11937827
-0.7822,0.6892203,-0.08538017
-0.78091353,0.6912952,-0.07341102
-0.7693068,0.69304204,-0.072692946
-0.7602432,0.6648994,-0.10545707
-0.7701433,0.66534835,-0.10615298
-0.7689054,0.66442895,-0.112176865
-0.77851534,0.6661907,-0.08628425
-0.78514874,0.66726005,-0.08423418
-0.78275925,0.6673758,-0.090384975
-0.7747645,0.6660683,-0.09141967
-0.73232716,0.67808527,-0.13663971
-0.7307239,0.66527736,-0.13800561
-0.82373804,0.6738195,-0.062325172
-0.8179584,0.67462385,-0.061728872
-0.6767076,0.67772233,-0.12290413
-0.6767289,0.6699383,-0.11933248
-0.74969095,0.6643778,-0.104648545
-0.75568765,0.69314295,-0.0725669
-0.7394036,0.66274315,-0.10398636
-0.77461433,0.68267363,-0.12655213
-0.77432674,0.6758746,-0.13113728
-0.78172004,0.6759914,-0.12896058
-0.7824455,0.6826545,-0.12724495
-0.81341374,0.6738399,-0.08091881
-0.8119099,0.66958326,-0.07647513
-0.8194988,0.67035747,-0.076780654
-0.8206859,0.6745751,-0.08071096
-0.788611,0.6671264,-0.07194971
-0.7874359,0.6687298,-0.066126205
-0.79677814,0.6695013,-0.065735266
-0.79756397,0.66734505,-0.071286105
-0.78808206,0.67370594,-0.06231752
-0.7974812,0.6743722,-0.06217111
-0.8146128,0.6803181,-0.08192493
-0.8143739,0.68580294,-0.077694125
-0.8022247,0.686116,-0.07885643
-0.80347806,0.6793617,-0.082621604
-0.7303139,0.69562936,-0.11215186
-0.7272689,0.6924444,-0.12038423
-0.74009234,0.6902002,-0.12285479
-0.7528139,0.6881057,-0.12560113
-0.76456153,0.683944,-0.1277325
-0.7696437,0.68978673,-0.11804546
-0.73652875,0.68621653,-0.13016114
-0.7924626,0.68012565,-0.08802807
-0.79211617,0.6851139,-0.081584305
-0.791256,0.6860795,-0.08946768
-0.73790777,0.6601262,-0.11142546
-0.8106282,0.67479193,-0.061636377
-0.7025029,0.6972382,-0.07363504
-0.70335186,0.70244163,-0.08556321
-0.7136194,0.7011607,-0.08652964
-0.7113961,0.69510084,-0.07251595
-0.8105673,0.6683284,-0.07064997
-0.810292,0.66995555,-0.0649273
-0.77555376,0.6648071,-0.126224
-0.78226763,0.6677722,-0.12533277
-0.78234726,0.6699598,-0.12944186
-0.7768662,0.6677989,-0.13173608
-0.72439563,0.6881902,-0.1275774
-0.7607746,0.6728189,-0.14577122
-0.76408345,0.6814115,-0.14037287
-0.7156768,0.6944501,-0.1190184
-0.7183694,0.69810367,-0.11052124
-0.7088384,0.7001154,-0.10923776
-0.7779947,0.68974173,-0.10716476
-0.73367,0.6975694,-0.10405756
-0.72110236,0.69956976,-0.10236396
-0.71052647,0.701525,-0.099682935
-0.70185375,0.70323104,-0.098460436
-0.70038193,0.7015587,-0.108976744
-0.8134869,0.6872435,-0.07084776
-0.82170343,0.68501997,-0.07686022
-0.6908454,0.70318323,-0.109238
-0.67949086,0.7051618,-0.11067723
-0.6808606,0.70660365,-0.09922306
-0.69265145,0.7049128,-0.09798254
-0.723673,0.69980067,-0.093346454
-0.72552925,0.69895136,-0.083782
-0.7365726,0.6982468,-0.09535953
-0.73948705,0.69750965,-0.08490755
-0.77924633,0.6935965,-0.09650661
-0.8364065,0.6793214,-0.07954314
-0.8280147,0.6798224,-0.08020314
-0.8271151,0.67464674,-0.08090165
-0.83573455,0.67489195,-0.08068092
-0.821608,0.6802436,-0.0809221
-0.8278993,0.6839962,-0.07619967
-0.74149215,0.6937047,-0.072104156
-0.79083985,0.6702886,-0.08961989
-0.7252707,0.69199616,-0.068843745
-0.7456833,0.68752867,-0.058913663
-0.73447037,0.6854006,-0.055521622
-0.70727086,0.68723094,-0.061508372
-0.7168258,0.68389744,-0.056031268
-0.69191396,0.69095945,-0.066040464
-0.69950134,0.68920535,-0.06455085
-0.68156785,0.6931926,-0.066545136
-0.72765684,0.6795346,-0.047078487
-0.8312179,0.66894025,-0.066980705
-0.8319397,0.66797006,-0.07292861
-0.69391644,0.6990743,-0.07419825
-0.6828673,0.7014559,-0.07476723
-0.74024564,0.65157545,-0.055354457
-0.7279333,0.6581894,-0.10872361
-0.72941995,0.6607399,-0.10314566
-0.7207473,0.65678,-0.12761551
-0.72488594,0.65497434,-0.116688676
-0.6824202,0.70627224,-0.08680216
-0.66177577,0.65974283,-0.09187448
-0.66203594,0.66025597,-0.10213524
-0.66626966,0.70712703,-0.10126037
-0.83183694,0.6724076,-0.063139886
-0.79274863,0.6757742,-0.109552816
-0.79140466,0.67674315,-0.11213751
-0.73118746,0.6531186,-0.036230076
-0.7390918,0.65350294,-0.031315964
-0.74151814,0.6657388,-0.028773492
-0.7390304,0.65901124,-0.02836799
-0.7299206,0.6602248,-0.032355346
-0.73261124,0.6685107,-0.033485122
-0.7185967,0.65766764,-0.10189527
-0.7181105,0.6561665,-0.107124284
-0.72116476,0.67907035,-0.13416702
-0.71976125,0.66682726,-0.13539621
-0.7890594,0.68028355,-0.061732784
-0.7812609,0.68657637,-0.06492147
-0.7898372,0.6860612,-0.0656554
-0.8008632,0.6883064,-0.07169016
-0.7939404,0.67563343,-0.08767635
-0.79584473,0.67764795,-0.08386667
-0.7105733,0.6510548,-0.079885975
-0.72361726,0.6556432,-0.085328
-0.74975,0.65850407,-0.051483113
-0.7524269,0.6595543,-0.04561275
-0.7716446,0.66589904,-0.09882575
-0.79025054,0.6885382,-0.10489183
-0.7898884,0.69157654,-0.09659821
-0.7803922,0.6669126,-0.09868708
-0.8343958,0.6809705,-0.06473097
-0.8331211,0.67658484,-0.062208965
-0.79050547,0.6892735,-0.072917074
-0.76705855,0.66273427,-0.119284846
-0.7855212,0.68528825,-0.11203472
-0.79211694,0.68280655,-0.1085968
-0.7582996,0.6656071,-0.14428847
-0.69406813,0.70414937,-0.08584382
-0.8254858,0.6700065,-0.077714294
-0.83351123,0.6698014,-0.078635104
-0.8359922,0.682411,-0.07590087
-0.83511794,0.68321276,-0.07007324
-0.7099731,0.6671903,-0.13186355
-0.7307865,0.66220564,-0.098786026
-0.66228014,0.6633486,-0.111720204
-0.7365014,0.6752899,-0.039026685
-0.74547327,0.6709082,-0.032961242
-0.78858423,0.6686529,-0.09877975
-0.7691348,0.680312,-0.13412493
-0.77843696,0.68857586,-0.119860075
-0.7853935,0.6881166,-0.12153376
-0.7897196,0.6865052,-0.11515926
-0.79274493,0.6817516,-0.11353101
-0.8426498,0.6817256,-0.07595027
-0.8420505,0.6824558,-0.07020457
-0.84164006,0.68015605,-0.06487028
-0.83988816,0.67577887,-0.062700756
-0.8379355,0.6718711,-0.06395482
-0.8429025,0.6788576,-0.079381555
-0.8418497,0.67462957,-0.08044565
-0.839351,0.6698365,-0.07853526
-0.84838116,0.67803043,-0.07957841
-0.84940785,0.6808202,-0.0760443
-0.8545537,0.67705023,-0.06465218
-0.8491149,0.6793579,-0.06524913
-0.85237014,0.6797746,-0.067504145
-0.85595775,0.67897165,-0.06715614
-0.86025625,0.6780783,-0.06767553
-0.8591603,0.6755399,-0.06569663
-0.85173756,0.68093634,-0.07061996
-0.8559737,0.68036443,-0.0710752
-0.8558138,0.67984366,-0.075129256
-0.86004853,0.679229,-0.07565597
-0.8605084,0.67977047,-0.07165179
-0.8522424,0.6805773,-0.074034706
-0.84801877,0.6817187,-0.07036977
-0.86307347,0.67504305,-0.06805204
-0.8632668,0.6775541,-0.068620965
-0.8644706,0.6787114,-0.071934626
-0.8654365,0.67589873,-0.072404765
-0.8458737,0.6750965,-0.06326175
-0.85246205,0.6737478,-0.06425655
-0.857934,0.67258596,-0.06606251
-0.8622271,0.6721838,-0.06879392
-0.8514,0.6705146,-0.06602687
-0.85707694,0.6701198,-0.06819921
-0.86065346,0.67009985,-0.07062323
-0.8513115,0.6682337,-0.06960674
-0.8568078,0.6685475,-0.071113504
-0.84287673,0.66857374,-0.06821353
-0.8436509,0.6712882,-0.06455082
-0.8594946,0.6691809,-0.07212637
-0.86417925,0.6729509,-0.07329312
-0.8547907,0.678858,-0.077993184
-0.85981363,0.6777499,-0.07819289
-0.854119,0.6766493,-0.079952404
-0.8592999,0.67540205,-0.0796207
-0.8640509,0.6769395,-0.076891124
-0.8637074,0.6789281,-0.07538991
-0.8367835,0.668653,-0.06779116
-0.837607,0.6680967,-0.07361938
-0.8433827,0.66779166,-0.07390906
-0.8513674,0.6672281,-0.07483409
-0.8447372,0.6698048,-0.07858898
-0.8472147,0.67411155,-0.080492854
-0.85321337,0.67354417,-0.08038467
-0.85202414,0.66977304,-0.079058014
-0.8583571,0.67262816,-0.079655826
-0.8575776,0.6700151,-0.07827457
-0.8573019,0.66850203,-0.07488739
-0.86165357,0.6718187,-0.07772653
-0.8632414,0.6742801,-0.07765968
-0.86242455,0.67098737,-0.07410456
-0.8601988,0.67037636,-0.077087864
-0.8602431,0.66970575,-0.074573
-0.8308459,0.6733441,-0.09876395
-0.83041567,0.67217,-0.10434782
-0.82286435,0.67264706,-0.10278684
-0.8234269,0.6738294,-0.097302824
-0.8315199,0.6858285,-0.095120676
-0.83157426,0.6802945,-0.09309764
-0.82461196,0.6815626,-0.09201546
-0.82457626,0.68702763,-0.0943412
-0.8307578,0.6883939,-0.101258054
-0.8238435,0.6895999,-0.10072497
-0.8163332,0.68768394,-0.09308819
-0.81635356,0.681962,-0.090931565
-0.8021604,0.68079364,-0.08995573
-0.80216885,0.6868948,-0.091155976
-0.79932815,0.67136925,-0.10599165
-0.8007934,0.6759528,-0.1092287
-0.8314049,0.6759112,-0.09480928
-0.82419205,0.67682934,-0.09355886
-0.8146252,0.67708015,-0.110170916
-0.8141871,0.6730476,-0.106803924
-0.82293576,0.67380846,-0.1078721
-0.8232831,0.67737716,-0.11130845
-0.7999427,0.67192185,-0.09349868
-0.7989882,0.67026293,-0.099715576
-0.8014193,0.6759201,-0.09079927
-0.8151188,0.68275064,-0.1110559
-0.8154779,0.6880896,-0.107440725
-0.8015817,0.6886415,-0.105566815
-0.80178356,0.68275106,-0.10950716
-0.8156401,0.6768817,-0.09237972
-0.8138703,0.67181623,-0.10142585
-0.81466824,0.67316437,-0.09585576
-0.8155868,0.690207,-0.09977871
-0.82364935,0.68717945,-0.108237535
-0.84024376,0.68173015,-0.11240508
-0.83080006,0.68204445,-0.1120667
-0.83057857,0.6771784,-0.112607345
-0.84042567,0.6772161,-0.1135052
-0.82362735,0.6822964,-0.111611545
-0.8306599,0.686471,-0.10838271
-0.8411547,0.6724297,-0.10073826
-0.84086037,0.6717077,-0.10639337
-0.8415227,0.67474884,-0.09670758
-0.801663,0.69117045,-0.09784468
-0.84117556,0.68421084,-0.09645793
-0.84148467,0.67874897,-0.094998285
-0.83038795,0.6733687,-0.10948461
-0.84036076,0.6731089,-0.11125245
-0.84003776,0.6856096,-0.10879212
-0.8400762,0.6870792,-0.10214649
-0.8478199,0.6845324,-0.10946492
-0.8481565,0.685827,-0.103380874
-0.8491447,0.6833029,-0.097886086
-0.8486019,0.6780659,-0.09653724
-0.84789884,0.67449534,-0.09830007
-0.8477217,0.68132794,-0.11283926
-0.8473312,0.6774094,-0.11388061
-0.84662026,0.67338383,-0.111975715
-0.8548638,0.6807712,-0.11378122
-0.8560423,0.6838132,-0.11076006
-0.86895233,0.67978865,-0.10162088
-0.8634309,0.680912,-0.099925295
-0.8640183,0.6827497,-0.10267914
-0.8691391,0.68248653,-0.10339038
-0.85725826,0.68280166,-0.0996639
-0.86033165,0.6835585,-0.10261029
-0.8596938,0.6844498,-0.105792284
-0.8639758,0.6844292,-0.10667755
-0.86324626,0.683511,-0.11057159
-0.8683287,0.68354475,-0.11169576
-0.8693237,0.6846597,-0.10753979
-0.8595212,0.68392515,-0.10925824
-0.87289727,0.6822777,-0.10474534
-0.8731448,0.67974573,-0.10476071
-0.85530365,0.68518406,-0.10483399
-0.8550778,0.6779967,-0.09775236
-0.8620072,0.6771884,-0.099275336
-0.8680596,0.67645884,-0.1020656
-0.8723619,0.6765912,-0.1057681
-0.86103356,0.67375046,-0.101395085
-0.8672287,0.673769,-0.10403268
-0.87088436,0.6744832,-0.10716996
-0.86038154,0.67147774,-0.10518
-0.8667393,0.6722183,-0.10706816
-0.8522966,0.672052,-0.1033213
-0.8534484,0.6743273,-0.099426255
-0.8696246,0.67339885,-0.10839076
-0.875078,0.6811683,-0.10923793
-0.8741628,0.6780299,-0.110031575
-0.87431353,0.6842838,-0.10823589
-0.8622601,0.6819172,-0.11267095
-0.8677865,0.6815194,-0.11366759
-0.86158323,0.6801659,-0.11477971
-0.8675746,0.67973506,-0.11531756
-0.8727379,0.6817162,-0.11319949
-0.87238985,0.68371457,-0.11186107
-0.84716433,0.67236483,-0.10211984
-0.8467185,0.6718643,-0.10730197
-0.85175204,0.67125964,-0.10847293
-0.8599526,0.67086804,-0.11028479
-0.85179514,0.6731633,-0.11283686
-0.8535315,0.6772061,-0.11464202
-0.86060655,0.67699826,-0.115500174
-0.85978407,0.6732353,-0.11419653
-0.86668855,0.67690855,-0.11552101
-0.86592007,0.6738012,-0.11442383
-0.8660338,0.6718745,-0.11115596
-0.8707902,0.67651457,-0.114143975
-0.87228584,0.6791856,-0.11413881
-0.87203074,0.675385,-0.11069748
-0.8692291,0.674447,-0.11363114
-0.8696712,0.6736013,-0.11110301
-0.81940424,0.6729959,-0.12454796
-0.8176315,0.6701582,-0.12903924
-0.81154877,0.67087185,-0.12721862
-0.8135351,0.67348874,-0.12277476
-0.8201078,0.68457985,-0.12465362
-0.8208522,0.6814511,-0.12263549
-0.8147793,0.68215847,-0.120440274
-0.8134284,0.6859226,-0.12230879
-0.8186605,0.68585205,-0.12951586
-0.81136155,0.6870369,-0.12762424
-0.80672055,0.6865287,-0.12015485
-0.80847126,0.68212897,-0.11822976
-0.7984697,0.68142074,-0.11571187
-0.79681134,0.6866385,-0.11742678
-0.82069284,0.6773015,-0.122702695
-0.8147822,0.6777364,-0.12067558
-0.80222416,0.6724968,-0.13276424
-0.802823,0.6701004,-0.1297065
-0.81009835,0.6708195,-0.13172331
-0.8095044,0.6731533,-0.13463089
-0.7949545,0.67183197,-0.11752366
-0.79224527,0.66935194,-0.12182196
-0.7974197,0.6761236,-0.115855515
-0.8022513,0.67783976,-0.13417941
-0.8025619,0.68424696,-0.13197082
-0.79158837,0.6834891,-0.12931283
-0.79078126,0.6768399,-0.13073328
-0.8084638,0.6772153,-0.118630625
-0.8045306,0.66985506,-0.12503338
-0.8068457,0.6726969,-0.12060497
-0.8040839,0.6875849,-0.12583366
-0.8097579,0.6838466,-0.13351086
-0.8263955,0.67785734,-0.1396743
-0.8161034,0.67793167,-0.13758339
-0.81590426,0.6728267,-0.13695942
-0.82611835,0.67327654,-0.13964434
-0.8093521,0.67801046,-0.13601357
-0.81711483,0.68317163,-0.13497469
-0.82835215,0.67201865,-0.12758896
-0.8268845,0.6696101,-0.13201648
-0.82952565,0.6759534,-0.12571119
-0.7938886,0.6879926,-0.12342462
-0.7903235,0.67111796,-0.12984252
-0.8297773,0.6828123,-0.12729502
-0.83007646,0.6797921,-0.12547815
-0.8161903,0.67005706,-0.13386676
-0.8258591,0.6699861,-0.13681722
-0.8271748,0.6823151,-0.1369929
-0.8283511,0.6845256,-0.1317167
-0.83407354,0.68182373,-0.1388021
-0.83533263,0.68365,-0.13354081
-0.83691424,0.6821176,-0.12907133
-0.83668226,0.6787101,-0.12743889
-0.83552307,0.67508805,-0.12787233
-0.8334709,0.67757136,-0.14127097
-0.8329396,0.67365044,-0.14099103
-0.8318737,0.6703118,-0.13825026
-0.83858985,0.6771697,-0.14280152
-0.8403348,0.68098176,-0.14032415
-0.854456,0.67905724,-0.13323973
-0.8496266,0.67966723,-0.13156465
-0.8495774,0.68064654,-0.13383088
-0.85416716,0.68066645,-0.13501593
-0.84360284,0.6814561,-0.13095593
-0.8459948,0.6815639,-0.1333138
-0.8445259,0.68236244,-0.1361641
-0.84877414,0.6821802,-0.13743037
-0.84681123,0.6804243,-0.14100401
-0.8512628,0.6802698,-0.14233951
-0.853335,0.68190706,-0.13871396
-0.84370434,0.68151385,-0.13939856
-0.8570696,0.68050915,-0.13650627
-0.8579099,0.6788393,-0.13589963
-0.84086734,0.68291235,-0.13511717
-0.8422726,0.67791957,-0.12876883
-0.8484539,0.67680067,-0.13027838
-0.85393786,0.6761473,-0.13259113
-0.85707664,0.67581856,-0.13578989
-0.84690905,0.673554,-0.13106355
-0.85235447,0.6731639,-0.13337797
-0.85515606,0.6731123,-0.1361613
-0.8451696,0.670803,-0.13318637
-0.8507767,0.67107755,-0.13530082
-0.8387464,0.6714711,-0.13137414
-0.84055525,0.6743443,-0.12931177
-0.8533479,0.6717361,-0.13686287
-0.8581174,0.6789921,-0.14022863
-0.8573082,0.6756748,-0.14053142
-0.85696685,0.681353,-0.13973266
-0.8453024,0.6789807,-0.1429292
-0.8502403,0.67836565,-0.14401022
-0.8441412,0.6761505,-0.14393526
-0.849601,0.67582715,-0.14472124
-0.85467535,0.6785609,-0.1436338
-0.8546297,0.6803504,-0.14253446
-0.8339153,0.6718463,-0.12981507
-0.83233035,0.66989446,-0.13366123
-0.8371584,0.66971993,-0.13498741
-0.84398997,0.6692517,-0.13703963
-0.8365492,0.6702063,-0.13933253
-0.8376845,0.6734096,-0.14200115
-0.84342885,0.67305225,-0.14332551
-0.843039,0.67012984,-0.14106962
-0.84894365,0.67308843,-0.14408357
-0.84873044,0.67058057,-0.14226368
-0.84967357,0.66983616,-0.13871261
-0.85296786,0.67322826,-0.14330946
-0.85402614,0.6758528,-0.14400524
-0.8552791,0.67304176,-0.14009325
-0.8518041,0.67142516,-0.14215504
-0.85301006,0.6713111,-0.13951933
-0.79052687,0.6692914,-0.12644617
-0.7941191,0.6668322,-0.15022722
-0.7919318,0.66449344,-0.15268946
-0.78783697,0.66509604,-0.14995041
-0.7898572,0.6673377,-0.14753258
-0.7950359,0.6775005,-0.15222016
-0.7962849,0.674458,-0.14966428
-0.79172945,0.6753174,-0.1464769
-0.7902966,0.6788319,-0.1490297
-0.79206055,0.67726207,-0.1566704
-0.7871377,0.6786075,-0.15374967
-0.78478634,0.67915356,-0.14511254
-0.78655624,0.6753708,-0.14260003
-0.7783878,0.6751945,-0.13703033
-0.7757834,0.67972946,-0.13900426
-0.7638541,0.66540587,-0.14532009
-0.7652388,0.6629242,-0.14154902
-0.77222663,0.66330856,-0.14519319
-0.7699515,0.66500413,-0.14856085
-0.7957774,0.6704465,-0.14925763
-0.7914278,0.67101824,-0.14620304
-0.7788333,0.6653194,-0.1533646
-0.7810325,0.6638094,-0.15013245
-0.78577995,0.66434026,-0.1531189
-0.783964,0.66560954,-0.15627982
-0.7682698,0.66247857,-0.13763627
-0.77191335,0.6639848,-0.13385698
-0.7769156,0.6661818,-0.13849798
-0.77479243,0.66377175,-0.14174712
-0.7783704,0.66984284,-0.13731864
-0.77777475,0.669187,-0.15512481
-0.77874625,0.67472255,-0.15410288
-0.76870203,0.674765,-0.1491892
-0.7688115,0.6689787,-0.15008058
-0.78644073,0.6708628,-0.14283195
-0.7832511,0.66454726,-0.14675689
-0.7852258,0.6671475,-0.14397906
-0.7813313,0.67927504,-0.14998348
-0.7845191,0.67443717,-0.15730426
-0.79393107,0.66758907,-0.16442296
-0.7877642,0.66861886,-0.16092974
-0.7880093,0.6648252,-0.15936571
-0.7938554,0.66422653,-0.16305713
-0.78327304,0.6692586,-0.15812641
-0.7892973,0.67338175,-0.16007198
-0.7999939,0.6660037,-0.1536487
-0.7974538,0.66362584,-0.15612459
-0.80146855,0.669451,-0.152892
-0.7716972,0.6807451,-0.14428899
-0.8012166,0.6758796,-0.15576024
-0.80220336,0.67296016,-0.15343085
-0.7897621,0.66370094,-0.15598983
-0.7952573,0.6629251,-0.15974995
-0.79553443,0.67206466,-0.16348511
-0.7982347,0.675685,-0.15990144
-0.80072033,0.67126983,-0.16644517
-0.8033203,0.67492145,-0.16279829
-0.80609655,0.6748283,-0.15840864
-0.8066146,0.6721043,-0.15588814
-0.8053148,0.668725,-0.15533638
-0.7989963,0.6667886,-0.1672392
-0.7986904,0.6640072,-0.1654431
-0.79947335,0.6630131,-0.16207638
-0.80364424,0.66659546,-0.16911045
-0.8059905,0.67086184,-0.16869903
-0.81918746,0.67065454,-0.1639289
-0.8156978,0.6717818,-0.1619134
-0.8152581,0.6724519,-0.16406617
-0.818447,0.67197335,-0.16545752
-0.8107665,0.67357594,-0.16095152
-0.812134,0.673428,-0.16335282
-0.8101463,0.6733799,-0.16578788
-0.81343096,0.6730745,-0.16708839
-0.8115614,0.67097545,-0.17012276
-0.8150713,0.6702123,-0.17171988
-0.8170435,0.6727522,-0.16878076
-0.8090786,0.6719865,-0.1684739
-0.82086074,0.6718935,-0.16704673
-0.8218157,0.67024153,-0.16660139
-0.8074004,0.6740269,-0.16465057
-0.8106127,0.6711956,-0.15823962
-0.8154205,0.66993433,-0.16049713
-0.81952626,0.6685827,-0.16326362
-0.8216114,0.6676158,-0.1664978
-0.81384826,0.66749775,-0.1600861
-0.81818503,0.666406,-0.1631215
-0.8200048,0.66561687,-0.16616002
-0.81183416,0.66501737,-0.16069447
-0.8162765,0.6645139,-0.16365296
-0.80693644,0.6655801,-0.15817161
-0.8091088,0.66846293,-0.15751949
-0.8184553,0.66458917,-0.16577926
-0.8211535,0.6694323,-0.17047521
-0.8208184,0.66681296,-0.1698224
-0.81999147,0.6720103,-0.17035219
-0.8099902,0.66884995,-0.17125571
-0.81443393,0.66792786,-0.17280409
-0.8084349,0.66597617,-0.17093107
-0.8138765,0.66542155,-0.17228426
-0.8182608,0.6682331,-0.17274423
-0.81785387,0.67026407,-0.17237578
-0.803514,0.6656482,-0.15614903
-0.8013159,0.6636046,-0.15854126
-0.8046723,0.66333044,-0.16048175
-0.80956393,0.66284406,-0.16281354
-0.8031578,0.6626084,-0.16398978
-0.8027309,0.66374874,-0.16728467
-0.80806804,0.66347015,-0.16934764
-0.8083816,0.6620737,-0.1662728
-0.8136059,0.66347444,-0.1706264
-0.8138482,0.6624307,-0.16813067
-0.8148231,0.6629985,-0.16535127
-0.81759995,0.66425866,-0.17026144
-0.8181618,0.66588527,-0.17189649
-0.8196409,0.6650371,-0.16859701
-0.81690633,0.6633558,-0.16875008
-0.8180151,0.66383356,-0.16730766
-0.76372993,0.6687398,-0.14711526
-0.75813705,0.6685254,-0.031901587
-0.7603069,0.66632247,-0.036062717
-0.75500405,0.6514605,-0.035281643
-0.75880754,0.6561253,-0.038322724
-0.75087917,0.6504936,-0.030112049
-0.748807,0.65745664,-0.022875935
-0.7489823,0.65299517,-0.025583742
-0.7609141,0.6620518,-0.038478527
-0.75468194,0.6683437,-0.02672235
-0.750785,0.6636312,-0.023033999
-0.7629343,0.66721666,-0.020553432
-0.75936043,0.6622853,-0.01652956
-0.757031,0.6556001,-0.016479064
-0.7563926,0.650999,-0.020386446
-0.7572005,0.64886,-0.02568845
-0.76577514,0.6679113,-0.026470719
-0.7669653,0.66550565,-0.031495493
-0.7661011,0.6603992,-0.034181103
-0.77307296,0.6671674,-0.021287682
-0.7730121,0.66617864,-0.013736159
-0.7762514,0.65171087,-0.005184591
-0.7715287,0.6520431,-0.0075161196
-0.7728609,0.6556881,-0.00549908
-0.7762477,0.6553347,-0.003011316
-0.7664903,0.6542893,-0.010145742
-0.77049756,0.65679353,-0.0073509775
-0.77226764,0.66116273,-0.0076863244
-0.7747825,0.6611067,-0.005268473
-0.77466923,0.664626,-0.009133715
-0.77773124,0.6652316,-0.0077289864
-0.77816546,0.66072005,-0.002367679
-0.7799352,0.6557076,-0.0012403615
-0.7819307,0.65963453,-0.0010234714
-0.7811159,0.65314007,-0.002857037
-0.7685854,0.66130465,-0.01089723
-0.7636375,0.64966923,-0.015265141
-0.77068347,0.64900756,-0.011287138
-0.77717227,0.6491832,-0.0083510615
-0.7826769,0.65140563,-0.0065878034
-0.771644,0.6472957,-0.016535193
-0.7786668,0.6487605,-0.013002802
-0.7829281,0.65136266,-0.010915458
-0.7740174,0.6490063,-0.021480728
-0.7801676,0.65046114,-0.01665178
-0.7654189,0.64896226,-0.02719943
-0.7635118,0.64748925,-0.021292051
-0.78290683,0.6519205,-0.013907541
-0.7853133,0.6574776,-0.0024963357
-0.7862357,0.65587103,-0.006914433
-0.77921444,0.66620296,-0.011797931
-0.78091383,0.6647083,-0.0051200017
-0.7833796,0.6651568,-0.008834593
-0.77979773,0.6658836,-0.016887423
-0.78458494,0.66372263,-0.012952223
-0.785811,0.66261214,-0.0054687858
-0.7833612,0.6632892,-0.0028445348
-0.759742,0.649974,-0.031025056
-0.76328164,0.65440637,-0.033871733
-0.76883864,0.65398425,-0.030334545
-0.77652013,0.6535666,-0.02465293
-0.7719085,0.66004205,-0.030434815
-0.77341443,0.6653427,-0.027006809
-0.78028697,0.66358125,-0.021495016
-0.7790943,0.65900016,-0.024506325
-0.7846958,0.6612412,-0.016395234
-0.7836005,0.6578166,-0.018637933
-0.78191805,0.6538465,-0.018504374
-0.7862121,0.65849113,-0.012873985
-0.78683764,0.6606258,-0.009331878
-0.785524,0.6549727,-0.011011478
-0.7850596,0.65693367,-0.015151206
-0.7842442,0.65436214,-0.014388647
-0.7595907,0.66116685,-0.13962314
-0.7624641,0.6603506,-0.13413589
-0.7549451,0.6592261,-0.13225593
-0.7459258,0.6578105,-0.13063207
-0.73669064,0.6595507,-0.1349725
-0.7476879,0.65863574,-0.123949304
-0.7567714,0.6600621,-0.12589143
-0.76687485,0.66178364,-0.12782389
-0.74191755,0.65913796,-0.11681243
-0.0332128,0.9170074,0.044428825
-0.030170456,0.9182075,0.04624583
-0.032520913,0.9107343,0.04430735
-0.03504774,0.91091704,0.04257296
-0.025443872,0.91106886,0.046876445
-0.029759038,0.91048634,0.046205908
-0.025499243,0.91894376,0.04734882
-0.020127047,0.91870266,0.047020607
-0.012448259,0.9147684,0.04464736
-0.010800777,0.91346407,0.04494693
-0.0116655845,0.91254485,0.04556802
-0.013900628,0.9124463,0.04567477
-0.017560815,0.9119395,0.046693712
-0.037732188,0.9132793,0.03967031
-0.03683656,0.914566,0.040704064
-0.035311684,0.9158666,0.042494893
-0.02142583,0.9115129,0.047103956
-0.036874127,0.9114676,0.040794775
-0.037752207,0.9121705,0.03970892
-0.015658513,0.91745293,0.04567404
-0.025736276,0.9134808,0.046871357
-0.029654305,0.91317475,0.045907766
-0.025887812,0.9163588,0.04712967
-0.021124087,0.9163944,0.04718054
-0.015467901,0.9135983,0.0459778
-0.017951293,0.9136912,0.046689227
-0.032612786,0.9128407,0.044241905
-0.021607189,0.9137387,0.047114223
-0.030098993,0.9157425,0.04601299
-0.01717677,0.91569316,0.046498775
-0.014920447,0.9147392,0.04563175
-0.037016906,0.91315985,0.04030312
-0.037037045,0.9127281,0.040324852
-0.00967737,0.6748004,0.025875166
-0.010395379,0.6600858,0.033838086
-0.032886226,0.9149856,0.044213198
-0.0361805,0.91266906,0.041236386
-0.034705397,0.91272354,0.04259707
-0.03483947,0.9143201,0.042479694
-0.03621558,0.913681,0.041126363
-0.2920684,0.66794366,-0.02888581
-0.29178196,0.6843107,-0.030533224
-0.29367214,0.718449,-0.07450136
-0.28993794,0.7170464,-0.09687605
-0.063844025,0.38164148,0.091726504
-0.111758664,0.4285108,-0.120925926
-0.11522506,0.44824275,-0.12521419
-0.033656925,0.4438595,-0.15036821
-0.05530726,0.4402397,-0.14985767
-0.14228241,0.41313967,-0.0037341788
-0.14205755,0.4329985,-0.0048197694
-0.10042496,0.4046427,0.055569574
-0.10089816,0.42706102,0.054251403
-0.13259475,0.3893711,0.020194583
-0.07718821,0.39390683,-0.13521118
-0.096459106,0.39277443,-0.12686527
-0.0939493,0.4125386,-0.12933636
-0.075399846,0.41489586,-0.1392133
-0.01316498,0.44679767,-0.14482105
-0.013351522,0.422564,-0.13930245
-0.14939141,0.45433545,-0.031188685
-0.1506121,0.455577,-0.05867022
-0.1354121,0.4617174,-0.10844903
-0.12071505,0.46712092,-0.12801935
-0.102677986,0.47462714,-0.14187858
-0.08211233,0.48250663,-0.1514436
-0.08482967,0.44948763,0.06900217
-0.065227136,0.47133583,0.077520885
-0.14182347,0.4534338,-0.005026873
-0.020223126,0.44989133,0.09687204
-0.06380056,0.51432204,-0.16133189
-0.038338292,0.51866114,-0.16398787
-0.14581583,0.4581138,-0.08489428
-0.026442267,0.6181057,0.05155208
-0.04400228,0.62103367,0.050746
-0.04299893,0.606123,0.05811151
-0.02573272,0.6025128,0.057799444
-0.05963668,0.60794747,0.057003453
-0.07588589,0.6086815,0.054326214
-0.09097482,0.6087258,0.050687
-0.12774925,0.6040139,0.036062025
-0.116958335,0.6063101,0.04144638
-0.1442136,0.5955255,0.021817997
-0.13688484,0.6006181,0.029652432
-0.14821127,0.5863427,0.0111569315
-0.14907606,0.57550645,-0.0027493536
-0.15575142,0.5772634,-0.023182238
-0.15192811,0.5643248,-0.017642632
-0.14506695,0.5627882,0.0037153512
-0.1425755,0.5739062,0.01652807
-0.13838333,0.58240837,0.027019687
-0.012236182,0.5387644,0.069534235
-0.009822221,0.5622502,0.06529178
-0.0082215965,0.68883896,0.018367283
-0.50045735,0.66268754,-0.12606308
-0.6260428,0.69250405,-0.06600681
-0.011411559,0.70791084,-0.13952255
-0.027541973,0.71235466,-0.14043024
-0.08146134,0.72738767,-0.12706697
-0.09562202,0.73806536,-0.109278336
-0.062200893,0.7169875,-0.13830644
-0.044407338,0.7083338,-0.14395879
-0.12897992,0.47228763,0.018216424
-0.029303614,0.67727613,-0.15415701
-0.04581766,0.6971296,-0.14941457
-0.065313116,0.70627785,-0.14480588
-0.08622974,0.71710616,-0.13409896
-0.10767703,0.7293148,-0.11600497
-0.124791116,0.72936034,-0.109815486
-0.14860652,0.71507335,-0.116488196
-0.1591099,0.7158865,-0.11175893
-0.1703427,0.71802354,-0.10819383
-0.1718393,0.7308507,-0.09244277
-0.1595577,0.728879,-0.095828444
-0.2571844,0.7168747,-0.104594834
-0.2713297,0.71099925,-0.10883704
-0.27983814,0.7019183,-0.11562645
-0.28420177,0.690576,-0.1218365
-0.28364632,0.6778976,-0.12670687
-0.27831087,0.6648945,-0.12877133
-0.26675817,0.65367407,-0.12710342
-0.22699608,0.63361347,-0.118899986
-0.21231574,0.6262291,-0.11644271
-0.18163523,0.5893441,-0.11968663
-0.17334224,0.5811448,-0.122581206
-0.15121242,0.55548483,-0.13081294
-0.13957788,0.54196423,-0.13418373
-0.12786517,0.5273641,-0.13845164
-0.09011325,0.29619753,-0.13376817
-0.10901177,0.2986549,-0.12379422
-0.10558945,0.31527317,-0.12033575
-0.0864674,0.31290805,-0.12844896
-0.040806755,0.3491745,-0.13251603
-0.018872565,0.34752494,-0.1299799
-0.14937443,0.31570596,-0.06805906
-0.15346253,0.311988,-0.04313541
-0.12386797,0.31707263,-0.10738222
-0.13864294,0.31714427,-0.08982344
-0.15039393,0.3057193,-0.018005613
-0.09601383,0.2713814,0.058889173
-0.076743826,0.26521623,0.0728563
-0.036999226,0.2573948,0.09073628
-0.018280718,0.25519022,0.09486548
-0.14202331,0.29712588,0.004613824
-0.05658675,0.2607009,0.08343651
-0.1299181,0.28768092,0.024450243
-0.11410324,0.2787598,0.042513274
-0.062131394,0.3503838,-0.13277394
-0.06456609,0.32923096,-0.13131589
-0.084466055,0.33117747,-0.12827197
-0.034311272,0.5841748,-0.16885933
-0.055317383,0.58669627,-0.17161864
-0.076373994,0.591131,-0.1719255
-0.09142572,0.61411905,-0.16980368
-0.09630692,0.5970733,-0.16871378
-0.11397463,0.60454637,-0.16217837
-0.10909073,0.62135136,-0.163044
-0.14205493,0.6363754,-0.14692317
-0.143933,0.62167525,-0.14469552
-0.15662105,0.6292317,-0.14049909
-0.15505524,0.6432819,-0.14312804
-0.16850534,0.6358745,-0.13775444
-0.17883408,0.6406889,-0.1339095
-0.19071102,0.6457303,-0.13042592
-0.20421524,0.6510715,-0.12913518
-0.19881517,0.6744243,-0.1313459
-0.18642291,0.66912746,-0.13340852
-0.1408381,0.6524678,-0.14742643
-0.12371522,0.6459375,-0.15364778
-0.031399116,0.61945057,-0.16734049
-0.013033908,0.61636645,-0.16245127
-0.1586424,0.5576683,-0.03442306
-0.16546123,0.5519841,-0.05269694
-0.16997376,0.54922205,-0.07080151
-0.17057498,0.54949963,-0.086795315
-0.1691386,0.5527734,-0.102833256
-0.16473156,0.5578559,-0.116362475
-0.16582471,0.5733161,-0.12535842
-0.15894586,0.5650685,-0.12789184
-0.16082552,0.5827652,-0.13332108
-0.15252402,0.57438785,-0.13732052
-0.14521015,0.58568114,-0.14459772
-0.13677876,0.59846514,-0.15011187
-0.12974863,0.6129359,-0.15299737
-0.1256304,0.6289247,-0.15436858
-0.106236756,0.63929546,-0.16148245
-0.08854832,0.6324138,-0.16779436
-0.068449765,0.6447139,-0.16733778
-0.06752917,0.6614367,-0.16246024
-0.069719,0.62711215,-0.17106813
-0.07141477,0.60910875,-0.17292237
-0.0684561,0.74977326,-0.10923679
-0.052862156,0.74271816,-0.120368384
-0.25525397,0.66490465,-0.1285443
-0.25366777,0.65838397,-0.12815854
-0.2592271,0.6570704,-0.12803864
-0.2654211,0.66597605,-0.12854117
-0.2687366,0.6766173,-0.12755793
-0.2549456,0.6836374,-0.12639146
-0.25633883,0.67411864,-0.12812778
-0.26830772,0.6874414,-0.124335185
-0.26461393,0.69726205,-0.12015681
-0.25180888,0.69273776,-0.12344046
-0.2583407,0.7053522,-0.11588596
-0.24773951,0.7004031,-0.120150134
-0.24913414,0.7105363,-0.11297013
-0.24399756,0.70525813,-0.11738871
-0.21027443,0.70013577,-0.12270511
-0.22288704,0.70270395,-0.12055955
-0.2352463,0.704224,-0.11858255
-0.21873952,0.6571167,-0.12895763
-0.23218411,0.66443783,-0.1292117
-0.24453552,0.6704674,-0.12922373
-0.24259749,0.67955935,-0.1282463
-0.2299375,0.67377806,-0.12936434
-0.21657638,0.6670848,-0.13032609
-0.031886794,0.6029444,-0.16870373
-0.05144185,0.6057247,-0.1718771
-0.16685687,0.64858186,-0.13971668
-0.17715193,0.65232074,-0.13644813
-0.1883904,0.6558802,-0.13301112
-0.20165782,0.6616985,-0.13129961
-0.17621556,0.66525596,-0.13683861
-0.16547346,0.661898,-0.13984352
-0.15375985,0.65783036,-0.14343478
-0.050485194,0.6231107,-0.17071891
-0.013548601,0.6005078,-0.16453117
-0.18083183,0.7001481,-0.007412836
-0.17922789,0.7229694,-0.021326868
-0.1782258,0.73693985,-0.04399853
-0.17529178,0.73924446,-0.069891036
-0.42093882,0.6358235,-0.08572054
-0.014627332,0.39812344,-0.13435055
-0.01671123,0.373145,-0.13086686
-0.037922945,0.37324467,-0.13446096
-0.015623657,0.5209303,-0.1598734
-0.014823994,0.5825819,-0.16543147
-0.098396376,0.58025014,0.059326753
-0.08641896,0.58122534,0.06342853
-0.08836006,0.59489226,0.057755478
-0.10107541,0.5940487,0.05342874
-0.1184776,0.5778429,0.04793424
-0.109134376,0.57930815,0.054177716
-0.11260541,0.59278077,0.048172735
-0.12270944,0.5907898,0.042187124
-0.12654534,0.57497746,0.04094649
-0.13139892,0.5876293,0.03542178
-0.10673487,0.5651202,0.059387222
-0.09668997,0.56604743,0.06474469
-0.084907874,0.5671142,0.06794597
-0.12237774,0.56248313,0.045980476
-0.115173966,0.56423795,0.05284749
0.00048363488,0.79378974,0.050295934
-2.721604e-05,0.79954994,0.065356106
0.0053748097,0.84368944,0.077482335
0.0057814624,0.84830827,0.07525643
-0.0049456228,0.7097521,0.0078906305
-0.0038107224,0.719759,0.007003896
-0.009177236,0.5814421,0.06104038
-0.009366661,0.61394113,0.05110447
-0.009982794,0.629302,0.045997962
-0.010353275,0.64477324,0.040585473
-0.0069384687,0.7003175,0.012299031
-0.009135112,0.5979096,0.056289904
-0.15270606,0.13810715,-0.10792172
-0.13498469,0.12244323,-0.12711883
-0.14076672,0.14720023,-0.123344086
-0.12781806,0.13529983,-0.1366874
-0.15183681,0.213652,-0.09945066
-0.15045384,0.18837783,-0.105564706
-0.15330055,0.23971152,-0.096598655
-0.10884929,0.12770367,-0.14922875
-0.08460741,0.12504268,-0.15861198
-0.08226241,0.14274457,-0.16389242
-0.13763459,0.23657624,-0.11961226
-0.13739079,0.21134719,-0.122353666
-0.13301405,0.15204456,-0.131098
-0.1474058,0.16570404,-0.11334834
-0.13494568,0.16635382,-0.12913242
-0.10542415,0.14383927,-0.1544421
-0.122745425,0.14752477,-0.14186323
-0.049831137,0.29153684,-0.14312711
-0.026493791,0.27234435,-0.15248212
-0.052495778,0.27306262,-0.15140444
-0.12642436,0.30056453,-0.109017745
-0.11380343,0.2797764,-0.12975174
-0.12102707,0.16455656,-0.14371207
-0.103103116,0.16306168,-0.1572172
-0.07998845,0.16300869,-0.16768584
-0.078866765,0.23278841,-0.16228431
-0.07884619,0.20991525,-0.16711025
-0.10097143,0.2089571,-0.15703467
-0.10093203,0.23314203,-0.15262328
-0.11789824,0.2586439,-0.13499922
-0.120216146,0.2340849,-0.13841924
-0.077526554,0.25495455,-0.15561958
-0.09876637,0.25673288,-0.14729518
-0.0945954,0.2774348,-0.14071408
-0.12061551,0.20918673,-0.14168166
-0.05191865,0.1862973,-0.17367014
-0.07906608,0.18608502,-0.16908064
-0.023411686,0.18683425,-0.17185074
-0.074671105,0.27500677,-0.14756969
-0.07069339,0.29384822,-0.13955793
-0.06705609,0.31112772,-0.13307664
-0.059384782,0.3727245,-0.1344148
-0.1049843,-0.10834235,0.03369169
0.0038142265,0.079818636,-0.019849047
0.00367286,0.090869695,-0.04799754
-0.16898106,0.16632509,0.0054608583
-0.17232597,0.15492252,-0.06611467
-0.16021533,0.1615183,-0.09218575
-0.021060215,0.07443413,0.045671485
-0.006286761,0.070751965,0.024258517
-0.15116668,0.15484962,0.031629786
-0.09847243,0.10243216,0.06789614
0.0010273797,0.07249841,0.0032066256
-0.13599019,0.18754366,-0.12553403
-0.1206613,0.18542331,-0.1432249
-0.101816,0.18499634,-0.15818125
-0.05264445,0.16394153,-0.17204261
-0.023086041,0.16560885,-0.16933995
-0.015248312,0.123532,0.0767969
-0.012806535,0.13137364,0.08386942
-0.005773439,0.1290727,0.084871076
-0.005228578,0.11636296,0.07561798
-0.09454544,0.25125277,0.05772774
-0.07353094,0.24482343,0.069887936
-0.03364659,0.2365238,0.085995175
-0.01607043,0.2341775,0.09001341
-0.14616135,0.2795328,0.0062700287
-0.0528007,0.24004151,0.07934774
-0.13355097,0.269288,0.026006363
-0.1154158,0.25944877,0.04295282
-0.06683585,-0.54197603,-0.08081702
-0.06679022,-0.57065624,-0.07636619
-0.06769131,-0.5692056,-0.09122279
-0.06454866,-0.539929,-0.09543219
-0.0780981,-0.53530353,-0.12227111
-0.06777249,-0.5373234,-0.11550435
-0.09220812,-0.5351636,-0.12379907
-0.09058049,-0.5654132,-0.124104604
-0.102176994,-0.5664448,-0.11663171
-0.105639845,-0.53661853,-0.11902853
-0.11511682,-0.5377887,-0.10993792
-0.118630946,-0.5683833,-0.09694643
-0.1196367,-0.56834203,-0.07850678
-0.12405163,-0.54041296,-0.07986473
-0.12148173,-0.5389425,-0.09822704
-0.11973813,-0.5447981,-0.059610605
-0.11601746,-0.5715719,-0.05823805
-0.10516006,-0.54731506,-0.049323156
-0.07199071,-0.5449328,-0.06519342
-0.06983848,-0.5724651,-0.059218183
-0.07695092,-0.56544524,-0.123635195
-0.068559974,-0.5671802,-0.112937234
-0.063298866,-0.53909343,-0.1057245
-0.06828913,-0.56823415,-0.101789445
-0.06502454,-0.59751326,-0.08624073
-0.06007481,-0.5976015,-0.070088886
-0.07555999,-0.59400135,-0.12392766
-0.07153119,-0.5955216,-0.10924012
-0.09784852,-0.5946905,-0.11411822
-0.08862388,-0.59368056,-0.12582172
-0.11894615,-0.5962867,-0.09564125
-0.11161576,-0.567414,-0.10810233
-0.109644234,-0.595645,-0.10610819
-0.120899916,-0.59551066,-0.07706352
-0.11579147,-0.5969288,-0.053506378
-0.063896015,-0.5979027,-0.051135734
-0.06916708,-0.5968409,-0.097716
-0.12057568,-0.6882104,0.10659803
-0.113258705,-0.6891077,0.10869595
-0.11467321,-0.68361276,0.107114635
-0.1192538,-0.6836445,0.10601436
-0.080040544,-0.6882834,0.1185111
-0.06786175,-0.69201785,0.11683767
-0.069143504,-0.67989665,0.11887158
-0.07765253,-0.6781425,0.12020562
-0.09841825,-0.6894098,0.11731837
-0.10674459,-0.6892516,0.11639283
-0.10437398,-0.693024,0.11337101
-0.099288836,-0.69284517,0.11398763
-0.14173059,-0.6864621,0.07460975
-0.14729966,-0.6867215,0.07159083
-0.1461506,-0.6905542,0.07028449
-0.14210299,-0.6910433,0.0719282
-0.12916146,-0.6888817,0.09425143
-0.13492419,-0.6893502,0.09141233
-0.1336035,-0.6927567,0.08931837
-0.12977052,-0.6935033,0.091048144
-0.080843836,-0.673804,0.096978806
-0.08046782,-0.6748691,0.111461155
-0.066782,-0.6770169,0.10922811
-0.065429434,-0.67247075,0.09503446
-0.060591873,-0.68679565,0.10565884
-0.068966344,-0.69225675,0.10249085
-0.06742312,-0.6926356,0.08786466
-0.05905978,-0.68440014,0.08970573
-0.08164811,-0.6925394,0.10419919
-0.081467345,-0.69283324,0.09077313
-0.08874896,-0.68493706,0.09484538
-0.090293616,-0.6841479,0.109919496
-0.108073205,-0.68406767,0.09618061
-0.11130999,-0.68664664,0.108223386
-0.105387345,-0.68039924,0.10960137
-0.10314523,-0.6765544,0.09720125
-0.096807405,-0.68098885,0.11110238
-0.091638446,-0.67702454,0.09896522
-0.08843915,-0.6872297,0.09735117
-0.09090093,-0.6877287,0.11130635
-0.09612453,-0.69283384,0.10703691
-0.0934954,-0.69258934,0.09369788
-0.103030205,-0.6918672,0.09318257
-0.105405584,-0.69307476,0.10581676
-0.1210233,-0.67673355,0.08879311
-0.12042625,-0.68155533,0.10000395
-0.11274181,-0.6820013,0.10118262
-0.11031386,-0.677651,0.091458134
-0.108505085,-0.68977875,0.10152408
-0.11390175,-0.69321865,0.099581905
-0.11194943,-0.69238335,0.08883665
-0.1067694,-0.68786997,0.091803215
-0.12153198,-0.69144386,0.087288775
-0.12131448,-0.6933604,0.09852021
-0.12608902,-0.6832145,0.08908967
-0.12553872,-0.6871225,0.09943179
-0.14094618,-0.6839163,0.07448756
-0.13916844,-0.6878943,0.08406841
-0.13609743,-0.6823204,0.08534341
-0.1374039,-0.6771633,0.07524056
-0.12994468,-0.68164533,0.0874544
-0.12920922,-0.67776436,0.07960398
-0.12563089,-0.6864298,0.08847598
-0.12807733,-0.6936745,0.08597096
-0.12849732,-0.6919778,0.077574305
-0.12615114,-0.6838171,0.08173943
-0.13510308,-0.6938583,0.08377182
-0.13674906,-0.6917649,0.0736595
-0.15045774,-0.6775672,0.057450138
-0.1521022,-0.6845116,0.054480024
-0.15102895,-0.68591946,0.064618565
-0.14878783,-0.6804672,0.06592308
-0.14327371,-0.6796897,0.068817936
-0.14386502,-0.67687887,0.06274465
-0.13945049,-0.68457264,0.06928878
-0.14055535,-0.69170696,0.06682125
-0.14136341,-0.6908451,0.060691416
-0.14121962,-0.6828721,0.06439466
-0.1473887,-0.6914237,0.06470198
-0.14782196,-0.69009775,0.056151055
-0.06533854,-0.6689841,0.08024075
-0.08488579,-0.67344683,0.0830602
-0.07109955,-0.692131,0.112264894
-0.05914979,-0.6828547,0.07434977
-0.078165665,-0.6923397,0.112844504
-0.08557148,-0.6926828,0.078048594
-0.0682881,-0.6924209,0.072496474
-0.08734344,-0.68520445,0.08846628
-0.10504216,-0.683767,0.11592395
-0.106004104,-0.6856716,0.08630512
-0.10583039,-0.6925016,0.076533
-0.09997654,-0.68400973,0.116884016
-0.104237825,-0.6739133,0.08066995
-0.122738004,-0.6751551,0.071043134
-0.11534724,-0.6931712,0.10578231
-0.11926454,-0.69327205,0.10500217
-0.12469414,-0.6924438,0.069386564
-0.12644939,-0.6825982,0.07979699
-0.13439257,-0.6849428,0.09111387
-0.14202116,-0.68218917,0.06471378
-0.1394064,-0.69189304,0.05756513
-0.13090006,-0.6844223,0.09221385
-0.13952118,-0.67414564,0.058908395
-0.14627679,-0.6831781,0.07062892
-0.15370138,-0.68330306,0.042191684
-0.14902085,-0.6909085,0.04538554
-0.14334072,-0.68243295,0.072500296
-0.15094559,-0.6747324,0.046787366
-0.07961175,-0.547453,-0.052821126
-0.07794349,-0.5737894,-0.04613494
-0.09085475,-0.54878396,-0.046930704
-0.10266915,-0.57419914,-0.045897212
-0.08944236,-0.57550746,-0.04230275
-0.07474497,-0.5982619,-0.036291644
-0.10178135,-0.5990719,-0.03981433
-0.08760984,-0.5988589,-0.032878365
-0.12030004,-0.6175384,-0.09779598
-0.12394728,-0.61796385,-0.07838212
-0.10729602,-0.61682564,-0.106640875
-0.088770196,-0.6151841,-0.1296426
-0.0976046,-0.6160669,-0.11773163
-0.072580636,-0.6178047,-0.025352564
-0.06326032,-0.6202182,-0.045092896
-0.087218866,-0.6168099,-0.019745901
-0.10489723,-0.6169507,-0.02791495
-0.060357478,-0.6640282,0.063073754
-0.06102178,-0.6636357,0.040829152
-0.07588695,-0.6524053,0.045070298
-0.08037451,-0.6620707,0.06456327
-0.09623608,-0.6535879,0.040549055
-0.09973155,-0.66555065,0.059956856
-0.114672914,-0.65655667,0.032438092
-0.11823022,-0.6667519,0.051726714
-0.13073027,-0.6609599,0.02239807
-0.13506243,-0.66867715,0.041182913
-0.14445019,-0.66785544,0.012436412
-0.14914638,-0.67170554,0.03167872
-0.15337501,-0.678207,0.0066184364
-0.15605049,-0.6814454,0.02655793
-0.055558335,-0.6819008,0.056458466
-0.056954257,-0.67969745,0.03467217
-0.0666915,-0.6936436,0.053177126
-0.06726371,-0.6938589,0.031500734
-0.08499506,-0.69419044,0.05241642
-0.084426254,-0.6941686,0.029862516
-0.14798303,-0.69123274,0.008254882
-0.14972608,-0.6927511,0.02886124
-0.1042345,-0.6939706,0.048296563
-0.10305035,-0.6932228,0.025535144
-0.12203245,-0.69471115,0.041967742
-0.12034938,-0.6939836,0.01936125
-0.13709922,-0.6948648,0.034893297
-0.13530414,-0.6942498,0.013100237
-0.07158913,-0.64538103,0.0209826
-0.09207834,-0.63984877,0.020199314
-0.11035679,-0.644327,0.0107935
-0.12585513,-0.65145475,-0.0005291216
-0.13827907,-0.6624163,-0.0111941695
-0.14857966,-0.6730824,-0.016589753
-0.1250502,-0.638671,-0.029014135
-0.13229576,-0.6592056,-0.037572313
-0.14019157,-0.67115635,-0.04052404
-0.12815571,-0.6570266,-0.06417851
-0.13335936,-0.66987914,-0.064732775
-0.11961421,-0.6557408,-0.10692108
-0.12576851,-0.6699689,-0.108586594
-0.128972,-0.66874796,-0.08873796
-0.1237175,-0.65550417,-0.08831392
-0.124204665,-0.6381312,-0.059023466
-0.12090345,-0.63696414,-0.0840077
-0.11544579,-0.63632303,-0.1016168
-0.1094874,-0.67053086,-0.13285866
-0.119895995,-0.6706316,-0.12237001
-0.115215525,-0.6553957,-0.12038548
-0.10726169,-0.6542005,-0.13252679
-0.091019526,-0.6545909,-0.14017418
-0.09279247,-0.67152256,-0.13705754
-0.074746236,-0.65673965,-0.1295035
-0.0756083,-0.6733487,-0.1288248
-0.10226227,-0.6347216,-0.12504789
-0.10854764,-0.63609654,-0.113570556
-0.09061125,-0.6339602,-0.13389629
-0.07557763,-0.6360571,-0.1255342
-0.07277514,-0.63787085,-0.10847327
-0.06985974,-0.6587048,-0.11061928
-0.06771268,-0.6745277,-0.11115
-0.061328698,-0.6619199,0.015013032
-0.061296757,-0.6756889,0.009875134
-0.10822374,-0.6300476,-0.009654108
-0.08821584,-0.62786895,-0.0008670874
-0.06885141,-0.6363191,-0.009019345
-0.060095105,-0.6591529,-0.012909677
-0.064855695,-0.67377144,-0.01735026
-0.06674425,-0.6730849,-0.042098213
-0.06003752,-0.6599888,-0.039555717
-0.06994496,-0.6868375,0.006416589
-0.074166864,-0.6810916,-0.020001624
-0.07498258,-0.6799173,-0.044264406
-0.066053584,-0.67352563,-0.0637797
-0.061704,-0.6599205,-0.062263228
-0.0668758,-0.67340606,-0.08128505
-0.065591395,-0.65881926,-0.080615506
-0.06790477,-0.6585975,-0.095072836
-0.06642848,-0.6739381,-0.09554921
-0.06581691,-0.6391315,-0.08140939
-0.06924395,-0.6379742,-0.094341084
-0.061194036,-0.6409233,-0.062625155
-0.06042773,-0.64011663,-0.038789235
-0.14445254,-0.6871316,-0.015508603
-0.13819027,-0.68313044,-0.039591707
-0.1314098,-0.67987615,-0.063366726
-0.12645741,-0.68011993,-0.086983174
-0.12065254,-0.6813392,-0.10528618
-0.114778355,-0.6817896,-0.117060475
-0.092463136,-0.68089193,-0.12883192
-0.1060354,-0.6812354,-0.1261192
-0.0801997,-0.6823512,-0.12334943
-0.07439262,-0.68425447,-0.10900472
-0.0727233,-0.6852525,-0.09616044
-0.07359536,-0.682031,-0.0656221
-0.07245608,-0.68446606,-0.082141206
-0.058602687,-0.6210788,-0.06600533
-0.06249315,-0.62000996,-0.0839936
-0.067640215,-0.6188671,-0.09577452
-0.075187534,-0.6161539,-0.12310509
-0.07193245,-0.6174595,-0.10736964
-0.084773675,-0.6908795,0.0037511028
-0.10230917,-0.6904271,-0.00046758726
-0.11869307,-0.69103605,-0.0061470233
-0.13263918,-0.6909079,-0.011449583
-0.12885872,-0.6875083,-0.036356717
-0.11625883,-0.6879565,-0.032365706
-0.10091996,-0.68798095,-0.027696393
-0.08581965,-0.68544394,-0.02302982
-0.122981325,-0.6853456,-0.06008681
-0.1119602,-0.6867308,-0.056245755
-0.09828389,-0.6869579,-0.05257256
-0.08530554,-0.68506855,-0.047553528
-0.082794935,-0.6872886,-0.06930576
-0.094153896,-0.6880298,-0.07471355
-0.10615991,-0.6871781,-0.07807367
-0.116640404,-0.68512005,-0.082377985
-0.11136879,-0.6853387,-0.09952703
-0.10163878,-0.686809,-0.09453758
-0.09093583,-0.6879217,-0.090393916
-0.08167161,-0.6878877,-0.08608864
-0.1068812,-0.6850142,-0.11000714
-0.09325406,-0.6846661,-0.12078301
-0.10132468,-0.68470806,-0.11716193
-0.08524281,-0.6858739,-0.11789744
-0.082150295,-0.68691224,-0.10800773
-0.081428826,-0.68769354,-0.09749776
-0.08965446,-0.68722886,-0.100461066
-0.08904296,-0.6865476,-0.10816192
-0.099127084,-0.6861877,-0.103823766
-0.096306995,-0.68555266,-0.1110415
-0.08928938,-0.6858271,-0.113990724
-0.09299877,-0.6853457,-0.11526466
-0.11650708,-0.6200443,-0.049068224
-0.090294674,-0.27284408,-0.010208033
-0.075763285,-0.2696216,-0.015833683
-0.10679102,-0.27189678,-0.008724976
-0.12561904,0.14297143,0.05291134
-0.08301614,0.38243407,0.07569512
-0.0844913,0.42685506,0.0711341
-0.08339785,0.40445125,0.07317541
-0.12820819,0.11041683,0.05836937
-0.12993224,0.4517398,0.017402112
-0.104629174,0.6080059,0.046415277
-0.07330538,0.8939861,-0.037359472
-0.07155709,0.8907684,-0.03843393
-0.07067798,0.8874973,-0.040277652
-0.070065886,0.8852098,-0.04341431
-0.06938721,0.8833672,-0.04665956
-0.067889065,0.8829486,-0.04976117
-0.07230353,0.88855964,-0.04305625
-0.069599465,0.89139724,-0.04618917
-0.07027505,0.8926854,-0.044068847
-0.07272273,0.8908924,-0.04135436
0.0024213549,0.23165926,-0.026076097
0.058438573,0.1525658,-0.044043105
-0.05538303,0.14453804,-0.039943315
0.0066111404,0.35068652,-0.06189623
0.10055475,-0.21909267,-0.0352946
-0.09649396,-0.22284329,-0.043676924
0.010988167,0.48396713,-0.036022738
0.08684364,-0.6234943,-0.07071033
-0.07865925,-0.61990064,-0.07654767
0.0091555035,0.53784895,-0.03331933
0.12700795,-0.680973,0.04627575
-0.11087632,-0.67889756,0.048512034
-0.0040601734,0.73870265,-0.06481552
0.07809669,0.64628226,-0.051322274
-0.07115097,0.64495945,-0.056120045
0.005930448,0.82487625,-0.016639814
0.19771571,0.68973947,-0.06930726
-0.18096165,0.68969566,-0.06417967
0.44086942,0.67578655,-0.09040786
-0.4284971,0.6769913,-0.093196146
0.6947456,0.6872703,-0.09826711
-0.685735,0.6832528,-0.09887749
0.77811843,0.677009,-0.1132143
-0.77105576,0.6749413,-0.10862185
0.007844978,0.8799776,0.09002208
-0.025736276,0.9134808,0.046871357
0.040892355,0.91416705,0.048891984
-0.06724115,0.8813639,-0.045119002
0.082163915,0.884389,-0.041840624
0.079499364,-0.67815393,0.11968178
0.15457669,-0.6862754,0.074254535
0.09640524,-0.6591359,-0.13550055
-0.069143504,-0.67989665,0.11887158
-0.14729966,-0.6867215,0.07159083
-0.09279247,-0.67152256,-0.13705754
0.798389,0.66714317,-0.0072413944
0.8761968,0.67597765,-0.07224907
0.8865116,0.68044245,-0.10988474
0.8687846,0.6788314,-0.1387502
0.8311546,0.6721165,-0.1712115
-0.7819307,0.65963453,-0.0010234714
-0.8654365,0.67589873,-0.072404765
-0.875078,0.6811683,-0.10923793
-0.8581174,0.6789921,-0.14022863
-0.8211535,0.6694323,-0.17047521
