x,y,z,x,y,z
0.04487304,0.49407476,0.08962061,0.04487304,0.49407476,0.08962061
0.039471768,0.4813834,0.09960105,0.039471768,0.4813834,0.09960105
0.050010335,0.47607607,0.09099279,0.050010335,0.47607607,0.09099279
0.05567625,0.4849183,0.079919815,0.05567625,0.4849183,0.079919815
0.046876803,0.46805698,0.09918078,0.046876803,0.46805698,0.09918078
0.036872122,0.47052336,0.105553605,0.036872122,0.47052336,0.105553605
0.05691948,0.46831903,0.08219414,0.05691948,0.46831903,0.08219414
0.061893396,0.4736588,0.07057958,0.061893396,0.4736588,0.07057958
0.06359612,0.43117192,0.07825739,0.06359612,0.43117192,0.07825739
0.06756844,0.42508194,0.069473594,0.06756844,0.42508194,0.069473594
0.06674051,0.43751892,0.06854887,0.06674051,0.43751892,0.06854887
0.06181745,0.44038603,0.0772784,0.06181745,0.44038603,0.0772784
0.06253195,0.4048129,0.079610564,0.06253195,0.4048129,0.079610564
0.05652985,0.39751476,0.08930827,0.05652985,0.39751476,0.08930827
0.058890525,0.38682637,0.08108647,0.058890525,0.38682637,0.08108647
0.06381061,0.39385337,0.07005375,0.06381061,0.39385337,0.07005375
0.02408783,0.41528362,0.10995239,0.02408783,0.41528362,0.10995239
0.02938578,0.4086212,0.110002734,0.02938578,0.4086212,0.110002734
0.033463117,0.41515803,0.107945815,0.033463117,0.41515803,0.107945815
0.027434498,0.42101339,0.10777287,0.027434498,0.42101339,0.10777287
0.01511865,0.42618304,0.11410298,0.01511865,0.42618304,0.11410298
0.016305845,0.43095437,0.10996931,0.016305845,0.43095437,0.10996931
0.011472577,0.43566594,0.11432203,0.011472577,0.43566594,0.11432203
0.011122949,0.43039522,0.11963994,0.011122949,0.43039522,0.11963994
0.018641097,0.410009,0.11101041,0.018641097,0.410009,0.11101041
0.024309104,0.40300766,0.1108808,0.024309104,0.40300766,0.1108808
0.019527612,0.4211859,0.110416055,0.019527612,0.4211859,0.110416055
0.017466897,0.4171615,0.11335281,0.017466897,0.4171615,0.11335281
0.014451973,0.41298935,0.124750845,0.014451973,0.41298935,0.124750845
0.015993344,0.4175248,0.12255378,0.015993344,0.4175248,0.12255378
0.012758851,0.41972774,0.12896433,0.012758851,0.41972774,0.12896433
0.011528225,0.4141881,0.12928157,0.011528225,0.4141881,0.12928157
0.017313749,0.41050678,0.1156786,0.017313749,0.41050678,0.1156786
0.01772534,0.41401154,0.11792104,0.01772534,0.41401154,0.11792104
0.015320526,0.4106406,0.12083498,0.015320526,0.4106406,0.12083498
0.013892268,0.40785348,0.118153915,0.013892268,0.40785348,0.118153915
0.014449894,0.4221284,0.11783986,0.014449894,0.4221284,0.11783986
0.011501054,0.42544517,0.124376066,0.011501054,0.42544517,0.124376066
0.0076556243,0.4280347,0.13097392,0.0076556243,0.4280347,0.13097392
0.008508188,0.42056772,0.13579594,0.008508188,0.42056772,0.13579594
0.0400337,0.39414862,0.10599686,0.0400337,0.39414862,0.10599686
0.035130557,0.40160078,0.10885137,0.035130557,0.40160078,0.10885137
0.029974716,0.39679405,0.11019556,0.029974716,0.39679405,0.11019556
0.034631066,0.39075136,0.10832226,0.034631066,0.39075136,0.10832226
0.014966569,0.40428847,0.11531819,0.014966569,0.40428847,0.11531819
0.018404141,0.3884586,0.11824706,0.018404141,0.3884586,0.11824706
0.018813036,0.39242542,0.11775123,0.018813036,0.39242542,0.11775123
0.012832959,0.39400408,0.12152306,0.012832959,0.39400408,0.12152306
0.013075711,0.3901984,0.12190101,0.013075711,0.3901984,0.12190101
0.04518849,0.37835968,0.09920832,0.04518849,0.37835968,0.09920832
0.03935135,0.37788752,0.10419927,0.03935135,0.37788752,0.10419927
0.03968068,0.3706846,0.1026652,0.03968068,0.3706846,0.1026652
0.045217644,0.36948982,0.0966587,0.045217644,0.36948982,0.0966587
0.03744208,0.3646089,0.1026553,0.03744208,0.3646089,0.1026553
0.04360283,0.36102387,0.095070295,0.04360283,0.36102387,0.095070295
0.03389491,0.3470636,0.09797755,0.03389491,0.3470636,0.09797755
0.039141726,0.3532,0.09614865,0.039141726,0.3532,0.09614865
0.033469982,0.35916728,0.10417582,0.033469982,0.35916728,0.10417582
0.028283946,0.3545207,0.10808288,0.028283946,0.3545207,0.10808288
0.01643887,0.360541,0.115997106,0.01643887,0.360541,0.115997106
0.010645791,0.35969993,0.1190197,0.010645791,0.35969993,0.1190197
0.015177131,0.347175,0.11851842,0.015177131,0.347175,0.11851842
0.021763366,0.35013276,0.113991976,0.021763366,0.35013276,0.113991976
0.01771069,0.38180098,0.114853784,0.01771069,0.38180098,0.114853784
0.021543395,0.3813079,0.1121382,0.021543395,0.3813079,0.1121382
0.021988327,0.3832996,0.11411134,0.021988327,0.3832996,0.11411134
0.018021667,0.3848841,0.11723843,0.018021667,0.3848841,0.11723843
0.025379438,0.3807144,0.110181116,0.025379438,0.3807144,0.110181116
0.027086852,0.38038096,0.10953101,0.027086852,0.38038096,0.10953101
0.0268788,0.38197085,0.11062406,0.0268788,0.38197085,0.11062406
0.025292853,0.3814857,0.110706784,0.025292853,0.3814857,0.110706784
0.02335915,0.38115165,0.11123373,0.02335915,0.38115165,0.11123373
0.02215564,0.37931702,0.111855604,0.02215564,0.37931702,0.111855604
0.02438744,0.3799646,0.11065616,0.02438744,0.3799646,0.11065616
0.018692756,0.37894788,0.11476718,0.018692756,0.37894788,0.11476718
0.0064807343,0.37822056,0.12321841,0.0064807343,0.37822056,0.12321841
0.010208515,0.37836403,0.1217746,0.010208515,0.37836403,0.1217746
0.008782932,0.38263962,0.1201916,0.008782932,0.38263962,0.1201916
0.0056268815,0.38279924,0.12126295,0.0056268815,0.38279924,0.12126295
0.025238827,0.38401005,0.1120679,0.025238827,0.38401005,0.1120679
0.027715709,0.38570046,0.1115818,0.027715709,0.38570046,0.1115818
0.024121068,0.38906437,0.11433535,0.024121068,0.38906437,0.11433535
0.02278845,0.3860811,0.114357,0.02278845,0.3860811,0.114357
0.030567901,0.38769537,0.11071537,0.030567901,0.38769537,0.11071537
0.029206542,0.38297072,0.109798044,0.029206542,0.38297072,0.109798044
0.03244046,0.38370487,0.10872071,0.03244046,0.38370487,0.10872071
0.026322965,0.37859923,0.1095804,0.026322965,0.37859923,0.1095804
0.029149638,0.37671542,0.10826853,0.029149638,0.37671542,0.10826853
0.029859629,0.37963158,0.10899673,0.029859629,0.37963158,0.10899673
0.027012164,0.37367457,0.109195136,0.027012164,0.37367457,0.109195136
0.023878986,0.3769159,0.11087786,0.023878986,0.3769159,0.11087786
0.02047937,0.37554827,0.11390313,0.02047937,0.37554827,0.11390313
0.016080605,0.37448457,0.11779076,0.016080605,0.37448457,0.11779076
0.018472977,0.369303,0.11532041,0.018472977,0.369303,0.11532041
0.023332871,0.37115294,0.11181347,0.023332871,0.37115294,0.11181347
0.026188891,0.3927877,0.11275486,0.026188891,0.3927877,0.11275486
0.03397556,0.37873963,0.10706379,0.03397556,0.37873963,0.10706379
0.03737712,0.3849831,0.10599251,0.03737712,0.3849831,0.10599251
0.033743262,0.37380323,0.10641435,0.033743262,0.37380323,0.10641435
0.03159876,0.3693222,0.106840566,0.03159876,0.3693222,0.106840566
0.02757877,0.36561644,0.10887207,0.02757877,0.36561644,0.10887207
0.022228533,0.36271566,0.11238206,0.022228533,0.36271566,0.11238206
0.01740851,0.33704385,0.10817827,0.01740851,0.33704385,0.10817827
0.02558695,0.34137583,0.10384534,0.02558695,0.34137583,0.10384534
0.03461459,0.46271864,0.10447254,0.03461459,0.46271864,0.10447254
0.043261204,0.46118188,0.10145718,0.043261204,0.46118188,0.10145718
0.043533783,0.45289525,0.09799448,0.043533783,0.45289525,0.09799448
0.045410596,0.45503008,0.0974851,0.045410596,0.45503008,0.0974851
0.040286534,0.4571676,0.10054934,0.040286534,0.4571676,0.10054934
0.039496634,0.45435238,0.1002449,0.039496634,0.45435238,0.1002449
0.056272157,0.44316384,0.08298726,0.056272157,0.44316384,0.08298726
0.051640622,0.445675,0.08758209,0.051640622,0.445675,0.08758209
0.051978216,0.44180408,0.086766176,0.051978216,0.44180408,0.086766176
0.05787719,0.43662083,0.08339549,0.05787719,0.43662083,0.08339549
0.044808146,0.43543836,0.095398515,0.044808146,0.43543836,0.095398515
0.04896148,0.43617368,0.09182899,0.04896148,0.43617368,0.09182899
0.04527537,0.4430988,0.093543634,0.04527537,0.4430988,0.093543634
0.04230524,0.442627,0.09623198,0.04230524,0.442627,0.09623198
0.038676567,0.44250476,0.09843831,0.038676567,0.44250476,0.09843831
0.034544457,0.44292083,0.09987822,0.034544457,0.44292083,0.09987822
0.034891274,0.43738362,0.100030415,0.034891274,0.43738362,0.100030415
0.039879046,0.43608564,0.09826105,0.039879046,0.43608564,0.09826105
0.033680487,0.4584808,0.10197862,0.033680487,0.4584808,0.10197862
0.026319472,0.45793527,0.10196422,0.026319472,0.45793527,0.10196422
0.027775727,0.45477885,0.1013252,0.027775727,0.45477885,0.1013252
0.03395582,0.45526215,0.101729915,0.03395582,0.45526215,0.101729915
0.01758137,0.44769052,0.097664654,0.01758137,0.44769052,0.097664654
0.018735744,0.4502973,0.09825663,0.018735744,0.4502973,0.09825663
0.015286743,0.45190236,0.09937327,0.015286743,0.45190236,0.09937327
0.014450737,0.44744247,0.09918808,0.014450737,0.44744247,0.09918808
0.016817922,0.44435856,0.09967095,0.016817922,0.44435856,0.09967095
0.018885117,0.44603464,0.0982743,0.018885117,0.44603464,0.0982743
0.036276903,0.5154438,0.08444184,0.036276903,0.5154438,0.08444184
0.031384476,0.50020313,0.097338,0.031384476,0.50020313,0.097338
0.05091736,0.50673753,0.07464051,0.05091736,0.50673753,0.07464051
0.061129734,0.4938553,0.065755025,0.061129734,0.4938553,0.065755025
0.06748919,0.4786987,0.05796952,0.06748919,0.4786987,0.05796952
0.052170556,0.3815205,0.09128518,0.052170556,0.3815205,0.09128518
0.053093813,0.3716219,0.08634673,0.053093813,0.3716219,0.08634673
0.06029738,0.37679273,0.07330483,0.06029738,0.37679273,0.07330483
0.058321245,0.36606503,0.0696412,0.058321245,0.36606503,0.0696412
0.05108361,0.36095577,0.08415601,0.05108361,0.36095577,0.08415601
0.0374226,0.34260133,0.08420497,0.0374226,0.34260133,0.08420497
0.046012335,0.3505817,0.08347405,0.046012335,0.3505817,0.08347405
0.0533834,0.35548615,0.06566804,0.0533834,0.35548615,0.06566804
0.060388457,0.36531535,0.04810062,0.060388457,0.36531535,0.04810062
0.063707955,0.37379596,0.0547112,0.063707955,0.37379596,0.0547112
0.06360808,0.37886843,0.033692766,0.06360808,0.37886843,0.033692766
0.055475302,0.35657644,0.03830497,0.055475302,0.35657644,0.03830497
0.060721282,0.3765889,0.0253994,0.060721282,0.3765889,0.0253994
0.040909007,0.32252473,0.045551203,0.040909007,0.32252473,0.045551203
0.04338393,0.3105922,0.042211253,0.04338393,0.3105922,0.042211253
0.053771958,0.31590122,0.02839001,0.053771958,0.31590122,0.02839001
0.052528903,0.32751226,0.03196792,0.052528903,0.32751226,0.03196792
0.065130666,0.38331053,0.06123433,0.065130666,0.38331053,0.06123433
0.06799511,0.44735944,0.059155826,0.06799511,0.44735944,0.059155826
0.06409384,0.4488519,0.07034274,0.06409384,0.4488519,0.07034274
0.070281215,0.43369764,0.057875566,0.070281215,0.43369764,0.057875566
0.070835836,0.5037683,0.031076396,0.070835836,0.5037683,0.031076396
0.0661655,0.5008063,0.04947267,0.0661655,0.5008063,0.04947267
0.072762,0.4839753,0.044794638,0.072762,0.4839753,0.044794638
0.07646238,0.48797658,0.028712714,0.07646238,0.48797658,0.028712714
0.04369133,0.5392953,0.035308965,0.04369133,0.5392953,0.035308965
0.041605536,0.52987874,0.06259081,0.041605536,0.52987874,0.06259081
0.054708708,0.51760936,0.056263644,0.054708708,0.51760936,0.056263644
0.05831342,0.52467734,0.033829864,0.05831342,0.52467734,0.033829864
0.07839646,0.48786306,0.013937639,0.07839646,0.48786306,0.013937639
0.07896138,0.4856855,-0.004004734,0.07896138,0.4856855,-0.004004734
0.07408796,0.5004191,-0.012959866,0.07408796,0.5004191,-0.012959866
0.07273133,0.5051672,0.009119746,0.07273133,0.5051672,0.009119746
0.062430788,0.51904404,-0.022538267,0.062430788,0.51904404,-0.022538267
0.061111674,0.5251986,0.0046736784,0.061111674,0.5251986,0.0046736784
0.059089337,0.36186478,0.01723109,0.059089337,0.36186478,0.01723109
0.060311306,0.38017133,0.0123066055,0.060311306,0.38017133,0.0123066055
0.051386666,0.34111717,0.03638234,0.051386666,0.34111717,0.03638234
0.058012996,0.345924,0.019119313,0.058012996,0.345924,0.019119313
0.0446256,0.53316087,-0.029122991,0.0446256,0.53316087,-0.029122991
0.043653924,0.54134244,0.0025621827,0.043653924,0.54134244,0.0025621827
0.066653475,0.45684615,-0.048526347,0.066653475,0.45684615,-0.048526347
0.06964907,0.47512895,-0.042621456,0.06964907,0.47512895,-0.042621456
0.07642518,0.46487588,-0.025606519,0.07642518,0.46487588,-0.025606519
0.073618405,0.44959813,-0.03293106,0.073618405,0.44959813,-0.03293106
0.056079436,0.46412385,-0.064913735,0.056079436,0.46412385,-0.064913735
0.058435146,0.48578376,-0.05861617,0.058435146,0.48578376,-0.05861617
0.05397353,0.4024503,-0.040214185,0.05397353,0.4024503,-0.040214185
0.047378395,0.3863012,-0.031832617,0.047378395,0.3863012,-0.031832617
0.038515575,0.38664162,-0.04361771,0.038515575,0.38664162,-0.04361771
0.044447694,0.40265876,-0.054938484,0.044447694,0.40265876,-0.054938484
0.05356604,0.4631483,0.09179516,0.05356604,0.4631483,0.09179516
0.0493814,0.45808563,0.09660394,0.0493814,0.45808563,0.09660394
0.052825324,0.45414653,0.09109838,0.052825324,0.45414653,0.09109838
0.057281457,0.45692748,0.084960885,0.057281457,0.45692748,0.084960885
0.061044227,0.45912936,0.075089954,0.061044227,0.45912936,0.075089954
0.065119945,0.4612403,0.06332,0.065119945,0.4612403,0.06332
0.07461121,0.46909016,0.039289404,0.07461121,0.46909016,0.039289404
0.07848544,0.47426367,0.025649663,0.07848544,0.47426367,0.025649663
0.08067122,0.4724294,0.0002998122,0.08067122,0.4724294,0.0002998122
0.080264285,0.47426045,0.014281453,0.080264285,0.47426045,0.014281453
0.078338645,0.45336097,-0.015996246,0.078338645,0.45336097,-0.015996246
0.075970404,0.44376183,-0.020444319,0.075970404,0.44376183,-0.020444319
0.059329648,0.38848436,-0.0041983784,0.059329648,0.38848436,-0.0041983784
0.05618335,0.36705592,-0.00038461288,0.05618335,0.36705592,-0.00038461288
0.0497266,0.3689902,-0.014239245,0.0497266,0.3689902,-0.014239245
0.053571343,0.38763306,-0.019070962,0.053571343,0.38763306,-0.019070962
0.033796616,0.37018815,-0.035416692,0.033796616,0.37018815,-0.035416692
0.04174478,0.36982343,-0.025404867,0.04174478,0.36982343,-0.025404867
0.05483348,0.3344668,0.00088642794,0.05483348,0.3344668,0.00088642794
0.055356197,0.32090896,-0.0029594,0.055356197,0.32090896,-0.0029594
0.050574556,0.32344422,-0.01802077,0.050574556,0.32344422,-0.01802077
0.04886039,0.3362707,-0.013580268,0.04886039,0.3362707,-0.013580268
0.04344563,0.32315883,-0.030632457,0.04344563,0.32315883,-0.030632457
0.033496942,0.32221794,-0.039388865,0.033496942,0.32221794,-0.039388865
0.032243434,0.33702156,-0.03535169,0.032243434,0.33702156,-0.03535169
0.040725153,0.33735013,-0.026182517,0.040725153,0.33735013,-0.026182517
0.020829657,0.30309743,0.05908694,0.020829657,0.30309743,0.05908694
0.02205181,0.2932046,0.055493843,0.02205181,0.2932046,0.055493843
0.03369261,0.29622197,0.04906652,0.03369261,0.29622197,0.04906652
0.031028409,0.3066177,0.051904064,0.031028409,0.3066177,0.051904064
0.05792935,0.3099061,-0.008290788,0.05792935,0.3099061,-0.008290788
0.054184023,0.31372344,-0.023880424,0.054184023,0.31372344,-0.023880424
0.060653836,0.40278432,-0.025556121,0.060653836,0.40278432,-0.025556121
0.06454646,0.40571675,-0.013911106,0.06454646,0.40571675,-0.013911106
0.047426358,0.31285745,-0.036882274,0.047426358,0.31285745,-0.036882274
0.04056683,0.35263622,-0.023710972,0.04056683,0.35263622,-0.023710972
0.04849354,0.35107583,-0.012631159,0.04849354,0.35107583,-0.012631159
0.023351377,0.3710254,-0.043629587,0.023351377,0.3710254,-0.043629587
0.027190492,0.3867876,-0.053931892,0.027190492,0.3867876,-0.053931892
0.02168956,0.42608446,0.107825845,0.02168956,0.42608446,0.107825845
0.024866717,0.44069293,0.10068941,0.024866717,0.44069293,0.10068941
0.025500285,0.444447,0.099977314,0.025500285,0.444447,0.099977314
0.021619981,0.44528592,0.099193394,0.021619981,0.44528592,0.099193394
0.020439336,0.44230592,0.10019372,0.020439336,0.44230592,0.10019372
0.013895335,0.4829018,0.10977941,0.013895335,0.4829018,0.10977941
0.012108773,0.46604308,0.11128801,0.012108773,0.46604308,0.11128801
0.025169378,0.46991405,0.10999469,0.025169378,0.46991405,0.10999469
0.027042264,0.48355213,0.10633108,0.027042264,0.48355213,0.10633108
0.05186004,0.4108101,0.09734402,0.05186004,0.4108101,0.09734402
0.04284511,0.41732094,0.10330472,0.04284511,0.41732094,0.10330472
0.039854627,0.408404,0.10664712,0.039854627,0.408404,0.10664712
0.04582959,0.4004948,0.10258888,0.04582959,0.4004948,0.10258888
0.048834585,0.44730043,0.090563014,0.048834585,0.44730043,0.090563014
0.05045772,0.44938934,0.09033455,0.05045772,0.44938934,0.09033455
0.047915604,0.44927773,0.09284631,0.047915604,0.44927773,0.09284631
0.042906873,0.386755,0.10283596,0.042906873,0.386755,0.10283596
0.04965838,0.3910872,0.097125724,0.04965838,0.3910872,0.097125724
0.070014685,0.41875574,0.058227763,0.070014685,0.41875574,0.058227763
0.059602242,0.44940177,0.07960922,0.059602242,0.44940177,0.07960922
0.022292333,0.55013907,0.03814117,0.022292333,0.55013907,0.03814117
0.021846054,0.53839374,0.06920621,0.021846054,0.53839374,0.06920621
0.023606913,0.54450643,-0.03177412,0.023606913,0.54450643,-0.03177412
0.022725668,0.55172825,0.0022957243,0.022725668,0.55172825,0.0022957243
0.042681172,0.49448422,-0.07129619,0.042681172,0.49448422,-0.07129619
0.04048883,0.47038785,-0.0782888,0.04048883,0.47038785,-0.0782888
0.021638608,0.47523266,-0.087295376,0.021638608,0.47523266,-0.087295376
0.022641221,0.50241846,-0.078586265,0.022641221,0.50241846,-0.078586265
0.0317104,0.40322313,-0.06586667,0.0317104,0.40322313,-0.06586667
0.023445848,0.3218064,-0.04465267,0.023445848,0.3218064,-0.04465267
0.021898324,0.3380778,-0.041873332,0.021898324,0.3380778,-0.041873332
0.020193985,0.51999766,0.08975411,0.020193985,0.51999766,0.08975411
0.016892994,0.50097084,0.10253513,0.016892994,0.50097084,0.10253513
0.07015746,0.46412253,0.050812326,0.07015746,0.46412253,0.050812326
0.06283686,0.42250225,0.08218318,0.06283686,0.42250225,0.08218318
0.058094226,0.43050125,0.086671196,0.058094226,0.43050125,0.086671196
0.05564585,0.4266082,0.091503374,0.05564585,0.4266082,0.091503374
0.05982428,0.4159719,0.08782422,0.05982428,0.4159719,0.08782422
0.06567533,0.41325822,0.07361359,0.06567533,0.41325822,0.07361359
0.06737331,0.40455082,0.061633263,0.06737331,0.40455082,0.061633263
0.06895436,0.3958414,0.04758305,0.06895436,0.3958414,0.04758305
0.06633666,0.38489506,0.040288217,0.06633666,0.38489506,0.040288217
0.07773258,0.47860277,-0.018684937,0.07773258,0.47860277,-0.018684937
0.0713999,0.49106616,-0.032883134,0.0713999,0.49106616,-0.032883134
0.061093375,0.505053,-0.044945452,0.061093375,0.505053,-0.044945452
0.044494588,0.5167588,-0.054890458,0.044494588,0.5167588,-0.054890458
0.07941472,0.46830583,-0.012314613,0.07941472,0.46830583,-0.012314613
0.02353251,0.526846,-0.059855726,0.02353251,0.526846,-0.059855726
0.012188254,0.39851332,0.120234706,0.012188254,0.39851332,0.120234706
0.019235069,0.39803067,0.11540624,0.019235069,0.39803067,0.11540624
0.01050134,0.40277594,0.11969011,0.01050134,0.40277594,0.11969011
0.011503899,0.37364557,0.12082123,0.011503899,0.37364557,0.12082123
0.0072584483,0.37326106,0.12249352,0.0072584483,0.37326106,0.12249352
0.008217533,0.3675893,0.119505346,0.008217533,0.3675893,0.119505346
0.013158158,0.36815223,0.11800705,0.013158158,0.36815223,0.11800705
0.017759193,0.33222008,0.09269865,0.017759193,0.33222008,0.09269865
0.027219696,0.33650088,0.08825172,0.027219696,0.33650088,0.08825172
0.019857561,0.3127332,0.06419545,0.019857561,0.3127332,0.06419545
0.029450748,0.3166872,0.05637632,0.029450748,0.3166872,0.05637632
0.010343705,0.41169998,0.12339669,0.010343705,0.41169998,0.12339669
0.00873642,0.41202563,0.123759374,0.00873642,0.41202563,0.123759374
0.008511468,0.4109683,0.12161399,0.008511468,0.4109683,0.12161399
0.010547109,0.4108529,0.12125304,0.010547109,0.4108529,0.12125304
0.023853526,0.38245404,0.11216278,0.023853526,0.38245404,0.11216278
0.008247707,0.3904577,0.12411016,0.008247707,0.3904577,0.12411016
0.00511503,0.3902151,0.124760084,0.00511503,0.3902151,0.124760084
0.0053343754,0.3865273,0.123281896,0.0053343754,0.3865273,0.123281896
0.008490033,0.38663703,0.12263932,0.008490033,0.38663703,0.12263932
0.042978317,0.34345767,0.062195305,0.042978317,0.34345767,0.062195305
0.040163457,0.3339378,0.051227298,0.040163457,0.3339378,0.051227298
0.057388116,0.31741807,0.013949567,0.057388116,0.31741807,0.013949567
0.057330005,0.33104983,0.017142924,0.057330005,0.33104983,0.017142924
0.055288974,0.34969375,0.001818498,0.055288974,0.34969375,0.001818498
0.031756498,0.35447243,-0.034080986,0.031756498,0.35447243,-0.034080986
0.022694567,0.35451218,-0.041606348,0.022694567,0.35451218,-0.041606348
-0.001538747,0.35685554,-0.047746703,-0.001538747,0.35685554,-0.047746703
-0.0021262341,0.37194088,-0.051916223,-0.0021262341,0.37194088,-0.051916223
0.011431647,0.37135336,-0.049888395,0.011431647,0.37135336,-0.049888395
0.010334752,0.3558743,-0.045674462,0.010334752,0.3558743,-0.045674462
0.028933475,0.33274212,0.07296589,0.028933475,0.33274212,0.07296589
0.018679313,0.3281958,0.07902003,0.018679313,0.3281958,0.07902003
0.019340739,0.3220258,0.06999834,0.019340739,0.3220258,0.06999834
0.028916998,0.32642797,0.06260159,0.028916998,0.32642797,0.06260159
0.004999963,0.4087847,0.12491323,0.004999963,0.4087847,0.12491323
0.0036659488,0.40782192,0.1265531,0.0036659488,0.40782192,0.1265531
0.0040989257,0.40548223,0.123816065,0.0040989257,0.40548223,0.123816065
0.0059010405,0.4076072,0.12292845,0.0059010405,0.4076072,0.12292845
0.011372228,0.40881246,0.11954015,0.011372228,0.40881246,0.11954015
0.009096331,0.40780014,0.11970119,0.009096331,0.40780014,0.11970119
0.00952383,0.4058034,0.119656175,0.00952383,0.4058034,0.119656175
0.011859975,0.41157186,0.124030024,0.011859975,0.41157186,0.124030024
0.012274676,0.41012874,0.121341504,0.012274676,0.41012874,0.121341504
0.0072210273,0.4125077,0.12880571,0.0072210273,0.4125077,0.12880571
0.010028556,0.41231918,0.127128,0.010028556,0.41231918,0.127128
0.00732122,0.41283283,0.13379885,0.00732122,0.41283283,0.13379885
0.0065376544,0.40990004,0.12338868,0.0065376544,0.40990004,0.12338868
0.0070405216,0.40861773,0.12175302,0.0070405216,0.40861773,0.12175302
0.010254919,0.40981036,0.11999262,0.010254919,0.40981036,0.11999262
0.008582528,0.4095239,0.12018225,0.008582528,0.4095239,0.12018225
0.007438926,0.41244042,0.12669407,0.007438926,0.41244042,0.12669407
0.009244852,0.4122123,0.12538178,0.009244852,0.4122123,0.12538178
0.0071120225,0.43408427,0.12523508,0.0071120225,0.43408427,0.12523508
0.0012190132,0.4352418,0.12783076,0.0012190132,0.4352418,0.12783076
0.001167929,0.4286855,0.1336872,0.001167929,0.4286855,0.1336872
0.0011789205,0.4209409,0.13897079,0.0011789205,0.4209409,0.13897079
0.0012257828,0.41264203,0.13690898,0.0012257828,0.41264203,0.13690898
0.010821035,0.31931973,0.073609546,0.010821035,0.31931973,0.073609546
0.011348854,0.3101815,0.06810817,0.011348854,0.3101815,0.06810817
0.0008644884,0.50033486,0.103826545,0.0008644884,0.50033486,0.103826545
0.0008446891,0.4814304,0.11001957,0.0008446891,0.4814304,0.11001957
0.024601959,0.38107967,0.110577404,0.024601959,0.38107967,0.110577404
0.025474522,0.46207905,0.10467184,0.025474522,0.46207905,0.10467184
0.04964189,0.42519483,0.09710878,0.04964189,0.42519483,0.09710878
0.028963832,0.4269328,0.10469756,0.028963832,0.4269328,0.10469756
0.035427853,0.42251393,0.10459194,0.035427853,0.42251393,0.10459194
0.03542027,0.43016952,0.10177259,0.03542027,0.43016952,0.10177259
0.029451327,0.43308094,0.10233766,0.029451327,0.43308094,0.10233766
0.016375368,0.4591291,0.10492198,0.016375368,0.4591291,0.10492198
0.0075477073,0.45555496,0.11025062,0.0075477073,0.45555496,0.11025062
0.011181885,0.45358598,0.10377577,0.011181885,0.45358598,0.10377577
0.010685547,0.44704372,0.103858344,0.010685547,0.44704372,0.103858344
0.007846142,0.44654343,0.112201065,0.007846142,0.44654343,0.112201065
0.012115753,0.43954808,0.10858294,0.012115753,0.43954808,0.10858294
0.013778401,0.44187215,0.10280309,0.013778401,0.44187215,0.10280309
0.046182476,0.45113927,0.09537291,0.046182476,0.45113927,0.09537291
0.048445955,0.45248356,0.09379009,0.048445955,0.45248356,0.09379009
0.01731186,0.43489388,0.10584351,0.01731186,0.43489388,0.10584351
0.022893572,0.43087798,0.104702465,0.022893572,0.43087798,0.104702465
0.023786956,0.4357682,0.10207208,0.023786956,0.4357682,0.10207208
0.018538069,0.43846074,0.1021826,0.018538069,0.43846074,0.1021826
0.04210412,0.4272362,0.10026446,0.04210412,0.4272362,0.10026446
0.05475827,0.44940913,0.08605237,0.05475827,0.44940913,0.08605237
0.051294606,0.43840536,0.08854424,0.051294606,0.43840536,0.08854424
0.06804783,0.41113567,-0.005439413,0.06804783,0.41113567,-0.005439413
0.06439811,0.4001955,0.0014468554,0.06439811,0.4001955,0.0014468554
0.0704301,0.39101672,0.021538636,0.0704301,0.39101672,0.021538636
0.06795479,0.38702893,0.024620252,0.06795479,0.38702893,0.024620252
0.063201964,0.38942993,0.019895302,0.063201964,0.38942993,0.019895302
0.068363845,0.393364,0.017128417,0.068363845,0.393364,0.017128417
0.079444945,0.44337857,0.001744969,0.079444945,0.44337857,0.001744969
0.07915893,0.45027852,-0.001993223,0.07915893,0.45027852,-0.001993223
0.07962041,0.45148793,0.0052540903,0.07962041,0.45148793,0.0052540903
0.07879047,0.44397137,0.0045311865,0.07879047,0.44397137,0.0045311865
0.07856827,0.447378,0.010880106,0.07856827,0.447378,0.010880106
0.07867114,0.45084983,0.013181275,0.07867114,0.45084983,0.013181275
0.07788349,0.44271958,0.014667588,0.07788349,0.44271958,0.014667588
0.0779393,0.44285846,0.011202803,0.0779393,0.44285846,0.011202803
0.08001834,0.46154323,0.013825872,0.08001834,0.46154323,0.013825872
0.07791367,0.45968378,0.02383145,0.07791367,0.45968378,0.02383145
0.07667343,0.44791058,0.020897822,0.07667343,0.44791058,0.020897822
0.07194727,0.4459685,0.044388063,0.07194727,0.4459685,0.044388063
0.072561465,0.43458837,0.031926967,0.072561465,0.43458837,0.031926967
0.07409981,0.44257125,0.026959078,0.07409981,0.44257125,0.026959078
0.07459707,0.45443544,0.033558533,0.07459707,0.45443544,0.033558533
0.0689005,0.39184555,0.02884324,0.0689005,0.39184555,0.02884324
0.069199204,0.39947647,0.032326177,0.069199204,0.39947647,0.032326177
0.062310837,0.39303103,0.011239329,0.062310837,0.39303103,0.011239329
-0.0007017272,0.48190188,-0.08781489,-0.0007017272,0.48190188,-0.08781489
-0.0005705289,0.51021487,-0.07720882,-0.0005705289,0.51021487,-0.07720882
0.063536935,0.43831846,-0.04961263,0.063536935,0.43831846,-0.04961263
0.05296279,0.44259113,-0.06523208,0.05296279,0.44259113,-0.06523208
0.07051835,0.4340958,-0.034556612,0.07051835,0.4340958,-0.034556612
0.07330693,0.43148315,-0.021289801,0.07330693,0.43148315,-0.021289801
0.039628603,0.4476089,-0.07836318,0.039628603,0.4476089,-0.07836318
0.02253133,0.44871053,-0.086426534,0.02253133,0.44871053,-0.086426534
0.072478786,0.42848995,0.04546109,0.072478786,0.42848995,0.04546109
0.07145504,0.42240253,0.033595145,0.07145504,0.42240253,0.033595145
0.05975571,0.41962656,-0.04686311,0.05975571,0.41962656,-0.04686311
0.049011596,0.4223057,-0.06207841,0.049011596,0.4223057,-0.06207841
0.066389084,0.41780502,-0.032146838,0.066389084,0.41780502,-0.032146838
0.06974268,0.41884512,-0.019288104,0.06974268,0.41884512,-0.019288104
0.035069104,0.42602888,-0.07463641,0.035069104,0.42602888,-0.07463641
0.015969902,0.40199068,-0.07225582,0.015969902,0.40199068,-0.07225582
0.018278735,0.4237995,-0.081566624,0.018278735,0.4237995,-0.081566624
0.072629884,0.40183836,0.02084447,0.072629884,0.40183836,0.02084447
0.07099613,0.40028816,0.025313767,0.07099613,0.40028816,0.025313767
0.07079965,0.39405823,0.02426096,0.07079965,0.39405823,0.02426096
0.07384303,0.3960488,0.02241322,0.07384303,0.3960488,0.02241322
0.071180776,0.41292644,0.045465287,0.071180776,0.41292644,0.045465287
0.07086324,0.41046187,0.03310353,0.07086324,0.41046187,0.03310353
0.0074872314,0.44003862,0.1194919,0.0074872314,0.44003862,0.1194919
0.0011728737,0.44856238,0.11660607,0.0011728737,0.44856238,0.11660607
0.0012580634,0.44177723,0.1222865,0.0012580634,0.44177723,0.1222865
0.0010236981,0.4564217,0.11271959,0.0010236981,0.4564217,0.11271959
-0.00011176154,0.5555178,0.006299184,-0.00011176154,0.5555178,0.006299184
4.067356e-05,0.5529471,0.040328383,4.067356e-05,0.5529471,0.040328383
-0.000387453,0.5339533,-0.056813136,-0.000387453,0.5339533,-0.056813136
-0.00021158655,0.54989296,-0.027773708,-0.00021158655,0.54989296,-0.027773708
0.0057774447,0.35947374,0.12068855,0.0057774447,0.35947374,0.12068855
0.0083026225,0.3458366,0.12095346,0.0083026225,0.3458366,0.12095346
0.0073055862,0.3985156,0.12287303,0.0073055862,0.3985156,0.12287303
0.0043000956,0.3978462,0.123516425,0.0043000956,0.3978462,0.123516425
0.0047682845,0.3939389,0.12440999,0.0047682845,0.3939389,0.12440999
0.007895993,0.39446527,0.123764575,0.007895993,0.39446527,0.123764575
0.019678377,0.45570338,0.10059763,0.019678377,0.45570338,0.10059763
0.013346145,0.38698825,-0.060130287,0.013346145,0.38698825,-0.060130287
0.0102496175,0.33912525,-0.045437552,0.0102496175,0.33912525,-0.045437552
0.011383503,0.32268447,-0.047484476,0.011383503,0.32268447,-0.047484476
0.03711533,0.31089535,-0.04588361,0.03711533,0.31089535,-0.04588361
0.02519484,0.30916524,-0.05102928,0.02519484,0.30916524,-0.05102928
0.0039272155,0.40172678,0.123206474,0.0039272155,0.40172678,0.123206474
0.0066327224,0.40230674,0.12218379,0.0066327224,0.40230674,0.12218379
0.006656229,0.4117509,0.12528352,0.006656229,0.4117509,0.12528352
0.01302149,0.38617826,0.12070614,0.01302149,0.38617826,0.12070614
0.0064797895,0.40525228,0.12184751,0.0064797895,0.40525228,0.12184751
0.007165792,0.4073574,0.121441275,0.007165792,0.4073574,0.121441275
0.0020926567,0.40489328,0.124527305,0.0020926567,0.40489328,0.124527305
0.0023476027,0.40136272,0.12337911,0.0023476027,0.40136272,0.12337911
0.029815733,0.43905732,0.10088417,0.029815733,0.43905732,0.10088417
0.03003053,0.44364563,0.10034582,0.03003053,0.44364563,0.10034582
0.0045414562,0.40968767,0.13015676,0.0045414562,0.40968767,0.13015676
0.005288027,0.4107021,0.12753329,0.005288027,0.4107021,0.12753329
0.0011896779,0.40881285,0.13086982,0.0011896779,0.40881285,0.13086982
0.045954313,0.2997233,0.03887702,0.045954313,0.2997233,0.03887702
0.05526345,0.3035896,0.024406234,0.05526345,0.3035896,0.024406234
0.0029910284,0.39002734,0.12484785,0.0029910284,0.39002734,0.12484785
0.0031153571,0.38626274,0.123515755,0.0031153571,0.38626274,0.123515755
1.4293668e-06,0.5406624,0.07170233,1.4293668e-06,0.5406624,0.07170233
-0.0017946077,0.40096214,-0.07268118,-0.0017946077,0.40096214,-0.07268118
-0.00090623717,0.42062175,-0.08210449,-0.00090623717,0.42062175,-0.08210449
0.07299552,0.42729762,0.024396008,0.07299552,0.42729762,0.024396008
0.07469227,0.42319748,0.019346574,0.07469227,0.42319748,0.019346574
0.076099314,0.43002334,0.01696476,0.076099314,0.43002334,0.01696476
0.07457986,0.43474227,0.021895505,0.07457986,0.43474227,0.021895505
0.012028506,0.30075076,0.06321309,0.012028506,0.30075076,0.06321309
0.058727928,0.3063894,0.00809504,0.058727928,0.3063894,0.00809504
0.012449217,0.30913782,-0.053902175,0.012449217,0.30913782,-0.053902175
0.048597917,0.44554937,0.09014223,0.048597917,0.44554937,0.09014223
0.047338445,0.44412875,0.09127776,0.047338445,0.44412875,0.09127776
0.022374617,0.4530434,0.099676065,0.022374617,0.4530434,0.099676065
-0.00070650305,0.44969705,-0.08905719,-0.00070650305,0.44969705,-0.08905719
0.014504911,0.37854162,0.11875847,0.014504911,0.37854162,0.11875847
0.012938405,0.38239512,0.11805514,0.012938405,0.38239512,0.11805514
-0.0012987484,0.34082723,-0.04662223,-0.0012987484,0.34082723,-0.04662223
0.010309141,0.3256492,0.08210816,0.010309141,0.3256492,0.08210816
0.002164735,0.40728822,0.12740916,0.002164735,0.40728822,0.12740916
-0.0018793306,0.38614756,-0.06157092,-0.0018793306,0.38614756,-0.06157092
0.07851981,0.43627664,0.008620644,0.07851981,0.43627664,0.008620644
0.08012527,0.43479472,0.0117950775,0.08012527,0.43479472,0.0117950775
0.07955953,0.4316545,0.011525549,0.07955953,0.4316545,0.011525549
0.07790846,0.43243945,0.010011927,0.07790846,0.43243945,0.010011927
0.080994055,0.43820933,0.01617917,0.080994055,0.43820933,0.01617917
0.08206702,0.43485525,0.014106554,0.08206702,0.43485525,0.014106554
0.083768375,0.43758208,0.013093138,0.083768375,0.43758208,0.013093138
0.08240029,0.4413926,0.014339271,0.08240029,0.4413926,0.014339271
0.076709494,0.43994862,0.018481912,0.076709494,0.43994862,0.018481912
0.07876021,0.43455115,0.01706317,0.07876021,0.43455115,0.01706317
0.08473854,0.4394832,0.011310205,0.08473854,0.4394832,0.011310205
0.08464014,0.44234633,0.0124259805,0.08464014,0.44234633,0.0124259805
0.081974395,0.44394717,0.011169571,0.081974395,0.44394717,0.011169571
0.078562304,0.4437638,0.007912915,0.078562304,0.4437638,0.007912915
0.08703626,0.44313908,0.009004882,0.08703626,0.44313908,0.009004882
0.08340509,0.44524738,0.0069271727,0.08340509,0.44524738,0.0069271727
0.089765094,0.44242814,0.004154652,0.089765094,0.44242814,0.004154652
0.085173905,0.4449679,0.0017306225,0.085173905,0.4449679,0.0017306225
0.091111355,0.4390752,-0.00106449,0.091111355,0.4390752,-0.00106449
0.08562018,0.44097054,-0.0034418066,0.08562018,0.44097054,-0.0034418066
0.07189967,0.4079321,0.025359215,0.07189967,0.4079321,0.025359215
0.0722612,0.40841827,0.018540703,0.0722612,0.40841827,0.018540703
0.09164835,0.43366048,-0.00415302,0.09164835,0.43366048,-0.00415302
0.08529115,0.4344419,-0.005878421,0.08529115,0.4344419,-0.005878421
0.09096665,0.42661804,-0.0056174416,0.09096665,0.42661804,-0.0056174416
0.08490722,0.42712265,-0.007053676,0.08490722,0.42712265,-0.007053676
0.08918135,0.41939855,-0.004927186,0.08918135,0.41939855,-0.004927186
0.08414678,0.41939333,-0.0064104297,0.08414678,0.41939333,-0.0064104297
0.08759285,0.41231814,-0.0029038491,0.08759285,0.41231814,-0.0029038491
0.08264053,0.41121677,-0.0041842735,0.08264053,0.41121677,-0.0041842735
0.08531183,0.40559086,0.0012286924,0.08531183,0.40559086,0.0012286924
0.08014499,0.4022961,0.00024609,0.08014499,0.4022961,0.00024609
0.0864313,0.44040477,0.0031403573,0.0864313,0.44040477,0.0031403573
0.0875686,0.43715644,-0.0005190467,0.0875686,0.43715644,-0.0005190467
0.07752129,0.4394999,0.00027530195,0.07752129,0.4394999,0.00027530195
0.085304916,0.44123113,0.0077467887,0.085304916,0.44123113,0.0077467887
0.07763219,0.42666763,0.004506708,0.07763219,0.42666763,0.004506708
0.0760197,0.42892072,0.00448689,0.0760197,0.42892072,0.00448689
0.07699288,0.4270654,0.0055417884,0.07699288,0.4270654,0.0055417884
0.075710446,0.42574546,0.0030069456,0.075710446,0.42574546,0.0030069456
0.07369793,0.41556698,0.01957225,0.07369793,0.41556698,0.01957225
0.074958004,0.41548374,0.015797092,0.074958004,0.41548374,0.015797092
0.07539359,0.42111805,0.015802447,0.07539359,0.42111805,0.015802447
0.07337764,0.41136673,0.015405503,0.07337764,0.41136673,0.015405503
0.07250671,0.41277027,0.014170683,0.07250671,0.41277027,0.014170683
0.0722026,0.41631404,0.014338514,0.0722026,0.41631404,0.014338514
0.071634516,0.42090136,0.01400117,0.071634516,0.42090136,0.01400117
0.07300822,0.41118592,0.01252416,0.07300822,0.41118592,0.01252416
0.074154966,0.40942436,0.013274726,0.074154966,0.40942436,0.013274726
0.07182619,0.41246688,0.011916165,0.07182619,0.41246688,0.011916165
0.071445614,0.41335353,0.012912135,0.071445614,0.41335353,0.012912135
0.0704633,0.41554517,0.011934226,0.0704633,0.41554517,0.011934226
0.07115043,0.4188105,0.009543898,0.07115043,0.4188105,0.009543898
0.07240146,0.41764465,0.025432438,0.07240146,0.41764465,0.025432438
0.072605446,0.41452965,0.0010710233,0.072605446,0.41452965,0.0010710233
0.06963299,0.40602142,0.0050452338,0.06963299,0.40602142,0.0050452338
0.082134984,0.40088502,0.006988914,0.082134984,0.40088502,0.006988914
0.07854463,0.39502597,0.0070434744,0.07854463,0.39502597,0.0070434744
0.07645413,0.39274225,0.019907182,0.07645413,0.39274225,0.019907182
0.077943,0.39098242,0.014118708,0.077943,0.39098242,0.014118708
0.07618281,0.43420807,-0.0016210221,0.07618281,0.43420807,-0.0016210221
0.075953305,0.42808804,-0.0029336587,0.075953305,0.42808804,-0.0029336587
0.06796824,0.39948222,0.011576519,0.06796824,0.39948222,0.011576519
0.07510694,0.4215681,-0.002326711,0.07510694,0.4215681,-0.002326711
0.08360413,0.40978435,0.0022917723,0.08360413,0.40978435,0.0022917723
0.08047765,0.4065547,0.006186512,0.08047765,0.4065547,0.006186512
0.08603711,0.41447031,-0.0008780226,0.08603711,0.41447031,-0.0008780226
0.07503588,0.40604734,0.015014711,0.07503588,0.40604734,0.015014711
0.07634017,0.40004864,0.017386368,0.07634017,0.40004864,0.017386368
0.07951727,0.3993688,0.012668647,0.07951727,0.3993688,0.012668647
0.07741084,0.40536442,0.010549995,0.07741084,0.40536442,0.010549995
0.08230303,0.41303268,0.0042865183,0.08230303,0.41303268,0.0042865183
0.078569785,0.4107143,0.0066939304,0.078569785,0.4107143,0.0066939304
0.07913975,0.41595072,0.004187665,0.07913975,0.41595072,0.004187665
0.0757126,0.41380933,0.0063435626,0.0757126,0.41380933,0.0063435626
0.07380424,0.41186464,0.009575035,0.07380424,0.41186464,0.009575035
0.07562104,0.40942737,0.009930228,0.07562104,0.40942737,0.009930228
0.07188548,0.41607127,0.005831322,0.07188548,0.41607127,0.005831322
0.075486414,0.41933262,0.0037787235,0.075486414,0.41933262,0.0037787235
0.07147171,0.413531,0.009545468,0.07147171,0.413531,0.009545468
0.08193951,0.41875586,0.0035358276,0.08193951,0.41875586,0.0035358276
0.084277466,0.4224084,0.0028791558,0.084277466,0.4224084,0.0028791558
0.082036935,0.42504123,0.0049671843,0.082036935,0.42504123,0.0049671843
0.07894504,0.4221328,0.0037226004,0.07894504,0.4221328,0.0037226004
0.0867014,0.4203014,-0.0029504467,0.0867014,0.4203014,-0.0029504467
0.086584136,0.42091632,0.00041048572,0.086584136,0.42091632,0.00041048572
0.08479728,0.4165237,0.0019394623,0.08479728,0.4165237,0.0019394623
0.08733952,0.42627686,-0.0005996385,0.08733952,0.42627686,-0.0005996385
0.08744678,0.42680305,-0.0035980907,0.08744678,0.42680305,-0.0035980907
0.08555711,0.42638558,0.0017910865,0.08555711,0.42638558,0.0017910865
0.08406536,0.42748642,0.003875617,0.08406536,0.42748642,0.003875617
0.086828955,0.4351033,0.0015235891,0.086828955,0.4351033,0.0015235891
0.087334104,0.43122512,-5.6342615e-05,0.087334104,0.43122512,-5.6342615e-05
0.08810003,0.4327773,-0.0028179565,0.08810003,0.4327773,-0.0028179565
0.08617858,0.43006608,0.0023095894,0.08617858,0.43006608,0.0023095894
0.08550028,0.43313217,0.0033497226,0.08550028,0.43313217,0.0033497226
0.08408273,0.43139318,0.0044756825,0.08408273,0.43139318,0.0044756825
0.084846154,0.4297126,0.0033350966,0.084846154,0.4297126,0.0033350966
0.08263412,0.4391363,0.0098628085,0.08263412,0.4391363,0.0098628085
0.08134424,0.437474,0.011374852,0.08134424,0.437474,0.011374852
0.083890334,0.4391348,0.007164002,0.083890334,0.4391348,0.007164002
0.08168377,0.43939584,0.007890349,0.08168377,0.43939584,0.007890349
0.082472816,0.43695346,0.007085871,0.082472816,0.43695346,0.007085871
0.080264494,0.43843532,0.008201634,0.080264494,0.43843532,0.008201634
0.081479415,0.43494403,0.007701053,0.081479415,0.43494403,0.007701053
0.07945316,0.4324313,0.007774183,0.07945316,0.4324313,0.007774183
0.025777146,0.27072972,0.051818546,0.025777146,0.27072972,0.051818546
0.02395096,0.2818623,0.0528854,0.02395096,0.2818623,0.0528854
0.013024614,0.2788769,0.056139186,0.013024614,0.2788769,0.056139186
0.013763184,0.26836267,0.054006293,0.013763184,0.26836267,0.054006293
0.0829227,0.43304574,0.0063952175,0.0829227,0.43304574,0.0063952175
0.08404687,0.43530604,0.0051462343,0.08404687,0.43530604,0.0051462343
0.08539797,0.4379719,0.003998004,0.08539797,0.4379719,0.003998004
0.08046783,0.42885643,0.0057970807,0.08046783,0.42885643,0.0057970807
0.08189749,0.4278174,0.0055243047,0.08189749,0.4278174,0.0055243047
0.08289467,0.4293109,0.0053255986,0.08289467,0.4293109,0.0053255986
0.08136998,0.43081057,0.0064649866,0.08136998,0.43081057,0.0064649866
0.075571425,0.42528144,0.014753656,0.075571425,0.42528144,0.014753656
0.073761374,0.42368042,0.011428266,0.073761374,0.42368042,0.011428266
0.07414417,0.42112598,0.007588183,0.07414417,0.42112598,0.007588183
0.05935005,0.25889614,0.034693718,0.05935005,0.25889614,0.034693718
0.07330268,0.26711208,0.021448944,0.07330268,0.26711208,0.021448944
0.06796052,0.27479643,0.018339414,0.06796052,0.27479643,0.018339414
0.054903157,0.26804882,0.0311098,0.054903157,0.26804882,0.0311098
0.0697477,0.2372205,0.052997895,0.0697477,0.2372205,0.052997895
0.07202835,0.2197675,0.0636301,0.07202835,0.2197675,0.0636301
0.09062316,0.22495481,0.05624564,0.09062316,0.22495481,0.05624564
0.09073998,0.24589652,0.03717893,0.09073998,0.24589652,0.03717893
0.08997602,0.20673658,0.07021501,0.08997602,0.20673658,0.07021501
0.07228774,0.20290287,0.07491516,0.07228774,0.20290287,0.07491516
0.08578427,0.15809017,0.105172165,0.08578427,0.15809017,0.105172165
0.08739245,0.17362171,0.094017334,0.08739245,0.17362171,0.094017334
0.070301406,0.1721571,0.097936705,0.070301406,0.1721571,0.097936705
0.06904626,0.15663204,0.108767994,0.06904626,0.15663204,0.108767994
0.107947655,0.082584776,0.13446692,0.107947655,0.082584776,0.13446692
0.09604248,0.084495254,0.13894032,0.09604248,0.084495254,0.13894032
0.08900559,0.068561904,0.13841565,0.08900559,0.068561904,0.13841565
0.10219238,0.06473447,0.13261208,0.10219238,0.06473447,0.13261208
0.152626,0.1822828,0.064589284,0.152626,0.1822828,0.064589284
0.162679,0.17249265,0.061255757,0.162679,0.17249265,0.061255757
0.16558196,0.1918553,0.05590913,0.16558196,0.1918553,0.05590913
0.15420344,0.20097911,0.057397734,0.15420344,0.20097911,0.057397734
0.10020071,0.28019923,-0.012146094,0.10020071,0.28019923,-0.012146094
0.09276458,0.28314364,-0.014587736,0.09276458,0.28314364,-0.014587736
0.08882921,0.26970986,0.0068247225,0.08882921,0.26970986,0.0068247225
0.09675828,0.2657356,0.011837954,0.09675828,0.2657356,0.011837954
0.15046844,0.09483528,0.08499003,0.15046844,0.09483528,0.08499003
0.14543727,0.10415988,0.09468374,0.14543727,0.10415988,0.09468374
0.14204934,0.09244221,0.10175981,0.14204934,0.09244221,0.10175981
0.14609237,0.08297882,0.09359984,0.14609237,0.08297882,0.09359984
0.12108929,0.004163464,0.090022795,0.12108929,0.004163464,0.090022795
0.10698686,0.00369994,0.106042534,0.10698686,0.00369994,0.106042534
0.10587799,-0.015672965,0.1071904,0.10587799,-0.015672965,0.1071904
0.120831765,-0.015320963,0.09050885,0.120831765,-0.015320963,0.09050885
0.15535106,0.025414607,0.022105208,0.15535106,0.025414607,0.022105208
0.15208201,0.007853256,0.022279317,0.15208201,0.007853256,0.022279317
0.15116513,0.007883305,-0.004536976,0.15116513,0.007883305,-0.004536976
0.1543066,0.023864876,-0.005253926,0.1543066,0.023864876,-0.005253926
0.11504783,0.15794273,0.095559455,0.11504783,0.15794273,0.095559455
0.11739576,0.17396168,0.08473397,0.11739576,0.17396168,0.08473397
0.10320428,0.17415673,0.08947656,0.10320428,0.17415673,0.08947656
0.101207204,0.15856978,0.100564905,0.101207204,0.15856978,0.100564905
0.34187672,0.22617626,0.016944401,0.34187672,0.22617626,0.016944401
0.31597504,0.22629276,0.018148825,0.31597504,0.22629276,0.018148825
0.31685498,0.20998804,0.019314209,0.31685498,0.20998804,0.019314209
0.34267756,0.20981738,0.017669333,0.34267756,0.20981738,0.017669333
0.15032518,-0.084544994,0.039017133,0.15032518,-0.084544994,0.039017133
0.15225463,-0.10207391,0.042467397,0.15225463,-0.10207391,0.042467397
0.15312526,-0.09808219,0.015344478,0.15312526,-0.09808219,0.015344478
0.150305,-0.080989845,0.013225611,0.150305,-0.080989845,0.013225611
0.20613247,0.2527072,0.029270045,0.20613247,0.2527072,0.029270045
0.2057954,0.26978087,0.011090269,0.2057954,0.26978087,0.011090269
0.19234918,0.27298433,0.010951607,0.19234918,0.27298433,0.010951607
0.19173992,0.25661856,0.030717932,0.19173992,0.25661856,0.030717932
0.15397903,0.14466603,0.07247832,0.15397903,0.14466603,0.07247832
0.15805246,0.1572932,0.066839375,0.15805246,0.1572932,0.066839375
0.15004024,0.16618401,0.07180853,0.15004024,0.16618401,0.07180853
0.14637972,0.15159589,0.078873456,0.14637972,0.15159589,0.078873456
0.16259754,0.054401636,-0.010849768,0.16259754,0.054401636,-0.010849768
0.165615,0.07149074,-0.014203132,0.165615,0.07149074,-0.014203132
0.16588007,0.073145986,0.0064205187,0.16588007,0.073145986,0.0064205187
0.16370085,0.056201115,0.0124288965,0.16370085,0.056201115,0.0124288965
0.16056031,0.040376175,0.017648097,0.16056031,0.040376175,0.017648097
0.1590491,0.038563095,-0.0077288523,0.1590491,0.038563095,-0.0077288523
0.13772437,0.1548133,0.08459532,0.13772437,0.1548133,0.08459532
0.13994505,0.17199276,0.07594182,0.13994505,0.17199276,0.07594182
0.12969764,0.1733709,0.08015704,0.12969764,0.1733709,0.08015704
0.12712362,0.15668966,0.09030288,0.12712362,0.15668966,0.09030288
0.08032398,0.054042187,0.13449688,0.08032398,0.054042187,0.13449688
0.09617784,0.04921273,0.12692897,0.09617784,0.04921273,0.12692897
0.1446348,-0.10692504,0.06849581,0.1446348,-0.10692504,0.06849581
0.14386299,-0.0886607,0.0644909,0.14386299,-0.0886607,0.0644909
0.13195843,-0.093036845,0.08657717,0.13195843,-0.093036845,0.08657717
0.13178928,-0.111848265,0.09070451,0.13178928,-0.111848265,0.09070451
0.09090793,0.02161276,0.11659507,0.09090793,0.02161276,0.11659507
0.10633361,0.02102203,0.105279125,0.10633361,0.02102203,0.105279125
0.1071766,0.0352975,0.11099403,0.1071766,0.0352975,0.11099403
0.09194725,0.036521148,0.12016766,0.09194725,0.036521148,0.12016766
0.115098454,-0.115780205,0.10970453,0.115098454,-0.115780205,0.10970453
0.115674324,-0.09672302,0.105385765,0.115674324,-0.09672302,0.105385765
0.097450785,-0.09904706,0.12214179,0.097450785,-0.09904706,0.12214179
0.09675965,-0.120030366,0.12709214,0.09675965,-0.120030366,0.12709214
0.08883806,0.18973094,0.08245003,0.08883806,0.18973094,0.08245003
0.071487196,0.18720105,0.086481854,0.071487196,0.18720105,0.086481854
0.12741475,0.082268216,0.1204408,0.12741475,0.082268216,0.1204408
0.11870848,0.08196584,0.12807436,0.11870848,0.08196584,0.12807436
0.11418102,0.06376527,0.1255816,0.11418102,0.06376527,0.1255816
0.12441704,0.064963266,0.117708296,0.12441704,0.064963266,0.117708296
0.1712703,0.14337623,0.04234004,0.1712703,0.14337623,0.04234004
0.18000408,0.15588917,0.037329506,0.18000408,0.15588917,0.037329506
0.17796583,0.17781363,0.04991507,0.17796583,0.17781363,0.04991507
0.17023183,0.15884604,0.054282118,0.17023183,0.15884604,0.054282118
0.15689391,-0.11491592,0.01741552,0.15689391,-0.11491592,0.01741552
0.15492837,-0.119230986,0.0452715,0.15492837,-0.119230986,0.0452715
0.11573243,-0.13590664,0.11246994,0.11573243,-0.13590664,0.11246994
0.09731904,-0.14112012,0.12992862,0.09731904,-0.14112012,0.12992862
0.21354349,0.14882822,-0.029819205,0.21354349,0.14882822,-0.029819205
0.21142739,0.15235522,-0.01692303,0.21142739,0.15235522,-0.01692303
0.20098598,0.13987336,-0.0146027915,0.20098598,0.13987336,-0.0146027915
0.20426813,0.13702376,-0.027561609,0.20426813,0.13702376,-0.027561609
0.056649454,0.08569463,0.14207165,0.056649454,0.08569463,0.14207165
0.0656626,0.06576434,0.14016037,0.0656626,0.06576434,0.14016037
0.078131445,0.078442544,0.14199385,0.078131445,0.078442544,0.14199385
0.0715944,0.094503455,0.1416231,0.0715944,0.094503455,0.1416231
0.121536575,0.049244627,0.10991745,0.121536575,0.049244627,0.10991745
0.1099231,0.04798985,0.118528605,0.1099231,0.04798985,0.118528605
0.120498784,0.036499534,0.10083246,0.120498784,0.036499534,0.10083246
0.040473174,0.07623076,0.13886277,0.040473174,0.07623076,0.13886277
0.051171917,0.050858475,0.1347703,0.051171917,0.050858475,0.1347703
0.053410236,0.184397,0.09040291,0.053410236,0.184397,0.09040291
0.052474268,0.16974631,0.10114771,0.052474268,0.16974631,0.10114771
0.053865783,0.19955997,0.08029749,0.053865783,0.19955997,0.08029749
0.05297475,0.21534482,0.07048011,0.05297475,0.21534482,0.07048011
0.03476871,0.21204571,0.07547516,0.03476871,0.21204571,0.07547516
0.035352085,0.19632931,0.08462366,0.035352085,0.19632931,0.08462366
0.05083528,0.23131993,0.062127575,0.05083528,0.23131993,0.062127575
0.033114232,0.22761412,0.067704506,0.033114232,0.22761412,0.067704506
0.043199558,0.25304282,0.045260575,0.043199558,0.25304282,0.045260575
0.040102553,0.2631452,0.04180826,0.040102553,0.2631452,0.04180826
0.16390868,0.14559089,0.05898713,0.16390868,0.14559089,0.05898713
0.15905385,0.13423477,0.063777946,0.15905385,0.13423477,0.063777946
0.13276002,-0.13064733,0.0933494,0.13276002,-0.13064733,0.0933494
0.112826444,0.21292941,-0.102132134,0.112826444,0.21292941,-0.102132134
0.13008949,0.21904287,-0.094560854,0.13008949,0.21904287,-0.094560854
0.12885725,0.20154792,-0.09918991,0.12885725,0.20154792,-0.09918991
0.11165482,0.19469872,-0.10711948,0.11165482,0.19469872,-0.10711948
0.10859954,0.26664883,0.013438087,0.10859954,0.26664883,0.013438087
0.10867724,0.28065774,-0.011194441,0.10867724,0.28065774,-0.011194441
0.18549035,0.15588464,-0.07024796,0.18549035,0.15588464,-0.07024796
0.18578678,0.14594752,-0.06598822,0.18578678,0.14594752,-0.06598822
0.17526862,0.13705328,-0.069636576,0.17526862,0.13705328,-0.069636576
0.17384017,0.14894481,-0.07372885,0.17384017,0.14894481,-0.07372885
0.2130904,0.15091957,-0.050293036,0.2130904,0.15091957,-0.050293036
0.21133865,0.15728734,-0.056833755,0.21133865,0.15728734,-0.056833755
0.22570059,0.16527942,-0.059565037,0.22570059,0.16527942,-0.059565037
0.22725692,0.15902868,-0.05280427,0.22725692,0.15902868,-0.05280427
0.14779969,-0.09489102,-0.009485935,0.14779969,-0.09489102,-0.009485935
0.14432038,-0.0778728,-0.01176216,0.14432038,-0.0778728,-0.01176216
0.12908016,0.03597246,-0.070447825,0.12908016,0.03597246,-0.070447825
0.13735375,0.052958846,-0.069123596,0.13735375,0.052958846,-0.069123596
0.14749716,0.04523378,-0.05163473,0.14749716,0.04523378,-0.05163473
0.14094304,0.028884713,-0.051492687,0.14094304,0.028884713,-0.051492687
0.016150434,0.1805169,-0.104516625,0.016150434,0.1805169,-0.104516625
0.03486031,0.18402313,-0.10899258,0.03486031,0.18402313,-0.10899258
0.034793016,0.16870232,-0.1114725,0.034793016,0.16870232,-0.1114725
0.015934959,0.16555262,-0.10659861,0.015934959,0.16555262,-0.10659861
0.074045174,0.21336864,-0.10739674,0.074045174,0.21336864,-0.10739674
0.053142685,0.20491083,-0.10882409,0.053142685,0.20491083,-0.10882409
0.05239461,0.21922992,-0.104256175,0.05239461,0.21922992,-0.104256175
0.0739524,0.22860402,-0.101797394,0.0739524,0.22860402,-0.101797394
0.09350668,0.20505564,-0.10867495,0.09350668,0.20505564,-0.10867495
0.092711456,0.18690962,-0.11330431,0.092711456,0.18690962,-0.11330431
0.15906106,0.056715705,-0.031942364,0.15906106,0.056715705,-0.031942364
0.16296145,0.07316232,-0.033021964,0.16296145,0.07316232,-0.033021964
0.17130686,0.09666527,-0.035678763,0.17130686,0.09666527,-0.035678763
0.17662808,0.10524004,-0.036499128,0.17662808,0.10524004,-0.036499128
0.17716408,0.10533997,-0.021691076,0.17716408,0.10533997,-0.021691076
0.1722938,0.09650904,-0.01989359,0.1722938,0.09650904,-0.01989359
0.08555598,0.2879555,-0.016923442,0.08555598,0.2879555,-0.016923442
0.09209533,0.28982607,-0.037728388,0.09209533,0.28982607,-0.037728388
0.08324024,0.29320404,-0.04016361,0.08324024,0.29320404,-0.04016361
0.048934713,0.26717997,-0.08193268,0.048934713,0.26717997,-0.08193268
0.059530836,0.27209064,-0.0776677,0.059530836,0.27209064,-0.0776677
0.061790336,0.2663316,-0.0812943,0.061790336,0.2663316,-0.0812943
0.048673246,0.26073617,-0.08592226,0.048673246,0.26073617,-0.08592226
0.039105404,0.098514184,-0.115064815,0.039105404,0.098514184,-0.115064815
0.041586787,0.07658035,-0.11136048,0.041586787,0.07658035,-0.11136048
0.01861797,0.07742305,-0.109799065,0.01861797,0.07742305,-0.109799065
0.017630668,0.098122336,-0.11309862,0.017630668,0.098122336,-0.11309862
0.18193617,0.11544191,-0.048659008,0.18193617,0.11544191,-0.048659008
0.17969365,0.12018614,-0.057638,0.17969365,0.12018614,-0.057638
0.18970713,0.12939587,-0.05582363,0.18970713,0.12939587,-0.05582363
0.1920837,0.1240937,-0.048298586,0.1920837,0.1240937,-0.048298586
0.17182131,0.11217268,-0.058833033,0.17182131,0.11217268,-0.058833033
0.17452095,0.10766539,-0.048641723,0.17452095,0.10766539,-0.048641723
0.16885726,0.099034645,-0.048847523,0.16885726,0.099034645,-0.048847523
0.16533127,0.10377564,-0.06053785,0.16533127,0.10377564,-0.06053785
0.145338,0.06866594,-0.066711836,0.145338,0.06866594,-0.066711836
0.15330718,0.083360665,-0.064178355,0.15330718,0.083360665,-0.064178355
0.1591123,0.07762611,-0.04953985,0.1591123,0.07762611,-0.04953985
0.153437,0.06181624,-0.050460324,0.153437,0.06181624,-0.050460324
0.019639725,0.0073428084,-0.093233354,0.019639725,0.0073428084,-0.093233354
0.019144189,0.030446941,-0.10060621,0.019144189,0.030446941,-0.10060621
0.039947942,0.028640164,-0.10156659,0.039947942,0.028640164,-0.10156659
0.039552554,0.005059625,-0.095573954,0.039552554,0.005059625,-0.095573954
0.21938397,0.17015558,0.0029773507,0.21938397,0.17015558,0.0029773507
0.23564842,0.17321861,-0.0010332507,0.23564842,0.17321861,-0.0010332507
0.23250495,0.18154402,0.013149335,0.23250495,0.18154402,0.013149335
0.21808475,0.17814653,0.016645547,0.21808475,0.17814653,0.016645547
0.23174268,0.18669686,-0.07172743,0.23174268,0.18669686,-0.07172743
0.23029561,0.19348732,-0.073263265,0.23029561,0.19348732,-0.073263265
0.24134162,0.19832274,-0.07425176,0.24134162,0.19832274,-0.07425176
0.2423958,0.1919238,-0.07335381,0.2423958,0.1919238,-0.07335381
0.2586392,0.16664705,-0.017037734,0.2586392,0.16664705,-0.017037734
0.27911824,0.16553678,-0.019949045,0.27911824,0.16553678,-0.019949045
0.27518103,0.17313376,-0.0057709357,0.27518103,0.17313376,-0.0057709357
0.25385776,0.17362674,-0.0035965035,0.25385776,0.17362674,-0.0035965035
0.11753433,0.28367743,-0.038328532,0.11753433,0.28367743,-0.038328532
0.10896449,0.2858123,-0.03735942,0.10896449,0.2858123,-0.03735942
0.11741729,0.28193036,-0.010582359,0.11741729,0.28193036,-0.010582359
0.24402739,0.15877452,-0.037190497,0.24402739,0.15877452,-0.037190497
0.243158,0.15994254,-0.047836363,0.243158,0.15994254,-0.047836363
0.26036918,0.16232285,-0.052719083,0.26036918,0.16232285,-0.052719083
0.26136106,0.1602093,-0.0415728,0.26136106,0.1602093,-0.0415728
0.34137496,0.24150157,0.008660475,0.34137496,0.24150157,0.008660475
0.31554547,0.24159102,0.009465212,0.31554547,0.24159102,0.009465212
0.30317345,0.16252351,-0.03568176,0.30317345,0.16252351,-0.03568176
0.28144428,0.16125414,-0.033236664,0.28144428,0.16125414,-0.033236664
0.2819657,0.16088828,-0.045778397,0.2819657,0.16088828,-0.045778397
0.30447295,0.1641325,-0.048841886,0.30447295,0.1641325,-0.048841886
0.13509282,0.012747255,-0.0506963,0.13509282,0.012747255,-0.0506963
0.12165993,0.018873839,-0.069166556,0.12165993,0.018873839,-0.069166556
0.12156943,-0.09074005,-0.048926517,0.12156943,-0.09074005,-0.048926517
0.11742676,-0.07251356,-0.05109021,0.11742676,-0.07251356,-0.05109021
0.13249476,-0.07486517,-0.033626255,0.13249476,-0.07486517,-0.033626255
0.13677536,-0.092365906,-0.031308103,0.13677536,-0.092365906,-0.031308103
0.15146893,-0.11184128,-0.008385047,0.15146893,-0.11184128,-0.008385047
0.12491929,-0.10917379,-0.0474543,0.12491929,-0.10917379,-0.0474543
0.14036447,-0.11003671,-0.030111635,0.14036447,-0.11003671,-0.030111635
0.067301705,0.30030802,-0.035325915,0.067301705,0.30030802,-0.035325915
0.07501112,0.2969215,-0.038936473,0.07501112,0.2969215,-0.038936473
0.06424136,0.29339626,-0.0558104,0.06424136,0.29339626,-0.0558104
0.05809099,0.29944733,-0.050380457,0.05809099,0.29944733,-0.050380457
0.17572944,-0.22206597,-0.010188248,0.17572944,-0.22206597,-0.010188248
0.17988458,-0.22534595,0.020748256,0.17988458,-0.22534595,0.020748256
0.18106371,-0.24981368,0.013506387,0.18106371,-0.24981368,0.013506387
0.17516401,-0.24907386,-0.01607406,0.17516401,-0.24907386,-0.01607406
0.033001926,0.28128755,-0.07273418,0.033001926,0.28128755,-0.07273418
0.02985355,0.29061744,-0.06589797,0.02985355,0.29061744,-0.06589797
0.04475661,0.29472652,-0.059917774,0.04475661,0.29472652,-0.059917774
0.049840663,0.28705758,-0.066122286,0.049840663,0.28705758,-0.066122286
0.17421794,-0.19710538,-0.0073217642,0.17421794,-0.19710538,-0.0073217642
0.17733815,-0.20114216,0.022177787,0.17733815,-0.20114216,0.022177787
0.07059191,0.2952649,-0.016063107,0.07059191,0.2952649,-0.016063107
0.078175075,0.2913745,-0.017316656,0.078175075,0.2913745,-0.017316656
0.06901432,0.2882834,0.0018114079,0.06901432,0.2882834,0.0018114079
0.07616502,0.2826335,0.0013319247,0.07616502,0.2826335,0.0013319247
0.062427603,0.2830208,0.01809894,0.062427603,0.2830208,0.01809894
0.17748182,-0.23182587,0.047438305,0.17748182,-0.23182587,0.047438305
0.18143727,-0.25768253,0.04366447,0.18143727,-0.25768253,0.04366447
0.052349873,0.30523047,-0.043817643,0.052349873,0.30523047,-0.043817643
0.040712927,0.302051,-0.053381618,0.040712927,0.302051,-0.053381618
0.02746595,0.29938832,-0.05865915,0.02746595,0.29938832,-0.05865915
0.013611209,0.29813543,-0.06152562,0.013611209,0.29813543,-0.06152562
-0.0012086486,0.29799414,-0.062153075,-0.0012086486,0.29799414,-0.062153075
-0.0010815926,0.3089484,-0.055227626,-0.0010815926,0.3089484,-0.055227626
0.16018327,-0.13129786,0.019218072,0.16018327,-0.13129786,0.019218072
0.15593825,-0.12853836,-0.007856063,0.15593825,-0.12853836,-0.007856063
0.12290211,-0.35250437,-0.0859737,0.12290211,-0.35250437,-0.0859737
0.124348745,-0.36821333,-0.07556852,0.124348745,-0.36821333,-0.07556852
0.09215031,-0.36714813,-0.08485507,0.09215031,-0.36714813,-0.08485507
0.0953274,-0.35648197,-0.09371018,0.0953274,-0.35648197,-0.09371018
0.02610088,-0.3408305,-0.099317335,0.02610088,-0.3408305,-0.099317335
0.06277281,-0.35187924,-0.09925466,0.06277281,-0.35187924,-0.09925466
0.057734594,-0.36178482,-0.08765978,0.057734594,-0.36178482,-0.08765978
0.022757314,-0.34979013,-0.08584542,0.022757314,-0.34979013,-0.08584542
0.034410022,-0.22912575,-0.11438932,0.034410022,-0.22912575,-0.11438932
0.034974705,-0.20738517,-0.108035244,0.034974705,-0.20738517,-0.108035244
0.06427057,-0.20718056,-0.106891505,0.06427057,-0.20718056,-0.106891505
0.06444519,-0.22889163,-0.114109166,0.06444519,-0.22889163,-0.114109166
0.14516987,-0.1270784,-0.030542575,0.14516987,-0.1270784,-0.030542575
0.129853,-0.12670866,-0.048381954,0.129853,-0.12670866,-0.048381954
0.15704274,-0.13581735,0.04715874,0.15704274,-0.13581735,0.04715874
0.17971458,-0.39652026,0.05676643,0.17971458,-0.39652026,0.05676643
0.17702767,-0.43347365,0.054012228,0.17702767,-0.43347365,0.054012228
0.18067296,-0.42624176,0.014955353,0.18067296,-0.42624176,0.014955353
0.18654847,-0.38934276,0.015334937,0.18654847,-0.38934276,0.015334937
0.14811243,-0.4190159,-0.04601083,0.14811243,-0.4190159,-0.04601083
0.11727484,-0.41619658,-0.06184836,0.11727484,-0.41619658,-0.06184836
0.12143235,-0.39022976,-0.06798073,0.12143235,-0.39022976,-0.06798073
0.15307853,-0.38890567,-0.051048256,0.15307853,-0.38890567,-0.051048256
0.078296274,-0.14547667,0.14560023,0.078296274,-0.14547667,0.14560023
0.07786872,-0.16715646,0.14516303,0.07786872,-0.16715646,0.14516303
0.09747841,-0.16151571,0.13016906,0.09747841,-0.16151571,0.13016906
0.017548135,-0.15597351,0.16793473,0.017548135,-0.15597351,0.16793473
0.015992654,-0.17786086,0.16650347,0.015992654,-0.17786086,0.16650347
0.036755998,-0.17512253,0.16360112,0.036755998,-0.17512253,0.16360112
0.039284386,-0.15270028,0.16495992,0.039284386,-0.15270028,0.16495992
0.023535818,-0.28864717,0.14535204,0.023535818,-0.28864717,0.14535204
0.027902363,-0.26450554,0.14750858,0.027902363,-0.26450554,0.14750858
0.011775254,-0.26679245,0.15117404,0.011775254,-0.26679245,0.15117404
0.0103014475,-0.28935602,0.14815974,0.0103014475,-0.28935602,0.14815974
0.16798085,-0.23882101,0.071929835,0.16798085,-0.23882101,0.071929835
0.16402449,-0.21757,0.07412858,0.16402449,-0.21757,0.07412858
0.14623283,-0.22496144,0.09461612,0.14623283,-0.22496144,0.09461612
0.1490419,-0.24589244,0.09324416,0.1490419,-0.24589244,0.09324416
0.05196184,-0.3717745,-0.07133083,0.05196184,-0.3717745,-0.07133083
0.02051529,-0.3571727,-0.067626454,0.02051529,-0.3571727,-0.067626454
0.16141257,-0.4012594,0.09463081,0.16141257,-0.4012594,0.09463081
0.16022857,-0.43895054,0.090989575,0.16022857,-0.43895054,0.090989575
0.13217516,-0.44355094,0.11907503,0.13217516,-0.44355094,0.11907503
0.13407232,-0.4079673,0.121760115,0.13407232,-0.4079673,0.121760115
0.10098969,-0.4102118,0.13247393,0.10098969,-0.4102118,0.13247393
0.098311104,-0.4423967,0.12898944,0.098311104,-0.4423967,0.12898944
0.00853233,-0.35859758,0.08741895,0.00853233,-0.35859758,0.08741895
0.008153666,-0.36878413,0.08669375,0.008153666,-0.36878413,0.08669375
0.024460232,-0.35501063,0.1109809,0.024460232,-0.35501063,0.1109809
0.019992517,-0.341576,0.115030214,0.019992517,-0.341576,0.115030214
0.029873876,-0.31435668,-0.11366168,0.029873876,-0.31435668,-0.11366168
0.06251531,-0.31961077,-0.11443883,0.06251531,-0.31961077,-0.11443883
0.062678404,-0.33645883,-0.10866787,0.062678404,-0.33645883,-0.10866787
0.028743941,-0.33042186,-0.10678222,0.028743941,-0.33042186,-0.10678222
0.11123295,-0.12746339,-0.061915845,0.11123295,-0.12746339,-0.061915845
0.106684156,-0.10903577,-0.060089227,0.106684156,-0.10903577,-0.060089227
0.08738291,-0.10919065,-0.068350755,0.08738291,-0.10919065,-0.068350755
0.0846598,-0.088738486,-0.0694316,0.0846598,-0.088738486,-0.0694316
0.10391994,-0.089653894,-0.061571922,0.10391994,-0.089653894,-0.061571922
0.08559625,0.037171457,-0.09495251,0.08559625,0.037171457,-0.09495251
0.094312444,0.055878233,-0.09832929,0.094312444,0.055878233,-0.09832929
0.11322694,0.044215348,-0.08581097,0.11322694,0.044215348,-0.08581097
0.10523972,0.027203953,-0.08367017,0.10523972,0.027203953,-0.08367017
0.053714607,0.18969414,-0.11271092,0.053714607,0.18969414,-0.11271092
0.05424998,0.17373641,-0.11566259,0.05424998,0.17373641,-0.11566259
0.080605455,-0.4063697,-0.06832658,0.080605455,-0.4063697,-0.06832658
0.083631605,-0.4396683,-0.061296448,0.083631605,-0.4396683,-0.061296448
0.048388943,-0.43180564,-0.055689275,0.048388943,-0.43180564,-0.055689275
0.038315497,-0.38979125,-0.05930838,0.038315497,-0.38979125,-0.05930838
0.14362511,-0.45002207,-0.042376176,0.14362511,-0.45002207,-0.042376176
0.17117278,-0.4206912,-0.020382041,0.17117278,-0.4206912,-0.020382041
0.16403815,-0.45407826,-0.019162493,0.16403815,-0.45407826,-0.019162493
0.17215359,-0.46790928,0.052322417,0.17215359,-0.46790928,0.052322417
0.17480208,-0.4608417,0.0144175105,0.17480208,-0.4608417,0.0144175105
0.12820227,-0.47701854,0.11550852,0.12820227,-0.47701854,0.11550852
0.09456673,-0.4743554,0.123679884,0.09456673,-0.4743554,0.123679884
0.014732631,-0.434096,0.08713131,0.014732631,-0.434096,0.08713131
0.014167936,-0.45813245,0.076858655,0.014167936,-0.45813245,0.076858655
0.03404644,-0.46386036,0.0989275,0.03404644,-0.46386036,0.0989275
0.036038034,-0.43762314,0.107692376,0.036038034,-0.43762314,0.107692376
0.061709534,-0.28732425,0.12805825,0.061709534,-0.28732425,0.12805825
0.07087027,-0.31241193,0.12848532,0.07087027,-0.31241193,0.12848532
0.099704914,-0.29293156,0.121840514,0.099704914,-0.29293156,0.121840514
0.0969603,-0.26881048,0.11931948,0.0969603,-0.26881048,0.11931948
0.040708426,-0.12879945,0.16387914,0.040708426,-0.12879945,0.16387914
0.02284422,-0.1327354,0.16700889,0.02284422,-0.1327354,0.16700889
0.07805848,-0.12295457,0.1431687,0.07805848,-0.12295457,0.1431687
0.05894056,-0.12558123,0.15613043,0.05894056,-0.12558123,0.15613043
0.0585701,-0.14938295,0.1578525,0.0585701,-0.14938295,0.1578525
0.045907088,-0.0349178,0.15081969,0.045907088,-0.0349178,0.15081969
0.043009516,-0.056753576,0.15508625,0.043009516,-0.056753576,0.15508625
0.06429037,-0.056916825,0.14513503,0.06429037,-0.056916825,0.14513503
0.06774673,-0.035652466,0.14079069,0.06774673,-0.035652466,0.14079069
0.071171306,-0.013850473,0.13644756,0.071171306,-0.013850473,0.13644756
0.04894852,-0.012911473,0.14590769,0.04894852,-0.012911473,0.14590769
0.05062352,0.028193343,0.13157363,0.05062352,0.028193343,0.13157363
0.07232763,0.024324419,0.12561,0.07232763,0.024324419,0.12561
0.07339421,0.040618584,0.1286488,0.07339421,0.040618584,0.1286488
0.03494097,0.18091822,0.09386339,0.03494097,0.18091822,0.09386339
0.034326535,0.16585484,0.10318605,0.034326535,0.16585484,0.10318605
0.17246835,-0.26320454,0.07004428,0.17246835,-0.26320454,0.07004428
0.009902529,-0.3984915,-0.03076146,0.009902529,-0.3984915,-0.03076146
0.019022038,-0.43170244,-0.035876065,0.019022038,-0.43170244,-0.035876065
0.004000157,-0.43774882,-0.0069712484,0.004000157,-0.43774882,-0.0069712484
0.00058129616,-0.41069257,0.001319354,0.00058129616,-0.41069257,0.001319354
0.17356862,-0.20930925,0.04960684,0.17356862,-0.20930925,0.04960684
0.14621161,-0.12473868,0.07121582,0.14621161,-0.12473868,0.07121582
0.1475249,-0.14202215,0.07256996,0.1475249,-0.14202215,0.07256996
0.14855114,0.030714378,0.053391818,0.14855114,0.030714378,0.053391818
0.14576043,0.008827177,0.04877375,0.14576043,0.008827177,0.04877375
0.08671961,0.087965295,0.14075458,0.08671961,0.087965295,0.14075458
0.08506251,0.099844895,0.13906334,0.08506251,0.099844895,0.13906334
0.17714582,-0.38619336,-0.022878502,0.17714582,-0.38619336,-0.022878502
0.123393185,-0.5079604,0.109863564,0.123393185,-0.5079604,0.109863564
0.09022469,-0.5057494,0.1164005,0.09022469,-0.5057494,0.1164005
0.085076466,-0.5354801,0.10841467,0.085076466,-0.5354801,0.10841467
0.11764065,-0.5373225,0.10336231,0.11764065,-0.5373225,0.10336231
0.006085003,-0.4797959,0.040355124,0.006085003,-0.4797959,0.040355124
0.0104034925,-0.5093092,0.030009957,0.0104034925,-0.5093092,0.030009957
0.01716685,-0.51367503,0.055272594,0.01716685,-0.51367503,0.055272594
0.015072959,-0.48523456,0.0658265,0.015072959,-0.48523456,0.0658265
0.01462294,-0.53905225,0.022082994,0.01462294,-0.53905225,0.022082994
0.017119654,-0.56794006,0.014156243,0.017119654,-0.56794006,0.014156243
0.020086346,-0.57361084,0.03766249,0.020086346,-0.57361084,0.03766249
0.019499563,-0.54419637,0.047245447,0.019499563,-0.54419637,0.047245447
0.15594342,-0.47541606,0.08895555,0.15594342,-0.47541606,0.08895555
0.15934163,-0.5307354,0.050306313,0.15934163,-0.5307354,0.050306313
0.16562003,-0.5008931,0.05200391,0.16562003,-0.5008931,0.05200391
0.15010704,-0.50665176,0.08573257,0.15010704,-0.50665176,0.08573257
0.14453073,-0.5363027,0.08168788,0.14453073,-0.5363027,0.08168788
0.11573208,-0.44680965,-0.055816732,0.11573208,-0.44680965,-0.055816732
0.0021439535,-0.4295354,0.062939435,0.0021439535,-0.4295354,0.062939435
0.0032253028,-0.4522745,0.051851593,0.0032253028,-0.4522745,0.051851593
0.019347703,-0.5030859,-0.018740073,0.019347703,-0.5030859,-0.018740073
0.011391835,-0.4705888,-0.013400959,0.011391835,-0.4705888,-0.013400959
0.028306337,-0.46828046,-0.038334165,0.028306337,-0.46828046,-0.038334165
0.0360248,-0.5013796,-0.040786706,0.0360248,-0.5013796,-0.040786706
0.13965751,-0.5095387,-0.037851296,0.13965751,-0.5095387,-0.037851296
0.14135966,-0.48043066,-0.03926046,0.14135966,-0.48043066,-0.03926046
0.16006778,-0.48539066,-0.015568115,0.16006778,-0.48539066,-0.015568115
0.15640736,-0.51501435,-0.014137018,0.15640736,-0.51501435,-0.014137018
0.16845657,-0.49274188,0.016675215,0.16845657,-0.49274188,0.016675215
0.162502,-0.5226146,0.016691606,0.162502,-0.5226146,0.016691606
0.1476874,-0.5877624,0.046579357,0.1476874,-0.5877624,0.046579357
0.1532373,-0.5595677,0.048280235,0.1532373,-0.5595677,0.048280235
0.13793908,-0.5648406,0.07772529,0.13793908,-0.5648406,0.07772529
0.13115352,-0.59259695,0.07354729,0.13115352,-0.59259695,0.07354729
0.15253815,-0.5795062,0.014908707,0.15253815,-0.5795062,0.014908707
0.15719585,-0.5511134,0.015733887,0.15719585,-0.5511134,0.015733887
0.14968105,-0.57149386,-0.012940514,0.14968105,-0.57149386,-0.012940514
0.15309687,-0.54337895,-0.013653271,0.15309687,-0.54337895,-0.013653271
0.13593,-0.56520927,-0.034261014,0.13593,-0.56520927,-0.034261014
0.1383082,-0.53737634,-0.036486972,0.1383082,-0.53737634,-0.036486972
0.11695718,-0.5609803,-0.049065925,0.11695718,-0.5609803,-0.049065925
0.116967335,-0.53370506,-0.0514857,0.116967335,-0.53370506,-0.0514857
0.091544375,-0.5311189,-0.05746107,0.091544375,-0.5311189,-0.05746107
0.094347894,-0.55872345,-0.055086,0.094347894,-0.55872345,-0.055086
0.070778325,-0.55782264,-0.05288416,0.070778325,-0.55782264,-0.05288416
0.06588906,-0.53001326,-0.054228704,0.06588906,-0.53001326,-0.054228704
0.03180632,-0.56107754,-0.028364506,0.03180632,-0.56107754,-0.028364506
0.026299996,-0.5330475,-0.023537064,0.026299996,-0.5330475,-0.023537064
0.04264309,-0.53093666,-0.043014057,0.04264309,-0.53093666,-0.043014057
0.04861392,-0.5588977,-0.044413257,0.04861392,-0.5588977,-0.044413257
0.05250329,-0.67046016,-0.043914616,0.05250329,-0.67046016,-0.043914616
0.045773905,-0.64151275,-0.042135812,0.045773905,-0.64151275,-0.042135812
0.06490767,-0.6393514,-0.04772096,0.06490767,-0.6393514,-0.04772096
0.070469834,-0.66795135,-0.047648653,0.070469834,-0.66795135,-0.047648653
0.0875012,-0.6658628,-0.05226978,0.0875012,-0.6658628,-0.05226978
0.08332881,-0.6382873,-0.049828447,0.08332881,-0.6382873,-0.049828447
0.1011473,-0.63804036,-0.05066968,0.1011473,-0.63804036,-0.05066968
0.10555564,-0.6653317,-0.052951,0.10555564,-0.6653317,-0.052951
0.13196027,-0.6444727,-0.029325712,0.13196027,-0.6444727,-0.029325712
0.13494301,-0.6714622,-0.031057373,0.13494301,-0.6714622,-0.031057373
0.12201981,-0.66687065,-0.046152007,0.12201981,-0.66687065,-0.046152007
0.11832385,-0.63980955,-0.04421442,0.11832385,-0.63980955,-0.04421442
0.14631976,-0.65105146,-0.011386352,0.14631976,-0.65105146,-0.011386352
0.14669521,-0.67733735,-0.012260653,0.14669521,-0.67733735,-0.012260653
0.14706802,-0.6586872,0.013305177,0.14706802,-0.6586872,0.013305177
0.14400816,-0.68451685,0.012198514,0.14400816,-0.68451685,0.012198514
0.13281381,-0.6654465,0.039717685,0.13281381,-0.6654465,0.039717685
0.13110104,-0.69049823,0.038047902,0.13110104,-0.69049823,0.038047902
0.022486817,-0.6560017,0.008170198,0.022486817,-0.6560017,0.008170198
0.02159305,-0.65034044,-0.011298483,0.02159305,-0.65034044,-0.011298483
0.027702162,-0.6782256,-0.018059075,0.027702162,-0.6782256,-0.018059075
0.02676769,-0.68408376,0.0019067402,0.02676769,-0.68408376,0.0019067402
0.049036507,-0.6660429,0.048841268,0.049036507,-0.6660429,0.048841268
0.051682178,-0.692456,0.038527828,0.051682178,-0.692456,0.038527828
0.066482745,-0.69388944,0.06034162,0.066482745,-0.69388944,0.06034162
0.066200756,-0.6685597,0.070488766,0.066200756,-0.6685597,0.070488766
0.14241542,-0.6143802,0.04482925,0.14241542,-0.6143802,0.04482925
0.14866726,-0.6062742,0.014397426,0.14866726,-0.6062742,0.014397426
0.14653675,-0.59839636,-0.012177808,0.14653675,-0.59839636,-0.012177808
0.1329799,-0.59189963,-0.03155953,0.1329799,-0.59189963,-0.03155953
0.036319815,-0.58767277,-0.033530045,0.036319815,-0.58767277,-0.033530045
0.054190174,-0.5852722,-0.046041336,0.054190174,-0.5852722,-0.046041336
0.020509228,-0.60185677,0.028065775,0.020509228,-0.60185677,0.028065775
0.018243248,-0.59587467,0.0058690947,0.018243248,-0.59587467,0.0058690947
0.095294975,-0.6458062,0.08255112,0.095294975,-0.6458062,0.08255112
0.12053445,-0.6450038,0.06796124,0.12053445,-0.6450038,0.06796124
0.124966145,-0.6190736,0.0703206,0.124966145,-0.6190736,0.0703206
0.09917785,-0.6198625,0.08515603,0.09917785,-0.6198625,0.08515603
0.14796036,-0.63264567,0.013715874,0.14796036,-0.63264567,0.013715874
0.14537565,-0.6246305,-0.011624121,0.14537565,-0.6246305,-0.011624121
0.13157575,-0.6181296,-0.02956377,0.13157575,-0.6181296,-0.02956377
0.09869637,-0.61171806,-0.050513186,0.09869637,-0.61171806,-0.050513186
0.11694219,-0.6136415,-0.044209838,0.11694219,-0.6136415,-0.044209838
0.07946746,-0.61132514,-0.050041806,0.07946746,-0.61132514,-0.050041806
0.040909726,-0.61413,-0.038463064,0.040909726,-0.61413,-0.038463064
0.059462544,-0.6118255,-0.047497656,0.059462544,-0.6118255,-0.047497656
0.02192221,-0.6294489,0.017874377,0.02192221,-0.6294489,0.017874377
0.019616328,-0.62321854,-0.0028864432,0.019616328,-0.62321854,-0.0028864432
0.09176205,-0.6947166,0.06908517,0.09176205,-0.6947166,0.06908517
0.11703441,-0.6938504,0.059838858,0.11703441,-0.6938504,0.059838858
0.117881395,-0.6697588,0.06412859,0.117881395,-0.6697588,0.06412859
0.09282904,-0.6713081,0.07811019,0.09282904,-0.6713081,0.07811019
0.091727644,-0.71617925,0.057421885,0.091727644,-0.71617925,0.057421885
0.070049465,-0.7157927,0.04889386,0.070049465,-0.7157927,0.04889386
0.10958813,-0.69340736,-0.055662837,0.10958813,-0.69340736,-0.055662837
0.09228445,-0.69389665,-0.056282733,0.09228445,-0.69389665,-0.056282733
0.12553489,-0.69492674,-0.04865453,0.12553489,-0.69492674,-0.04865453
0.14193451,-0.710973,0.01271166,0.14193451,-0.710973,0.01271166
0.14736164,-0.7035415,-0.014065742,0.14736164,-0.7035415,-0.014065742
0.12841564,-0.71658134,0.036917303,0.12841564,-0.71658134,0.036917303
0.11287006,-0.7157073,0.053069647,0.11287006,-0.7157073,0.053069647
0.042048283,-0.73474103,-0.025384022,0.042048283,-0.73474103,-0.025384022
0.04045807,-0.73832536,-0.0075128945,0.04045807,-0.73832536,-0.0075128945
0.03377869,-0.70996267,-0.0034732465,0.03377869,-0.70996267,-0.0034732465
0.03634223,-0.7059452,-0.021119786,0.03634223,-0.7059452,-0.021119786
0.061962306,-0.7286503,-0.052768134,0.061962306,-0.7286503,-0.052768134
0.059630696,-0.69925714,-0.043317027,0.059630696,-0.69925714,-0.043317027
0.075539514,-0.6964425,-0.050036423,0.075539514,-0.6964425,-0.050036423
0.077615686,-0.725054,-0.0629333,0.077615686,-0.725054,-0.0629333
0.11492951,-0.7224169,-0.06422531,0.11492951,-0.7224169,-0.06422531
0.096180454,-0.722627,-0.06692103,0.096180454,-0.722627,-0.06692103
0.13210317,-0.7228614,-0.056030966,0.13210317,-0.7228614,-0.056030966
0.14867397,-0.7319635,-0.015209961,0.14867397,-0.7319635,-0.015209961
0.1460579,-0.7258022,-0.039662614,0.1460579,-0.7258022,-0.039662614
0.13995586,-0.69793683,-0.035009824,0.13995586,-0.69793683,-0.035009824
0.14268568,-0.7388115,0.014781226,0.14268568,-0.7388115,0.014781226
0.1221493,-0.77482194,0.032883342,0.1221493,-0.77482194,0.032883342
0.1449569,-0.7685534,0.014401539,0.1449569,-0.7685534,0.014401539
0.12059385,-0.74481106,0.036165312,0.12059385,-0.74481106,0.036165312
0.09794317,-0.8736146,0.020117681,0.09794317,-0.8736146,0.020117681
0.098136514,-0.9085375,0.014503546,0.098136514,-0.9085375,0.014503546
0.120158374,-0.90587103,0.014376942,0.120158374,-0.90587103,0.014376942
0.12291537,-0.8712116,0.020335888,0.12291537,-0.8712116,0.020335888
0.042463668,-0.76538575,-0.032438874,0.042463668,-0.76538575,-0.032438874
0.042969756,-0.76774967,-0.011963065,0.042969756,-0.76774967,-0.011963065
0.07933377,-0.7556931,-0.0738219,0.07933377,-0.7556931,-0.0738219
0.06134468,-0.7594901,-0.06360677,0.06134468,-0.7594901,-0.06360677
0.15697353,-0.792768,-0.02047252,0.15697353,-0.792768,-0.02047252
0.15445055,-0.78783476,-0.04754409,0.15445055,-0.78783476,-0.04754409
0.15116343,-0.7559494,-0.042923424,0.15116343,-0.7559494,-0.042923424
0.1534501,-0.7616151,-0.016282476,0.1534501,-0.7616151,-0.016282476
0.04280281,-0.86588675,-0.02480446,0.04280281,-0.86588675,-0.02480446
0.04002153,-0.83242947,-0.021232735,0.04002153,-0.83242947,-0.021232735
0.040335357,-0.83045244,-0.043304052,0.040335357,-0.83045244,-0.043304052
0.04307619,-0.8643251,-0.04519288,0.04307619,-0.8643251,-0.04519288
0.0780946,-0.78850657,-0.08156139,0.0780946,-0.78850657,-0.08156139
0.07850191,-0.82255775,-0.085657254,0.07850191,-0.82255775,-0.085657254
0.060335275,-0.8255116,-0.07556747,0.060335275,-0.8255116,-0.07556747
0.059678826,-0.79209614,-0.0709639,0.059678826,-0.79209614,-0.0709639
0.15344876,-0.8622398,-0.025501821,0.15344876,-0.8622398,-0.025501821
0.15216917,-0.85905915,-0.050489303,0.15216917,-0.85905915,-0.050489303
0.155146,-0.8221632,-0.050337985,0.155146,-0.8221632,-0.050337985
0.15686435,-0.8263293,-0.023526048,0.15686435,-0.8263293,-0.023526048
0.12407085,-0.80497974,0.02981022,0.12407085,-0.80497974,0.02981022
0.12530068,-0.8374146,0.025063682,0.12530068,-0.8374146,0.025063682
0.14728028,-0.8316298,0.0056530745,0.14728028,-0.8316298,0.0056530745
0.14764981,-0.79924524,0.010050354,0.14764981,-0.79924524,0.010050354
0.09689494,-0.8072098,0.02976056,0.09689494,-0.8072098,0.02976056
0.098242626,-0.8393533,0.025489686,0.098242626,-0.8393533,0.025489686
0.057261765,-0.93732864,-0.044525776,0.057261765,-0.93732864,-0.044525776
0.056716442,-0.9410019,-0.028235074,0.056716442,-0.9410019,-0.028235074
0.049690593,-0.9028169,-0.02662882,0.049690593,-0.9028169,-0.02662882
0.0501971,-0.89996564,-0.04499472,0.0501971,-0.89996564,-0.04499472
0.08090078,-0.85806084,-0.0850531,0.08090078,-0.85806084,-0.0850531
0.083871655,-0.89525056,-0.0802578,0.083871655,-0.89525056,-0.0802578
0.06771818,-0.8967977,-0.072070085,0.06771818,-0.8967977,-0.072070085
0.06280437,-0.86039066,-0.07595856,0.06280437,-0.86039066,-0.07595856
0.14253034,-0.93891776,-0.028720276,0.14253034,-0.93891776,-0.028720276
0.14015181,-0.9366722,-0.0495007,0.14015181,-0.9366722,-0.0495007
0.1467452,-0.89773995,-0.050016876,0.1467452,-0.89773995,-0.050016876
0.14831312,-0.89988613,-0.027633382,0.14831312,-0.89988613,-0.027633382
0.11763405,-0.9434531,0.007920556,0.11763405,-0.9434531,0.007920556
0.13610065,-0.94124395,-0.006222113,0.13610065,-0.94124395,-0.006222113
0.14068995,-0.9026315,-0.0014314506,0.14068995,-0.9026315,-0.0014314506
0.09758397,-0.94554764,0.008779735,0.09758397,-0.94554764,0.008779735
0.096853845,-0.9824884,0.005279231,0.096853845,-0.9824884,0.005279231
0.11393378,-0.9807296,0.004768402,0.11393378,-0.9807296,0.004768402
0.0622873,-0.9738988,-0.043848816,0.0622873,-0.9738988,-0.043848816
0.06333932,-0.97660995,-0.028817661,0.06333932,-0.97660995,-0.028817661
0.07319599,-0.9707302,-0.06503068,0.07319599,-0.9707302,-0.06503068
0.07195411,-0.9342408,-0.06786687,0.07195411,-0.9342408,-0.06786687
0.08570337,-0.9323303,-0.075560555,0.08570337,-0.9323303,-0.075560555
0.085736446,-0.9685527,-0.07257989,0.085736446,-0.9685527,-0.07257989
0.11937597,-0.93482333,-0.073741876,0.11937597,-0.93482333,-0.073741876
0.116538696,-0.9706889,-0.06990134,0.116538696,-0.9706889,-0.06990134
0.10134599,-0.9685937,-0.07445336,0.10134599,-0.9685937,-0.07445336
0.10269613,-0.9327576,-0.07774486,0.10269613,-0.9327576,-0.07774486
0.13322115,-0.97236437,-0.04803362,0.13322115,-0.97236437,-0.04803362
0.12630114,-0.97139424,-0.061224714,0.12630114,-0.97139424,-0.061224714
0.1321716,-0.9354467,-0.06453535,0.1321716,-0.9354467,-0.06453535
0.13671654,-0.97430855,-0.029051857,0.13671654,-0.97430855,-0.029051857
0.1307877,-0.9778641,-0.0077877673,0.1307877,-0.9778641,-0.0077877673
-0.0001880232,-0.37315276,-0.0057216925,-0.0001880232,-0.37315276,-0.0057216925
0.0057366006,-0.37829244,-0.018623674,0.0057366006,-0.37829244,-0.018623674
-0.0012547175,-0.3940664,0.013248755,-0.0012547175,-0.3940664,0.013248755
-0.003653657,-0.38638926,0.026255688,-0.003653657,-0.38638926,0.026255688
0.03292101,-0.52233136,0.07997927,0.03292101,-0.52233136,0.07997927
0.033555523,-0.49210545,0.08992373,0.033555523,-0.49210545,0.08992373
0.031255364,-0.58066124,0.060656976,0.031255364,-0.58066124,0.060656976
0.032725353,-0.5524482,0.07130557,0.032725353,-0.5524482,0.07130557
0.03160451,-0.6084509,0.05013944,0.03160451,-0.6084509,0.05013944
0.033496153,-0.6630561,0.028726734,0.033496153,-0.6630561,0.028726734
0.032758676,-0.63570195,0.03924501,0.032758676,-0.63570195,0.03924501
0.035933975,-0.68938243,0.019645542,0.035933975,-0.68938243,0.019645542
0.042140502,-0.7153691,0.014437504,0.042140502,-0.7153691,0.014437504
0.04824354,-0.7428675,0.011762108,0.04824354,-0.7428675,0.011762108
0.052740857,-0.8010482,0.0042904033,0.052740857,-0.8010482,0.0042904033
0.052606754,-0.77079916,0.0077178366,0.052606754,-0.77079916,0.0077178366
0.041413166,-0.799543,-0.01675494,0.041413166,-0.799543,-0.01675494
0.054164294,-0.86866283,-0.0030968587,0.054164294,-0.86866283,-0.0030968587
0.052333638,-0.8338427,0.0007793651,0.052333638,-0.8338427,0.0007793651
0.064875916,-0.94435585,-0.01171803,0.064875916,-0.94435585,-0.01171803
0.05892302,-0.9062572,-0.00741329,0.05892302,-0.9062572,-0.00741329
0.07119639,-0.97975296,-0.013889456,0.07119639,-0.97975296,-0.013889456
0.07076623,-0.38446727,0.13111894,0.07076623,-0.38446727,0.13111894
0.07330916,-0.35965458,0.13181974,0.07330916,-0.35965458,0.13181974
0.04542354,-0.37216645,0.124837406,0.04542354,-0.37216645,0.124837406
0.042168852,-0.39116973,0.1206884,0.042168852,-0.39116973,0.1206884
5.766655e-05,-0.3656718,0.051808793,5.766655e-05,-0.3656718,0.051808793
-0.0019429588,-0.37075216,0.05017968,-0.0019429588,-0.37075216,0.05017968
0.0015410281,-0.372095,0.067317165,0.0015410281,-0.372095,0.067317165
0.0029377502,-0.36563194,0.067893736,0.0029377502,-0.36563194,0.067893736
0.13788581,-0.6401821,0.042726196,0.13788581,-0.6401821,0.042726196
0.11662581,-0.58744127,-0.046057675,0.11662581,-0.58744127,-0.046057675
0.07527946,-0.5845062,-0.05107365,0.07527946,-0.5845062,-0.05107365
0.09648475,-0.5852902,-0.052105535,0.09648475,-0.5852902,-0.052105535
0.046130124,-0.64129734,0.06151868,0.046130124,-0.64129734,0.06151868
0.06783569,-0.6437914,0.07800832,0.06783569,-0.6437914,0.07800832
0.07063975,-0.6181537,0.08484163,0.07063975,-0.6181537,0.08484163
0.04809382,-0.614504,0.07079512,0.04809382,-0.614504,0.07079512
0.09476267,-0.77949566,0.033502955,0.09476267,-0.77949566,0.033502955
0.07095023,-0.7756191,0.023656474,0.07095023,-0.7756191,0.023656474
0.073118895,-0.80489635,0.01884495,0.073118895,-0.80489635,0.01884495
0.09401166,-0.7544952,0.038950957,0.09401166,-0.7544952,0.038950957
0.13854796,-0.75255734,-0.062840536,0.13854796,-0.75255734,-0.062840536
0.12062909,-0.7518917,-0.07369325,0.12062909,-0.7518917,-0.07369325
0.100641966,-0.7852076,-0.08531528,0.100641966,-0.7852076,-0.08531528
0.10001803,-0.7529944,-0.077001594,0.10001803,-0.7529944,-0.077001594
0.12321943,-0.78378755,-0.08161876,0.12321943,-0.78378755,-0.08161876
0.052949324,-0.5603829,0.09051599,0.052949324,-0.5603829,0.09051599
0.049935054,-0.5873538,0.08086299,0.049935054,-0.5873538,0.08086299
0.075306945,-0.5914995,0.09205799,0.075306945,-0.5914995,0.09205799
0.07988769,-0.56411755,0.10034277,0.07988769,-0.56411755,0.10034277
0.11344606,-0.05405323,-0.053604703,0.11344606,-0.05405323,-0.053604703
0.12804967,-0.057255328,-0.03677076,0.12804967,-0.057255328,-0.03677076
0.14177488,0.060470894,0.09106268,0.14177488,0.060470894,0.09106268
0.13222249,0.05329668,0.10074552,0.13222249,0.05329668,0.10074552
0.13313188,0.039898887,0.088847764,0.13313188,0.039898887,0.088847764
0.14453028,0.04703686,0.07554881,0.14453028,0.04703686,0.07554881
0.15247227,0.05810215,0.0655963,0.15247227,0.05810215,0.0655963
0.14902152,0.07062242,0.08219379,0.14902152,0.07062242,0.08219379
0.15726048,0.071145,0.056884702,0.15726048,0.071145,0.056884702
0.15396991,0.083038025,0.07324202,0.15396991,0.083038025,0.07324202
0.17294481,0.13399434,0.026366461,0.17294481,0.13399434,0.026366461
0.18177743,0.14392444,0.021429341,0.18177743,0.14392444,0.021429341
0.027148949,0.027619204,0.13599043,0.027148949,0.027619204,0.13599043
0.026716022,0.008020533,0.14386244,0.026716022,0.008020533,0.14386244
0.050744202,0.008125889,0.139505,0.050744202,0.008125889,0.139505
0.05725548,-0.17168915,0.15680136,0.05725548,-0.17168915,0.15680136
0.06928125,-0.25622335,0.13267457,0.06928125,-0.25622335,0.13267457
0.046575982,-0.26116967,0.14100431,0.046575982,-0.26116967,0.14100431
0.039550748,-0.28877744,0.13924082,0.039550748,-0.28877744,0.13924082
0.0062571443,-0.346318,0.113073304,0.0062571443,-0.346318,0.113073304
-0.00027578155,-0.35502264,0.09532618,-0.00027578155,-0.35502264,0.09532618
-0.0006021188,-0.36351153,0.07011621,-0.0006021188,-0.36351153,0.07011621
-0.0008557305,-0.36439967,0.051845815,-0.0008557305,-0.36439967,0.051845815
0.05978587,0.00082938216,-0.09288706,0.05978587,0.00082938216,-0.09288706
0.06089882,0.024228947,-0.09821415,0.06089882,0.024228947,-0.09821415
0.016122516,0.1944421,-0.10182821,0.016122516,0.1944421,-0.10182821
0.03439583,0.19830057,-0.1058948,0.03439583,0.19830057,-0.1058948
0.032623697,0.22478734,-0.09875303,0.032623697,0.22478734,-0.09875303
0.0156036755,0.22040977,-0.096193105,0.0156036755,0.22040977,-0.096193105
0.0150184445,0.23218374,-0.09298601,0.0150184445,0.23218374,-0.09298601
0.031301986,0.23648062,-0.09481708,0.031301986,0.23648062,-0.09481708
0.014756482,0.28790003,-0.06897479,0.014756482,0.28790003,-0.06897479
0.015949035,0.2775464,-0.07543813,0.015949035,0.2775464,-0.07543813
-0.0033479698,-0.36656561,0.031649504,-0.0033479698,-0.36656561,0.031649504
-0.0038455913,-0.36855736,0.02217495,-0.0038455913,-0.36855736,0.02217495
-0.0034556426,-0.37556955,0.04612894,-0.0034556426,-0.37556955,0.04612894
0.016278947,-0.413311,0.09622614,0.016278947,-0.413311,0.09622614
0.018823197,-0.39660177,0.10354682,0.018823197,-0.39660177,0.10354682
0.003909563,-0.39817622,0.08108951,0.003909563,-0.39817622,0.08108951
0.002630848,-0.41171277,0.07319667,0.002630848,-0.41171277,0.07319667
0.18932961,-0.35225058,0.019601705,0.18932961,-0.35225058,0.019601705
0.1813996,-0.3593141,0.060167696,0.1813996,-0.3593141,0.060167696
0.08706409,-0.38438323,-0.07466871,0.08706409,-0.38438323,-0.07466871
0.35251796,0.17293938,-0.05079038,0.35251796,0.17293938,-0.05079038
0.32791257,0.16826484,-0.05038961,0.32791257,0.16826484,-0.05038961
0.32948884,0.17627104,-0.061974976,0.32948884,0.17627104,-0.061974976
0.35390443,0.18138443,-0.06132968,0.35390443,0.18138443,-0.06132968
0.06279347,0.09991417,-0.11543768,0.06279347,0.09991417,-0.11543768
0.07073465,0.07355338,-0.10860675,0.07073465,0.07355338,-0.10860675
0.08229974,0.27672115,0.0033402266,0.08229974,0.27672115,0.0033402266
0.13927285,0.28289288,-0.00525208,0.13927285,0.28289288,-0.00525208
0.12754585,0.28233466,-0.008668887,0.12754585,0.28233466,-0.008668887
0.12985674,0.27123973,0.016013684,0.12985674,0.27123973,0.016013684
0.14006847,0.27245146,0.019409565,0.14006847,0.27245146,0.019409565
0.14324126,0.23899464,-0.08095679,0.14324126,0.23899464,-0.08095679
0.13057236,0.23605718,-0.08754472,0.13057236,0.23605718,-0.08754472
0.13006148,0.25299832,-0.076148175,0.13006148,0.25299832,-0.076148175
0.14165483,0.2544968,-0.06958091,0.14165483,0.2544968,-0.06958091
0.063278966,-0.25237942,-0.119321,0.063278966,-0.25237942,-0.119321
0.03296221,-0.25210255,-0.11897082,0.03296221,-0.25210255,-0.11897082
0.04089247,-0.06366256,-0.07886497,0.04089247,-0.06366256,-0.07886497
0.039564308,-0.041712306,-0.08413475,0.039564308,-0.041712306,-0.08413475
0.05956097,-0.04495531,-0.08244354,0.05956097,-0.04495531,-0.08244354
0.061678268,-0.066236086,-0.07751234,0.061678268,-0.066236086,-0.07751234
0.09426273,0.08726683,-0.10717187,0.09426273,0.08726683,-0.10717187
0.10901428,0.07178081,-0.09689161,0.10901428,0.07178081,-0.09689161
0.036271457,0.10004171,0.1363127,0.036271457,0.10004171,0.1363127
0.052917838,0.106138006,0.1376559,0.052917838,0.106138006,0.1376559
0.051666215,0.12342548,0.12977324,0.051666215,0.12342548,0.12977324
0.034403145,0.11928122,0.12931779,0.034403145,0.11928122,0.12931779
0.295732,0.1980286,-0.07473507,0.295732,0.1980286,-0.07473507
0.3036908,0.18305293,-0.07028254,0.3036908,0.18305293,-0.07028254
0.28011966,0.17611349,-0.06725761,0.28011966,0.17611349,-0.06725761
0.27403578,0.18518358,-0.072172895,0.27403578,0.18518358,-0.072172895
0.15522358,-0.36125794,-0.05872884,0.15522358,-0.36125794,-0.05872884
0.18083948,-0.34452894,-0.026943488,0.18083948,-0.34452894,-0.026943488
0.1412259,-0.025353087,-0.02483073,0.1412259,-0.025353087,-0.02483073
0.13915758,-0.043390322,-0.020092443,0.13915758,-0.043390322,-0.020092443
0.12675889,-0.039596427,-0.041446142,0.12675889,-0.039596427,-0.041446142
0.12922443,-0.021769132,-0.047004916,0.12922443,-0.021769132,-0.047004916
0.14937988,0.02512056,-0.029615348,0.14937988,0.02512056,-0.029615348
0.14511633,0.009403652,-0.02895572,0.14511633,0.009403652,-0.02895572
0.1547358,0.040453706,-0.030995542,0.1547358,0.040453706,-0.030995542
0.21365382,0.14757814,-0.041902535,0.21365382,0.14757814,-0.041902535
0.2038396,0.13606943,-0.03949756,0.2038396,0.13606943,-0.03949756
0.20211257,0.13888162,-0.048230067,0.20211257,0.13888162,-0.048230067
0.03898406,-0.41296223,0.11482891,0.03898406,-0.41296223,0.11482891
0.046023566,-0.3349909,0.1262108,0.046023566,-0.3349909,0.1262108
0.039383616,-0.3197771,0.12848617,0.039383616,-0.3197771,0.12848617
-0.0018005896,-0.36183554,0.035657916,-0.0018005896,-0.36183554,0.035657916
-0.0010358988,-0.36148846,0.036623143,-0.0010358988,-0.36148846,0.036623143
0.05802962,0.2927007,0.020362625,0.05802962,0.2927007,0.020362625
0.062642686,0.29611212,0.0040547648,0.062642686,0.29611212,0.0040547648
0.26120204,0.16166571,-0.029612644,0.26120204,0.16166571,-0.029612644
0.24296111,0.16098389,-0.025674617,0.24296111,0.16098389,-0.025674617
0.18389685,0.1135019,-0.023503695,0.18389685,0.1135019,-0.023503695
0.19383386,0.1231352,-0.025671557,0.19383386,0.1231352,-0.025671557
0.19080563,0.12704386,-0.011007015,0.19080563,0.12704386,-0.011007015
0.18149439,0.1172002,-0.007428022,0.18149439,0.1172002,-0.007428022
0.1838909,0.11299458,-0.03728434,0.1838909,0.11299458,-0.03728434
0.19397682,0.122172855,-0.03815434,0.19397682,0.122172855,-0.03815434
0.14223655,0.1886997,0.06689527,0.14223655,0.1886997,0.06689527
0.14285834,0.20637095,0.0583135,0.14285834,0.20637095,0.0583135
0.13136975,0.2089823,0.05996402,0.13136975,0.2089823,0.05996402
0.13083461,0.19150148,0.070064515,0.13083461,0.19150148,0.070064515
0.118895106,0.19140711,0.07361025,0.118895106,0.19140711,0.07361025
0.11959283,0.2096892,0.062069923,0.11959283,0.2096892,0.062069923
0.10593212,0.20881853,0.06537626,0.10593212,0.20881853,0.06537626
0.104787834,0.1909077,0.07785131,0.104787834,0.1909077,0.07785131
0.07959318,0.2589872,0.027762009,0.07959318,0.2589872,0.027762009
0.06457819,0.2507283,0.04349276,0.06457819,0.2507283,0.04349276
0.047178276,0.24417128,0.05367891,0.047178276,0.24417128,0.05367891
0.03094007,0.24017744,0.060644686,0.03094007,0.24017744,0.060644686
0.016236486,0.2662864,-0.08110921,0.016236486,0.2662864,-0.08110921
0.03690569,0.27032748,-0.080261365,0.03690569,0.27032748,-0.080261365
0.031950306,0.25810486,-0.08651388,0.031950306,0.25810486,-0.08651388
0.015100791,0.25461036,-0.08568764,0.015100791,0.25461036,-0.08568764
-0.00022241515,0.25270432,-0.08436948,-0.00022241515,0.25270432,-0.08436948
-0.00054423336,0.26408878,-0.08025463,-0.00054423336,0.26408878,-0.08025463
0.051424906,0.278766,0.031498365,0.051424906,0.278766,0.031498365
0.03828395,0.2742991,0.04335269,0.03828395,0.2742991,0.04335269
0.02692864,0.2598199,0.05136707,0.02692864,0.2598199,0.05136707
0.34269205,0.25230694,-0.0048567727,0.34269205,0.25230694,-0.0048567727
0.31750214,0.25254324,-0.0048822816,0.31750214,0.25254324,-0.0048822816
0.060035765,0.30559635,-0.029732298,0.060035765,0.30559635,-0.029732298
0.063379005,0.30132017,-0.01274964,0.063379005,0.30132017,-0.01274964
0.344075,0.25732273,-0.0218964,0.344075,0.25732273,-0.0218964
0.3186403,0.25770274,-0.02220082,0.3186403,0.25770274,-0.02220082
0.12131809,0.24902552,0.03384501,0.12131809,0.24902552,0.03384501
0.13197362,0.25163645,0.034120567,0.13197362,0.25163645,0.034120567
0.1193932,0.2688851,0.0142724365,0.1193932,0.2688851,0.0142724365
0.048668493,0.28924334,0.034571443,0.048668493,0.28924334,0.034571443
0.036662064,0.2851265,0.046272516,0.036662064,0.2851265,0.046272516
0.18866317,-0.31520265,0.027709693,0.18866317,-0.31520265,0.027709693
0.17928034,-0.32208952,0.063227944,0.17928034,-0.32208952,0.063227944
0.14837696,-0.06715663,0.034937274,0.14837696,-0.06715663,0.034937274
0.14330523,-0.07061806,0.059895787,0.14330523,-0.07061806,0.059895787
-8.569607e-05,-0.035543315,0.15602617,-8.569607e-05,-0.035543315,0.15602617
-0.0013622596,-0.05693904,0.16024998,-0.0013622596,-0.05693904,0.16024998
0.0207471,-0.057150323,0.15983354,0.0207471,-0.057150323,0.15983354
0.023101954,-0.034883086,0.15550694,0.023101954,-0.034883086,0.15550694
0.0026047374,0.025871314,0.13633387,0.0026047374,0.025871314,0.13633387
0.001864563,0.006299559,0.14390768,0.001864563,0.006299559,0.14390768
0.012475827,0.2900366,0.05916694,0.012475827,0.2900366,0.05916694
0.039832916,-0.103718184,0.16100724,0.039832916,-0.103718184,0.16100724
0.040757317,-0.07941781,0.15834233,0.040757317,-0.07941781,0.15834233
0.01890386,-0.0810397,0.16249374,0.01890386,-0.0810397,0.16249374
0.017744713,-0.10806117,0.16441834,0.017744713,-0.10806117,0.16441834
0.0086627845,-0.13452189,0.16735296,0.0086627845,-0.13452189,0.16735296
0.0070271995,-0.14717276,0.16786991,0.0070271995,-0.14717276,0.16786991
0.018824125,-0.30770957,0.14183687,0.018824125,-0.30770957,0.14183687
0.008801889,-0.3076514,0.14392796,0.008801889,-0.3076514,0.14392796
0.25196844,0.22862445,0.025290737,0.25196844,0.22862445,0.025290737
0.2512954,0.24712174,0.017495006,0.2512954,0.24712174,0.017495006
0.23423748,0.24854106,0.022259235,0.23423748,0.24854106,0.022259235
0.23570386,0.22896415,0.029111784,0.23570386,0.22896415,0.029111784
0.07907963,-0.100015834,0.1387317,0.07907963,-0.100015834,0.1387317
0.059633873,-0.10118637,0.15253618,0.059633873,-0.10118637,0.15253618
0.16547897,0.13283318,0.046575688,0.16547897,0.13283318,0.046575688
0.16675875,0.12330297,0.030481653,0.16675875,0.12330297,0.030481653
0.026645899,0.04809491,0.13391356,0.026645899,0.04809491,0.13391356
0.068884045,0.1112215,0.13685085,0.068884045,0.1112215,0.13685085
0.06819387,0.1265955,0.12875032,0.06819387,0.1265955,0.12875032
0.08404756,0.1143573,0.13365048,0.08404756,0.1143573,0.13365048
0.08395448,0.12870923,0.12568207,0.08395448,0.12870923,0.12568207
-0.0013427268,-0.35382688,0.01879226,-0.0013427268,-0.35382688,0.01879226
-0.0022499557,-0.36427185,0.029087784,-0.0022499557,-0.36427185,0.029087784
0.235011,0.23478189,-0.06893994,0.235011,0.23478189,-0.06893994
0.23737283,0.22584867,-0.07191281,0.23737283,0.22584867,-0.07191281
0.22512174,0.22137426,-0.07302501,0.22512174,0.22137426,-0.07302501
0.22293168,0.23179795,-0.07038847,0.22293168,0.23179795,-0.07038847
-0.001861065,-0.42209312,0.03420073,-0.001861065,-0.42209312,0.03420073
-0.0022985835,-0.40609083,0.04509321,-0.0022985835,-0.40609083,0.04509321
0.014713323,-0.3608863,-0.045900464,0.014713323,-0.3608863,-0.045900464
0.0016530653,-0.35903844,-0.03062459,0.0016530653,-0.35903844,-0.03062459
-0.0009992532,-0.35570014,-0.03238185,-0.0009992532,-0.35570014,-0.03238185
-0.0007994559,-0.34665444,-0.047519915,-0.0007994559,-0.34665444,-0.047519915
0.061794117,-0.47044176,0.11618752,0.061794117,-0.47044176,0.11618752
0.06519884,-0.43987617,0.12347212,0.06519884,-0.43987617,0.12347212
0.058790915,-0.50091255,0.10810395,0.058790915,-0.50091255,0.10810395
0.055770822,-0.53114045,0.099639535,0.055770822,-0.53114045,0.099639535
0.05671193,-0.71749204,0.030824494,0.05671193,-0.71749204,0.030824494
0.06745932,-0.74561703,0.030239515,0.06745932,-0.74561703,0.030239515
0.074369214,-0.8372205,0.014449298,0.074369214,-0.8372205,0.014449298
0.07558233,-0.87165654,0.00981333,0.07558233,-0.87165654,0.00981333
0.07753303,-0.9084082,0.0046118856,0.07753303,-0.9084082,0.0046118856
0.08257653,-0.9821695,-0.0023986597,0.08257653,-0.9821695,-0.0023986597
0.07997418,-0.94643015,0.00020073526,0.07997418,-0.94643015,0.00020073526
0.34608066,0.25482002,-0.038428333,0.34608066,0.25482002,-0.038428333
0.34902066,0.24731448,-0.052500084,0.34902066,0.24731448,-0.052500084
0.32246068,0.2463479,-0.054848228,0.32246068,0.2463479,-0.054848228
0.31887063,0.25501865,-0.040274594,0.31887063,0.25501865,-0.040274594
0.30115077,0.16606554,-0.021828294,0.30115077,0.16606554,-0.021828294
0.32368153,0.16784143,-0.023246067,0.32368153,0.16784143,-0.023246067
0.32169268,0.17433368,-0.0092231985,0.32169268,0.17433368,-0.0092231985
0.2982376,0.17344879,-0.007630829,0.2982376,0.17344879,-0.007630829
0.34749433,0.16933876,-0.024652524,0.34749433,0.16933876,-0.024652524
0.32570451,0.16530134,-0.03724083,0.32570451,0.16530134,-0.03724083
0.3499986,0.16877013,-0.03839665,0.3499986,0.16877013,-0.03839665
0.3537532,0.19369303,-0.06890285,0.3537532,0.19369303,-0.06890285
0.3294184,0.18860526,-0.07003269,0.3294184,0.18860526,-0.07003269
0.32650366,0.20384488,-0.07352451,0.32650366,0.20384488,-0.07352451
0.3527641,0.20823643,-0.07198307,0.3527641,0.20823643,-0.07198307
0.3509492,0.23600358,-0.06313265,0.3509492,0.23600358,-0.06313265
0.35234457,0.22256061,-0.06993691,0.35234457,0.22256061,-0.06993691
0.32643548,0.22015218,-0.07153964,0.32643548,0.22015218,-0.07153964
0.32564798,0.23451255,-0.06497011,0.32564798,0.23451255,-0.06497011
0.34317952,0.19527856,0.012330799,0.34317952,0.19527856,0.012330799
0.31788856,0.19544148,0.013823214,0.31788856,0.19544148,0.013823214
0.31948656,0.1837842,0.0036412238,0.31948656,0.1837842,0.0036412238
0.34423742,0.18338576,0.0025649453,0.34423742,0.18338576,0.0025649453
0.25114366,0.26126814,0.0028453015,0.25114366,0.26126814,0.0028453015
0.23359486,0.26439667,0.0072000497,0.23359486,0.26439667,0.0072000497
0.19015606,0.1658553,0.029618425,0.19015606,0.1658553,0.029618425
0.20211494,0.17366529,0.021628927,0.20211494,0.17366529,0.021628927
0.20452045,0.18675916,0.034471232,0.20452045,0.18675916,0.034471232
0.19147724,0.1818144,0.040559616,0.19147724,0.1818144,0.040559616
0.29105595,0.24226291,0.011480524,0.29105595,0.24226291,0.011480524
0.29307365,0.25437605,-0.0036939518,0.29307365,0.25437605,-0.0036939518
0.27042457,0.25762907,-0.00082604156,0.27042457,0.25762907,-0.00082604156
0.2697044,0.24442609,0.014316915,0.2697044,0.24442609,0.014316915
0.29327777,0.19492465,0.015913354,0.29327777,0.19492465,0.015913354
0.26993552,0.1938607,0.019179247,0.26993552,0.1938607,0.019179247
0.27175024,0.1826057,0.00805261,0.27175024,0.1826057,0.00805261
0.29522276,0.1834592,0.005411468,0.29522276,0.1834592,0.005411468
0.28148374,0.16580783,-0.057321224,0.28148374,0.16580783,-0.057321224
0.30493626,0.17083955,-0.06088492,0.30493626,0.17083955,-0.06088492
0.23602855,0.2088464,0.030564317,0.23602855,0.2088464,0.030564317
0.25200045,0.2093925,0.027229885,0.25200045,0.2093925,0.027229885
0.16160603,0.12189591,0.050959546,0.16160603,0.12189591,0.050959546
0.17519437,0.10875406,-0.0044528064,0.17519437,0.10875406,-0.0044528064
0.17067924,0.09926215,-0.0017538343,0.17067924,0.09926215,-0.0017538343
0.13291834,0.06803543,0.10953085,0.13291834,0.06803543,0.10953085
0.1341859,0.0829401,0.11264218,0.1341859,0.0829401,0.11264218
0.16347373,0.07796289,0.0281761,0.16347373,0.07796289,0.0281761
0.16110094,0.061826803,0.035786908,0.16110094,0.061826803,0.035786908
0.13890046,0.08354886,0.1061381,0.13890046,0.08354886,0.1061381
0.14010006,0.07365325,0.10158084,0.14010006,0.07365325,0.10158084
0.09126847,0.0046464405,0.11975943,0.09126847,0.0046464405,0.11975943
0.028351638,0.2497954,0.05405432,0.028351638,0.2497954,0.05405432
0.26951405,0.20922528,0.02401255,0.26951405,0.20922528,0.02401255
0.26975644,0.22727217,0.022393959,0.26975644,0.22727217,0.022393959
0.2565028,0.17765668,-0.068576805,0.2565028,0.17765668,-0.068576805
0.259255,0.1693068,-0.062270027,0.259255,0.1693068,-0.062270027
0.24140078,0.16433173,-0.05708833,0.24140078,0.16433173,-0.05708833
0.24015062,0.17167835,-0.064212084,0.24015062,0.17167835,-0.064212084
0.12947339,0.111930214,-0.09749772,0.12947339,0.111930214,-0.09749772
0.1377239,0.10038992,-0.0881404,0.1377239,0.10038992,-0.0881404
0.12366062,0.086470924,-0.09301335,0.12366062,0.086470924,-0.09301335
0.112869605,0.099292345,-0.103489175,0.112869605,0.099292345,-0.103489175
0.23622835,0.25090063,-0.058853857,0.23622835,0.25090063,-0.058853857
0.22270592,0.25119895,-0.059122074,0.22270592,0.25119895,-0.059122074
0.22454949,0.2602269,-0.048356775,0.22454949,0.2602269,-0.048356775
0.23999643,0.25858703,-0.04917925,0.23999643,0.25858703,-0.04917925
0.22770622,0.26765597,-0.033285327,0.22770622,0.26765597,-0.033285327
0.23189676,0.27126554,-0.013677983,0.23189676,0.27126554,-0.013677983
0.24969351,0.26767197,-0.016535595,0.24969351,0.26767197,-0.016535595
0.24513921,0.26499513,-0.03513142,0.24513921,0.26499513,-0.03513142
0.18361598,-0.27842885,0.005485361,0.18361598,-0.27842885,0.005485361
0.1760043,-0.27564153,-0.024117652,0.1760043,-0.27564153,-0.024117652
0.11613166,-0.15560398,0.11318995,0.11613166,-0.15560398,0.11318995
0.13352816,-0.14923777,0.09427236,0.13352816,-0.14923777,0.09427236
0.09700645,-0.24523461,0.12232141,0.09700645,-0.24523461,0.12232141
0.00641896,-0.37839106,0.086733796,0.00641896,-0.37839106,0.086733796
0.023249397,-0.36921915,0.111022,0.023249397,-0.36921915,0.111022
3.944823e-05,-0.4456467,0.023379438,3.944823e-05,-0.4456467,0.023379438
0.18372811,-0.28205982,0.034717884,0.18372811,-0.28205982,0.034717884
0.011549915,-0.5057294,0.0055861766,0.011549915,-0.5057294,0.0055861766
0.005150255,-0.475007,0.013974447,0.005150255,-0.475007,0.013974447
0.061287638,-0.5012404,-0.05454588,0.061287638,-0.5012404,-0.05454588
0.05563497,-0.46896076,-0.054822918,0.05563497,-0.46896076,-0.054822918
0.086469404,-0.4727232,-0.05954031,0.086469404,-0.4727232,-0.05954031
0.08889101,-0.5030011,-0.058766108,0.08889101,-0.5030011,-0.058766108
0.11613915,-0.47669724,-0.053940374,0.11613915,-0.47669724,-0.053940374
0.11623567,-0.50587296,-0.05299094,0.11623567,-0.50587296,-0.05299094
0.10469058,-0.5933628,0.08953262,0.10469058,-0.5933628,0.08953262
0.101143494,-0.8203076,-0.08910956,0.101143494,-0.8203076,-0.08910956
0.12284382,-0.85680217,-0.08303568,0.12284382,-0.85680217,-0.08303568
0.10192299,-0.85710734,-0.08771099,0.10192299,-0.85710734,-0.08771099
0.12364947,-0.8187696,-0.084877826,0.12364947,-0.8187696,-0.084877826
0.14200406,-0.78463703,-0.06869473,0.14200406,-0.78463703,-0.06869473
0.1425029,-0.8193467,-0.07134991,0.1425029,-0.8193467,-0.07134991
0.14443864,-0.8660591,0.0028472003,0.14443864,-0.8660591,0.0028472003
0.10286415,-0.8947284,-0.08284322,0.10286415,-0.8947284,-0.08284322
0.12156129,-0.8958766,-0.07820341,0.12156129,-0.8958766,-0.07820341
0.14074598,-0.8569795,-0.07014115,0.14074598,-0.8569795,-0.07014115
0.13706268,-0.89614123,-0.06722982,0.13706268,-0.89614123,-0.06722982
-0.0021554201,-0.39528936,0.05511845,-0.0021554201,-0.39528936,0.05511845
-0.00046883232,-0.34362912,-0.06357779,-0.00046883232,-0.34362912,-0.06357779
0.15945251,-0.33320248,0.09851117,0.15945251,-0.33320248,0.09851117
0.16130048,-0.36521384,0.095877334,0.16130048,-0.36521384,0.095877334
0.07363151,-0.3357445,0.13022387,0.07363151,-0.3357445,0.13022387
0.101873256,-0.32030812,0.1266326,0.101873256,-0.32030812,0.1266326
0.117168896,-0.07773824,0.10093236,0.117168896,-0.07773824,0.10093236
0.09930348,-0.07905194,0.11740905,0.09930348,-0.07905194,0.11740905
0.11987452,-0.036387894,0.09285094,0.11987452,-0.036387894,0.09285094
0.11879221,-0.057680983,0.096702375,0.11879221,-0.057680983,0.096702375
0.13315643,-0.05470229,0.07772912,0.13315643,-0.05470229,0.07772912
0.1338229,-0.034361273,0.0738236,0.1338229,-0.034361273,0.0738236
0.14907293,-0.03022163,0.02659208,0.14907293,-0.03022163,0.02659208
0.1478498,-0.049017664,0.030649684,0.1478498,-0.049017664,0.030649684
0.1466291,-0.04649289,0.004655976,0.1466291,-0.04649289,0.004655976
0.14800094,-0.028043177,0.00016069038,0.14800094,-0.028043177,0.00016069038
0.14047934,-0.060922686,-0.015430376,0.14047934,-0.060922686,-0.015430376
0.14762041,-0.06419435,0.009146002,0.14762041,-0.06419435,0.009146002
0.07841276,-0.026755417,-0.081191465,0.07841276,-0.026755417,-0.081191465
0.0792381,-0.0046504447,-0.08656549,0.0792381,-0.0046504447,-0.08656549
0.09723856,-0.010544698,-0.07730134,0.09723856,-0.010544698,-0.07730134
0.09608939,-0.031058373,-0.07127468,0.09608939,-0.031058373,-0.07127468
0.029180769,-0.3109566,0.13574013,0.029180769,-0.3109566,0.13574013
-0.00060645107,-0.3792788,0.06573144,-0.00060645107,-0.3792788,0.06573144
0.06824317,-0.41100812,0.1284219,0.06824317,-0.41100812,0.1284219
0.102762185,-0.3784113,0.13350596,0.102762185,-0.3784113,0.13350596
0.13450564,-0.373372,0.12218945,0.13450564,-0.373372,0.12218945
0.2400814,0.16609529,-0.0136396345,0.2400814,0.16609529,-0.0136396345
0.16564193,0.12846343,-0.07359701,0.16564193,0.12846343,-0.07359701
0.16316335,0.14045204,-0.078571856,0.16316335,0.14045204,-0.078571856
0.269228,0.2637355,-0.019760923,0.269228,0.2637355,-0.019760923
0.26439634,0.26143196,-0.038127385,0.26439634,0.26143196,-0.038127385
0.25051618,0.1931209,0.022865908,0.25051618,0.1931209,0.022865908
0.21979004,0.24992715,0.026533864,0.21979004,0.24992715,0.026533864
0.20644592,0.23004639,0.03856902,0.20644592,0.23004639,0.03856902
0.22102606,0.2289059,0.033793144,0.22102606,0.2289059,0.033793144
0.124989465,-0.25555405,0.10778582,0.124989465,-0.25555405,0.10778582
0.1277309,-0.28043616,0.110585116,0.1277309,-0.28043616,0.110585116
0.15275642,-0.27036995,0.09328012,0.15275642,-0.27036995,0.09328012
-0.0013918057,-0.3607883,-0.013265408,-0.0013918057,-0.3607883,-0.013265408
-0.00078019407,-0.35475653,-0.021247301,-0.00078019407,-0.35475653,-0.021247301
0.047552146,-0.35328665,0.1262627,0.047552146,-0.35328665,0.1262627
0.020679824,-0.56408715,-0.008375728,0.020679824,-0.56408715,-0.008375728
0.016765103,-0.5357011,-0.0012472656,0.016765103,-0.5357011,-0.0012472656
0.023648009,-0.5911233,-0.015583775,0.023648009,-0.5911233,-0.015583775
0.02685089,-0.61799914,-0.022734584,0.02685089,-0.61799914,-0.022734584
0.03056598,-0.64531523,-0.029508768,0.03056598,-0.64531523,-0.029508768
0.037103087,-0.6728323,-0.03487898,0.037103087,-0.6728323,-0.03487898
0.046124123,-0.7015994,-0.03496972,0.046124123,-0.7015994,-0.03496972
0.050366458,-0.7316907,-0.040270947,0.050366458,-0.7316907,-0.040270947
0.040957194,-0.7975111,-0.038714487,0.040957194,-0.7975111,-0.038714487
0.049009446,-0.7624339,-0.049667075,0.049009446,-0.7624339,-0.049667075
0.047618188,-0.794741,-0.0566166,0.047618188,-0.794741,-0.0566166
0.04787277,-0.8281675,-0.06095984,0.04787277,-0.8281675,-0.06095984
0.056850135,-0.8984004,-0.059978444,0.056850135,-0.8984004,-0.059978444
0.050442673,-0.8624517,-0.062225603,0.050442673,-0.8624517,-0.062225603
0.06275761,-0.93517315,-0.05740304,0.06275761,-0.93517315,-0.05740304
0.06599946,-0.97197056,-0.055672936,0.06599946,-0.97197056,-0.055672936
-0.0024805558,-0.3590884,0.014028758,-0.0024805558,-0.3590884,0.014028758
-0.0021507693,-0.3604163,0.0013395638,-0.0021507693,-0.3604163,0.0013395638
0.10928777,0.24646525,0.033898447,0.10928777,0.24646525,0.033898447
0.1770868,0.124939814,0.009529325,0.1770868,0.124939814,0.009529325
0.18588851,0.13393252,0.0050741374,0.18588851,0.13393252,0.0050741374
0.23397088,0.19228968,0.02622488,0.23397088,0.19228968,0.02622488
9.576755e-05,-0.33734673,-0.079082854,9.576755e-05,-0.33734673,-0.079082854
-3.4373308e-05,-0.32878625,-0.09281915,-3.4373308e-05,-0.32878625,-0.09281915
0.30163765,0.23106515,-0.06722835,0.30163765,0.23106515,-0.06722835
0.2971476,0.24425709,-0.058494207,0.2971476,0.24425709,-0.058494207
0.2501895,0.1821702,0.010641595,0.2501895,0.1821702,0.010641595
0.19148603,0.15497233,0.015095345,0.19148603,0.15497233,0.015095345
0.20224181,0.16474944,0.008791808,0.20224181,0.16474944,0.008791808
0.5494928,0.25463137,-0.021535648,0.5494928,0.25463137,-0.021535648
0.5697248,0.2506862,-0.021746619,0.5697248,0.2506862,-0.021746619
0.56918555,0.25565553,-0.03317185,0.56918555,0.25565553,-0.03317185
0.54839003,0.2589471,-0.03408269,0.54839003,0.2589471,-0.03408269
0.54945564,0.245129,-0.011981415,0.54945564,0.245129,-0.011981415
0.56930256,0.24112505,-0.013399424,0.56930256,0.24112505,-0.013399424
0.5460028,0.18496205,-0.03013575,0.5460028,0.18496205,-0.03013575
0.56659454,0.18663727,-0.034907,0.56659454,0.18663727,-0.034907
0.5662309,0.19437431,-0.023137255,0.5662309,0.19437431,-0.023137255
0.54558164,0.19379953,-0.018503852,0.54558164,0.19379953,-0.018503852
0.58771074,0.2261503,-0.011239572,0.58771074,0.2261503,-0.011239572
0.56830454,0.22921605,-0.009038477,0.56830454,0.22921605,-0.009038477
0.566949,0.21638578,-0.009625559,0.566949,0.21638578,-0.009625559
0.5866475,0.21452245,-0.012892173,0.5866475,0.21452245,-0.012892173
0.5454752,0.1855522,-0.059947535,0.5454752,0.1855522,-0.059947535
0.52534163,0.18174465,-0.055600196,0.52534163,0.18174465,-0.055600196
0.5240638,0.1907125,-0.06733272,0.5240638,0.1907125,-0.06733272
0.5443031,0.19509211,-0.070227556,0.5443031,0.19509211,-0.070227556
0.4612332,0.18837786,-0.006847665,0.4612332,0.18837786,-0.006847665
0.44409826,0.19072273,-0.0013641961,0.44409826,0.19072273,-0.0013641961
0.44648248,0.17932513,-0.010848321,0.44648248,0.17932513,-0.010848321
0.4635809,0.17779562,-0.01740325,0.4635809,0.17779562,-0.01740325
0.5074309,0.26253226,-0.02097752,0.5074309,0.26253226,-0.02097752
0.5286333,0.25851503,-0.021109497,0.5286333,0.25851503,-0.021109497
0.5269846,0.2615952,-0.034746736,0.5269846,0.2615952,-0.034746736
0.50507283,0.26355574,-0.03553982,0.50507283,0.26355574,-0.03553982
0.5047747,0.22433038,-0.0005061482,0.5047747,0.22433038,-0.0005061482
0.4819773,0.22799762,0.0006095036,0.4819773,0.22799762,0.0006095036
0.48060384,0.21199566,-0.001320739,0.48060384,0.21199566,-0.001320739
0.5030096,0.20849921,-0.0033333793,0.5030096,0.20849921,-0.0033333793
0.48305324,0.26394117,-0.036802247,0.48305324,0.26394117,-0.036802247
0.48544675,0.26597834,-0.022130959,0.48544675,0.26597834,-0.022130959
0.546892,0.21856794,-0.0060147783,0.546892,0.21856794,-0.0060147783
0.5262922,0.22117756,-0.0027487234,0.5262922,0.22117756,-0.0027487234
0.5245674,0.20654975,-0.0063912934,0.5245674,0.20654975,-0.0063912934
0.5455743,0.20533285,-0.010573372,0.5455743,0.20533285,-0.010573372
0.58556485,0.1935636,-0.063847095,0.58556485,0.1935636,-0.063847095
0.56563145,0.18961349,-0.06266304,0.56563145,0.18961349,-0.06266304
0.5645051,0.19927943,-0.07146418,0.5645051,0.19927943,-0.07146418
0.58469373,0.20316507,-0.07142605,0.58469373,0.20316507,-0.07142605
0.5861503,0.20424078,-0.01871214,0.5861503,0.20424078,-0.01871214
0.56608945,0.20470098,-0.01488347,0.56608945,0.20470098,-0.01488347
0.58627,0.19528762,-0.027390089,0.58627,0.19528762,-0.027390089
0.5876153,0.24835245,-0.055970464,0.5876153,0.24835245,-0.055970464
0.56614757,0.24919415,-0.0589315,0.56614757,0.24919415,-0.0589315
0.5676893,0.25476357,-0.046123054,0.5676893,0.25476357,-0.046123054
0.5886614,0.25267693,-0.044014163,0.5886614,0.25267693,-0.044014163
0.50357866,0.18415137,-0.019083638,0.50357866,0.18415137,-0.019083638
0.52491456,0.18397774,-0.024670482,0.52491456,0.18397774,-0.024670482
0.52435076,0.19370027,-0.013720983,0.52435076,0.19370027,-0.013720983
0.50277007,0.1947627,-0.0094141755,0.50277007,0.1947627,-0.0094141755
0.5077595,0.25368905,-0.0088851955,0.5077595,0.25368905,-0.0088851955
0.5288949,0.2491741,-0.010384902,0.5288949,0.2491741,-0.010384902
0.5444631,0.2492592,-0.061452188,0.5444631,0.2492592,-0.061452188
0.5225801,0.24827921,-0.06318619,0.5225801,0.24827921,-0.06318619
0.5245679,0.2574191,-0.04922018,0.5245679,0.2574191,-0.04922018
0.5463149,0.25645438,-0.047837842,0.5463149,0.25645438,-0.047837842
0.5002587,0.23112917,-0.07236743,0.5002587,0.23112917,-0.07236743
0.5214701,0.23464772,-0.07229371,0.5214701,0.23464772,-0.07229371
0.52137893,0.2188426,-0.075163126,0.52137893,0.2188426,-0.075163126
0.5004372,0.21450934,-0.07384001,0.5004372,0.21450934,-0.07384001
0.48362,0.17722927,-0.025672033,0.48362,0.17722927,-0.025672033
0.4819302,0.18587871,-0.013094291,0.4819302,0.18587871,-0.013094291
0.504933,0.17844222,-0.04975549,0.504933,0.17844222,-0.04975549
0.48463008,0.17528042,-0.04245702,0.48463008,0.17528042,-0.04245702
0.48363155,0.18200167,-0.057328574,0.48363155,0.18200167,-0.057328574
0.5037527,0.18653274,-0.06306168,0.5037527,0.18653274,-0.06306168
0.44397604,0.24944274,-0.0018839675,0.44397604,0.24944274,-0.0018839675
0.46173316,0.24785,-0.00085782993,0.46173316,0.24785,-0.00085782993
0.46319792,0.260746,-0.010066396,0.46319792,0.260746,-0.010066396
0.44456506,0.26145557,-0.012362623,0.44456506,0.26145557,-0.012362623
0.46299145,0.266804,-0.024256272,0.46299145,0.266804,-0.024256272
0.44384605,0.26581952,-0.027545284,0.44384605,0.26581952,-0.027545284
0.41564044,0.254855,-0.0461762,0.41564044,0.254855,-0.0461762
0.42759112,0.25687924,-0.044715047,0.42759112,0.25687924,-0.044715047
0.4254721,0.24427271,-0.053439204,0.4254721,0.24427271,-0.053439204
0.41428196,0.24307267,-0.05507968,0.41428196,0.24307267,-0.05507968
0.4602507,0.21984726,-0.07258167,0.4602507,0.21984726,-0.07258167
0.47967148,0.22617733,-0.072709315,0.47967148,0.22617733,-0.072709315
0.48011208,0.20879209,-0.07193219,0.48011208,0.20879209,-0.07193219
0.4604389,0.20243283,-0.06941631,0.4604389,0.20243283,-0.06941631
0.44586855,0.18289167,-0.05737589,0.44586855,0.18289167,-0.05737589
0.46215177,0.18804415,-0.062360328,0.46215177,0.18804415,-0.062360328
0.46475837,0.17744635,-0.050786138,0.46475837,0.17744635,-0.050786138
0.44898143,0.17395148,-0.044014025,0.44898143,0.17395148,-0.044014025
0.39184105,0.17494102,-0.041344263,0.39184105,0.17494102,-0.041344263
0.40745068,0.17590468,-0.042715374,0.40745068,0.17590468,-0.042715374
0.40685618,0.17224881,-0.028963337,0.40685618,0.17224881,-0.028963337
0.39084062,0.1724483,-0.028043848,0.39084062,0.1724483,-0.028043848
0.40317002,0.18290436,-0.0013301037,0.40317002,0.18290436,-0.0013301037
0.40262502,0.1946934,0.0077247024,0.40262502,0.1946934,0.0077247024
0.38667864,0.19485119,0.009277706,0.38667864,0.19485119,0.009277706
0.38736498,0.18318714,-0.00025499996,0.38736498,0.18318714,-0.00025499996
0.39075547,0.25276905,-0.00542422,0.39075547,0.25276905,-0.00542422
0.40484878,0.252475,-0.0046619745,0.40484878,0.252475,-0.0046619745
0.4045682,0.26072282,-0.01975856,0.4045682,0.26072282,-0.01975856
0.39062035,0.25928524,-0.021886706,0.39062035,0.25928524,-0.021886706
0.44432488,0.21387278,-0.072054036,0.44432488,0.21387278,-0.072054036
0.44191664,0.19584915,-0.066760816,0.44191664,0.19584915,-0.066760816
0.41745228,0.18197113,-0.0033057418,0.41745228,0.18197113,-0.0033057418
0.43133333,0.1806276,-0.0064348606,0.43133333,0.1806276,-0.0064348606
0.42949566,0.19221394,0.0027218172,0.42949566,0.19221394,0.0027218172
0.4162678,0.19367409,0.005582009,0.4162678,0.19367409,0.005582009
0.4146261,0.22269848,0.007691564,0.4146261,0.22269848,0.007691564
0.42784864,0.2205121,0.004989876,0.42784864,0.2205121,0.004989876
0.42825228,0.23569243,0.0027890734,0.42825228,0.23569243,0.0027890734
0.41628966,0.23727362,0.004061038,0.41628966,0.23727362,0.004061038
0.4165408,0.25155303,-0.0038466572,0.4165408,0.25155303,-0.0038466572
0.42910647,0.25064763,-0.0029125735,0.42910647,0.25064763,-0.0029125735
0.4293084,0.26147825,-0.014911257,0.4293084,0.26147825,-0.014911257
0.4165034,0.26122177,-0.017162487,0.4165034,0.26122177,-0.017162487
0.4340016,0.21154869,-0.07094783,0.4340016,0.21154869,-0.07094783
0.4253977,0.20830171,-0.06992327,0.4253977,0.20830171,-0.06992327
0.42363864,0.22094427,-0.06746476,0.42363864,0.22094427,-0.06746476
0.43238637,0.22481208,-0.06762356,0.43238637,0.22481208,-0.06762356
0.4350082,0.1721252,-0.037247065,0.4350082,0.1721252,-0.037247065
0.43311822,0.17955767,-0.050738778,0.43311822,0.17955767,-0.050738778
0.44221577,0.21856284,0.0021391443,0.44221577,0.21856284,0.0021391443
0.42846,0.20615166,0.0063814595,0.42846,0.20615166,0.0063814595
0.4428709,0.20411815,0.002686071,0.4428709,0.20411815,0.002686071
0.42879882,0.26416403,-0.030322017,0.42879882,0.26416403,-0.030322017
0.39294186,0.18067753,-0.052277297,0.39294186,0.18067753,-0.052277297
0.37620816,0.17754169,-0.05139956,0.37620816,0.17754169,-0.05139956
0.37677866,0.18567772,-0.06095618,0.37677866,0.18567772,-0.06095618
0.39320996,0.18843101,-0.061545666,0.39320996,0.18843101,-0.061545666
0.37480092,0.17245877,-0.039774437,0.37480092,0.17245877,-0.039774437
0.3727287,0.17150272,-0.026583562,0.3727287,0.17150272,-0.026583562
0.3675701,0.19514093,0.010847706,0.3675701,0.19514093,0.010847706
0.36856025,0.183345,0.0011935969,0.36856025,0.183345,0.0011935969
0.3671954,0.2098554,0.015659196,0.3671954,0.2098554,0.015659196
0.38670516,0.20970152,0.013665715,0.38670516,0.20970152,0.013665715
0.38657546,0.22501627,0.012523494,0.38657546,0.22501627,0.012523494
0.36655498,0.22527,0.015075234,0.36655498,0.22527,0.015075234
0.36783862,0.2523354,-0.0051319334,0.36783862,0.2523354,-0.0051319334
0.36908704,0.2576556,-0.02183124,0.36908704,0.2576556,-0.02183124
0.3909446,0.25698954,-0.036694314,0.3909446,0.25698954,-0.036694314
0.37129793,0.25503835,-0.037649386,0.37129793,0.25503835,-0.037649386
0.40515512,0.17506982,-0.01422778,0.40515512,0.17506982,-0.01422778
0.41948116,0.17395893,-0.016542016,0.41948116,0.17395893,-0.016542016
0.54302824,0.2370828,-0.07134842,0.54302824,0.2370828,-0.07134842
0.5647273,0.23870672,-0.06904066,0.5647273,0.23870672,-0.06904066
0.56369203,0.22518389,-0.07403971,0.56369203,0.22518389,-0.07403971
0.5424644,0.22247401,-0.075273,0.5424644,0.22247401,-0.075273
0.5636392,0.21173501,-0.0750737,0.5636392,0.21173501,-0.0750737
0.5842453,0.21497296,-0.07373031,0.5842453,0.21497296,-0.07373031
0.5280421,0.2361685,-0.003933133,0.5280421,0.2361685,-0.003933133
0.54854155,0.23263755,-0.00647752,0.54854155,0.23263755,-0.00647752
0.58877164,0.23761086,-0.014088115,0.58877164,0.23761086,-0.014088115
0.44275045,0.23374532,0.0017043025,0.44275045,0.23374532,0.0017043025
0.4598664,0.23153423,0.0010630094,0.4598664,0.23153423,0.0010630094
0.41379726,0.23082252,-0.06205162,0.41379726,0.23082252,-0.06205162
0.40371048,0.22905743,-0.06391411,0.40371048,0.22905743,-0.06391411
0.4034325,0.24125326,-0.056713786,0.4034325,0.24125326,-0.056713786
0.44319612,0.23078968,-0.06682723,0.44319612,0.23078968,-0.06682723
0.4393364,0.24425744,-0.053959902,0.4393364,0.24425744,-0.053959902
0.45987427,0.2511003,-0.051756375,0.45987427,0.2511003,-0.051756375
0.4597134,0.23778291,-0.06566317,0.4597134,0.23778291,-0.06566317
0.41633412,0.20509325,-0.06875211,0.41633412,0.20509325,-0.06875211
0.4059,0.20234868,-0.06829471,0.4059,0.20234868,-0.06829471
0.40479282,0.21593451,-0.06842987,0.40479282,0.21593451,-0.06842987
0.41490507,0.21832305,-0.06767262,0.41490507,0.21832305,-0.06767262
0.38856485,0.23997639,0.006407057,0.38856485,0.23997639,0.006407057
0.40373906,0.23873965,0.0050551635,0.40373906,0.23873965,0.0050551635
0.3746496,0.23735192,-0.06111677,0.3746496,0.23735192,-0.06111677
0.37404087,0.24751398,-0.050949264,0.37404087,0.24751398,-0.050949264
0.39138293,0.24966745,-0.04876614,0.39138293,0.24966745,-0.04876614
0.39113948,0.23936081,-0.058408607,0.39113948,0.23936081,-0.058408607
0.40407875,0.2523278,-0.04745476,0.40407875,0.2523278,-0.04745476
0.37506935,0.22476453,-0.0679958,0.37506935,0.22476453,-0.0679958
0.39146617,0.22715247,-0.06566403,0.39146617,0.22715247,-0.06566403
0.36673886,0.24055475,0.008361245,0.36673886,0.24055475,0.008361245
0.3927091,0.19999115,-0.0680515,0.3927091,0.19999115,-0.0680515
0.37628388,0.19736622,-0.068192504,0.37628388,0.19736622,-0.068192504
0.37573993,0.21116467,-0.070491984,0.37573993,0.21116467,-0.070491984
0.39216527,0.21367764,-0.069208995,0.39216527,0.21367764,-0.069208995
0.5429418,0.20806594,-0.07504134,0.5429418,0.20806594,-0.07504134
0.5223734,0.20392853,-0.07357697,0.5223734,0.20392853,-0.07357697
0.4490099,0.17207845,-0.02648514,0.4490099,0.17207845,-0.02648514
0.46542156,0.17261717,-0.034076404,0.46542156,0.17261717,-0.034076404
0.43383718,0.17277832,-0.020591617,0.43383718,0.17277832,-0.020591617
0.54617554,0.18155994,-0.045391243,0.54617554,0.18155994,-0.045391243
0.566445,0.18469079,-0.049499717,0.566445,0.18469079,-0.049499717
0.50463545,0.17749634,-0.033272184,0.50463545,0.17749634,-0.033272184
0.5255449,0.17922248,-0.039774474,0.5255449,0.17922248,-0.039774474
0.50088364,0.24637012,-0.06401037,0.50088364,0.24637012,-0.06401037
0.41951978,0.18471768,-0.05598419,0.41951978,0.18471768,-0.05598419
0.42999774,0.18807387,-0.060537715,0.42999774,0.18807387,-0.060537715
0.42084378,0.17712283,-0.04588668,0.42084378,0.17712283,-0.04588668
0.36998922,0.17535827,-0.011789907,0.36998922,0.17535827,-0.011789907
0.38907185,0.17549609,-0.013410239,0.38907185,0.17549609,-0.013410239
0.43330634,0.2007423,-0.06925625,0.43330634,0.2007423,-0.06925625
0.34560686,0.17474236,-0.010480507,0.34560686,0.17474236,-0.010480507
0.44197434,0.2592584,-0.042627905,0.44197434,0.2592584,-0.042627905
0.40446857,0.25997868,-0.034806073,0.40446857,0.25997868,-0.034806073
0.41639256,0.26218188,-0.032608412,0.41639256,0.26218188,-0.032608412
0.5894301,0.25261903,-0.031737573,0.5894301,0.25261903,-0.031737573
0.50658894,0.2399278,-0.0018139853,0.50658894,0.2399278,-0.0018139853
0.45898673,0.21569261,0.00018385648,0.45898673,0.21569261,0.00018385648
0.4597031,0.20120615,-0.0014118146,0.4597031,0.20120615,-0.0014118146
0.40748608,0.18250547,-0.053508364,0.40748608,0.18250547,-0.053508364
0.40695935,0.19037455,-0.06255083,0.40695935,0.19037455,-0.06255083
0.41768914,0.19307606,-0.06421335,0.41768914,0.19307606,-0.06421335
0.4021973,0.20931716,0.011727729,0.4021973,0.20931716,0.011727729
0.40146446,0.2244013,0.010205227,0.40146446,0.2244013,0.010205227
0.5862289,0.18836908,-0.05218726,0.5862289,0.18836908,-0.05218726
0.41561723,0.2079396,0.00942088,0.41561723,0.2079396,0.00942088
0.46118578,0.26216742,-0.03903032,0.46118578,0.26216742,-0.03903032
0.015911244,0.20774493,-0.09908999,0.015911244,0.20774493,-0.09908999
-0.0003383946,0.19312453,-0.099164516,-0.0003383946,0.19312453,-0.099164516
-0.00016436813,0.2060235,-0.09656963,-0.00016436813,0.2060235,-0.09656963
0.15665118,0.04709254,0.04358804,0.15665118,0.04709254,0.04358804
0.1203062,0.022283062,0.09219816,0.1203062,0.022283062,0.09219816
0.13421032,0.025011608,0.07585813,0.13421032,0.025011608,0.07585813
0.17089488,0.11580975,0.013204318,0.17089488,0.11580975,0.013204318
0.16672607,0.10505943,0.017270021,0.16672607,0.10505943,0.017270021
0.20665325,0.15701616,-0.004663598,0.20665325,0.15701616,-0.004663598
0.19606225,0.14589244,-0.00012658114,0.19606225,0.14589244,-0.00012658114
0.1600351,0.085304976,0.048290923,0.1600351,0.085304976,0.048290923
0.07773597,0.4458616,-0.0072932527,0.07773597,0.4458616,-0.0072932527
0.07577974,0.43902522,-0.010019074,0.07577974,0.43902522,-0.010019074
0.08001829,0.4588696,-0.007171835,0.08001829,0.4588696,-0.007171835
0.0071473257,-0.121025786,0.16507503,0.0071473257,-0.121025786,0.16507503
-0.005738509,-0.14853138,0.16592227,-0.005738509,-0.14853138,0.16592227
-0.005730027,-0.16191068,0.16655724,-0.005730027,-0.16191068,0.16655724
0.07799949,0.4300341,0.0064351656,0.07799949,0.4300341,0.0064351656
0.075929925,0.4236684,0.002399983,0.075929925,0.4236684,0.002399983
0.08006625,0.42667025,0.0051938077,0.08006625,0.42667025,0.0051938077
0.07796774,0.43200532,0.008551991,0.07796774,0.43200532,0.008551991
0.07763001,0.4310317,0.008188702,0.07763001,0.4310317,0.008188702
0.08080936,0.4614337,0.0033810756,0.08080936,0.4614337,0.0033810756
0.07355763,0.43084908,-0.01050284,0.07355763,0.43084908,-0.01050284
0.071413,0.4215695,-0.009076318,0.071413,0.4215695,-0.009076318
0.078827105,0.44790667,0.008390899,0.078827105,0.44790667,0.008390899
0.049415726,-0.13117917,-0.07804465,0.049415726,-0.13117917,-0.07804465
0.0540405,-0.14942406,-0.08318805,0.0540405,-0.14942406,-0.08318805
0.028022768,-0.15004444,-0.08486185,0.028022768,-0.15004444,-0.08486185
0.024984553,-0.1323046,-0.0784078,0.024984553,-0.1323046,-0.0784078
0.00034131,-0.16529205,-0.09253164,0.00034131,-0.16529205,-0.09253164
-0.00040015898,-0.14881995,-0.08506015,-0.00040015898,-0.14881995,-0.08506015
0.03152511,-0.16856009,-0.09272056,0.03152511,-0.16856009,-0.09272056
0.14887612,-0.20067619,-0.060420774,0.14887612,-0.20067619,-0.060420774
0.14505216,-0.17879702,-0.056973893,0.14505216,-0.17879702,-0.056973893
0.16016366,-0.1767287,-0.03361944,0.16016366,-0.1767287,-0.03361944
0.16451457,-0.19776955,-0.03579551,0.16451457,-0.19776955,-0.03579551
0.16456345,-0.15981174,-0.006816438,0.16456345,-0.15981174,-0.006816438
0.16975902,-0.17691758,-0.006525222,0.16975902,-0.17691758,-0.006525222
0.15440747,-0.15857147,-0.032074824,0.15440747,-0.15857147,-0.032074824
0.16785285,-0.16328427,0.021599522,0.16785285,-0.16328427,0.021599522
0.17260943,-0.18104973,0.022230307,0.17260943,-0.18104973,0.022230307
0.16394599,-0.16968606,0.04894545,0.16394599,-0.16968606,0.04894545
0.16889665,-0.18882088,0.049492177,0.16889665,-0.18882088,0.049492177
0.15903182,-0.19754036,0.07373389,0.15903182,-0.19754036,0.07373389
0.14277887,-0.20586675,0.09502186,0.14277887,-0.20586675,0.09502186
0.12327157,-0.23391478,0.10952641,0.12327157,-0.23391478,0.10952641
0.12144042,-0.21440443,0.112368196,0.12144042,-0.21440443,0.112368196
0.09795395,-0.222482,0.12587185,0.09795395,-0.222482,0.12587185
0.073458165,-0.23009266,0.13709666,0.073458165,-0.23009266,0.13709666
0.05089707,-0.23581721,0.14566462,0.05089707,-0.23581721,0.14566462
0.031031683,-0.24006654,0.15170157,0.031031683,-0.24006654,0.15170157
0.013117258,-0.24241103,0.15509626,0.013117258,-0.24241103,0.15509626
-0.0029346622,-0.24382764,0.15516664,-0.0029346622,-0.24382764,0.15516664
-0.0019512017,-0.26824406,0.15158258,-0.0019512017,-0.26824406,0.15158258
0.10689484,0.2272706,0.05137316,0.10689484,0.2272706,0.05137316
0.0832593,0.28461504,-0.05839604,0.0832593,0.28461504,-0.05839604
0.10009885,0.28747433,-0.03639852,0.10009885,0.28747433,-0.03639852
0.09199481,0.2812596,-0.05835383,0.09199481,0.2812596,-0.05835383
0.11428004,0.23065038,-0.095479704,0.11428004,0.23065038,-0.095479704
0.09474997,0.22236902,-0.10294088,0.09474997,0.22236902,-0.10294088
0.09544157,0.23883146,-0.09524534,0.09544157,0.23883146,-0.09524534
0.11468081,0.24893552,-0.084878586,0.11468081,0.24893552,-0.084878586
0.07366573,0.27463546,-0.07243998,0.07366573,0.27463546,-0.07243998
0.06878593,0.27748215,-0.07142195,0.06878593,0.27748215,-0.07142195
0.07959398,0.2702496,-0.07482879,0.07959398,0.2702496,-0.07482879
0.06513113,0.26003572,-0.08542688,0.06513113,0.26003572,-0.08542688
0.047705684,0.25269014,-0.089701116,0.047705684,0.25269014,-0.089701116
0.13917817,0.28107616,-0.031587522,0.13917817,0.28107616,-0.031587522
0.15176854,0.28050977,-0.026791323,0.15176854,0.28050977,-0.026791323
0.15022042,0.26936752,-0.04847601,0.15022042,0.26936752,-0.04847601
0.14018129,0.26980457,-0.054066483,0.14018129,0.26980457,-0.054066483
0.14408316,0.22317074,-0.088094056,0.14408316,0.22317074,-0.088094056
0.15472579,0.22608231,-0.0827177,0.15472579,0.22608231,-0.0827177
0.15575986,0.2110153,-0.08669872,0.15575986,0.2110153,-0.08669872
0.14404745,0.20700593,-0.092235535,0.14404745,0.20700593,-0.092235535
0.18992792,0.2773524,-0.012785156,0.18992792,0.2773524,-0.012785156
0.20318715,0.27583322,-0.011795612,0.20318715,0.27583322,-0.011795612
0.19909392,0.2713537,-0.032830805,0.19909392,0.2713537,-0.032830805
0.18626562,0.27141663,-0.034569744,0.18626562,0.27141663,-0.034569744
0.15284958,0.24099056,-0.07502128,0.15284958,0.24099056,-0.07502128
0.08493659,0.10664117,-0.11451858,0.08493659,0.10664117,-0.11451858
0.10459875,0.11500822,-0.11052907,0.10459875,0.11500822,-0.11052907
0.121843964,0.12425883,-0.10498042,0.121843964,0.12425883,-0.10498042
0.16081339,0.15311661,-0.08227696,0.16081339,0.15311661,-0.08227696
0.15297765,0.13114153,-0.08423038,0.15297765,0.13114153,-0.08423038
0.14992066,0.14464885,-0.0882827,0.14992066,0.14464885,-0.0882827
0.17226546,0.16132125,-0.078062385,0.17226546,0.16132125,-0.078062385
0.18180457,0.16627914,-0.07399158,0.18180457,0.16627914,-0.07399158
0.19155271,0.23246297,0.042110827,0.19155271,0.23246297,0.042110827
0.19209227,0.20552757,0.04678248,0.19209227,0.20552757,0.04678248
0.20626521,0.20625395,0.040605925,0.20626521,0.20625395,0.040605925
0.20540078,0.17418708,-0.067160375,0.20540078,0.17418708,-0.067160375
0.2073161,0.16850448,-0.064679965,0.2073161,0.16850448,-0.064679965
0.19555362,0.1605835,-0.064446785,0.19555362,0.1605835,-0.064446785
0.19354296,0.16722192,-0.06718474,0.19354296,0.16722192,-0.06718474
0.12716475,0.28178197,-0.035633974,0.12716475,0.28178197,-0.035633974
0.19737388,0.2607393,-0.04917368,0.19737388,0.2607393,-0.04917368
0.1959145,0.2500176,-0.060649138,0.1959145,0.2500176,-0.060649138
0.18355106,0.24753593,-0.06182802,0.18355106,0.24753593,-0.06182802
0.18454112,0.25957888,-0.050615076,0.18454112,0.25957888,-0.050615076
0.19643305,0.2375924,-0.068456,0.19643305,0.2375924,-0.068456
0.19758411,0.2249021,-0.073057525,0.19758411,0.2249021,-0.073057525
0.1860259,0.22153473,-0.07483618,0.1860259,0.22153473,-0.07483618
0.1848713,0.23442341,-0.07024971,0.1848713,0.23442341,-0.07024971
0.20465256,0.18138073,-0.06980389,0.20465256,0.18138073,-0.06980389
0.19113886,0.1748749,-0.07018929,0.19113886,0.1748749,-0.07018929
0.2189832,0.26710403,0.00982302,0.2189832,0.26710403,0.00982302
0.16511482,0.28080696,0.004870512,0.16511482,0.28080696,0.004870512
0.15211783,0.2826524,-0.0003163556,0.15211783,0.2826524,-0.0003163556
0.1514688,0.27094284,0.024255956,0.1514688,0.27094284,0.024255956
0.16344625,0.26683992,0.028173791,0.16344625,0.26683992,0.028173791
0.22203201,0.16313842,-0.009997714,0.22203201,0.16313842,-0.009997714
0.22581276,0.15832342,-0.022390723,0.22581276,0.15832342,-0.022390723
0.22772966,0.15485995,-0.03439471,0.22772966,0.15485995,-0.03439471
0.19942094,0.14499135,-0.05604788,0.19942094,0.14499135,-0.05604788
0.22829096,0.15489373,-0.04461015,0.22829096,0.15489373,-0.04461015
0.21836273,0.18948013,0.029579597,0.21836273,0.18948013,0.029579597
0.22081974,0.20749682,0.03461264,0.22081974,0.20749682,0.03461264
0.15132695,0.24821693,0.03987855,0.15132695,0.24821693,0.03987855
0.16309182,0.24306302,0.042336803,0.16309182,0.24306302,0.042336803
0.21664324,0.2737564,-0.012372777,0.21664324,0.2737564,-0.012372777
0.21251428,0.26970342,-0.032985546,0.21251428,0.26970342,-0.032985546
0.23418711,0.18183927,-0.07010985,0.23418711,0.18183927,-0.07010985
0.22185014,0.17490625,-0.06665843,0.22185014,0.17490625,-0.06665843
0.21947242,0.17988259,-0.0690073,0.21947242,0.17988259,-0.0690073
0.1873839,0.13715214,-0.06174939,0.1873839,0.13715214,-0.06174939
0.19674437,0.15345213,-0.061089367,0.19674437,0.15345213,-0.061089367
0.1643281,0.27975795,-0.021498552,0.1643281,0.27975795,-0.021498552
0.20908155,0.25008434,-0.06046384,0.20908155,0.25008434,-0.06046384
0.21003021,0.26065433,-0.04894386,0.21003021,0.26065433,-0.04894386
0.1743489,0.23134162,-0.07307434,0.1743489,0.23134162,-0.07307434
0.16444762,0.22854346,-0.07748849,0.16444762,0.22854346,-0.07748849
0.162246,0.24267085,-0.069741644,0.162246,0.24267085,-0.069741644
0.17233925,0.24468721,-0.065057725,0.17233925,0.24468721,-0.065057725
0.21227103,0.21614073,-0.07419388,0.21227103,0.21614073,-0.07419388
0.21016827,0.22831808,-0.07194259,0.21016827,0.22831808,-0.07194259
0.16600181,0.21420713,-0.08166584,0.16600181,0.21420713,-0.08166584
0.17580286,0.2176146,-0.077671476,0.17580286,0.2176146,-0.077671476
0.21788277,0.18662363,-0.0711834,0.21788277,0.18662363,-0.0711834
0.14162636,0.2518549,0.036509503,0.14162636,0.2518549,0.036509503
0.13224134,0.22953454,0.048347108,0.13224134,0.22953454,0.048347108
0.14280346,0.22897899,0.048501875,0.14280346,0.22897899,0.048501875
0.15281633,0.22415584,0.049921833,0.15281633,0.22415584,0.049921833
0.16476746,0.21719576,0.051167555,0.16476746,0.21719576,0.051167555
0.17851608,0.2092428,0.050550625,0.17851608,0.2092428,0.050550625
0.120980136,0.2283992,0.049333278,0.120980136,0.2283992,0.049333278
0.4267299,0.1968349,-0.06682255,0.4267299,0.1968349,-0.06682255
0.23788832,0.17789862,-0.06836465,0.23788832,0.17789862,-0.06836465
0.24611686,0.1883134,-0.072702006,0.24611686,0.1883134,-0.072702006
0.25138223,0.18382528,-0.07142265,0.25138223,0.18382528,-0.07142265
0.30114123,0.21629444,-0.07305518,0.30114123,0.21629444,-0.07305518
0.004028232,0.37312996,0.12307334,0.004028232,0.37312996,0.12307334
0.0044566025,0.3674751,0.12037292,0.0044566025,0.3674751,0.12037292
0.0026405773,0.39736506,0.123522915,0.0026405773,0.39736506,0.123522915
0.0028192021,0.39367232,0.12437088,0.0028192021,0.39367232,0.12437088
0.42339802,0.2326057,-0.060627032,0.42339802,0.2326057,-0.060627032
0.43123922,0.23418894,-0.060424615,0.43123922,0.23418894,-0.060424615
0.47972253,0.2430029,-0.06474822,0.47972253,0.2430029,-0.06474822
0.48096406,0.25542554,-0.051031433,0.48096406,0.25542554,-0.051031433
0.5026122,0.25712153,-0.05027285,0.5026122,0.25712153,-0.05027285
0.4855099,0.25822124,-0.008686816,0.4855099,0.25822124,-0.008686816
0.48397532,0.24433899,-0.00068392867,0.48397532,0.24433899,-0.00068392867
0.48076233,0.19753903,-0.005494356,0.48076233,0.19753903,-0.005494356
0.48157164,0.19396144,-0.06688157,0.48157164,0.19396144,-0.06688157
0.62850255,0.24125908,-0.017988196,0.62850255,0.24125908,-0.017988196
0.6482482,0.23791341,-0.016613454,0.6482482,0.23791341,-0.016613454
0.6492696,0.2453656,-0.024896689,0.6492696,0.2453656,-0.024896689
0.6291325,0.24757352,-0.027595337,0.6291325,0.24757352,-0.027595337
0.66747093,0.23495933,-0.014441111,0.66747093,0.23495933,-0.014441111
0.64708155,0.22799695,-0.013238338,0.64708155,0.22799695,-0.013238338
0.6657292,0.22464581,-0.012982797,0.6657292,0.22464581,-0.012982797
0.64559656,0.21806124,-0.014940431,0.64559656,0.21806124,-0.014940431
0.6638729,0.21560606,-0.015935073,0.6638729,0.21560606,-0.015935073
0.6624228,0.20810433,-0.022154467,0.6624228,0.20810433,-0.022154467
0.64449,0.2094461,-0.020224132,0.64449,0.2094461,-0.020224132
0.6444962,0.20324217,-0.02775163,0.6444962,0.20324217,-0.02775163
0.6623843,0.2031035,-0.030140584,0.6623843,0.2031035,-0.030140584
0.62549376,0.19773129,-0.034066323,0.62549376,0.19773129,-0.034066323
0.62569046,0.19424832,-0.044563685,0.62569046,0.19424832,-0.044563685
0.6449653,0.19736713,-0.04645453,0.6449653,0.19736713,-0.04645453
0.6448321,0.19912405,-0.03680746,0.6448321,0.19912405,-0.03680746
0.66339207,0.2081055,-0.06324326,0.66339207,0.2081055,-0.06324326
0.64485496,0.20458503,-0.06428591,0.64485496,0.20458503,-0.06428591
0.6449235,0.21354014,-0.06808425,0.6449235,0.21354014,-0.06808425
0.6636647,0.21611522,-0.06644057,0.6636647,0.21611522,-0.06644057
0.62659436,0.23183495,-0.06630607,0.62659436,0.23183495,-0.06630607
0.6468223,0.23434882,-0.06436547,0.6468223,0.23434882,-0.06436547
0.6456882,0.22395642,-0.0676336,0.6456882,0.22395642,-0.0676336
0.6252903,0.22083242,-0.06971693,0.6252903,0.22083242,-0.06971693
0.6654312,0.23670653,-0.06377535,0.6654312,0.23670653,-0.06377535
0.64810705,0.2422366,-0.0573894,0.64810705,0.2422366,-0.0573894
0.6665493,0.2441439,-0.05585838,0.6665493,0.2441439,-0.05585838
0.60816246,0.23451139,-0.013802968,0.60816246,0.23451139,-0.013802968
0.60893965,0.24423903,-0.01995355,0.60893965,0.24423903,-0.01995355
0.58938605,0.24708709,-0.021244748,0.58938605,0.24708709,-0.021244748
0.6255489,0.21085215,-0.017787592,0.6255489,0.21085215,-0.017787592
0.6263604,0.22047642,-0.013526508,0.6263604,0.22047642,-0.013526508
0.60703886,0.22332802,-0.01253674,0.60703886,0.22332802,-0.01253674
0.6061658,0.21265714,-0.015534261,0.6061658,0.21265714,-0.015534261
0.5864189,0.18896239,-0.038987964,0.5864189,0.18896239,-0.038987964
0.60616916,0.1917125,-0.042082738,0.60616916,0.1917125,-0.042082738
0.60582757,0.1964751,-0.031043429,0.60582757,0.1964751,-0.031043429
0.6252935,0.20335655,-0.024876056,0.6252935,0.20335655,-0.024876056
0.60574764,0.20374483,-0.022024432,0.60574764,0.20374483,-0.022024432
0.6255448,0.19514939,-0.055557806,0.6255448,0.19514939,-0.055557806
0.6448697,0.19896819,-0.056366846,0.6448697,0.19896819,-0.056366846
0.6293966,0.24909401,-0.03885114,0.6293966,0.24909401,-0.03885114
0.64949304,0.2478133,-0.03605718,0.64949304,0.2478133,-0.03605718
0.64921695,0.24625522,-0.04714795,0.64921695,0.24625522,-0.04714795
0.6290472,0.24679486,-0.04979057,0.6290472,0.24679486,-0.04979057
0.6059274,0.19192924,-0.05401863,0.6059274,0.19192924,-0.05401863
0.60917294,0.25078866,-0.041465066,0.60917294,0.25078866,-0.041465066
0.6086027,0.24755971,-0.052832454,0.6086027,0.24755971,-0.052832454
0.62794894,0.24121454,-0.059748508,0.62794894,0.24121454,-0.059748508
0.60736275,0.24030769,-0.062738344,0.60736275,0.24030769,-0.062738344
0.66832346,0.24731517,-0.033466678,0.66832346,0.24731517,-0.033466678
0.6684799,0.24346685,-0.022134135,0.6684799,0.24346685,-0.022134135
0.6093209,0.25023562,-0.029857447,0.6093209,0.25023562,-0.029857447
0.6252151,0.2008488,-0.064772196,0.6252151,0.2008488,-0.064772196
0.60540766,0.1973522,-0.064409755,0.60540766,0.1973522,-0.064409755
0.60489523,0.20677686,-0.070787124,0.60489523,0.20677686,-0.070787124
0.6249303,0.21019281,-0.06972838,0.6249303,0.21019281,-0.06972838
0.58487254,0.22741053,-0.071598314,0.58487254,0.22741053,-0.071598314
0.6058878,0.22942694,-0.06895262,0.6058878,0.22942694,-0.06895262
0.6048787,0.21789591,-0.07174549,0.6048787,0.21789591,-0.07174549
0.6643662,0.22621194,-0.066665694,0.6643662,0.22621194,-0.066665694
0.58625484,0.2394889,-0.06595995,0.58625484,0.2394889,-0.06595995
0.74778616,0.20088373,-0.027656391,0.74778616,0.20088373,-0.027656391
0.75268143,0.19945227,-0.018377919,0.75268143,0.19945227,-0.018377919
0.74340236,0.19592704,-0.016486522,0.74340236,0.19592704,-0.016486522
0.7381755,0.19800022,-0.026414724,0.7381755,0.19800022,-0.026414724
0.7224707,0.18819754,-0.009416922,0.7224707,0.18819754,-0.009416922
0.73096824,0.18919045,0.00018244098,0.73096824,0.18919045,0.00018244098
0.7241017,0.19307718,0.006394956,0.7241017,0.19307718,0.006394956
0.7141454,0.19219601,-0.0020504515,0.7141454,0.19219601,-0.0020504515
0.7563109,0.20113404,-0.009693617,0.7563109,0.20113404,-0.009693617
0.74757874,0.1963689,-0.007975982,0.74757874,0.1963689,-0.007975982
0.7552546,0.2062773,-0.0035068146,0.7552546,0.2062773,-0.0035068146
0.76418245,0.20588088,-0.010619488,0.76418245,0.20588088,-0.010619488
0.7636747,0.2130905,-0.0070132934,0.7636747,0.2130905,-0.0070132934
0.7715058,0.21647845,-0.009245868,0.7715058,0.21647845,-0.009245868
0.7698946,0.22515182,-0.012918652,0.7698946,0.22515182,-0.012918652
0.7581901,0.22395636,-0.00895487,0.7581901,0.22395636,-0.00895487
0.7517462,0.23499179,-0.032688726,0.7517462,0.23499179,-0.032688726
0.7660364,0.2327124,-0.032947604,0.7660364,0.2327124,-0.032947604
0.76331294,0.23319998,-0.043567244,0.76331294,0.23319998,-0.043567244
0.7488214,0.23517923,-0.04293982,0.7488214,0.23517923,-0.04293982
0.7539547,0.22803532,-0.061470516,0.7539547,0.22803532,-0.061470516
0.74067014,0.23056708,-0.059354406,0.74067014,0.23056708,-0.059354406
0.7450894,0.23297045,-0.05110105,0.7450894,0.23297045,-0.05110105
0.75967723,0.2303804,-0.052378874,0.75967723,0.2303804,-0.052378874
0.74140877,0.20400697,-0.041956052,0.74140877,0.20400697,-0.041956052
0.7434557,0.20317249,-0.036157865,0.7434557,0.20317249,-0.036157865
0.7338254,0.20120895,-0.03590404,0.7338254,0.20120895,-0.03590404
0.73130375,0.20246093,-0.04220376,0.73130375,0.20246093,-0.04220376
0.75233,0.21019107,0.006838165,0.75233,0.21019107,0.006838165
0.753723,0.20637615,0.005110348,0.753723,0.20637615,0.005110348
0.75429153,0.21373667,-0.0019087739,0.75429153,0.21373667,-0.0019087739
0.7485749,0.21768372,-0.0002391389,0.7485749,0.21768372,-0.0002391389
0.7055437,0.19556193,-0.05330558,0.7055437,0.19556193,-0.05330558
0.7051516,0.19593017,-0.045812648,0.7051516,0.19593017,-0.045812648
0.6945806,0.19806333,-0.043009963,0.6945806,0.19806333,-0.043009963
0.6940121,0.19790712,-0.05144349,0.6940121,0.19790712,-0.05144349
0.6991979,0.19472271,-0.017040184,0.6991979,0.19472271,-0.017040184
0.69564587,0.20638782,-0.009255648,0.69564587,0.20638782,-0.009255648
0.6889873,0.20800196,-0.014103209,0.6889873,0.20800196,-0.014103209
0.69405556,0.19846873,-0.024085224,0.69405556,0.19846873,-0.024085224
0.70571476,0.19270605,-0.01008282,0.70571476,0.19270605,-0.01008282
0.71159124,0.20295437,0.0020941622,0.71159124,0.20295437,0.0020941622
0.7024283,0.20433947,-0.0039641466,0.7024283,0.20433947,-0.0039641466
0.7222561,0.20190842,0.009693479,0.7222561,0.20190842,0.009693479
0.6925817,0.20074789,-0.06146718,0.6925817,0.20074789,-0.06146718
0.7006111,0.19858071,-0.06513595,0.7006111,0.19858071,-0.06513595
0.8206804,0.20868811,-0.013610456,0.8206804,0.20868811,-0.013610456
0.81493884,0.20896542,-0.013428368,0.81493884,0.20896542,-0.013428368
0.81558365,0.20736733,-0.018420294,0.81558365,0.20736733,-0.018420294
0.82145387,0.20737924,-0.018551001,0.82145387,0.20737924,-0.018551001
0.6990725,0.21699391,-0.07278074,0.6990725,0.21699391,-0.07278074
0.69254166,0.21613249,-0.070603475,0.69254166,0.21613249,-0.070603475
0.6939064,0.22561084,-0.069303684,0.6939064,0.22561084,-0.069303684
0.70092064,0.22617519,-0.06957086,0.70092064,0.22617519,-0.06957086
0.707653,0.21752249,-0.07560765,0.707653,0.21752249,-0.07560765
0.71013933,0.22666374,-0.070391305,0.71013933,0.22666374,-0.070391305
0.8232241,0.22151496,-0.01249641,0.8232241,0.22151496,-0.01249641
0.81716675,0.2225321,-0.013156468,0.81716675,0.2225321,-0.013156468
0.8160896,0.21814783,-0.010767272,0.8160896,0.21814783,-0.010767272
0.82195956,0.21707113,-0.010445299,0.82195956,0.21707113,-0.010445299
0.7571504,0.20244065,-0.027261602,0.7571504,0.20244065,-0.027261602
0.7615618,0.20166019,-0.018406805,0.7615618,0.20166019,-0.018406805
0.7796225,0.20345558,-0.0213,0.7796225,0.20345558,-0.0213
0.77837104,0.20544429,-0.015297486,0.77837104,0.20544429,-0.015297486
0.7701489,0.2034696,-0.016827404,0.7701489,0.2034696,-0.016827404
0.7681282,0.20301254,-0.026232505,0.7681282,0.20301254,-0.026232505
0.76031554,0.20481119,-0.045576423,0.76031554,0.20481119,-0.045576423
0.7648274,0.20427802,-0.03860126,0.7648274,0.20427802,-0.03860126
0.7541502,0.2045994,-0.038559455,0.7541502,0.2045994,-0.038559455
0.7499736,0.20502862,-0.045705892,0.7499736,0.20502862,-0.045705892
0.74619,0.20252477,-0.057000674,0.74619,0.20252477,-0.057000674
0.7457306,0.20051973,-0.06285211,0.7457306,0.20051973,-0.06285211
0.7543585,0.20105822,-0.06395851,0.7543585,0.20105822,-0.06395851
0.7561376,0.20299853,-0.057496294,0.7561376,0.20299853,-0.057496294
0.77666265,0.20465633,-0.05265826,0.77666265,0.20465633,-0.05265826
0.77513504,0.2043648,-0.05808581,0.77513504,0.2043648,-0.05808581
0.784079,0.20721434,-0.058527425,0.784079,0.20721434,-0.058527425
0.7860164,0.20702882,-0.053412177,0.7860164,0.20702882,-0.053412177
0.68604946,0.21638532,-0.06912543,0.68604946,0.21638532,-0.06912543
0.6869257,0.22608456,-0.06876843,0.6869257,0.22608456,-0.06876843
0.74425143,0.22093593,-0.07807747,0.74425143,0.22093593,-0.07807747
0.75323206,0.21952261,-0.08157245,0.75323206,0.21952261,-0.08157245
0.74883795,0.21217602,-0.08743008,0.74883795,0.21217602,-0.08743008
0.7395936,0.21368486,-0.08386092,0.7395936,0.21368486,-0.08386092
0.7041267,0.2334704,-0.06280197,0.7041267,0.2334704,-0.06280197
0.6966516,0.23409386,-0.06308353,0.6966516,0.23409386,-0.06308353
0.82451475,0.2238214,-0.017318616,0.82451475,0.2238214,-0.017318616
0.8184476,0.2250831,-0.017907633,0.8184476,0.2250831,-0.017907633
0.7248076,0.2119326,0.008479609,0.7248076,0.2119326,0.008479609
0.71362233,0.21450265,0.0005042621,0.71362233,0.21450265,0.0005042621
0.7041827,0.21664324,-0.005777662,0.7041827,0.21664324,-0.005777662
0.69701314,0.21847385,-0.009657753,0.69701314,0.21847385,-0.009657753
0.6901822,0.22031568,-0.011188694,0.6901822,0.22031568,-0.011188694
0.77316564,0.20342824,-0.031045375,0.77316564,0.20342824,-0.031045375
0.75129527,0.20372644,-0.034520093,0.75129527,0.20372644,-0.034520093
0.7395382,0.20398203,-0.046155497,0.7395382,0.20398203,-0.046155497
0.733468,0.19675952,-0.07378939,0.733468,0.19675952,-0.07378939
0.736358,0.19768359,-0.066777475,0.736358,0.19768359,-0.066777475
0.7293052,0.19671768,-0.06409598,0.7293052,0.19671768,-0.06409598
0.72534764,0.19663016,-0.07345032,0.72534764,0.19663016,-0.07345032
0.73826414,0.20499626,-0.08479433,0.73826414,0.20499626,-0.08479433
0.74751776,0.20415817,-0.08704755,0.74751776,0.20415817,-0.08704755
0.74888474,0.19922335,-0.08244311,0.74888474,0.19922335,-0.08244311
0.7402853,0.1992487,-0.08068252,0.7402853,0.1992487,-0.08068252
0.7501428,0.21324664,0.0106149195,0.7501428,0.21324664,0.0106149195
0.742511,0.21862386,0.0035689326,0.742511,0.21862386,0.0035689326
0.69881254,0.20696072,-0.07170446,0.69881254,0.20696072,-0.07170446
0.6919208,0.20739996,-0.06816778,0.6919208,0.20739996,-0.06816778
0.6855466,0.20865776,-0.06517027,0.6855466,0.20865776,-0.06517027
0.7179497,0.1987409,-0.044576705,0.7179497,0.1987409,-0.044576705
0.7196695,0.19835727,-0.040469974,0.7196695,0.19835727,-0.040469974
0.7063796,0.19412374,-0.035316978,0.7063796,0.19412374,-0.035316978
0.7051605,0.19566654,-0.04107713,0.7051605,0.19566654,-0.04107713
0.72746664,0.19248894,-0.024473112,0.72746664,0.19248894,-0.024473112
0.73372656,0.19080389,-0.014166509,0.73372656,0.19080389,-0.014166509
0.71498,0.18912725,-0.019605758,0.71498,0.18912725,-0.019605758
0.6943023,0.19788939,-0.035233933,0.6943023,0.19788939,-0.035233933
0.68592614,0.20126583,-0.032747928,0.68592614,0.20126583,-0.032747928
0.686066,0.20081826,-0.041521624,0.686066,0.20081826,-0.041521624
0.68586767,0.20132309,-0.05050648,0.68586767,0.20132309,-0.05050648
0.6855381,0.20363076,-0.059193682,0.6855381,0.20363076,-0.059193682
0.67635816,0.20264474,-0.031752612,0.67635816,0.20264474,-0.031752612
0.6767158,0.20150381,-0.04053888,0.6767158,0.20150381,-0.04053888
0.6768954,0.20224003,-0.049828824,0.6768954,0.20224003,-0.049828824
0.677048,0.2049825,-0.057929967,0.677048,0.2049825,-0.057929967
0.6788029,0.2371207,-0.06347355,0.6788029,0.2371207,-0.06347355
0.6885231,0.23547807,-0.06335149,0.6885231,0.23547807,-0.06335149
0.67783916,0.22675705,-0.067902066,0.67783916,0.22675705,-0.067902066
0.6787121,0.21247756,-0.015454642,0.6787121,0.21247756,-0.015454642
0.6769888,0.20653003,-0.023395048,0.6769888,0.20653003,-0.023395048
0.68650734,0.20375732,-0.02349359,0.68650734,0.20375732,-0.02349359
0.680975,0.2222757,-0.012132835,0.680975,0.2222757,-0.012132835
0.737317,0.19115457,0.0070074634,0.737317,0.19115457,0.0070074634
0.7436767,0.19358295,0.0019984704,0.7436767,0.19358295,0.0019984704
0.74835104,0.19403331,0.007664202,0.74835104,0.19403331,0.007664202
0.74343324,0.192073,0.012480426,0.74343324,0.192073,0.012480426
0.77126837,0.20906186,-0.01091767,0.77126837,0.20906186,-0.01091767
0.7787089,0.21095224,-0.011247923,0.7787089,0.21095224,-0.011247923
0.77942175,0.21806778,-0.010665678,0.77942175,0.21806778,-0.010665678
0.7091005,0.19763811,-0.069370225,0.7091005,0.19763811,-0.069370225
0.71354234,0.19568585,-0.05893735,0.71354234,0.19568585,-0.05893735
0.7820147,0.20392972,-0.026780196,0.7820147,0.20392972,-0.026780196
0.8099174,0.2232457,-0.013727676,0.8099174,0.2232457,-0.013727676
0.79760873,0.22390448,-0.014116149,0.79760873,0.22390448,-0.014116149
0.79621094,0.21837787,-0.011527885,0.79621094,0.21837787,-0.011527885
0.8089689,0.21853448,-0.011117151,0.8089689,0.21853448,-0.011117151
0.79113686,0.20844375,-0.030282319,0.79113686,0.20844375,-0.030282319
0.799006,0.21065134,-0.028686695,0.799006,0.21065134,-0.028686695
0.79659903,0.20692639,-0.024372412,0.79659903,0.20692639,-0.024372412
0.78866917,0.2057849,-0.02510423,0.78866917,0.2057849,-0.02510423
0.7727207,0.20305601,-0.064476915,0.7727207,0.20305601,-0.064476915
0.7801377,0.20527288,-0.064730816,0.7801377,0.20527288,-0.064730816
0.77993524,0.22749457,-0.033354696,0.77993524,0.22749457,-0.033354696
0.7677904,0.23164494,-0.0220862,0.7677904,0.23164494,-0.0220862
0.77924675,0.2298581,-0.022670437,0.77924675,0.2298581,-0.022670437
0.75783116,0.20425197,-0.051849514,0.75783116,0.20425197,-0.051849514
0.76587844,0.20328824,-0.05785516,0.76587844,0.20328824,-0.05785516
0.7674106,0.20402645,-0.052351635,0.7674106,0.20402645,-0.052351635
0.7765876,0.20394403,-0.03348461,0.7765876,0.20394403,-0.03348461
0.7727491,0.20419261,-0.03842008,0.7727491,0.20419261,-0.03842008
0.7805213,0.205157,-0.03729014,0.7805213,0.205157,-0.03729014
0.78303427,0.20502657,-0.031504594,0.78303427,0.20502657,-0.031504594
0.7269825,0.20415668,-0.082256846,0.7269825,0.20415668,-0.082256846
0.7286024,0.21579154,-0.08094479,0.7286024,0.21579154,-0.08094479
0.81515044,0.21317858,-0.010849656,0.81515044,0.21317858,-0.010849656
0.82097536,0.21251704,-0.010919567,0.82097536,0.21251704,-0.010919567
0.6773602,0.21684952,-0.06724755,0.6773602,0.21684952,-0.06724755
0.6771517,0.20964797,-0.06372884,0.6771517,0.20964797,-0.06372884
0.7476124,0.20423637,-0.05125076,0.7476124,0.20423637,-0.05125076
0.7543714,0.23209353,-0.021294005,0.7543714,0.23209353,-0.021294005
0.73756266,0.20299998,-0.05061776,0.73756266,0.20299998,-0.05061776
0.77040595,0.21928225,-0.071508065,0.77040595,0.21928225,-0.071508065
0.7782945,0.21947604,-0.072328225,0.7782945,0.21947604,-0.072328225
0.77754015,0.21309666,-0.073837966,0.77754015,0.21309666,-0.073837966
0.76986253,0.21280375,-0.07513218,0.76986253,0.21280375,-0.07513218
0.810849,0.21264397,-0.027552549,0.810849,0.21264397,-0.027552549
0.8181691,0.21359205,-0.027004324,0.8181691,0.21359205,-0.027004324
0.81696725,0.20934774,-0.023510922,0.81696725,0.20934774,-0.023510922
0.8093031,0.20835964,-0.023609698,0.8093031,0.20835964,-0.023609698
0.7865135,0.20530266,-0.02006048,0.7865135,0.20530266,-0.02006048
0.79495305,0.20586346,-0.019284206,0.79495305,0.20586346,-0.019284206
0.7941679,0.20797165,-0.014421981,0.7941679,0.20797165,-0.014421981
0.7853343,0.20715447,-0.014846199,0.7853343,0.20715447,-0.014846199
0.78583103,0.2122262,-0.011890178,0.78583103,0.2122262,-0.011890178
0.7948913,0.21288034,-0.011838754,0.7948913,0.21288034,-0.011838754
0.8120933,0.21901353,-0.028444005,0.8120933,0.21901353,-0.028444005
0.8007882,0.21772479,-0.029448051,0.8007882,0.21772479,-0.029448051
0.799663,0.2245494,-0.026147792,0.799663,0.2245494,-0.026147792
0.8119084,0.22449762,-0.02460288,0.8119084,0.22449762,-0.02460288
0.7275588,0.23320743,-0.05729846,0.7275588,0.23320743,-0.05729846
0.736792,0.22740227,-0.06797627,0.736792,0.22740227,-0.06797627
0.7242344,0.23005031,-0.06536453,0.7242344,0.23005031,-0.06536453
0.7660553,0.2261333,-0.063599505,0.7660553,0.2261333,-0.063599505
0.76040363,0.22019333,-0.07233062,0.76040363,0.22019333,-0.07233062
0.74911445,0.2245892,-0.07039112,0.74911445,0.2245892,-0.07039112
0.73298,0.22340505,-0.074854404,0.73298,0.22340505,-0.074854404
0.78954846,0.21760526,-0.036033794,0.78954846,0.21760526,-0.036033794
0.7883559,0.22335266,-0.03758724,0.7883559,0.22335266,-0.03758724
0.7894869,0.22321893,-0.029399032,0.7894869,0.22321893,-0.029399032
0.73538494,0.20053865,-0.057116646,0.73538494,0.20053865,-0.057116646
0.807907,0.21323633,-0.011151769,0.807907,0.21323633,-0.011151769
0.7023166,0.23747045,-0.020038772,0.7023166,0.23747045,-0.020038772
0.7107564,0.23532848,-0.01957229,0.7107564,0.23532848,-0.01957229
0.71246433,0.24110703,-0.032627024,0.71246433,0.24110703,-0.032627024
0.70283693,0.24269101,-0.031273756,0.70283693,0.24269101,-0.031273756
0.80797243,0.20674303,-0.018391546,0.80797243,0.20674303,-0.018391546
0.8075561,0.20834908,-0.013521951,0.8075561,0.20834908,-0.013521951
0.7716979,0.20304072,-0.071147785,0.7716979,0.20304072,-0.071147785
0.7726392,0.20547949,-0.076276846,0.7726392,0.20547949,-0.076276846
0.77827686,0.20747735,-0.07431689,0.77827686,0.20747735,-0.07431689
0.7783421,0.20555303,-0.0701639,0.7783421,0.20555303,-0.0701639
0.72109365,0.22591573,-0.0721869,0.72109365,0.22591573,-0.0721869
0.7592275,0.21833211,-0.084885776,0.7592275,0.21833211,-0.084885776
0.7562141,0.21056515,-0.09020893,0.7562141,0.21056515,-0.09020893
0.71294665,0.23242193,-0.063602164,0.71294665,0.23242193,-0.063602164
0.70687646,0.23819521,-0.053699795,0.70687646,0.23819521,-0.053699795
0.7158375,0.23596884,-0.055304106,0.7158375,0.23596884,-0.055304106
0.7746658,0.22625998,-0.05312536,0.7746658,0.22625998,-0.05312536
0.73121727,0.23533937,-0.049762033,0.73121727,0.23533937,-0.049762033
0.7189094,0.23797135,-0.047737103,0.7189094,0.23797135,-0.047737103
0.70901215,0.24056719,-0.044688586,0.70901215,0.24056719,-0.044688586
0.70106757,0.24267478,-0.043181382,0.70106757,0.24267478,-0.043181382
0.6992643,0.2397828,-0.05304137,0.6992643,0.2397828,-0.05304137
0.81103754,0.2259478,-0.018665662,0.81103754,0.2259478,-0.018665662
0.81923836,0.22400835,-0.023706695,0.81923836,0.22400835,-0.023706695
0.68010527,0.24357559,-0.053973936,0.68010527,0.24357559,-0.053973936
0.69048125,0.24159397,-0.053056348,0.69048125,0.24159397,-0.053056348
0.6814927,0.24616872,-0.043321565,0.6814927,0.24616872,-0.043321565
0.69224995,0.24451952,-0.042801365,0.69224995,0.24451952,-0.042801365
0.72428226,0.23882528,-0.030562155,0.72428226,0.23882528,-0.030562155
0.72202384,0.23941447,-0.039419193,0.72202384,0.23941447,-0.039419193
0.7378337,0.23682807,-0.0321937,0.7378337,0.23682807,-0.0321937
0.73466676,0.2371222,-0.041818306,0.73466676,0.2371222,-0.041818306
0.77651155,0.23082419,-0.043846574,0.77651155,0.23082419,-0.043846574
0.833943,0.21863735,-0.024968145,0.833943,0.21863735,-0.024968145
0.8332297,0.21424353,-0.025979847,0.8332297,0.21424353,-0.025979847
0.82466084,0.21389547,-0.026684226,0.82466084,0.21389547,-0.026684226
0.82566094,0.21896276,-0.025948249,0.82566094,0.21896276,-0.025948249
0.819169,0.21918051,-0.02713715,0.819169,0.21918051,-0.02713715
0.8254792,0.22315915,-0.02276179,0.8254792,0.22315915,-0.02276179
0.7404423,0.23309314,-0.020473642,0.7404423,0.23309314,-0.020473642
0.788202,0.20783184,-0.03659709,0.788202,0.20783184,-0.03659709
0.72468424,0.23201756,-0.01688989,0.72468424,0.23201756,-0.01688989
0.73479164,0.22574945,-0.004746988,0.73479164,0.22574945,-0.004746988
0.74542814,0.22726299,-0.008278201,0.74542814,0.22726299,-0.008278201
0.71758336,0.22465861,-0.0048380196,0.71758336,0.22465861,-0.0048380196
0.7073512,0.22743799,-0.010068685,0.7073512,0.22743799,-0.010068685
0.6925363,0.23057128,-0.013262028,0.6925363,0.23057128,-0.013262028
0.6994007,0.2291534,-0.012661751,0.6994007,0.2291534,-0.012661751
0.6828162,0.23241682,-0.013348228,0.6828162,0.23241682,-0.013348228
0.7283623,0.2204986,0.0030209303,0.7283623,0.2204986,0.0030209303
0.82917756,0.20712611,-0.019335123,0.82917756,0.20712611,-0.019335123
0.82843673,0.20780666,-0.01408938,0.82843673,0.20780666,-0.01408938
0.6943959,0.23902112,-0.020060634,0.6943959,0.23902112,-0.020060634
0.6837978,0.24115612,-0.020451983,0.6837978,0.24115612,-0.020451983
0.73964995,0.19155814,-0.0050416994,0.73964995,0.19155814,-0.0050416994
0.72776914,0.20131454,-0.04950556,0.72776914,0.20131454,-0.04950556
0.72571003,0.19899099,-0.054315615,0.72571003,0.19899099,-0.054315615
0.72196037,0.1959809,-0.061717886,0.72196037,0.1959809,-0.061717886
0.71752524,0.19685495,-0.07202151,0.71752524,0.19685495,-0.07202151
0.683085,0.24644606,-0.031607587,0.683085,0.24644606,-0.031607587
0.6629186,0.20055662,-0.038970027,0.6629186,0.20055662,-0.038970027
0.66305447,0.20069772,-0.04835044,0.66305447,0.20069772,-0.04835044
0.66753966,0.24688952,-0.04493825,0.66753966,0.24688952,-0.04493825
0.82891977,0.21125196,-0.011121241,0.82891977,0.21125196,-0.011121241
0.787627,0.21373078,-0.057529304,0.787627,0.21373078,-0.057529304
0.78926337,0.21296106,-0.055411298,0.78926337,0.21296106,-0.055411298
0.73182946,0.1938252,0.012231976,0.73182946,0.1938252,0.012231976
0.73980665,0.19461125,0.01697413,0.73980665,0.19461125,0.01697413
0.7431045,0.20731848,0.019391809,0.7431045,0.20731848,0.019391809
0.7338907,0.20955245,0.014845469,0.7338907,0.20955245,0.014845469
0.73094344,0.20103818,0.015484488,0.73094344,0.20103818,0.015484488
0.74017864,0.20031455,0.019453876,0.74017864,0.20031455,0.019453876
0.7171125,0.19831042,-0.0479051,0.7171125,0.19831042,-0.0479051
0.7161619,0.19723743,-0.052532133,0.7161619,0.19723743,-0.052532133
0.7177331,0.21731597,-0.078245625,0.7177331,0.21731597,-0.078245625
0.71636313,0.20595112,-0.07952023,0.71636313,0.20595112,-0.07952023
0.7869161,0.21843244,-0.011560477,0.7869161,0.21843244,-0.011560477
0.7877892,0.22422387,-0.014875039,0.7877892,0.22422387,-0.014875039
0.77959824,0.22524327,-0.014396428,0.77959824,0.22524327,-0.014396428
0.7984124,0.22681913,-0.020020034,0.7984124,0.22681913,-0.020020034
0.79302955,0.21568352,-0.031268463,0.79302955,0.21568352,-0.031268463
0.7910684,0.21314435,-0.03520701,0.7910684,0.21314435,-0.03520701
0.7228281,0.19613132,-0.03380598,0.7228281,0.19613132,-0.03380598
0.7098359,0.19164175,-0.028349686,0.7098359,0.19164175,-0.028349686
0.7522139,0.20008665,0.004055917,0.7522139,0.20008665,0.004055917
0.7491838,0.19847848,-0.0012610445,0.7491838,0.19847848,-0.0012610445
0.7693278,0.20430052,-0.045455325,0.7693278,0.20430052,-0.045455325
0.78686136,0.2255076,-0.05088243,0.78686136,0.2255076,-0.05088243
0.7868955,0.22869904,-0.043814994,0.7868955,0.22869904,-0.043814994
0.77775955,0.20494646,-0.045123763,0.77775955,0.20494646,-0.045123763
0.8302602,0.21552165,-0.010452964,0.8302602,0.21552165,-0.010452964
0.8315466,0.21995495,-0.012357718,0.8315466,0.21995495,-0.012357718
0.7883387,0.22773121,-0.021645892,0.7883387,0.22773121,-0.021645892
0.76373357,0.20168906,-0.06453054,0.76373357,0.20168906,-0.06453054
0.78863806,0.21965705,-0.054133106,0.78863806,0.21965705,-0.054133106
0.78176045,0.22208486,-0.057407107,0.78176045,0.22208486,-0.057407107
0.7542053,0.20385076,-0.08859235,0.7542053,0.20385076,-0.08859235
0.6942305,0.24450453,-0.030937446,0.6942305,0.24450453,-0.030937446
0.822889,0.20926228,-0.023806302,0.822889,0.20926228,-0.023806302
0.8308407,0.2092951,-0.024188772,0.8308407,0.2092951,-0.024188772
0.83340824,0.22170587,-0.022061411,0.83340824,0.22170587,-0.022061411
0.83234066,0.22244732,-0.017163645,0.83234066,0.22244732,-0.017163645
0.7071378,0.20673363,-0.07583559,0.7071378,0.20673363,-0.07583559
0.7294302,0.20233323,-0.04593249,0.7294302,0.20233323,-0.04593249
0.6631316,0.20310554,-0.056893308,0.6631316,0.20310554,-0.056893308
0.7375581,0.21660708,0.010112657,0.7375581,0.21660708,0.010112657
0.7468053,0.21284793,0.01588595,0.7468053,0.21284793,0.01588595
0.78554773,0.20639546,-0.04514671,0.78554773,0.20639546,-0.04514671
0.76432794,0.2170046,-0.0783828,0.76432794,0.2170046,-0.0783828
0.7856051,0.22315091,-0.06036203,0.7856051,0.22315091,-0.06036203
0.78129375,0.22479199,-0.066707976,0.78129375,0.22479199,-0.066707976
0.77455324,0.22509593,-0.06533332,0.77455324,0.22509593,-0.06533332
0.7887014,0.21835536,-0.058790185,0.7887014,0.21835536,-0.058790185
0.83934224,0.22171977,-0.016946722,0.83934224,0.22171977,-0.016946722
0.84016126,0.22103444,-0.021747576,0.84016126,0.22103444,-0.021747576
0.838829,0.2192574,-0.012091924,0.838829,0.2192574,-0.012091924
0.8368985,0.2147984,-0.010658953,0.8368985,0.2147984,-0.010658953
0.8349791,0.21083558,-0.011448331,0.8349791,0.21083558,-0.011448331
0.84044045,0.21814214,-0.024566565,0.84044045,0.21814214,-0.024566565
0.83939946,0.21410216,-0.025484936,0.83939946,0.21410216,-0.025484936
0.8366017,0.209455,-0.023818063,0.8366017,0.209455,-0.023818063
0.8460508,0.21741302,-0.024559468,0.8460508,0.21741302,-0.024559468
0.8469988,0.22012192,-0.021589085,0.8469988,0.22012192,-0.021589085
0.85185033,0.21643539,-0.011455496,0.85185033,0.21643539,-0.011455496
0.8534832,0.21849518,-0.013444882,0.8534832,0.21849518,-0.013444882
0.84982497,0.2192354,-0.013807117,0.84982497,0.2192354,-0.013807117
0.8463925,0.21863389,-0.0120958965,0.8463925,0.21863389,-0.0120958965
0.856771,0.21525215,-0.012148856,0.856771,0.21525215,-0.012148856
0.8580969,0.21784323,-0.01382824,0.8580969,0.21784323,-0.01382824
0.8538047,0.22010963,-0.016994003,0.8538047,0.22010963,-0.016994003
0.849254,0.22042704,-0.0166781,0.849254,0.22042704,-0.0166781
0.8588023,0.21966709,-0.017471757,0.8588023,0.21966709,-0.017471757
0.8583756,0.21893646,-0.02122723,0.8583756,0.21893646,-0.02122723
0.8535629,0.21923111,-0.020642234,0.8535629,0.21923111,-0.020642234
0.84981215,0.21991454,-0.019693688,0.84981215,0.21991454,-0.019693688
0.8454711,0.22105417,-0.016724901,0.8454711,0.22105417,-0.016724901
0.86105055,0.21489224,-0.014114527,0.86105055,0.21489224,-0.014114527
0.8634867,0.21560282,-0.018324291,0.8634867,0.21560282,-0.018324291
0.86284924,0.21863468,-0.01786677,0.86284924,0.21863468,-0.01786677
0.86130196,0.21739937,-0.014596241,0.86130196,0.21739937,-0.014596241
0.8431874,0.21427724,-0.010860686,0.8431874,0.21427724,-0.010860686
0.8498669,0.213122,-0.0114471875,0.8498669,0.213122,-0.0114471875
0.8554509,0.21205832,-0.012573196,0.8554509,0.21205832,-0.012573196
0.85985297,0.21187489,-0.014902506,0.85985297,0.21187489,-0.014902506
0.84890395,0.20968229,-0.01269611,0.84890395,0.20968229,-0.01269611
0.8547175,0.20952423,-0.014257078,0.8547175,0.20952423,-0.014257078
0.8583257,0.20973895,-0.016406354,0.8583257,0.20973895,-0.016406354
0.84871024,0.20741098,-0.015597713,0.84871024,0.20741098,-0.015597713
0.85455024,0.20816974,-0.016817052,0.85455024,0.20816974,-0.016817052
0.84096056,0.21042523,-0.011812937,0.84096056,0.21042523,-0.011812937
0.83996636,0.20762375,-0.014696094,0.83996636,0.20762375,-0.014696094
0.85719806,0.20891997,-0.017755916,0.85719806,0.20891997,-0.017755916
0.86214024,0.21282065,-0.019117111,0.86214024,0.21282065,-0.019117111
0.8526072,0.21824993,-0.023282472,0.8526072,0.21824993,-0.023282472
0.8577388,0.21721825,-0.023608085,0.8577388,0.21721825,-0.023608085
0.8518662,0.21611571,-0.024902431,0.8518662,0.21611571,-0.024902431
0.8570867,0.21507221,-0.024787627,0.8570867,0.21507221,-0.024787627
0.86185765,0.21863575,-0.021283232,0.86185765,0.21863575,-0.021283232
0.86195195,0.21650739,-0.02259847,0.86195195,0.21650739,-0.02259847
0.834076,0.2077205,-0.014410266,0.834076,0.2077205,-0.014410266
0.8347746,0.20740879,-0.019648688,0.8347746,0.20740879,-0.019648688
0.8405244,0.20724647,-0.01958369,0.8405244,0.20724647,-0.01958369
0.84898907,0.20702235,-0.020293945,0.84898907,0.20702235,-0.020293945
0.84223354,0.20955767,-0.023640865,0.84223354,0.20955767,-0.023640865
0.8449978,0.21367647,-0.025335845,0.8449978,0.21367647,-0.025335845
0.8511304,0.21319652,-0.025254048,0.8511304,0.21319652,-0.025254048
0.84977376,0.20958222,-0.024067523,0.84977376,0.20958222,-0.024067523
0.8561035,0.21241878,-0.02469825,0.8561035,0.21241878,-0.02469825
0.85523444,0.20985185,-0.023470448,0.85523444,0.20985185,-0.023470448
0.85483485,0.2082029,-0.020431586,0.85483485,0.2082029,-0.020431586
0.8592612,0.21163918,-0.02310988,0.8592612,0.21163918,-0.02310988
0.86083114,0.21397933,-0.023236437,0.86083114,0.21397933,-0.023236437
0.85995334,0.21071914,-0.01980141,0.85995334,0.21071914,-0.01980141
0.85778826,0.20933497,-0.020233855,0.85778826,0.20933497,-0.020233855
0.8577927,0.21014903,-0.022477582,0.8577927,0.21014903,-0.022477582
0.8275616,0.21040261,-0.046088018,0.8275616,0.21040261,-0.046088018
0.8200525,0.21088216,-0.04470589,0.8200525,0.21088216,-0.04470589
0.8196482,0.20994595,-0.04943272,0.8196482,0.20994595,-0.04943272
0.827353,0.20968787,-0.0509772,0.827353,0.20968787,-0.0509772
0.8281147,0.22304966,-0.042758718,0.8281147,0.22304966,-0.042758718
0.82114553,0.22406991,-0.042121496,0.82114553,0.22406991,-0.042121496
0.8209746,0.21867958,-0.040606212,0.8209746,0.21867958,-0.040606212
0.82800394,0.21745823,-0.04163155,0.82800394,0.21745823,-0.04163155
0.8276074,0.225744,-0.048376705,0.8276074,0.225744,-0.048376705
0.820704,0.22701864,-0.047791004,0.820704,0.22701864,-0.047791004
0.8129012,0.22472544,-0.040964354,0.8129012,0.22472544,-0.040964354
0.79882103,0.22389129,-0.039431334,0.79882103,0.22389129,-0.039431334
0.7988089,0.2178783,-0.038415544,0.7988089,0.2178783,-0.038415544
0.8127854,0.21902221,-0.039686594,0.8127854,0.21902221,-0.039686594
0.797524,0.21335956,-0.05525651,0.797524,0.21335956,-0.05525651
0.79592204,0.20960432,-0.051817633,0.79592204,0.20960432,-0.051817633
0.8205509,0.21406598,-0.042042065,0.8205509,0.21406598,-0.042042065
0.8278757,0.21307959,-0.043031212,0.8278757,0.21307959,-0.043031212
0.8116115,0.2143578,-0.056478407,0.8116115,0.2143578,-0.056478407
0.8204757,0.21484639,-0.057590008,0.8204757,0.21484639,-0.057590008
0.81992567,0.21132597,-0.054220136,0.81992567,0.21132597,-0.054220136
0.8109592,0.2106767,-0.05300653,0.8109592,0.2106767,-0.05300653
0.7956903,0.20827234,-0.045850195,0.7956903,0.20827234,-0.045850195
0.7967692,0.20920035,-0.040116798,0.7967692,0.20920035,-0.040116798
0.7981707,0.21303968,-0.038283486,0.7981707,0.21303968,-0.038283486
0.8122961,0.21996595,-0.05695784,0.8122961,0.21996595,-0.05695784
0.79868835,0.21978955,-0.055331927,0.79868835,0.21978955,-0.055331927
0.7984526,0.22573881,-0.05171018,0.7984526,0.22573881,-0.05171018
0.81260896,0.22529243,-0.053495694,0.81260896,0.22529243,-0.053495694
0.8121509,0.21405657,-0.04053276,0.8121509,0.21405657,-0.04053276
0.8106198,0.2094678,-0.047705606,0.8106198,0.2094678,-0.047705606
0.81133944,0.21041378,-0.04290587,0.81133944,0.21041378,-0.04290587
0.81245005,0.22762415,-0.046892267,0.81245005,0.22762415,-0.046892267
0.8208141,0.2245734,-0.054356683,0.8208141,0.2245734,-0.054356683
0.8378727,0.21925457,-0.058460604,0.8378727,0.21925457,-0.058460604
0.8380165,0.21496457,-0.059518132,0.8380165,0.21496457,-0.059518132
0.8280505,0.21478674,-0.05870588,0.8280505,0.21478674,-0.05870588
0.8283049,0.21950543,-0.058164056,0.8283049,0.21950543,-0.058164056
0.82094544,0.21969262,-0.057602275,0.82094544,0.21969262,-0.057602275
0.82785535,0.22385462,-0.054588076,0.82785535,0.22385462,-0.054588076
0.8381692,0.20934482,-0.053089086,0.8381692,0.20934482,-0.053089086
0.838093,0.20968042,-0.047950584,0.838093,0.20968042,-0.047950584
0.83827883,0.21204358,-0.04472423,0.83827883,0.21204358,-0.04472423
0.79843986,0.22848672,-0.045030765,0.79843986,0.22848672,-0.045030765
0.83810997,0.21606718,-0.04346138,0.83810997,0.21606718,-0.04346138
0.8378598,0.22153664,-0.04417719,0.8378598,0.22153664,-0.04417719
0.82762593,0.21111213,-0.05572956,0.82762593,0.21111213,-0.05572956
0.8378696,0.21098614,-0.057424624,0.8378696,0.21098614,-0.057424624
0.83732224,0.22288668,-0.055132877,0.83732224,0.22288668,-0.055132877
0.83696955,0.2245188,-0.04938302,0.83696955,0.2245188,-0.04938302
0.845202,0.223273,-0.050659355,0.845202,0.223273,-0.050659355
0.8451834,0.22187385,-0.05590251,0.8451834,0.22187385,-0.05590251
0.8461035,0.22073595,-0.04559562,0.8461035,0.22073595,-0.04559562
0.8455422,0.215651,-0.04470984,0.8455422,0.215651,-0.04470984
0.84491915,0.21196897,-0.045951724,0.84491915,0.21196897,-0.045951724
0.84542227,0.21898179,-0.058758866,0.84542227,0.21898179,-0.058758866
0.845061,0.21529964,-0.05978767,0.845061,0.21529964,-0.05978767
0.844238,0.21134584,-0.058058623,0.844238,0.21134584,-0.058058623
0.852552,0.2185727,-0.059635464,0.852552,0.2185727,-0.059635464
0.85356236,0.22127396,-0.057159007,0.85356236,0.22127396,-0.057159007
0.866103,0.21761583,-0.049496107,0.866103,0.21761583,-0.049496107
0.86674935,0.22047618,-0.050961617,0.86674935,0.22047618,-0.050961617
0.8615168,0.22063746,-0.050082177,0.8615168,0.22063746,-0.050082177
0.8604642,0.2186103,-0.047879282,0.8604642,0.2186103,-0.047879282
0.8577384,0.22133006,-0.049921352,0.8577384,0.22133006,-0.049921352
0.8545023,0.2204629,-0.04741444,0.8545023,0.2204629,-0.04741444
0.86144716,0.22209518,-0.053721197,0.86144716,0.22209518,-0.053721197
0.8569752,0.22208656,-0.052890237,0.8569752,0.22208656,-0.052890237
0.8671523,0.2227011,-0.054826383,0.8671523,0.2227011,-0.054826383
0.8661706,0.2216685,-0.05843295,0.8661706,0.2216685,-0.05843295
0.86054426,0.2212012,-0.056930378,0.86054426,0.2212012,-0.056930378
0.85682905,0.22136962,-0.055829488,0.85682905,0.22136962,-0.055829488
0.87095124,0.21787979,-0.05204534,0.87095124,0.21787979,-0.05204534
0.870656,0.2204937,-0.052117713,0.870656,0.2204937,-0.052117713
0.8525923,0.2226662,-0.05209074,0.8525923,0.2226662,-0.05209074
0.8519798,0.21574369,-0.04616018,0.8519798,0.21574369,-0.04616018
0.85915554,0.21503894,-0.04754011,0.85915554,0.21503894,-0.04754011
0.8656212,0.21456249,-0.04969236,0.8656212,0.21456249,-0.04969236
0.8702313,0.21486644,-0.052704886,0.8702313,0.21486644,-0.052704886
0.8582813,0.21144544,-0.04874331,0.8582813,0.21144544,-0.04874331
0.8648393,0.21179989,-0.050979514,0.8648393,0.21179989,-0.050979514
0.8685568,0.21267952,-0.053874347,0.8685568,0.21267952,-0.053874347
0.8576806,0.20909202,-0.05194051,0.8576806,0.20909202,-0.05194051
0.864134,0.21021412,-0.053773243,0.864134,0.21021412,-0.053773243
0.85042804,0.21183881,-0.047163438,0.85042804,0.21183881,-0.047163438
0.8495209,0.20953453,-0.05019013,0.8495209,0.20953453,-0.05019013
0.8670788,0.2115887,-0.055079978,0.8670788,0.2115887,-0.055079978
0.8718756,0.21631047,-0.056770466,0.8718756,0.21631047,-0.056770466
0.87311745,0.2194064,-0.05627289,0.87311745,0.2194064,-0.05627289
0.8723686,0.2226887,-0.055597976,0.8723686,0.2226887,-0.055597976
0.85979384,0.21977141,-0.058819547,0.85979384,0.21977141,-0.058819547
0.86575955,0.21955585,-0.05983584,0.86575955,0.21955585,-0.05983584
0.85938466,0.2181562,-0.06072812,0.85938466,0.2181562,-0.06072812
0.8654663,0.21784437,-0.061226726,0.8654663,0.21784437,-0.061226726
0.8705251,0.22197868,-0.059063867,0.8705251,0.22197868,-0.059063867
0.87072486,0.21988659,-0.059790157,0.87072486,0.21988659,-0.059790157
0.8443796,0.20978348,-0.04916381,0.8443796,0.20978348,-0.04916381
0.844102,0.2095179,-0.05383175,0.844102,0.2095179,-0.05383175
0.84922457,0.20919752,-0.05477212,0.84922457,0.20919752,-0.05477212
0.8573358,0.20910643,-0.056613013,0.8573358,0.20910643,-0.056613013
0.84952354,0.21135347,-0.05886122,0.84952354,0.21135347,-0.05886122
0.85134447,0.2153349,-0.060553893,0.85134447,0.2153349,-0.060553893
0.85839516,0.21537338,-0.061343204,0.85839516,0.21537338,-0.061343204
0.8574116,0.21177053,-0.06021155,0.8574116,0.21177053,-0.06021155
0.8644102,0.21543092,-0.061348002,0.8644102,0.21543092,-0.061348002
0.8635671,0.2125855,-0.060424417,0.8635671,0.2125855,-0.060424417
0.86363775,0.21033512,-0.05761389,0.86363775,0.21033512,-0.05761389
0.8683786,0.21500684,-0.0602754,0.8683786,0.21500684,-0.0602754
0.87002176,0.2173578,-0.060356,0.87002176,0.2173578,-0.060356
0.869708,0.21385226,-0.057283774,0.869708,0.21385226,-0.057283774
0.8672652,0.21202889,-0.057630252,0.8672652,0.21202889,-0.057630252
0.8666987,0.21314466,-0.059791174,0.8666987,0.21314466,-0.059791174
0.81513536,0.21001218,-0.06952854,0.81513536,0.21001218,-0.06952854
0.8093231,0.21056737,-0.06786683,0.8093231,0.21056737,-0.06786683
0.80757725,0.20817922,-0.071993835,0.80757725,0.20817922,-0.071993835
0.81359875,0.20752779,-0.07379896,0.81359875,0.20752779,-0.07379896
0.8158372,0.22142641,-0.0700449,0.8158372,0.22142641,-0.0700449
0.80916417,0.22268806,-0.06768356,0.80916417,0.22268806,-0.06768356
0.81039953,0.21884395,-0.06579141,0.81039953,0.21884395,-0.06579141
0.8164858,0.21820784,-0.06807868,0.8164858,0.21820784,-0.06807868
0.81458443,0.22260772,-0.074703805,0.81458443,0.22260772,-0.074703805
0.80732536,0.22388428,-0.07299116,0.80732536,0.22388428,-0.07299116
0.802406,0.22313145,-0.065514065,0.802406,0.22313145,-0.065514065
0.7926093,0.22315925,-0.06280957,0.7926093,0.22315925,-0.06280957
0.7942924,0.21801558,-0.061019376,0.7942924,0.21801558,-0.061019376
0.8040997,0.21870531,-0.06349665,0.8040997,0.21870531,-0.06349665
0.81040466,0.21455131,-0.065971784,0.81040466,0.21455131,-0.065971784
0.81633925,0.21415499,-0.06794094,0.81633925,0.21415499,-0.06794094
0.7983387,0.20983246,-0.07781831,0.7983387,0.20983246,-0.07781831
0.8057273,0.21050586,-0.079709604,0.8057273,0.21050586,-0.079709604
0.80629444,0.20829377,-0.07649591,0.80629444,0.20829377,-0.07649591
0.7989402,0.20782152,-0.0743828,0.7989402,0.20782152,-0.0743828
0.78834224,0.20697373,-0.06667266,0.78834224,0.20697373,-0.06667266
0.7910853,0.2090405,-0.062511906,0.7910853,0.2090405,-0.062511906
0.79340965,0.21296968,-0.06108328,0.79340965,0.21296968,-0.06108328
0.79834217,0.21481012,-0.07947386,0.79834217,0.21481012,-0.07947386
0.7867595,0.2139676,-0.07604175,0.7867595,0.2139676,-0.07604175
0.78758454,0.220431,-0.0745006,0.78758454,0.220431,-0.0745006
0.79862994,0.22094321,-0.07708283,0.79862994,0.22094321,-0.07708283
0.8041869,0.2140114,-0.0638667,0.8041869,0.2140114,-0.0638667
0.80056375,0.20745355,-0.06988738,0.80056375,0.20745355,-0.06988738
0.8027449,0.20990328,-0.06573893,0.8027449,0.20990328,-0.06573893
0.7999742,0.22426754,-0.07110956,0.7999742,0.22426754,-0.07110956
0.80592954,0.22065306,-0.07849379,0.80592954,0.22065306,-0.07849379
0.82285696,0.2154444,-0.08434424,0.82285696,0.2154444,-0.08434424
0.82257354,0.21118128,-0.08439728,0.82257354,0.21118128,-0.08439728
0.8122304,0.21048687,-0.08182212,0.8122304,0.21048687,-0.08182212
0.8124618,0.21517697,-0.08243357,0.8124618,0.21517697,-0.08243357
0.8055553,0.21501867,-0.08107466,0.8055553,0.21501867,-0.08107466
0.81332815,0.2200997,-0.079798795,0.81332815,0.2200997,-0.079798795
0.82297736,0.20720778,-0.07669725,0.82297736,0.20720778,-0.07669725
0.8241869,0.20901577,-0.07234976,0.8241869,0.20901577,-0.07234976
0.8251787,0.21298909,-0.070722595,0.8251787,0.21298909,-0.070722595
0.78982645,0.22466566,-0.06860693,0.78982645,0.22466566,-0.06860693
0.7863452,0.20872399,-0.07466872,0.7863452,0.20872399,-0.07466872
0.8256289,0.21659862,-0.0708613,0.8256289,0.21659862,-0.0708613
0.82544774,0.2197275,-0.07260415,0.82544774,0.2197275,-0.07260415
0.8124574,0.20789298,-0.078526504,0.8124574,0.20789298,-0.078526504
0.8221749,0.20801757,-0.081442095,0.8221749,0.20801757,-0.081442095
0.8234063,0.21946031,-0.08165879,0.8234063,0.21946031,-0.08165879
0.824214,0.22150157,-0.07693422,0.824214,0.22150157,-0.07693422
0.831206,0.22073625,-0.07855027,0.831206,0.22073625,-0.07855027
0.83026713,0.21920213,-0.08333859,0.83026713,0.21920213,-0.08333859
0.8326337,0.21914446,-0.07420522,0.8326337,0.21914446,-0.07420522
0.8323178,0.21571772,-0.07274876,0.8323178,0.21571772,-0.07274876
0.83128315,0.21229655,-0.07267576,0.83128315,0.21229655,-0.07267576
0.82975477,0.21533586,-0.08575703,0.82975477,0.21533586,-0.08575703
0.8293539,0.21164797,-0.08564725,0.8293539,0.21164797,-0.08564725
0.82812524,0.20839469,-0.08282732,0.82812524,0.20839469,-0.08282732
0.8348391,0.2150168,-0.08720451,0.8348391,0.2150168,-0.08720451
0.8365316,0.21842353,-0.08472256,0.8365316,0.21842353,-0.08472256
0.84993243,0.21622239,-0.07820829,0.84993243,0.21622239,-0.07820829
0.84996885,0.21786028,-0.07988994,0.84996885,0.21786028,-0.07988994
0.8452497,0.21773499,-0.07871426,0.8452497,0.21773499,-0.07871426
0.8451114,0.2167446,-0.07664821,0.8451114,0.2167446,-0.07664821
0.84172934,0.21860902,-0.078138486,0.84172934,0.21860902,-0.078138486
0.83917755,0.21850295,-0.07598275,0.83917755,0.21850295,-0.07598275
0.8446179,0.21948192,-0.082051545,0.8446179,0.21948192,-0.082051545
0.8403991,0.21956636,-0.08083555,0.8403991,0.21956636,-0.08083555
0.84934276,0.21940106,-0.08350863,0.84934276,0.21940106,-0.08350863
0.8475133,0.21788624,-0.08695606,0.8475133,0.21788624,-0.08695606
0.8428758,0.21786018,-0.08530995,0.8428758,0.21786018,-0.08530995
0.8396853,0.21878085,-0.08380513,0.8396853,0.21878085,-0.08380513
0.85365987,0.21628095,-0.08074282,0.85365987,0.21628095,-0.08074282
0.8530546,0.21803443,-0.08134065,0.8530546,0.21803443,-0.08134065
0.8367218,0.21992274,-0.079890765,0.8367218,0.21992274,-0.079890765
0.837713,0.21514411,-0.07415033,0.837713,0.21514411,-0.07415033
0.8440186,0.21408355,-0.07560697,0.8440186,0.21408355,-0.07560697
0.84932697,0.21352533,-0.077589415,0.84932697,0.21352533,-0.077589415
0.85271794,0.21329395,-0.08053129,0.85271794,0.21329395,-0.08053129
0.84264773,0.21093549,-0.07606484,0.84264773,0.21093549,-0.07606484
0.84801185,0.21075797,-0.078230925,0.84801185,0.21075797,-0.078230925
0.8508798,0.2107779,-0.08085121,0.8508798,0.2107779,-0.08085121
0.8411984,0.20825131,-0.07771854,0.8411984,0.20825131,-0.07771854
0.8467578,0.20868187,-0.079849675,0.8467578,0.20868187,-0.079849675
0.83624053,0.21168397,-0.074322134,0.83624053,0.21168397,-0.074322134
0.83444524,0.20883551,-0.07594029,0.83444524,0.20883551,-0.07594029
0.8492458,0.2094994,-0.08147595,0.8492458,0.2094994,-0.08147595
0.85320586,0.21343558,-0.08516752,0.85320586,0.21343558,-0.08516752
0.85428333,0.21671848,-0.085163064,0.85428333,0.21671848,-0.085163064
0.8533882,0.21931005,-0.08478739,0.8533882,0.21931005,-0.08478739
0.8414557,0.21660013,-0.08737336,0.8414557,0.21660013,-0.08737336
0.84649575,0.2160515,-0.08855792,0.84649575,0.2160515,-0.08855792
0.8403594,0.21413857,-0.08829997,0.8403594,0.21413857,-0.08829997
0.84583056,0.21381532,-0.08910006,0.84583056,0.21381532,-0.08910006
0.85104114,0.21818703,-0.0874623,0.85104114,0.21818703,-0.0874623
0.85097873,0.21642502,-0.08831173,0.85097873,0.21642502,-0.08831173
0.82979864,0.20916925,-0.07427848,0.82979864,0.20916925,-0.07427848
0.8284029,0.20761628,-0.07817343,0.8284029,0.20761628,-0.07817343
0.8331203,0.20755284,-0.079396926,0.8331203,0.20755284,-0.079396926
0.8401508,0.2072414,-0.081463575,0.8401508,0.2072414,-0.081463575
0.8326788,0.20850366,-0.083822265,0.8326788,0.20850366,-0.083822265
0.8338682,0.2115439,-0.08651494,0.8338682,0.2115439,-0.08651494
0.83966345,0.21122266,-0.08772237,0.83966345,0.21122266,-0.08772237
0.8392182,0.2085281,-0.08538534,0.8392182,0.2085281,-0.08538534
0.8451756,0.21125658,-0.0883942,0.8451756,0.21125658,-0.0883942
0.84493035,0.20899937,-0.08646331,0.84493035,0.20899937,-0.08646331
0.8456933,0.20795996,-0.08311678,0.8456933,0.20795996,-0.08311678
0.84896183,0.2113378,-0.087641194,0.84896183,0.2113378,-0.087641194
0.8500913,0.21386205,-0.08842905,0.8500913,0.21386205,-0.08842905
0.85115254,0.21096696,-0.084563665,0.85115254,0.21096696,-0.084563665
0.8489744,0.20931745,-0.08398214,0.8489744,0.20931745,-0.08398214
0.84787786,0.20968133,-0.08641689,0.84787786,0.20968133,-0.08641689
0.78661096,0.20716003,-0.07102812,0.78661096,0.20716003,-0.07102812
0.7893733,0.20481895,-0.09401858,0.7893733,0.20481895,-0.09401858
0.7851825,0.20536534,-0.09116889,0.7851825,0.20536534,-0.09116889
0.7831674,0.20345373,-0.09392833,0.7831674,0.20345373,-0.09392833
0.7872585,0.2028258,-0.09675668,0.7872585,0.2028258,-0.09675668
0.78988105,0.21497469,-0.09664959,0.78988105,0.21497469,-0.09664959
0.7851348,0.21606119,-0.09348493,0.7851348,0.21606119,-0.09348493
0.78666747,0.21290569,-0.09051161,0.78666747,0.21290569,-0.09051161
0.7913047,0.2121546,-0.09373055,0.7913047,0.2121546,-0.09373055
0.7871686,0.21503666,-0.101227604,0.7871686,0.21503666,-0.101227604
0.7821655,0.21611552,-0.0983576,0.7821655,0.21611552,-0.0983576
0.77948546,0.21626835,-0.08969935,0.77948546,0.21626835,-0.08969935
0.7705397,0.21670313,-0.08338507,0.7705397,0.21670313,-0.08338507
0.7733455,0.21242192,-0.08127903,0.7733455,0.21242192,-0.08127903
0.7812694,0.21283118,-0.086813435,0.7812694,0.21283118,-0.086813435
0.75950825,0.20383719,-0.08969597,0.75950825,0.20383719,-0.08969597
0.76574475,0.20378283,-0.092569545,0.76574475,0.20378283,-0.092569545
0.7679246,0.20215127,-0.08929592,0.7679246,0.20215127,-0.08929592
0.76097375,0.20134191,-0.08593007,0.76097375,0.20134191,-0.08593007
0.78659743,0.20883854,-0.08982154,0.78659743,0.20883854,-0.08982154
0.79092515,0.20830363,-0.09306557,0.79092515,0.20830363,-0.09306557
0.7743715,0.20420986,-0.09745821,0.7743715,0.20420986,-0.09745821
0.779417,0.20441455,-0.10071431,0.779417,0.20441455,-0.10071431
0.7812101,0.20309429,-0.09736008,0.7812101,0.20309429,-0.09736008
0.7764773,0.20265241,-0.09422393,0.7764773,0.20265241,-0.09422393
0.76417637,0.20085332,-0.08195801,0.76417637,0.20085332,-0.08195801
0.7703876,0.20231965,-0.08591884,0.7703876,0.20231965,-0.08591884
0.7724124,0.20430414,-0.08277621,0.7724124,0.20430414,-0.08277621
0.7679174,0.20206068,-0.07827115,0.7679174,0.20206068,-0.07827115
0.77378035,0.20743528,-0.08147567,0.77378035,0.20743528,-0.08147567
0.773213,0.20784271,-0.09935118,0.773213,0.20784271,-0.09935118
0.76436883,0.20734462,-0.09426481,0.76436883,0.20734462,-0.09426481
0.763802,0.21260245,-0.093835056,0.763802,0.21260245,-0.093835056
0.773787,0.21275759,-0.098780274,0.773787,0.21275759,-0.098780274
0.7815444,0.2086533,-0.08651618,0.7815444,0.2086533,-0.08651618
0.77853864,0.20306699,-0.09090036,0.77853864,0.20306699,-0.09090036
0.78038335,0.20524132,-0.08792017,0.78038335,0.20524132,-0.08792017
0.7762625,0.21663302,-0.09444213,0.7762625,0.21663302,-0.09444213
0.77965766,0.21249913,-0.10204697,0.77965766,0.21249913,-0.10204697
0.78928703,0.20654562,-0.10940938,0.78928703,0.20654562,-0.10940938
0.78945106,0.203482,-0.107756965,0.78945106,0.203482,-0.107756965
0.78365797,0.20392215,-0.103850365,0.78365797,0.20392215,-0.103850365
0.7831301,0.20740049,-0.10585151,0.7831301,0.20740049,-0.10585151
0.77859724,0.20793407,-0.10280049,0.77859724,0.20793407,-0.10280049
0.7844652,0.21177566,-0.104996234,0.7844652,0.21177566,-0.104996234
0.79270494,0.20209034,-0.100519046,0.79270494,0.20209034,-0.100519046
0.79515976,0.20405266,-0.09785648,0.79515976,0.20405266,-0.09785648
0.7965781,0.20734665,-0.09689961,0.7965781,0.20734665,-0.09689961
0.7664966,0.21787116,-0.08865871,0.7664966,0.21787116,-0.08865871
0.7972118,0.21075258,-0.09765515,0.7972118,0.21075258,-0.09765515
0.79612786,0.21344914,-0.10028132,0.79612786,0.21344914,-0.10028132
0.785281,0.20251441,-0.10032407,0.785281,0.20251441,-0.10032407
0.79079235,0.20195094,-0.1042655,0.79079235,0.20195094,-0.1042655
0.7906903,0.21053743,-0.10847303,0.7906903,0.21053743,-0.10847303
0.79330915,0.21356425,-0.10458844,0.79330915,0.21356425,-0.10458844
0.7983648,0.21294555,-0.10746372,0.7983648,0.21294555,-0.10746372
0.7958471,0.20997413,-0.11134252,0.7958471,0.20997413,-0.11134252
0.80091983,0.21252234,-0.1030569,0.80091983,0.21252234,-0.1030569
0.8014648,0.20996532,-0.1003737,0.8014648,0.20996532,-0.1003737
0.80043566,0.20670708,-0.09970027,0.80043566,0.20670708,-0.09970027
0.7941685,0.20587218,-0.11197708,0.7941685,0.20587218,-0.11197708
0.7940935,0.2033741,-0.110072464,0.7940935,0.2033741,-0.110072464
0.79485345,0.2021843,-0.10666497,0.79485345,0.2021843,-0.10666497
0.79883146,0.20560601,-0.11421766,0.79883146,0.20560601,-0.11421766
0.8011348,0.20943063,-0.11376065,0.8011348,0.20943063,-0.11376065
0.8138941,0.20881915,-0.10854779,0.8138941,0.20881915,-0.10854779
0.8131739,0.21016322,-0.110128544,0.8131739,0.21016322,-0.110128544
0.8100186,0.21044986,-0.10876177,0.8100186,0.21044986,-0.10876177
0.8102598,0.20970337,-0.10654232,0.8102598,0.20970337,-0.10654232
0.80692554,0.21133637,-0.10801601,0.80692554,0.21133637,-0.10801601
0.80548346,0.21140078,-0.10555932,0.80548346,0.21140078,-0.10555932
0.8083467,0.21127348,-0.11193032,0.8083467,0.21127348,-0.11193032
0.8050751,0.21152939,-0.110525265,0.8050751,0.21152939,-0.110525265
0.8119484,0.21107411,-0.11379839,0.8119484,0.21107411,-0.11379839
0.8100896,0.20863827,-0.11691481,0.8100896,0.20863827,-0.11691481
0.8065443,0.20931005,-0.11535268,0.8065443,0.20931005,-0.11535268
0.80408955,0.21029186,-0.11351004,0.80408955,0.21029186,-0.11351004
0.8165022,0.2084101,-0.11136256,0.8165022,0.2084101,-0.11136256
0.8155714,0.21003087,-0.111864895,0.8155714,0.21003087,-0.111864895
0.8023582,0.21208824,-0.10933386,0.8023582,0.21208824,-0.10933386
0.8053772,0.20923299,-0.102782965,0.8053772,0.20923299,-0.102782965
0.8100742,0.20802486,-0.10495586,0.8100742,0.20802486,-0.10495586
0.81449234,0.2068364,-0.10773206,0.81449234,0.2068364,-0.10773206
0.8165085,0.20594013,-0.11122636,0.8165085,0.20594013,-0.11122636
0.8088318,0.20562726,-0.104574114,0.8088318,0.20562726,-0.104574114
0.8131036,0.20462318,-0.107614376,0.8131036,0.20462318,-0.107614376
0.8149722,0.20396961,-0.11075852,0.8149722,0.20396961,-0.11075852
0.8067496,0.2033279,-0.105096295,0.8067496,0.2033279,-0.105096295
0.811226,0.20284209,-0.1080943,0.811226,0.20284209,-0.1080943
0.8039498,0.20652413,-0.10183231,0.8039498,0.20652413,-0.10183231
0.8018578,0.20394458,-0.10239333,0.8018578,0.20394458,-0.10239333
0.8133417,0.2028986,-0.11031292,0.8133417,0.2028986,-0.11031292
0.81572783,0.20530748,-0.114687875,0.81572783,0.20530748,-0.114687875
0.8160934,0.20784323,-0.11543004,0.8160934,0.20784323,-0.11543004
0.81505424,0.21046592,-0.11545029,0.81505424,0.21046592,-0.11545029
0.8050938,0.20742622,-0.11660458,0.8050938,0.20742622,-0.11660458
0.80945456,0.20646057,-0.11803754,0.80945456,0.20646057,-0.11803754
0.8036123,0.20485969,-0.1161245,0.8036123,0.20485969,-0.1161245
0.8090448,0.20414978,-0.11738165,0.8090448,0.20414978,-0.11738165
0.812945,0.20878048,-0.11763315,0.812945,0.20878048,-0.11763315
0.81326866,0.20675342,-0.11781421,0.81326866,0.20675342,-0.11781421
0.79877305,0.2038456,-0.10054021,0.79877305,0.2038456,-0.10054021
0.79669076,0.20213695,-0.102936395,0.79669076,0.20213695,-0.102936395
0.7997949,0.20199314,-0.104862206,0.7997949,0.20199314,-0.104862206
0.8047434,0.2015583,-0.107277185,0.8047434,0.2015583,-0.107277185
0.7983945,0.20189847,-0.10863954,0.7983945,0.20189847,-0.10863954
0.79797584,0.20312841,-0.11203713,0.79797584,0.20312841,-0.11203713
0.8032108,0.20266289,-0.11421412,0.8032108,0.20266289,-0.11421412
0.8034615,0.20129998,-0.110984616,0.8034615,0.20129998,-0.110984616
0.8086538,0.20238835,-0.11548497,0.8086538,0.20238835,-0.11548497
0.808807,0.20141275,-0.112845965,0.808807,0.20141275,-0.112845965
0.8097392,0.20155562,-0.10992178,0.8097392,0.20155562,-0.10992178
0.8125067,0.20292085,-0.11511213,0.8125067,0.20292085,-0.11511213
0.81310713,0.20445663,-0.11685561,0.81310713,0.20445663,-0.11685561
0.81447756,0.20348282,-0.11341444,0.81447756,0.20348282,-0.11341444
0.8128133,0.2023824,-0.111967914,0.8128133,0.2023824,-0.111967914
0.8117682,0.2021149,-0.11350753,0.8117682,0.2021149,-0.11350753
0.75922227,0.20689662,-0.09153928,0.75922227,0.20689662,-0.09153928
0.75938064,0.21050544,0.016629769,0.75938064,0.21050544,0.016629769
0.7609462,0.20769165,0.012570346,0.7609462,0.20769165,0.012570346
0.7589135,0.1973339,0.010762043,0.7589135,0.1973339,0.010762043
0.75530547,0.19284712,0.013853393,0.75530547,0.19284712,0.013853393
0.7514399,0.19189724,0.018870728,0.7514399,0.19189724,0.018870728
0.74992573,0.19475617,0.023017405,0.74992573,0.19475617,0.023017405
0.75050306,0.19948855,0.025275987,0.75050306,0.19948855,0.025275987
0.7611485,0.20316094,0.010420361,0.7611485,0.20316094,0.010420361
0.75633216,0.21067771,0.021619655,0.75633216,0.21067771,0.021619655
0.75274915,0.20592552,0.025142603,0.75274915,0.20592552,0.025142603
0.76133376,0.20489533,0.031318508,0.76133376,0.20489533,0.031318508
0.76449686,0.20988758,0.027314445,0.76449686,0.20988758,0.027314445
0.75862795,0.19832969,0.031636544,0.75862795,0.19832969,0.031636544
0.75728416,0.19338039,0.02843229,0.75728416,0.19338039,0.02843229
0.7576127,0.1908859,0.02330235,0.7576127,0.1908859,0.02330235
0.7668098,0.2099341,0.021310644,0.7668098,0.2099341,0.021310644
0.76746154,0.2069105,0.016568564,0.76746154,0.2069105,0.016568564
0.76646906,0.20170096,0.014103836,0.76646906,0.20170096,0.014103836
0.7737658,0.20936047,0.026444191,0.7737658,0.20936047,0.026444191
0.77433276,0.20900904,0.033775326,0.77433276,0.20900904,0.033775326
0.77717376,0.1946305,0.042386677,0.77717376,0.1946305,0.042386677
0.7775668,0.19860686,0.04427147,0.7775668,0.19860686,0.04427147
0.77390766,0.19883652,0.042013027,0.77390766,0.19883652,0.042013027
0.7724286,0.1948681,0.04027349,0.7724286,0.1948681,0.04027349
0.7717535,0.1998718,0.040120546,0.7717535,0.1998718,0.040120546
0.76787585,0.19735253,0.037610725,0.76787585,0.19735253,0.037610725
0.7761719,0.20438595,0.042167667,0.7761719,0.20438595,0.042167667
0.7738369,0.20426196,0.039891824,0.7738369,0.20426196,0.039891824
0.779157,0.20834656,0.039467417,0.779157,0.20834656,0.039467417
0.77611095,0.20785211,0.03844702,0.77611095,0.20785211,0.03844702
0.7796147,0.20421694,0.044983484,0.7796147,0.20421694,0.044983484
0.7809406,0.19889267,0.046010256,0.7809406,0.19889267,0.046010256
0.78306395,0.2029437,0.04611682,0.78306395,0.2029437,0.04611682
0.78190696,0.19617844,0.044408437,0.78190696,0.19617844,0.044408437
0.7700912,0.20421112,0.036980208,0.7700912,0.20421112,0.036980208
0.76461875,0.1923585,0.03296727,0.76461875,0.1923585,0.03296727
0.7714407,0.19147252,0.036733806,0.7714407,0.19147252,0.036733806
0.7777757,0.19180919,0.039342664,0.7777757,0.19180919,0.039342664
0.7830955,0.1941541,0.04073849,0.7830955,0.1941541,0.04073849
0.7721907,0.18967378,0.031529997,0.7721907,0.18967378,0.031529997
0.7791468,0.19118784,0.034707062,0.7791468,0.19118784,0.034707062
0.783439,0.19387412,0.03656246,0.783439,0.19387412,0.03656246
0.7740829,0.19112855,0.026534505,0.7740829,0.19112855,0.026534505
0.7803308,0.19276446,0.03110091,0.7803308,0.19276446,0.03110091
0.7637775,0.1898558,0.027048323,0.7637775,0.1898558,0.027048323
0.765284,0.19095229,0.021254268,0.765284,0.19095229,0.021254268
0.78333485,0.19441399,0.033677347,0.78333485,0.19441399,0.033677347
0.786699,0.1987691,0.04034899,0.786699,0.1987691,0.04034899
0.78602713,0.2005672,0.044467997,0.78602713,0.2005672,0.044467997
0.7803901,0.20914033,0.035509203,0.7803901,0.20914033,0.035509203
0.78219754,0.2078932,0.041986514,0.78219754,0.2078932,0.041986514
0.78424495,0.20801185,0.03823357,0.78424495,0.20801185,0.03823357
0.7804606,0.20829587,0.030554015,0.7804606,0.20829587,0.030554015
0.7851421,0.20632772,0.034341495,0.7851421,0.20632772,0.034341495
0.78451276,0.20643741,0.044079807,0.78451276,0.20643741,0.044079807
0.7865878,0.20550457,0.041453872,0.7865878,0.20550457,0.041453872
0.76005733,0.19175383,0.017822072,0.76005733,0.19175383,0.017822072
0.76358145,0.19576716,0.014574851,0.76358145,0.19576716,0.014574851
0.76864415,0.19541338,0.01796007,0.76864415,0.19541338,0.01796007
0.7765174,0.19546032,0.023349257,0.7765174,0.19546032,0.023349257
0.77196634,0.20146531,0.017651271,0.77196634,0.20146531,0.017651271
0.77362466,0.20683126,0.020936184,0.77362466,0.20683126,0.020936184
0.78038853,0.20556706,0.026376542,0.78038853,0.20556706,0.026376542
0.7791287,0.2009489,0.023380546,0.7791287,0.2009489,0.023380546
0.78488,0.20357323,0.031121157,0.78488,0.20357323,0.031121157
0.7836874,0.20016551,0.029186022,0.7836874,0.20016551,0.029186022
0.78210294,0.1960944,0.029235933,0.78210294,0.1960944,0.029235933
0.78650206,0.20105793,0.034563497,0.78650206,0.20105793,0.034563497
0.78733754,0.20328501,0.037848536,0.78733754,0.20328501,0.037848536
0.7858737,0.19754678,0.03651947,0.7858737,0.19754678,0.03651947
0.7846452,0.19684531,0.0332491,0.7846452,0.19684531,0.0332491
0.7853232,0.19943616,0.032472443,0.7853232,0.19943616,0.032472443
0.7555202,0.19967102,-0.08401128,0.7555202,0.19967102,-0.08401128
0.75847954,0.19913933,-0.07868921,0.75847954,0.19913933,-0.07868921
0.75119555,0.19856647,-0.07688498,0.75119555,0.19856647,-0.07688498
0.7423886,0.19743699,-0.07526599,0.7423886,0.19743699,-0.07526599
0.7329938,0.19878128,-0.0793456,0.7329938,0.19878128,-0.0793456
0.74454606,0.19856271,-0.06891409,0.74454606,0.19856271,-0.06891409
0.7533173,0.19955847,-0.07082545,0.7533173,0.19955847,-0.07082545
0.7631255,0.20063286,-0.07270089,0.7631255,0.20063286,-0.07270089
0.739249,0.19953161,-0.062109638,0.739249,0.19953161,-0.062109638
0.03905736,0.45264095,0.099101245,0.03905736,0.45264095,0.099101245
0.04240171,0.45155862,0.0970699,0.04240171,0.45155862,0.0970699
0.043774273,0.44576174,0.0943305,0.043774273,0.44576174,0.0943305
0.041231807,0.44547376,0.09621072,0.041231807,0.44547376,0.09621072
0.038021293,0.44544062,0.09796211,0.038021293,0.44544062,0.09796211
0.034174923,0.44564852,0.09906052,0.034174923,0.44564852,0.09906052
0.028755255,0.45301455,0.10021023,0.028755255,0.45301455,0.10021023
0.034236856,0.45338574,0.10032434,0.034236856,0.45338574,0.10032434
0.019195292,0.44757763,0.09729869,0.019195292,0.44757763,0.09729869
0.021041714,0.44900498,0.097360715,0.021041714,0.44900498,0.097360715
0.019955695,0.44665855,0.09766497,0.019955695,0.44665855,0.09766497
0.026035272,0.4462747,0.09891028,0.026035272,0.4462747,0.09891028
0.022325419,0.4466725,0.0979006,0.022325419,0.4466725,0.0979006
0.046271447,0.4490604,0.093128644,0.046271447,0.4490604,0.093128644
0.04708438,0.44791123,0.09190222,0.04708438,0.44791123,0.09190222
0.044661727,0.45031884,0.095047586,0.044661727,0.45031884,0.095047586
0.030034538,0.44592568,0.09936504,0.030034538,0.44592568,0.09936504
0.0468157,0.44689092,0.09165037,0.0468157,0.44689092,0.09165037
0.045635466,0.44619444,0.0925451,0.045635466,0.44619444,0.0925451
0.024183847,0.4515134,0.09874614,0.024183847,0.4515134,0.09874614
0.03831735,0.44768533,0.097955994,0.03831735,0.44768533,0.097955994
0.03435329,0.4479335,0.09920953,0.03435329,0.4479335,0.09920953
0.029621726,0.45069617,0.10000319,0.029621726,0.45069617,0.10000319
0.034473803,0.45070675,0.09974377,0.034473803,0.45070675,0.09974377
0.026338564,0.4480332,0.09915428,0.026338564,0.4480332,0.09915428
0.023878463,0.44786993,0.09835927,0.023878463,0.44786993,0.09835927
0.04131836,0.44741,0.09626485,0.04131836,0.44741,0.09626485
0.030119019,0.4481284,0.09962254,0.030119019,0.4481284,0.09962254
0.038769733,0.45020476,0.09825592,0.038769733,0.45020476,0.09825592
0.023376323,0.44887677,0.09831811,0.023376323,0.44887677,0.09831811
0.025568014,0.44993377,0.099230796,0.025568014,0.44993377,0.099230796
0.046267726,0.44781768,0.09243773,0.046267726,0.44781768,0.09243773
0.046093486,0.4474105,0.09234868,0.046093486,0.4474105,0.09234868
0.017762734,0.20919101,0.07794506,0.017762734,0.20919101,0.07794506
0.017684864,0.19299127,0.08737344,0.017684864,0.19299127,0.08737344
0.041798376,0.44953558,0.09643625,0.041798376,0.44953558,0.09643625
0.045100007,0.4472879,0.093206346,0.045100007,0.4472879,0.093206346
0.04348895,0.44734797,0.09457521,0.04348895,0.44734797,0.09457521
0.043869108,0.44886038,0.09472242,0.043869108,0.44886038,0.09472242
0.04539266,0.4482654,0.09330688,0.04539266,0.4482654,0.09330688
0.29093182,0.22631064,0.019974668,0.29093182,0.22631064,0.019974668
0.29186982,0.20961435,0.02113939,0.29186982,0.20961435,0.02113939
0.29265645,0.26002607,-0.022231136,0.29265645,0.26002607,-0.022231136
0.28819087,0.25613976,-0.043833125,0.28819087,0.25613976,-0.043833125
0.061478492,-0.07835484,0.14895473,0.061478492,-0.07835484,0.14895473
0.111998916,-0.03548193,-0.05837735,0.111998916,-0.03548193,-0.05837735
0.11397143,-0.016601957,-0.06449344,0.11397143,-0.016601957,-0.06449344
0.039326027,-0.01846735,-0.0898495,0.039326027,-0.01846735,-0.0898495
0.05919472,-0.022476517,-0.08762498,0.05919472,-0.022476517,-0.08762498
0.14413053,-0.03204012,0.051780794,0.14413053,-0.03204012,0.051780794
0.14321396,-0.051650308,0.05549098,0.14321396,-0.051650308,0.05549098
0.1040589,-0.03718979,0.109635524,0.1040589,-0.03718979,0.109635524
0.101964466,-0.058693625,0.113287896,0.101964466,-0.058693625,0.113287896
0.13257138,-0.07435091,0.08197171,0.13257138,-0.07435091,0.08197171
0.081847966,-0.06844883,-0.07263507,0.081847966,-0.06844883,-0.07263507
0.079268046,-0.04813844,-0.07638793,0.079268046,-0.04813844,-0.07638793
0.09719112,-0.051123604,-0.06676668,0.09719112,-0.051123604,-0.06676668
0.10045311,-0.070439294,-0.06401093,0.10045311,-0.070439294,-0.06401093
0.019675381,-0.03851978,-0.08035096,0.019675381,-0.03851978,-0.08035096
0.019616123,-0.015451236,-0.086591475,0.019616123,-0.015451236,-0.086591475
0.15120144,-0.010949196,0.023500485,0.15120144,-0.010949196,0.023500485
0.15008952,-0.009750447,-0.0031971452,0.15008952,-0.009750447,-0.0031971452
0.1316224,-0.0038840873,-0.050121322,0.1316224,-0.0038840873,-0.050121322
0.116664544,0.0017788789,-0.06779854,0.116664544,0.0017788789,-0.06779854
0.081128486,0.016952766,-0.09072811,0.081128486,0.016952766,-0.09072811
0.099777445,0.0093518905,-0.08077164,0.099777445,0.0093518905,-0.08077164
0.09004353,-0.0149268815,0.122752234,0.09004353,-0.0149268815,0.122752234
0.07276029,0.0062587275,0.13112846,0.07276029,0.0062587275,0.13112846
0.14543116,-0.011867163,0.049469333,0.14543116,-0.011867163,0.049469333
0.025381885,-0.01288391,0.15027194,0.025381885,-0.01288391,0.15027194
0.040457964,0.052415453,-0.10699682,0.040457964,0.052415453,-0.10699682
0.063671865,0.047863465,-0.10358008,0.063671865,0.047863465,-0.10358008
0.14318408,-0.0074897893,-0.028065598,0.14318408,-0.0074897893,-0.028065598
0.03364052,0.15138254,0.11270702,0.03364052,0.15138254,0.11270702
0.033743642,0.13552053,0.12131596,0.033743642,0.13552053,0.12131596
0.051282763,0.13931301,0.12086592,0.051282763,0.13931301,0.12086592
0.05159186,0.15473105,0.111283645,0.05159186,0.15473105,0.111283645
0.068259925,0.14166473,0.11918907,0.068259925,0.14166473,0.11918907
0.08450962,0.14305249,0.11586449,0.08450962,0.14305249,0.11586449
0.09938403,0.14353333,0.111348964,0.09938403,0.14353333,0.111348964
0.13463585,0.13956022,0.09408955,0.13463585,0.13956022,0.09408955
0.12444806,0.14173584,0.1004317,0.12444806,0.14173584,0.1004317
0.1505316,0.13218853,0.07912752,0.1505316,0.13218853,0.07912752
0.14332722,0.13682811,0.08720733,0.14332722,0.13682811,0.08720733
0.15595956,0.12226684,0.069290765,0.15595956,0.12226684,0.069290765
0.15902174,0.110172786,0.056426417,0.15902174,0.110172786,0.056426417
0.16154245,0.098141775,0.041137975,0.16154245,0.098141775,0.041137975
0.16328566,0.11166326,0.03477638,0.16328566,0.11166326,0.03477638
0.15689713,0.096622445,0.063843824,0.15689713,0.096622445,0.063843824
0.15353054,0.10870938,0.07649323,0.15353054,0.10870938,0.07649323
0.1481901,0.11781038,0.08706722,0.1481901,0.11781038,0.08706722
0.01943207,0.09420315,0.13295272,0.01943207,0.09420315,0.13295272
0.022285957,0.07101576,0.13469477,0.022285957,0.07101576,0.13469477
0.017024832,0.22466573,0.06933508,0.017024832,0.22466573,0.06933508
0.50184524,0.1993754,-0.07077164,0.50184524,0.1993754,-0.07077164
0.6275093,0.23131618,-0.013050709,0.6275093,0.23131618,-0.013050709
0.030762449,0.24741639,-0.090936564,0.030762449,0.24741639,-0.090936564
0.014621863,0.24335234,-0.08944742,0.014621863,0.24335234,-0.08944742
-0.00012905046,0.23045546,-0.09073781,-0.00012905046,0.23045546,-0.09073781
-0.00030009236,0.24156617,-0.08761485,-0.00030009236,0.24156617,-0.08761485
0.10098153,0.2768295,-0.060921635,0.10098153,0.2768295,-0.060921635
0.08759885,0.26392213,-0.07929754,0.08759885,0.26392213,-0.07929754
0.068276666,0.2519699,-0.089779645,0.068276666,0.2519699,-0.089779645
0.049310826,0.24293593,-0.094557054,0.049310826,0.24293593,-0.094557054
0.13445282,0.0063320175,0.07153805,0.13445282,0.0063320175,0.07153805
0.03348106,0.21193404,-0.102673896,0.03348106,0.21193404,-0.102673896
0.05125558,0.23197192,-0.099459074,0.05125558,0.23197192,-0.099459074
0.07242469,0.24161588,-0.09571696,0.07242469,0.24161588,-0.09571696
0.09307631,0.25401285,-0.08556817,0.09307631,0.25401285,-0.08556817
0.113144845,0.26926634,-0.06693434,0.113144845,0.26926634,-0.06693434
0.12878498,0.2699001,-0.059436686,0.12878498,0.2699001,-0.059436686
0.15095356,0.25560093,-0.0642269,0.15095356,0.25560093,-0.0642269
0.16076928,0.25618488,-0.058328513,0.16076928,0.25618488,-0.058328513
0.16172509,0.26937178,-0.04303961,0.16172509,0.26937178,-0.04303961
0.17362212,0.27033603,-0.038347952,0.17362212,0.27033603,-0.038347952
0.17179678,0.25783056,-0.053966694,0.17179678,0.25783056,-0.053966694
0.2556672,0.25564405,-0.05182729,0.2556672,0.25564405,-0.05182729
0.2693662,0.24980791,-0.05644635,0.2693662,0.24980791,-0.05644635
0.27749422,0.24016726,-0.063467905,0.27749422,0.24016726,-0.063467905
0.28164697,0.22800319,-0.06971044,0.28164697,0.22800319,-0.06971044
0.28105184,0.2147839,-0.07384109,0.28105184,0.2147839,-0.07384109
0.27541965,0.20178258,-0.07494169,0.27541965,0.20178258,-0.07494169
0.26429635,0.19151515,-0.07384159,0.26429635,0.19151515,-0.07384159
0.22435705,0.17242835,-0.06466582,0.22435705,0.17242835,-0.06466582
0.20993397,0.165323,-0.062217977,0.20993397,0.165323,-0.062217977
0.17750487,0.12755215,-0.06440388,0.17750487,0.12755215,-0.06440388
0.16883361,0.11912698,-0.067212515,0.16883361,0.11912698,-0.067212515
0.1349079,0.07629059,-0.08050726,0.1349079,0.07629059,-0.08050726
0.14593402,0.09101104,-0.07690634,0.14593402,0.09101104,-0.07690634
0.12409164,0.060740482,-0.084204845,0.12409164,0.060740482,-0.084204845
0.101860374,-0.16413489,-0.07985345,0.101860374,-0.16413489,-0.07985345
0.096422754,-0.14631884,-0.07417125,0.096422754,-0.14631884,-0.07417125
0.11654792,-0.14458975,-0.06447688,0.11654792,-0.14458975,-0.06447688
0.121533856,-0.16194557,-0.06890715,0.121533856,-0.16194557,-0.06890715
0.022972682,-0.1109374,-0.0726763,0.022972682,-0.1109374,-0.0726763
0.04583824,-0.110273324,-0.074540995,0.04583824,-0.110273324,-0.074540995
0.16330618,-0.14705764,0.020842943,0.16330618,-0.14705764,0.020842943
0.15971044,-0.14415202,-0.0071647926,0.15971044,-0.14415202,-0.0071647926
0.14944659,-0.14309607,-0.031064803,0.14944659,-0.14309607,-0.031064803
0.1345753,-0.14331634,-0.049931332,0.1345753,-0.14331634,-0.049931332
0.15936114,-0.1521407,0.04835081,0.15936114,-0.1521407,0.04835081
0.07697183,-0.18788576,0.14372441,0.07697183,-0.18788576,0.14372441
0.097540066,-0.18167998,0.12970644,0.097540066,-0.18167998,0.12970644
0.014671859,-0.19840457,0.16380936,0.014671859,-0.19840457,0.16380936
0.034681212,-0.1961543,0.16074722,0.034681212,-0.1961543,0.16074722
0.14965527,-0.15930887,0.07300328,0.14965527,-0.15930887,0.07300328
0.055613652,-0.19273579,0.15429568,0.055613652,-0.19273579,0.15429568
0.117122695,-0.17472906,0.11325137,0.117122695,-0.17472906,0.11325137
0.13535675,-0.1672659,0.09433668,0.13535675,-0.1672659,0.09433668
0.09140262,-0.12851804,-0.07089307,0.09140262,-0.12851804,-0.07089307
0.071059905,-0.12963355,-0.07586303,0.071059905,-0.12963355,-0.07586303
0.06727103,-0.10959426,-0.07308964,0.06727103,-0.10959426,-0.07308964
0.03628493,0.11841974,-0.11705408,0.03628493,0.11841974,-0.11705408
0.057261195,0.12072899,-0.118756376,0.057261195,0.12072899,-0.118756376
0.078546174,0.12485013,-0.11829417,0.078546174,0.12485013,-0.11829417
0.09509957,0.14898121,-0.116669215,0.09509957,0.14898121,-0.116669215
0.11310892,0.15719107,-0.11059189,0.11310892,0.15719107,-0.11059189
0.11620492,0.13954353,-0.10919456,0.11620492,0.13954353,-0.10919456
0.09818018,0.13131118,-0.11492597,0.09818018,0.13131118,-0.11492597
0.14464232,0.17403604,-0.09362712,0.14464232,0.17403604,-0.09362712
0.15730926,0.1808739,-0.08791515,0.15730926,0.1808739,-0.08791515
0.15882774,0.16649495,-0.08564141,0.15882774,0.16649495,-0.08564141
0.14674565,0.15864089,-0.091545485,0.14674565,0.15864089,-0.091545485
0.17024381,0.17329171,-0.08151393,0.17024381,0.17329171,-0.08151393
0.17971796,0.17864573,-0.07675886,0.17971796,0.17864573,-0.07675886
0.19043623,0.18423225,-0.07282215,0.19043623,0.18423225,-0.07282215
0.20339216,0.190081,-0.07242268,0.20339216,0.190081,-0.07242268
0.19914111,0.21292153,-0.07504705,0.19914111,0.21292153,-0.07504705
0.18750595,0.20846356,-0.07637025,0.18750595,0.20846356,-0.07637025
0.14385203,0.19040547,-0.093965754,0.14385203,0.19040547,-0.093965754
0.12837142,0.18366961,-0.10177556,0.12837142,0.18366961,-0.10177556
0.034722924,0.15262756,-0.113614194,0.034722924,0.15262756,-0.113614194
0.015981214,0.14971699,-0.108579256,0.015981214,0.14971699,-0.108579256
0.16464245,0.09162409,0.022273362,0.16464245,0.09162409,0.022273362
0.16750813,0.08683814,0.0017299248,0.16750813,0.08683814,0.0017299248
0.1681367,0.08497036,-0.017459072,0.1681367,0.08497036,-0.017459072
0.16665016,0.0856871,-0.034364708,0.16665016,0.0856871,-0.034364708
0.16410843,0.089114465,-0.0491625,0.16410843,0.089114465,-0.0491625
0.15962686,0.094099954,-0.062336724,0.15962686,0.094099954,-0.062336724
0.15392648,0.10132936,-0.073680334,0.15392648,0.10132936,-0.073680334
0.16119546,0.11069287,-0.070465766,0.16119546,0.11069287,-0.070465766
0.14815354,0.11057553,-0.083144754,0.14815354,0.11057553,-0.083144754
0.15693992,0.1197382,-0.07835828,0.15693992,0.1197382,-0.07835828
0.14216031,0.12142966,-0.09096138,0.14216031,0.12142966,-0.09096138
0.13625793,0.13412648,-0.097023964,0.13625793,0.13412648,-0.097023964
0.13209528,0.14921914,-0.10061205,0.13209528,0.14921914,-0.10061205
0.12935434,0.16585493,-0.102247044,0.12935434,0.16585493,-0.102247044
0.093360044,0.1678229,-0.11605469,0.093360044,0.1678229,-0.11605469
0.11127914,0.17580545,-0.109930076,0.11127914,0.17580545,-0.109930076
0.07362617,0.17974871,-0.11627427,0.07362617,0.17974871,-0.11627427
0.073524095,0.19719803,-0.112291306,0.073524095,0.19719803,-0.112291306
0.07542309,0.14303255,-0.11980241,0.07542309,0.14303255,-0.11980241
0.0743567,0.16130048,-0.119065434,0.0743567,0.16130048,-0.119065434
0.0711518,0.2866771,-0.061064806,0.0711518,0.2866771,-0.061064806
0.0547346,0.27893177,-0.072151005,0.0547346,0.27893177,-0.072151005
0.25182787,0.20239063,-0.074908845,0.25182787,0.20239063,-0.074908845
0.26234728,0.20321862,-0.075027354,0.26234728,0.20321862,-0.075027354
0.25581604,0.19487084,-0.07443287,0.25581604,0.19487084,-0.07443287
0.24992493,0.19625495,-0.074328184,0.24992493,0.19625495,-0.074328184
0.26542285,0.2134113,-0.07422969,0.26542285,0.2134113,-0.07422969
0.2519354,0.2207622,-0.07315431,0.2519354,0.2207622,-0.07315431
0.26532817,0.22468351,-0.071711406,0.26532817,0.22468351,-0.071711406
0.2527212,0.21136777,-0.07469383,0.2527212,0.21136777,-0.07469383
0.26213244,0.23508713,-0.06770976,0.26213244,0.23508713,-0.06770976
0.24952295,0.23038347,-0.07053092,0.24952295,0.23038347,-0.07053092
0.25642577,0.24352522,-0.06335644,0.25642577,0.24352522,-0.06335644
0.24604149,0.23828948,-0.06713376,0.24604149,0.23828948,-0.06713376
0.2428247,0.24341866,-0.064208165,0.2428247,0.24341866,-0.064208165
0.24771647,0.2487894,-0.060045633,0.24771647,0.2487894,-0.060045633
0.2093789,0.23914915,-0.06747762,0.2093789,0.23914915,-0.06747762
0.22211695,0.24148837,-0.06588946,0.22211695,0.24148837,-0.06588946
0.2343822,0.24267972,-0.064756714,0.2343822,0.24267972,-0.064756714
0.21646321,0.19507466,-0.073218025,0.21646321,0.19507466,-0.073218025
0.22914967,0.20181827,-0.074317016,0.22914967,0.20181827,-0.074317016
0.24106455,0.20719422,-0.07475111,0.24106455,0.20719422,-0.07475111
0.23978345,0.21647698,-0.073967546,0.23978345,0.21647698,-0.073967546
0.22754112,0.21111499,-0.07448605,0.22754112,0.21111499,-0.07448605
0.2145451,0.20487821,-0.0743238,0.2145451,0.20487821,-0.0743238
0.0345999,0.13600805,-0.115914136,0.0345999,0.13600805,-0.115914136
0.054496057,0.1391261,-0.11933252,0.054496057,0.1391261,-0.11933252
0.16871142,0.18651105,-0.083374485,0.16871142,0.18651105,-0.083374485
0.17844144,0.1906047,-0.079049595,0.17844144,0.1906047,-0.079049595
0.18883477,0.19458155,-0.075294934,0.18883477,0.19458155,-0.075294934
0.20097229,0.20017974,-0.07420822,0.20097229,0.20017974,-0.07420822
0.17729631,0.2040198,-0.07956307,0.17729631,0.2040198,-0.07956307
0.16741762,0.20030841,-0.08377241,0.16741762,0.20030841,-0.08377241
0.15630868,0.19575426,-0.088337116,0.15630868,0.19575426,-0.088337116
0.054468263,0.15670514,-0.11780924,0.054468263,0.15670514,-0.11780924
0.015951233,0.13353777,-0.11185326,0.015951233,0.13353777,-0.11185326
0.17696953,0.2370663,0.043281868,0.17696953,0.2370663,0.043281868
0.1773559,0.26138872,0.030541971,0.1773559,0.26138872,0.030541971
0.17883323,0.27678397,0.009035385,0.17883323,0.27678397,0.009035385
0.17695683,0.27863252,-0.016402714,0.17695683,0.27863252,-0.016402714
-0.00073754677,0.27551767,-0.07537756,-0.00073754677,0.27551767,-0.07537756
0.42104214,0.17183468,-0.032159183,0.42104214,0.17183468,-0.032159183
-0.0013617643,0.078380056,-0.10880468,-0.0013617643,0.078380056,-0.10880468
-0.0019173973,0.09845178,-0.111677036,-0.0019173973,0.09845178,-0.111677036
0.0007105423,0.009613266,-0.08896238,0.0007105423,0.009613266,-0.08896238
-0.00012761047,0.031710148,-0.09844465,-0.00012761047,0.031710148,-0.09844465
0.043217447,-0.08671007,-0.07493759,0.043217447,-0.08671007,-0.07493759
0.021353746,-0.085179046,-0.07194307,0.021353746,-0.085179046,-0.07194307
0.020161446,-0.061133143,-0.075195946,0.020161446,-0.061133143,-0.075195946
-0.0009296517,-0.13216802,-0.077142484,-0.0009296517,-0.13216802,-0.077142484
-0.0007894003,-0.11054791,-0.06908191,-0.0007894003,-0.11054791,-0.06908191
0.0004440467,-0.05890904,-0.06997654,0.0004440467,-0.05890904,-0.06997654
0.0007314709,-0.035653606,-0.07465084,0.0007314709,-0.035653606,-0.07465084
0.018832559,0.054438297,-0.10620791,0.018832559,0.054438297,-0.10620791
0.016657285,0.11693264,-0.114737585,0.016657285,0.11693264,-0.114737585
-0.0016940008,0.1331357,-0.10956053,-0.0016940008,0.1331357,-0.10956053
-0.0011881485,0.1485701,-0.1061496,-0.0011881485,0.1485701,-0.1061496
-0.0009742062,0.16448416,-0.104080886,-0.0009742062,0.16448416,-0.104080886
0.110266484,0.11447648,0.12476446,0.110266484,0.11447648,0.12476446
0.11118379,0.12871908,0.116178855,0.11118379,0.12871908,0.116178855
0.09847142,0.12924002,0.12129631,0.09847142,0.12924002,0.12129631
0.09811383,0.11508167,0.12969102,0.09811383,0.11508167,0.12969102
0.1303237,0.11235905,0.11129653,0.1303237,0.11235905,0.11129653
0.13221677,0.12573211,0.10315916,0.13221677,0.12573211,0.10315916
0.12239352,0.1275418,0.10996711,0.12239352,0.1275418,0.10996711
0.12088349,0.11363848,0.11844872,0.12088349,0.11363848,0.11844872
0.14076194,0.1227414,0.09567149,0.14076194,0.1227414,0.09567149
0.13844825,0.10960844,0.10340775,0.13844825,0.10960844,0.10340775
0.10965155,0.09948495,0.13140513,0.10965155,0.09948495,0.13140513
0.12015334,0.098923944,0.12506722,0.12015334,0.098923944,0.12506722
0.09778729,0.100169614,0.1360622,0.09778729,0.100169614,0.1360622
0.1361332,0.0964166,0.10978832,0.1361332,0.0964166,0.10978832
0.1288803,0.0981397,0.11769917,0.1288803,0.0981397,0.11769917
0.009863201,0.33009216,0.09500368,0.009863201,0.33009216,0.09500368
0.009410733,0.33528993,0.11013795,0.009410733,0.33528993,0.11013795
0.0036440203,0.37805644,0.12365387,0.0036440203,0.37805644,0.12365387
0.0032658486,0.3825239,0.12164289,0.0032658486,0.3825239,0.12164289
0.00341696,0.31794256,0.07425452,0.00341696,0.31794256,0.07425452
0.003610851,0.30917788,0.06931846,0.003610851,0.30917788,0.06931846
0.0013133452,0.35961705,0.12105365,0.0013133452,0.35961705,0.12105365
0.0015782765,0.34537435,0.12122612,0.0015782765,0.34537435,0.12122612
0.001119058,0.40477073,0.1245395,0.001119058,0.40477073,0.1245395
0.001089974,0.40117833,0.123277515,0.001089974,0.40117833,0.123277515
0.0012744599,0.38997394,0.1247823,0.0012744599,0.38997394,0.1247823
0.0013486712,0.38605332,0.12350623,0.0013486712,0.38605332,0.12350623
0.003788758,0.2989032,0.064553164,0.003788758,0.2989032,0.064553164
0.0031454929,0.32479653,0.08223899,0.0031454929,0.32479653,0.08223899
0.0036214122,0.27686754,0.05714906,0.0036214122,0.27686754,0.05714906
0.0035449644,0.2665349,0.05430796,0.0035449644,0.2665349,0.05430796
0.014496681,0.2579439,0.0533636,0.014496681,0.2579439,0.0533636
0.015240111,0.24742608,0.056167677,0.015240111,0.24742608,0.056167677
0.017930316,0.11384479,0.12738347,0.017930316,0.11384479,0.12738347
0.016890727,0.1605241,0.10369063,0.016890727,0.1605241,0.10369063
0.016520329,0.14713445,0.11336626,0.016520329,0.14713445,0.11336626
0.017252319,0.17649017,0.09574219,0.017252319,0.17649017,0.09574219
0.01621191,0.23691879,0.06218395,0.01621191,0.23691879,0.06218395
0.0037779904,0.28790286,0.060422886,0.0037779904,0.28790286,0.060422886
0.00139273,0.37312475,0.12314226,0.00139273,0.37312475,0.12314226
0.0013208169,0.36749333,0.120493695,0.0013208169,0.36749333,0.120493695
0.0011574766,0.39721367,0.123358585,0.0011574766,0.39721367,0.123358585
0.0012184626,0.39362746,0.12407525,0.0012184626,0.39362746,0.12407525
0.0018481087,0.20764707,0.07852207,0.0018481087,0.20764707,0.07852207
0.0012916992,0.19116482,0.088059254,0.0012916992,0.19116482,0.088059254
0.017003447,0.13078204,0.12067372,0.017003447,0.13078204,0.12067372
0.002560117,0.091515586,0.13080315,0.002560117,0.091515586,0.13080315
0.0027042788,0.06810453,0.13272044,0.0027042788,0.06810453,0.13272044
0.0023521478,0.22312583,0.06953639,0.0023521478,0.22312583,0.06953639
0.002861628,0.045840375,0.1329767,0.002861628,0.045840375,0.1329767
0.16626851,-0.3271137,-0.051756267,0.16626851,-0.3271137,-0.051756267
0.14811577,-0.34337127,-0.071183465,0.14811577,-0.34337127,-0.071183465
0.14024885,-0.3300174,-0.08133591,0.14024885,-0.3300174,-0.08133591
0.15429057,-0.31768826,-0.06792451,0.15429057,-0.31768826,-0.06792451
0.16383827,-0.27527338,-0.04937495,0.16383827,-0.27527338,-0.04937495
0.16453415,-0.2502208,-0.04265,0.16453415,-0.2502208,-0.04265
0.16549188,-0.22346123,-0.03844308,0.16549188,-0.22346123,-0.03844308
0.12006882,-0.33771732,-0.09371867,0.12006882,-0.33771732,-0.09371867
0.09228135,-0.32177195,-0.10907437,0.09228135,-0.32177195,-0.10907437
0.09453878,-0.34014437,-0.10326998,0.09453878,-0.34014437,-0.10326998
0.1506316,-0.2258552,-0.06312979,0.1506316,-0.2258552,-0.06312979
0.15028714,-0.25208458,-0.066454865,0.15028714,-0.25208458,-0.066454865
0.14613189,-0.31278285,-0.07648745,0.14613189,-0.31278285,-0.07648745
0.14847785,-0.29835775,-0.074358225,0.14847785,-0.29835775,-0.074358225
0.16185258,-0.29883242,-0.058147397,0.16185258,-0.29883242,-0.058147397
0.1169456,-0.32076356,-0.099102795,0.1169456,-0.32076356,-0.099102795
0.13514046,-0.31758764,-0.08689756,0.13514046,-0.31758764,-0.08689756
0.059003454,-0.16788687,-0.090380244,0.059003454,-0.16788687,-0.090380244
0.06277696,-0.18699647,-0.098719425,0.06277696,-0.18699647,-0.098719425
0.034729328,-0.18729995,-0.10042594,0.034729328,-0.18729995,-0.10042594
0.13973707,-0.15977432,-0.052712675,0.13973707,-0.15977432,-0.052712675
0.12674859,-0.18101396,-0.07434395,0.12674859,-0.18101396,-0.07434395
0.00022000719,-0.32004377,-0.102058016,0.00022000719,-0.32004377,-0.102058016
0.13382298,-0.30035248,-0.089050494,0.13382298,-0.30035248,-0.089050494
0.09043393,-0.30074832,-0.1132942,0.09043393,-0.30074832,-0.1132942
0.114932,-0.3012057,-0.10242408,0.114932,-0.3012057,-0.10242408
0.09044002,-0.22863446,-0.10844891,0.09044002,-0.22863446,-0.10844891
0.11315724,-0.22848922,-0.09771936,0.11315724,-0.22848922,-0.09771936
0.1126892,-0.25348777,-0.102291904,0.1126892,-0.25348777,-0.102291904
0.089918755,-0.2525108,-0.11338349,0.089918755,-0.2525108,-0.11338349
0.13296877,-0.22793533,-0.08289796,0.13296877,-0.22793533,-0.08289796
0.130754,-0.20322905,-0.07897385,0.130754,-0.20322905,-0.07897385
0.0892049,-0.20607044,-0.10193972,0.0892049,-0.20607044,-0.10193972
0.111120515,-0.20469062,-0.09245122,0.111120515,-0.20469062,-0.09245122
0.106979124,-0.18299067,-0.086421035,0.106979124,-0.18299067,-0.086421035
0.13312934,-0.25412768,-0.08643885,0.13312934,-0.25412768,-0.08643885
0.08941374,-0.27719465,-0.115330145,0.08941374,-0.27719465,-0.115330145
0.06108189,-0.27619565,-0.121269174,0.06108189,-0.27619565,-0.121269174
0.030984866,-0.274619,-0.11976987,0.030984866,-0.274619,-0.11976987
0.0009105427,-0.2758087,-0.117222145,0.0009105427,-0.2758087,-0.117222145
0.0007028026,-0.25252807,-0.11764805,0.0007028026,-0.25252807,-0.11764805
0.08591663,-0.18508591,-0.094196305,0.08591663,-0.18508591,-0.094196305
0.07581508,-0.1478065,-0.07986731,0.07581508,-0.1478065,-0.07986731
0.08153949,-0.1660726,-0.08645107,0.08153949,-0.1660726,-0.08645107
0.064310454,-0.08782283,-0.07358073,0.064310454,-0.08782283,-0.07358073
0.11110429,-0.56539214,0.09667948,0.11110429,-0.56539214,0.09667948
-0.0032167686,-0.37116224,0.009596362,-0.0032167686,-0.37116224,0.009596362
-0.004259163,-0.38090426,0.038590178,-0.004259163,-0.38090426,0.038590178
0.17635408,-0.29220393,0.068716474,0.17635408,-0.29220393,0.068716474
0.18522502,-0.30877954,-0.007286749,0.18522502,-0.30877954,-0.007286749
0.17429863,-0.30284646,-0.035564914,0.17429863,-0.30284646,-0.035564914
0.0051239785,-0.38788086,0.08583285,0.0051239785,-0.38788086,0.08583285
0.021289974,-0.38270056,0.10886551,0.021289974,-0.38270056,0.10886551
0.15678662,-0.2998825,0.095971994,0.15678662,-0.2998825,0.095971994
0.10318309,-0.3487327,0.13125141,0.10318309,-0.3487327,0.13125141
-0.0019366221,-0.3869994,0.0626304,-0.0019366221,-0.3869994,0.0626304
0.14951378,-0.27661133,-0.07032857,0.14951378,-0.27661133,-0.07032857
0.13317755,-0.27885273,-0.088355586,0.13317755,-0.27885273,-0.088355586
0.113499515,-0.27843797,-0.10366471,0.113499515,-0.27843797,-0.10366471
0.061577365,-0.29901436,-0.119343854,0.061577365,-0.29901436,-0.119343854
0.030164711,-0.29629317,-0.117855534,0.030164711,-0.29629317,-0.117855534
0.00073722523,-0.29583684,-0.112875745,0.00073722523,-0.29583684,-0.112875745
0.018322019,-0.32692492,0.13100502,0.018322019,-0.32692492,0.13100502
0.007549144,-0.32131818,0.13770464,0.007549144,-0.32131818,0.13770464
0.014886388,-0.3195186,0.13846782,0.014886388,-0.3195186,0.13846782
-0.0005794915,-0.30857345,0.14315613,-0.0005794915,-0.30857345,0.14315613
-0.00047310052,-0.32281744,0.13586634,-0.00047310052,-0.32281744,0.13586634
0.007694547,-0.3331768,0.12732744,0.007694547,-0.3331768,0.12732744
-0.00028839434,-0.33488253,0.12478084,-0.00028839434,-0.33488253,0.12478084
-0.00019925272,-0.34927827,0.11448665,-0.00019925272,-0.34927827,0.11448665
0.075786516,-0.20842545,0.14094625,0.075786516,-0.20842545,0.14094625
0.09777136,-0.2019376,0.12823701,0.09777136,-0.2019376,0.12823701
0.013786647,-0.21945828,0.1594422,0.013786647,-0.21945828,0.1594422
0.032838903,-0.2172776,0.1564133,0.032838903,-0.2172776,0.1564133
0.154013,-0.17791468,0.073352344,0.154013,-0.17791468,0.073352344
0.05360849,-0.21360558,0.15055805,0.05360849,-0.21360558,0.15055805
0.11897808,-0.19456863,0.11329877,0.11897808,-0.19456863,0.11329877
0.13896342,-0.18636817,0.094732374,0.13896342,-0.18636817,0.094732374
0.0005032048,-0.20628877,-0.10867218,0.0005032048,-0.20628877,-0.10867218
0.0005182839,-0.1851176,-0.10088016,0.0005182839,-0.1851176,-0.10088016
-0.004017678,-0.220718,0.15933298,-0.004017678,-0.220718,0.15933298
0.0019184161,0.33483982,0.110536374,0.0019184161,0.33483982,0.110536374
0.0024324164,0.32936078,0.095172435,0.0024324164,0.32936078,0.095172435
0.00021697803,0.5209424,0.0923398,0.00021697803,0.5209424,0.0923398
-0.001187061,0.3238136,-0.048722364,-0.001187061,0.3238136,-0.048722364
0.0008602095,0.46691427,0.1122887,0.0008602095,0.46691427,0.1122887
0.001335688,0.38232654,0.12159123,0.001335688,0.38232654,0.12159123
0.0011983787,0.40713802,0.12733398,0.0011983787,0.40713802,0.12733398
0.003501056,0.25623438,0.05244932,0.003501056,0.25623438,0.05244932
0.0032758112,0.24533258,0.054606825,0.0032758112,0.24533258,0.054606825
-0.0014913809,-0.35543004,0.0071419184,-0.0014913809,-0.35543004,0.0071419184
0.002864456,0.23499778,0.061520953,0.002864456,0.23499778,0.061520953
-0.0011424441,-0.35561395,-0.005932582,-0.0011424441,-0.35561395,-0.005932582
0.00082619366,-0.012569309,-0.08121439,0.00082619366,-0.012569309,-0.08121439
0.06821891,-1.008507,-0.026534317,0.06821891,-1.008507,-0.026534317
0.06644625,-1.0064454,-0.04160179,0.06644625,-1.0064454,-0.04160179
0.0693773,-1.0360341,-0.037394844,0.0693773,-1.0360341,-0.037394844
0.06895711,-1.0373868,-0.022917084,0.06895711,-1.0373868,-0.022917084
0.08451814,-1.0013624,-0.070342265,0.08451814,-1.0013624,-0.070342265
0.07306007,-1.0035862,-0.062166676,0.07306007,-1.0035862,-0.062166676
0.09929265,-1.0008235,-0.07217115,0.09929265,-1.0008235,-0.07217115
0.112757236,-1.0019239,-0.06684409,0.112757236,-1.0019239,-0.06684409
0.10840569,-1.0318745,-0.06420658,0.10840569,-1.0318745,-0.06420658
0.09706922,-1.031136,-0.07118043,0.09706922,-1.031136,-0.07118043
0.12134585,-1.0028827,-0.05763769,0.12134585,-1.0028827,-0.05763769
0.124097496,-1.0332707,-0.044492394,0.124097496,-1.0332707,-0.044492394
0.12749323,-1.0038782,-0.046076503,0.12749323,-1.0038782,-0.046076503
0.13074228,-1.0055269,-0.02800217,0.13074228,-1.0055269,-0.02800217
0.12571487,-1.0336275,-0.027117755,0.12571487,-1.0336275,-0.027117755
0.124608904,-1.009607,-0.0076875575,0.124608904,-1.009607,-0.0076875575
0.11989189,-1.0370151,-0.0074909134,0.11989189,-1.0370151,-0.0074909134
0.10998976,-1.0125241,0.0040392727,0.10998976,-1.0125241,0.0040392727
0.074612364,-1.0113031,-0.011678075,0.074612364,-1.0113031,-0.011678075
0.073144846,-1.0392624,-0.0069891512,0.073144846,-1.0392624,-0.0069891512
0.08358199,-1.0316335,-0.069504924,0.08358199,-1.0316335,-0.069504924
0.074663356,-1.0337893,-0.059548475,0.074663356,-1.0337893,-0.059548475
0.071460776,-1.034992,-0.048011664,0.071460776,-1.034992,-0.048011664
0.06834069,-1.0052558,-0.05262225,0.06834069,-1.0052558,-0.05262225
0.068315305,-1.0648975,-0.033572152,0.068315305,-1.0648975,-0.033572152
0.06345133,-1.0651587,-0.017700119,0.06345133,-1.0651587,-0.017700119
0.08247889,-1.0609972,-0.06962972,0.08247889,-1.0609972,-0.06962972
0.076690175,-1.0628439,-0.05565958,0.076690175,-1.0628439,-0.05565958
0.104632415,-1.0605979,-0.062606476,0.104632415,-1.0605979,-0.062606476
0.09561818,-1.0599205,-0.07271893,0.09561818,-1.0599205,-0.07271893
0.12469102,-1.061491,-0.043924164,0.12469102,-1.061491,-0.043924164
0.11485485,-1.0610192,-0.05343253,0.11485485,-1.0610192,-0.05343253
0.11678502,-1.0325079,-0.054866806,0.11678502,-1.0325079,-0.054866806
0.12519653,-1.0612158,-0.026987715,0.12519653,-1.0612158,-0.026987715
0.11885622,-1.0629593,-0.0039871247,0.11885622,-1.0629593,-0.0039871247
0.06890383,-1.0656513,-4.0924446e-05,0.06890383,-1.0656513,-4.0924446e-05
0.0726818,-1.0642571,-0.044499062,0.0726818,-1.0642571,-0.044499062
0.1241619,-1.1546386,0.15292037,0.1241619,-1.1546386,0.15292037
0.122938894,-1.1501415,0.15238158,0.122938894,-1.1501415,0.15238158
0.11842906,-1.1500126,0.1532752,0.11842906,-1.1500126,0.1532752
0.11715939,-1.155183,0.15426014,0.11715939,-1.155183,0.15426014
0.08387625,-1.1550069,0.1646568,0.08387625,-1.1550069,0.1646568
0.08193302,-1.1446339,0.16693327,0.08193302,-1.1446339,0.16693327
0.07357936,-1.146209,0.16461419,0.07357936,-1.146209,0.16461419
0.072481684,-1.1581867,0.16234834,0.072481684,-1.1581867,0.16234834
0.10212324,-1.1555662,0.1629034,0.10212324,-1.1555662,0.1629034
0.1031696,-1.1588609,0.1594102,0.1031696,-1.1588609,0.1594102
0.108123966,-1.158869,0.15876177,0.108123966,-1.158869,0.15876177
0.11011922,-1.1555684,0.16208994,0.11011922,-1.1555684,0.16208994
0.14592601,-1.1512578,0.122095846,0.14592601,-1.1512578,0.122095846
0.14593227,-1.1558276,0.11955895,0.14593227,-1.1558276,0.11955895
0.15021633,-1.1555684,0.117801405,0.15021633,-1.1555684,0.117801405
0.15152515,-1.1517389,0.11907222,0.15152515,-1.1517389,0.11907222
0.13200305,-1.1546059,0.14105093,0.13200305,-1.1546059,0.14105093
0.13230412,-1.1590539,0.13797688,0.13230412,-1.1590539,0.13797688
0.13644238,-1.1584194,0.13638158,0.13644238,-1.1584194,0.13638158
0.13817,-1.1551377,0.1380522,0.13817,-1.1551377,0.1380522
0.08539489,-1.1407496,0.1430204,0.08539489,-1.1407496,0.1430204
0.07132318,-1.1395705,0.140502,0.07132318,-1.1395705,0.140502
0.07191697,-1.1442996,0.15487173,0.07191697,-1.1442996,0.15487173
0.08433234,-1.1419768,0.15719715,0.08433234,-1.1419768,0.15719715
0.06581969,-1.1533897,0.15087017,0.06581969,-1.1533897,0.15087017
0.06499463,-1.1506392,0.13518615,0.06499463,-1.1506392,0.13518615
0.07227112,-1.1584064,0.1338441,0.07227112,-1.1584064,0.1338441
0.07306873,-1.1582129,0.14812385,0.07306873,-1.1582129,0.14812385
0.08517397,-1.158443,0.13707578,0.08517397,-1.158443,0.13707578
0.08478265,-1.1583012,0.14998302,0.08478265,-1.1583012,0.14998302
0.09209315,-1.1512316,0.14142455,0.09209315,-1.1512316,0.14142455
0.093037665,-1.150865,0.1557298,0.093037665,-1.150865,0.1557298
0.111644484,-1.1502719,0.14246166,0.111644484,-1.1502719,0.14246166
0.106843285,-1.1428387,0.14350334,0.106843285,-1.1428387,0.14350334
0.1085639,-1.1469727,0.15570198,0.1085639,-1.1469727,0.15570198
0.114480294,-1.1532161,0.15405792,0.114480294,-1.1532161,0.15405792
0.095706075,-1.1434699,0.1452781,0.095706075,-1.1434699,0.1452781
0.10031952,-1.1472025,0.15694821,0.10031952,-1.1472025,0.15694821
0.09202434,-1.1536102,0.1441641,0.09202434,-1.1536102,0.1441641
0.09734896,-1.1588134,0.14035529,0.09734896,-1.1588134,0.14035529
0.10019392,-1.1588575,0.15299396,0.10019392,-1.1588575,0.15299396
0.09472056,-1.1540136,0.15710914,0.09472056,-1.1540136,0.15710914
0.10680601,-1.1579305,0.13968387,0.10680601,-1.1579305,0.13968387
0.109236434,-1.1589223,0.15152153,0.109236434,-1.1589223,0.15152153
0.12443959,-1.1430013,0.13590172,0.12443959,-1.1430013,0.13590172
0.11370937,-1.1439668,0.13852644,0.11370937,-1.1439668,0.13852644
0.116441846,-1.1483141,0.14781027,0.116441846,-1.1483141,0.14781027
0.124088325,-1.1479105,0.14651309,0.124088325,-1.1479105,0.14651309
0.111884914,-1.1559997,0.14797722,0.111884914,-1.1559997,0.14797722
0.11020141,-1.153938,0.13836308,0.11020141,-1.153938,0.13836308
0.115601346,-1.1584295,0.13535514,0.115601346,-1.1584295,0.13535514
0.117355354,-1.1590562,0.14580044,0.117355354,-1.1590562,0.14580044
0.12511203,-1.1575788,0.13383263,0.12511203,-1.1575788,0.13383263
0.12486544,-1.1590719,0.14489733,0.12486544,-1.1590719,0.14489733
0.12933084,-1.1495901,0.13572231,0.12933084,-1.1495901,0.13572231
0.12891695,-1.153372,0.1460785,0.12891695,-1.153372,0.1460785
0.14421162,-1.1493934,0.12160005,0.14421162,-1.1493934,0.12160005
0.14072911,-1.1424755,0.12244064,0.14072911,-1.1424755,0.12244064
0.13937367,-1.1474905,0.13213879,0.13937367,-1.1474905,0.13213879
0.14226106,-1.15356,0.13098489,0.14226106,-1.15356,0.13098489
0.13270627,-1.143139,0.12644942,0.13270627,-1.143139,0.12644942
0.13327138,-1.1470988,0.13438758,0.13327138,-1.1470988,0.13438758
0.12841736,-1.151734,0.13545662,0.12841736,-1.151734,0.13545662
0.12936388,-1.1490417,0.12861149,0.12936388,-1.1490417,0.12861149
0.13178866,-1.1574287,0.124412365,0.13178866,-1.1574287,0.124412365
0.13066061,-1.1590936,0.13273118,0.13066061,-1.1590936,0.13273118
0.14011317,-1.1572207,0.12058376,0.14011317,-1.1572207,0.12058376
0.13831697,-1.159112,0.1304652,0.13831697,-1.159112,0.1304652
0.15493846,-1.1420307,0.1057202,0.15493846,-1.1420307,0.1057202
0.15347216,-1.1450554,0.114130214,0.15347216,-1.1450554,0.114130214
0.15517224,-1.150805,0.112427734,0.15517224,-1.150805,0.112427734
0.15616477,-1.1490531,0.10238877,0.15616477,-1.1490531,0.10238877
0.14813882,-1.1415154,0.1108123,0.14813882,-1.1415154,0.1108123
0.14768825,-1.1444848,0.11703446,0.14768825,-1.1444848,0.11703446
0.14351727,-1.1494384,0.11730877,0.14351727,-1.1494384,0.11730877
0.14527188,-1.1473492,0.11218045,0.14527188,-1.1473492,0.11218045
0.14512728,-1.155755,0.10846871,0.14512728,-1.155755,0.10846871
0.1442142,-1.1565715,0.11466169,0.1442142,-1.1565715,0.11466169
0.15176414,-1.1551393,0.10396017,0.15176414,-1.1551393,0.10396017
0.15143535,-1.1565479,0.11222129,0.15143535,-1.1565479,0.11222129
0.08965699,-1.1399394,0.12878837,0.08965699,-1.1399394,0.12878837
0.07187855,-1.1358693,0.12586999,0.07187855,-1.1358693,0.12586999
0.07492465,-1.158231,0.15778492,0.07492465,-1.158231,0.15778492
0.06570083,-1.1486537,0.12051599,0.06570083,-1.1486537,0.12051599
0.08152668,-1.158167,0.15867342,0.08152668,-1.158167,0.15867342
0.089618035,-1.1584611,0.1249725,0.089618035,-1.1584611,0.1249725
0.07360682,-1.1577849,0.119104035,0.07360682,-1.1577849,0.119104035
0.09106354,-1.1511966,0.13537805,0.09106354,-1.1511966,0.13537805
0.108339705,-1.1500163,0.161795,0.108339705,-1.1500163,0.161795
0.10973076,-1.158156,0.12322958,0.10973076,-1.158156,0.12322958
0.109705135,-1.151725,0.13277811,0.109705135,-1.151725,0.13277811
0.103345126,-1.1500933,0.1623956,0.103345126,-1.1500933,0.1623956
0.10847628,-1.140133,0.12713769,0.10847628,-1.140133,0.12713769
0.12656727,-1.1409681,0.11807004,0.12656727,-1.1409681,0.11807004
0.11905726,-1.1588826,0.15147763,0.11905726,-1.1588826,0.15147763
0.123099215,-1.1589763,0.15085779,0.123099215,-1.1589763,0.15085779
0.12835819,-1.1578209,0.116332054,0.12835819,-1.1578209,0.116332054
0.12997414,-1.1480192,0.12640212,0.12997414,-1.1480192,0.12640212
0.13764754,-1.1504003,0.13785824,0.13764754,-1.1504003,0.13785824
0.14310406,-1.1568975,0.10508903,0.14310406,-1.1568975,0.10508903
0.14572275,-1.1471828,0.11230055,0.14572275,-1.1471828,0.11230055
0.13405724,-1.1502411,0.13923173,0.13405724,-1.1502411,0.13923173
0.14335652,-1.1393913,0.10645504,0.14335652,-1.1393913,0.10645504
0.15080534,-1.1482316,0.11871092,0.15080534,-1.1482316,0.11871092
0.1528703,-1.1557178,0.09335836,0.1528703,-1.1557178,0.09335836
0.15807825,-1.1478037,0.09021073,0.15807825,-1.1478037,0.09021073
0.14781657,-1.1475662,0.12062237,0.14781657,-1.1475662,0.12062237
0.15514006,-1.1392609,0.09485215,0.15514006,-1.1392609,0.09485215
0.082346216,-1.0407828,0.004488743,0.082346216,-1.0407828,0.004488743
0.08355149,-1.0134903,-0.00021541865,0.08355149,-1.0134903,-0.00021541865
0.09515905,-1.014588,0.0053306404,0.09515905,-1.014588,0.0053306404
0.09352257,-1.0416514,0.009230886,0.09352257,-1.0416514,0.009230886
0.10695824,-1.0397543,0.006016984,0.10695824,-1.0397543,0.006016984
0.0800396,-1.0655783,0.012629519,0.0800396,-1.0655783,0.012629519
0.092583016,-1.0654114,0.016540388,0.092583016,-1.0654114,0.016540388
0.10567779,-1.065125,0.010848985,0.10567779,-1.065125,0.010848985
0.12916169,-1.0840114,-0.028475272,0.12916169,-1.0840114,-0.028475272
0.12639377,-1.0829202,-0.046402685,0.12639377,-1.0829202,-0.046402685
0.1146949,-1.0826024,-0.056244854,0.1146949,-1.0826024,-0.056244854
0.10562704,-1.0823094,-0.0668509,0.10562704,-1.0823094,-0.0668509
0.09576106,-1.0820738,-0.07673831,0.09576106,-1.0820738,-0.07673831
0.06803012,-1.0878364,0.005601521,0.06803012,-1.0878364,0.005601521
0.07832563,-1.0850226,0.022779725,0.07832563,-1.0850226,0.022779725
0.09224639,-1.0830611,0.028760506,0.09224639,-1.0830611,0.028760506
0.10781822,-1.0836022,0.021044996,0.10781822,-1.0836022,0.021044996
0.06812984,-1.1305494,0.10911743,0.06812984,-1.1305494,0.10911743
0.086669505,-1.1281936,0.110653,0.086669505,-1.1281936,0.110653
0.08306597,-1.1192071,0.09130579,0.08306597,-1.1192071,0.09130579
0.068332955,-1.1294656,0.08784708,0.068332955,-1.1294656,0.08784708
0.10485707,-1.1310698,0.10713261,0.10485707,-1.1310698,0.10713261
0.102148995,-1.119198,0.087673895,0.102148995,-1.119198,0.087673895
0.12257871,-1.1325583,0.0992625,0.12257871,-1.1325583,0.0992625
0.11923188,-1.1227745,0.07979618,0.11923188,-1.1227745,0.07979618
0.13925274,-1.1337029,0.08914132,0.13925274,-1.1337029,0.08914132
0.13479125,-1.1267545,0.0702725,0.13479125,-1.1267545,0.0702725
0.1535572,-1.1361059,0.07986569,0.1535572,-1.1361059,0.07986569
0.14883304,-1.1324856,0.060749207,0.14883304,-1.1324856,0.060749207
0.16000238,-1.1457603,0.0749111,0.16000238,-1.1457603,0.0749111
0.1569265,-1.1424916,0.055257183,0.1569265,-1.1424916,0.055257183
0.06254136,-1.1473163,0.10347156,0.06254136,-1.1473163,0.10347156
0.06468385,-1.1449825,0.08237399,0.06468385,-1.1449825,0.08237399
0.07271829,-1.1586461,0.100445345,0.07271829,-1.1586461,0.100445345
0.07436218,-1.1585115,0.079604164,0.07436218,-1.1585115,0.079604164
0.08973205,-1.1589615,0.09975006,0.08973205,-1.1589615,0.09975006
0.09028927,-1.1586758,0.07796155,0.09028927,-1.1586758,0.07796155
0.15197416,-1.1550312,0.05726324,0.15197416,-1.1550312,0.05726324
0.15367663,-1.1569916,0.07741827,0.15367663,-1.1569916,0.07741827
0.10869498,-1.1585351,0.09573297,0.10869498,-1.1585351,0.09573297
0.108574696,-1.1574485,0.07369283,0.108574696,-1.1574485,0.07369283
0.1263299,-1.1591494,0.089694835,0.1263299,-1.1591494,0.089694835
0.12555721,-1.1580666,0.067772694,0.12555721,-1.1580666,0.067772694
0.14129181,-1.1591059,0.083076805,0.14129181,-1.1591059,0.083076805
0.1401511,-1.1581807,0.061843023,0.1401511,-1.1581807,0.061843023
0.07906146,-1.1123673,0.0672991,0.07906146,-1.1123673,0.0672991
0.098305546,-1.1060705,0.06695209,0.098305546,-1.1060705,0.06695209
0.11465714,-1.1107507,0.058055043,0.11465714,-1.1107507,0.058055043
0.1299044,-1.1173639,0.047395945,0.1299044,-1.1173639,0.047395945
0.14323698,-1.1271555,0.037336454,0.14323698,-1.1271555,0.037336454
0.15226826,-1.138112,0.032276444,0.15226826,-1.138112,0.032276444
0.12906821,-1.1052336,0.019040138,0.12906821,-1.1052336,0.019040138
0.13807479,-1.1244195,0.0111537585,0.13807479,-1.1244195,0.0111537585
0.14466704,-1.1366365,0.008746942,0.14466704,-1.1366365,0.008746942
0.1391597,-1.1355286,-0.015142707,0.1391597,-1.1355286,-0.015142707
0.13553205,-1.1222119,-0.014948542,0.13553205,-1.1222119,-0.014948542
0.12709635,-1.1214793,-0.056458205,0.12709635,-1.1214793,-0.056458205
0.13139485,-1.1210184,-0.038303047,0.13139485,-1.1210184,-0.038303047
0.13608399,-1.1345752,-0.038974393,0.13608399,-1.1345752,-0.038974393
0.13209234,-1.1361668,-0.058129463,0.13209234,-1.1361668,-0.058129463
0.13061394,-1.1046022,-0.009651707,0.13061394,-1.1046022,-0.009651707
0.1280866,-1.1031097,-0.033388548,0.1280866,-1.1031097,-0.033388548
0.122164786,-1.1021649,-0.050362315,0.122164786,-1.1021649,-0.050362315
0.11558326,-1.1367413,-0.080690034,0.11558326,-1.1367413,-0.080690034
0.11403221,-1.1204776,-0.080541104,0.11403221,-1.1204776,-0.080541104
0.122053154,-1.1213896,-0.06928258,0.122053154,-1.1213896,-0.06928258
0.12613125,-1.136686,-0.07103746,0.12613125,-1.136686,-0.07103746
0.09908089,-1.1386656,-0.08530461,0.09908089,-1.1386656,-0.08530461
0.097876616,-1.1218076,-0.08760229,0.097876616,-1.1218076,-0.08760229
0.08151536,-1.1247511,-0.076516345,0.08151536,-1.1247511,-0.076516345
0.08233148,-1.1407031,-0.07624989,0.08233148,-1.1407031,-0.07624989
0.10946222,-1.1008841,-0.07342266,0.10946222,-1.1008841,-0.07342266
0.11579025,-1.1019309,-0.062481444,0.11579025,-1.1019309,-0.062481444
0.097130105,-1.1010996,-0.081183136,0.097130105,-1.1010996,-0.081183136
0.08239251,-1.1039126,-0.0725216,0.08239251,-1.1039126,-0.0725216
0.07404978,-1.1264088,-0.05751391,0.07404978,-1.1264088,-0.05751391
0.07604565,-1.1057909,-0.055172972,0.07604565,-1.1057909,-0.055172972
0.073465444,-1.1417446,-0.058490124,0.073465444,-1.1417446,-0.058490124
0.06919762,-1.1279615,0.06298312,0.06919762,-1.1279615,0.06298312
0.069358826,-1.1411074,0.058321107,0.069358826,-1.1411074,0.058321107
0.111864634,-1.0964503,0.038032085,0.111864634,-1.0964503,0.038032085
0.09412366,-1.0942898,0.04615865,0.09412366,-1.0942898,0.04615865
0.075607784,-1.1024231,0.038787294,0.075607784,-1.1024231,0.038787294
0.06742424,-1.1250167,0.03597174,0.06742424,-1.1250167,0.03597174
0.07187473,-1.1393542,0.031874806,0.07187473,-1.1393542,0.031874806
0.06629313,-1.1259545,0.010484115,0.06629313,-1.1259545,0.010484115
0.07284273,-1.1387776,0.008012125,0.07284273,-1.1387776,0.008012125
0.07762989,-1.1515152,0.055300634,0.07762989,-1.1515152,0.055300634
0.08089356,-1.1460627,0.029404612,0.08089356,-1.1460627,0.029404612
0.08102649,-1.1451403,0.0058529377,0.08102649,-1.1451403,0.0058529377
0.06668749,-1.126431,-0.011215006,0.06668749,-1.126431,-0.011215006
0.071573935,-1.139547,-0.012808213,0.071573935,-1.139547,-0.012808213
0.06986774,-1.1261683,-0.028803928,0.06986774,-1.1261683,-0.028803928
0.0713808,-1.1402159,-0.02956665,0.0713808,-1.1402159,-0.02956665
0.07154011,-1.1410816,-0.04342436,0.07154011,-1.1410816,-0.04342436
0.0721274,-1.1264615,-0.042667713,0.0721274,-1.1264615,-0.042667713
0.06975132,-1.1072549,-0.029754506,0.06975132,-1.1072549,-0.029754506
0.07272516,-1.1061424,-0.042090826,0.07272516,-1.1061424,-0.042090826
0.06673441,-1.1085442,-0.012111039,0.06673441,-1.1085442,-0.012111039
0.066696286,-1.1069293,0.010854988,0.066696286,-1.1069293,0.010854988
0.1487371,-1.1512189,0.033609252,0.1487371,-1.1512189,0.033609252
0.1432705,-1.1478093,0.009740955,0.1432705,-1.1478093,0.009740955
0.1370443,-1.1453844,-0.013703081,0.1370443,-1.1453844,-0.013703081
0.13301362,-1.1463803,-0.037023854,0.13301362,-1.1463803,-0.037023854
0.12723435,-1.1478331,-0.054933842,0.12723435,-1.1478331,-0.054933842
0.121190354,-1.1482873,-0.06629863,0.121190354,-1.1482873,-0.06629863
0.11237749,-1.1479005,-0.07467292,0.11237749,-1.1479005,-0.07467292
0.09877237,-1.1479138,-0.077020295,0.09877237,-1.1479138,-0.077020295
0.086415,-1.1493623,-0.07123694,0.086415,-1.1493623,-0.07123694
0.08015693,-1.1512,-0.057271782,0.08015693,-1.1512,-0.057271782
0.07814969,-1.151936,-0.044122357,0.07814969,-1.151936,-0.044122357
0.07921127,-1.1476668,-0.014874373,0.07921127,-1.1476668,-0.014874373
0.07776405,-1.1507434,-0.030920051,0.07776405,-1.1507434,-0.030920051
0.06345818,-1.0887468,-0.014279783,0.06345818,-1.0887468,-0.014279783
0.06664606,-1.0876111,-0.03152947,0.06664606,-1.0876111,-0.03152947
0.07105178,-1.086517,-0.04288598,0.07105178,-1.086517,-0.04288598
0.08246341,-1.083861,-0.0694214,0.08246341,-1.083861,-0.0694214
0.07664754,-1.0851401,-0.053696875,0.07664754,-1.0851401,-0.053696875
0.09157321,-1.1551161,0.0526476,0.09157321,-1.1551161,0.0526476
0.108647116,-1.1544659,0.048307933,0.108647116,-1.1544659,0.048307933
0.12468942,-1.1549171,0.0426642,0.12468942,-1.1549171,0.0426642
0.13806106,-1.154903,0.03748964,0.13806106,-1.154903,0.03748964
0.13456777,-1.1519423,0.0127791725,0.13456777,-1.1519423,0.0127791725
0.12235331,-1.1521657,0.01674426,0.12235331,-1.1521657,0.01674426
0.10710484,-1.1521963,0.021599807,0.10710484,-1.1521963,0.021599807
0.09225728,-1.14993,0.02645375,0.09225728,-1.14993,0.02645375
0.12893853,-1.1506023,-0.010522573,0.12893853,-1.1506023,-0.010522573
0.11805085,-1.1516854,-0.006678461,0.11805085,-1.1516854,-0.006678461
0.104100466,-1.1517531,-0.0028726347,0.104100466,-1.1517531,-0.0028726347
0.091235116,-1.1499383,0.0024586623,0.091235116,-1.1499383,0.0024586623
0.088410474,-1.1527764,-0.018466232,0.088410474,-1.1527764,-0.018466232
0.09971235,-1.153432,-0.024118373,0.09971235,-1.153432,-0.024118373
0.11236323,-1.152796,-0.027682865,0.11236323,-1.152796,-0.027682865
0.12286558,-1.1511595,-0.032436915,0.12286558,-1.1511595,-0.032436915
0.11766296,-1.1516746,-0.049304992,0.11766296,-1.1516746,-0.049304992
0.10779183,-1.1528585,-0.043945815,0.10779183,-1.1528585,-0.043945815
0.09639673,-1.1538442,-0.039964095,0.09639673,-1.1538442,-0.039964095
0.086937785,-1.1539601,-0.034852155,0.086937785,-1.1539601,-0.034852155
0.11331828,-1.1516107,-0.059188034,0.11331828,-1.1516107,-0.059188034
0.0992824,-1.1514503,-0.06927878,0.0992824,-1.1514503,-0.06927878
0.10766434,-1.1514224,-0.066091195,0.10766434,-1.1514224,-0.066091195
0.09108139,-1.1527212,-0.06617537,0.09108139,-1.1527212,-0.06617537
0.08772874,-1.1536665,-0.056413203,0.08772874,-1.1536665,-0.056413203
0.08675285,-1.154164,-0.04604158,0.08675285,-1.154164,-0.04604158
0.09472046,-1.1531636,-0.056926392,0.09472046,-1.1531636,-0.056926392
0.095238306,-1.1535635,-0.049404643,0.095238306,-1.1535635,-0.049404643
0.105159216,-1.1525267,-0.053425983,0.105159216,-1.1525267,-0.053425983
0.10239442,-1.1521443,-0.0600457,0.10239442,-1.1521443,-0.0600457
0.09504367,-1.1525483,-0.06258704,0.09504367,-1.1525483,-0.06258704
0.09897053,-1.1520637,-0.0640738,0.09897053,-1.1520637,-0.0640738
0.12041844,-1.0868617,-0.00019035615,0.12041844,-1.0868617,-0.00019035615
-0.001041742,0.287469,-0.06892346,-0.001041742,0.287469,-0.06892346
-6.4374886e-05,0.21865627,-0.09387741,-6.4374886e-05,0.21865627,-0.09387741
0.07770932,-0.7315512,0.04126271,0.07770932,-0.7315512,0.04126271
0.092502646,-0.7337918,0.045357697,0.092502646,-0.7337918,0.045357697
0.10886527,-0.73220867,0.04627183,0.10886527,-0.73220867,0.04627183
0.13098592,-0.3089138,0.11638588,0.13098592,-0.3089138,0.11638588
0.081229456,-0.07851344,0.13411324,0.081229456,-0.07851344,0.13411324
0.08735519,-0.03660589,0.12601899,0.08735519,-0.03660589,0.12601899
0.084161915,-0.057839505,0.12997016,0.084161915,-0.057839505,0.12997016
0.13345554,-0.34110007,0.12106981,0.13345554,-0.34110007,0.12106981
0.13445853,-0.0137659395,0.07172885,0.13445853,-0.0137659395,0.07172885
0.000619042,-0.31136996,-0.10641422,0.000619042,-0.31136996,-0.10641422
-0.00062414526,0.17923568,-0.10178418,-0.00062414526,0.17923568,-0.10178418
0.112684876,0.14314403,0.10605332,0.112684876,0.14314403,0.10605332
0.000582847,-0.22894998,-0.11440734,0.000582847,-0.22894998,-0.11440734
0.07975339,0.43217474,0.014322561,0.07975339,0.43217474,0.014322561
0.077385135,0.4303949,0.012942981,0.077385135,0.4303949,0.012942981
0.0767452,0.42704737,0.011938795,0.0767452,0.42704737,0.011938795
0.07601337,0.4251931,0.008262533,0.07601337,0.4251931,0.008262533
0.075581804,0.423274,0.0051610107,0.075581804,0.423274,0.0051610107
0.07497429,0.4225162,0.0027913407,0.07497429,0.4225162,0.0027913407
0.07824236,0.42775244,0.009398022,0.07824236,0.42775244,0.009398022
0.07646191,0.4304304,0.006332559,0.07646191,0.4304304,0.006332559
0.0774985,0.43061966,0.009286894,0.0774985,0.43061966,0.009286894
0.07873866,0.4295711,0.010896202,0.07873866,0.4295711,0.010896202
0.0010725661,0.17357802,0.09562562,0.0010725661,0.17357802,0.09562562
0.0009082754,0.15768896,0.10358605,0.0009082754,0.15768896,0.10358605
0.0012685994,0.1448056,0.11340437,0.0012685994,0.1448056,0.11340437
0.0015895303,0.12829022,0.12011031,0.0015895303,0.12829022,0.12011031
0.0013652879,0.37796423,0.12382662,0.0013652879,0.37796423,0.12382662
-0.0055815107,-0.13496669,0.16438617,-0.0055815107,-0.13496669,0.16438617
-0.004868184,-0.11942497,0.16249683,-0.004868184,-0.11942497,0.16249683
2.9684716e-05,-0.08320218,-0.066916876,2.9684716e-05,-0.08320218,-0.066916876
-0.005277965,-0.17998472,0.16599455,-0.005277965,-0.17998472,0.16599455
-0.004104138,-0.10281868,0.16276504,-0.004104138,-0.10281868,0.16276504
-0.00059189426,0.05577053,-0.10486797,-0.00059189426,0.05577053,-0.10486797
0.00232358,0.11124381,0.12612252,0.00232358,0.11124381,0.12612252
-0.0047851223,-0.19982919,0.16351573,-0.0047851223,-0.19982919,0.16351573
-0.0017252793,0.11709015,-0.112975076,-0.0017252793,0.11709015,-0.112975076
-0.0026714238,-0.079641454,0.16255808,-0.0026714238,-0.079641454,0.16255808
-0.0009903252,-0.2901648,0.14792284,-0.0009903252,-0.2901648,0.14792284
0.0007744204,-0.014188596,0.15031287,0.0007744204,-0.014188596,0.15031287
-0.043161735,0.4926076,0.08772406,-0.043161735,0.4926076,0.08772406
-0.0538934,0.48349583,0.07877778,-0.0538934,0.48349583,0.07877778
-0.04843853,0.47501415,0.08951422,-0.04843853,0.47501415,0.08951422
-0.037369326,0.4802524,0.09752527,-0.037369326,0.4802524,0.09752527
-0.044559736,0.4673104,0.09707434,-0.044559736,0.4673104,0.09707434
-0.034508795,0.46984822,0.10328189,-0.034508795,0.46984822,0.10328189
-0.060546566,0.4720073,0.07012927,-0.060546566,0.4720073,0.07012927
-0.05562709,0.4673026,0.08127698,-0.05562709,0.4673026,0.08127698
-0.06150819,0.43076918,0.07706519,-0.06150819,0.43076918,0.07706519
-0.059615508,0.44000086,0.07614073,-0.059615508,0.44000086,0.07614073
-0.06508514,0.4367906,0.06788829,-0.06508514,0.4367906,0.06788829
-0.06570352,0.42438245,0.06841283,-0.06570352,0.42438245,0.06841283
-0.060477722,0.40416363,0.0785319,-0.060477722,0.40416363,0.0785319
-0.061927706,0.39387736,0.06883381,-0.061927706,0.39387736,0.06883381
-0.05694713,0.38688365,0.08009692,-0.05694713,0.38688365,0.08009692
-0.054559387,0.39730197,0.08800562,-0.054559387,0.39730197,0.08800562
-0.022529371,0.41524962,0.10897771,-0.022529371,0.41524962,0.10897771
-0.025655359,0.42093724,0.10662238,-0.025655359,0.42093724,0.10662238
-0.031600505,0.41510263,0.10661206,-0.031600505,0.41510263,0.10661206
-0.027751599,0.40859303,0.108881764,-0.027751599,0.40859303,0.108881764
-0.013404259,0.42625293,0.11315591,-0.013404259,0.42625293,0.11315591
-0.009145844,0.43043724,0.11878485,-0.009145844,0.43043724,0.11878485
-0.009585406,0.4354181,0.11331824,-0.009585406,0.4354181,0.11331824
-0.014568587,0.43081,0.10898054,-0.014568587,0.43081,0.10898054
-0.01727278,0.4099793,0.11051536,-0.01727278,0.4099793,0.11051536
-0.022659242,0.4030247,0.10988474,-0.022659242,0.4030247,0.10988474
-0.016119832,0.41723937,0.1129162,-0.016119832,0.41723937,0.1129162
-0.017954534,0.42116928,0.10964743,-0.017954534,0.42116928,0.10964743
-0.012457001,0.41310737,0.12417008,-0.012457001,0.41310737,0.12417008
-0.009427846,0.4142843,0.12873684,-0.009427846,0.4142843,0.12873684
-0.010463282,0.41987112,0.12829292,-0.010463282,0.41987112,0.12829292
-0.013855709,0.4177072,0.122015014,-0.013855709,0.4177072,0.122015014
-0.015929962,0.41062844,0.11516783,-0.015929962,0.41062844,0.11516783
-0.012280571,0.40788394,0.117583536,-0.012280571,0.40788394,0.117583536
-0.013593965,0.41080388,0.1202334,-0.013593965,0.41080388,0.1202334
-0.01590208,0.4142759,0.117499895,-0.01590208,0.4142759,0.117499895
-0.012833701,0.42206836,0.11741412,-0.012833701,0.42206836,0.11741412
-0.009458726,0.42548075,0.12383579,-0.009458726,0.42548075,0.12383579
-0.0052256444,0.42774642,0.13029021,-0.0052256444,0.42774642,0.13029021
-0.005938848,0.42055076,0.13499317,-0.005938848,0.42055076,0.13499317
-0.03812056,0.39436847,0.10467395,-0.03812056,0.39436847,0.10467395
-0.032873113,0.39107022,0.10749786,-0.032873113,0.39107022,0.10749786
-0.028221132,0.39696568,0.109224625,-0.028221132,0.39696568,0.109224625
-0.033294432,0.401625,0.10751822,-0.033294432,0.401625,0.10751822
-0.01331723,0.4043234,0.1147166,-0.01331723,0.4043234,0.1147166
-0.016249673,0.3885139,0.11822746,-0.016249673,0.3885139,0.11822746
-0.0106632775,0.39017773,0.12178733,-0.0106632775,0.39017773,0.12178733
-0.010598855,0.39417952,0.12115677,-0.010598855,0.39417952,0.12115677
-0.016777147,0.392598,0.1174572,-0.016777147,0.392598,0.1174572
-0.043359797,0.3785578,0.097865984,-0.043359797,0.3785578,0.097865984
-0.043350182,0.3697324,0.09534476,-0.043350182,0.3697324,0.09534476
-0.037112,0.37100288,0.10158413,-0.037112,0.37100288,0.10158413
-0.037338164,0.37807477,0.1030812,-0.037338164,0.37807477,0.1030812
-0.034636263,0.3646655,0.10165254,-0.034636263,0.3646655,0.10165254
-0.040893972,0.36095876,0.0943382,-0.040893972,0.36095876,0.0943382
-0.030662453,0.3462786,0.09861602,-0.030662453,0.3462786,0.09861602
-0.025481785,0.35418975,0.10776993,-0.025481785,0.35418975,0.10776993
-0.03054502,0.35910854,0.10355055,-0.03054502,0.35910854,0.10355055
-0.036372043,0.3531381,0.09563717,-0.036372043,0.3531381,0.09563717
-0.013864206,0.3607308,0.11552096,-0.013864206,0.3607308,0.11552096
-0.019326784,0.3499271,0.113582805,-0.019326784,0.3499271,0.113582805
-0.012431946,0.34702218,0.118565574,-0.012431946,0.34702218,0.118565574
-0.008081525,0.3597928,0.11855278,-0.008081525,0.3597928,0.11855278
-0.015395266,0.38195238,0.114923134,-0.015395266,0.38195238,0.114923134
-0.015692143,0.38501406,0.11720061,-0.015692143,0.38501406,0.11720061
-0.019770723,0.38361222,0.11392374,-0.019770723,0.38361222,0.11392374
-0.019323293,0.38146627,0.112262666,-0.019323293,0.38146627,0.112262666
-0.02338449,0.38088018,0.10969469,-0.02338449,0.38088018,0.10969469
-0.023309588,0.3816485,0.110390745,-0.023309588,0.3816485,0.110390745
-0.024926323,0.38227758,0.11017897,-0.024926323,0.38227758,0.11017897
-0.025120776,0.38062328,0.10897142,-0.025120776,0.38062328,0.10897142
-0.02151577,0.38117287,0.11085648,-0.02151577,0.38117287,0.11085648
-0.022362992,0.37999028,0.110193625,-0.022362992,0.37999028,0.110193625
-0.020216288,0.37929592,0.111763604,-0.020216288,0.37929592,0.111763604
-0.01682175,0.37888402,0.11484324,-0.01682175,0.37888402,0.11484324
-0.003854747,0.37803063,0.122920714,-0.003854747,0.37803063,0.122920714
-0.0029120303,0.38255492,0.12108318,-0.0029120303,0.38255492,0.12108318
-0.0061469073,0.38245556,0.119923815,-0.0061469073,0.38245556,0.119923815
-0.0077075977,0.37822205,0.12154942,-0.0077075977,0.37822205,0.12154942
-0.023414211,0.3841378,0.111890286,-0.023414211,0.3841378,0.111890286
-0.020780386,0.38620284,0.11446494,-0.020780386,0.38620284,0.11446494
-0.022135347,0.3893816,0.11413957,-0.022135347,0.3893816,0.11413957
-0.025711644,0.3860545,0.11142735,-0.025711644,0.3860545,0.11142735
-0.028711013,0.38832882,0.11010813,-0.028711013,0.38832882,0.11010813
-0.03095188,0.38386986,0.107958965,-0.03095188,0.38386986,0.107958965
-0.02744079,0.38313425,0.10943786,-0.02744079,0.38313425,0.10943786
-0.024138676,0.3787277,0.10892887,-0.024138676,0.3787277,0.10892887
-0.027881188,0.37992236,0.107936665,-0.027881188,0.37992236,0.107936665
-0.026942814,0.3768392,0.10722533,-0.026942814,0.3768392,0.10722533
-0.024772149,0.37386048,0.108520396,-0.024772149,0.37386048,0.108520396
-0.021937482,0.37703753,0.11061054,-0.021937482,0.37703753,0.11061054
-0.0186606,0.37568784,0.1138668,-0.0186606,0.37568784,0.1138668
-0.021329693,0.37137127,0.11149494,-0.021329693,0.37137127,0.11149494
-0.016413737,0.369521,0.11508093,-0.016413737,0.369521,0.11508093
-0.014107805,0.37445515,0.11786346,-0.014107805,0.37445515,0.11786346
-0.024367047,0.39307168,0.11230205,-0.024367047,0.39307168,0.11230205
-0.031982612,0.3789621,0.10605796,-0.031982612,0.3789621,0.10605796
-0.035711743,0.38499293,0.10521229,-0.035711743,0.38499293,0.10521229
-0.031397462,0.37397927,0.10510854,-0.031397462,0.37397927,0.10510854
-0.029044064,0.36951575,0.10583202,-0.029044064,0.36951575,0.10583202
-0.019991955,0.36278585,0.11185578,-0.019991955,0.36278585,0.11185578
-0.025269555,0.36567593,0.1082785,-0.025269555,0.36567593,0.1082785
-0.022934096,0.34047335,0.10411581,-0.022934096,0.34047335,0.10411581
-0.014162997,0.33663404,0.10838568,-0.014162997,0.33663404,0.10838568
-0.040725853,0.46086568,0.09884267,-0.040725853,0.46086568,0.09884267
-0.03224537,0.46224856,0.10224767,-0.03224537,0.46224856,0.10224767
-0.04104226,0.45276633,0.095892906,-0.04104226,0.45276633,0.095892906
-0.037349004,0.45398226,0.098137975,-0.037349004,0.45398226,0.098137975
-0.03798411,0.45675263,0.09825197,-0.03798411,0.45675263,0.09825197
-0.042674668,0.45495367,0.09502057,-0.042674668,0.45495367,0.09502057
-0.053844485,0.44299763,0.08148693,-0.053844485,0.44299763,0.08148693
-0.05561415,0.4363394,0.082055606,-0.05561415,0.4363394,0.082055606
-0.049737863,0.44155183,0.085402034,-0.049737863,0.44155183,0.085402034
-0.049126115,0.44560468,0.08600702,-0.049126115,0.44560468,0.08600702
-0.042571884,0.434847,0.094011374,-0.042571884,0.434847,0.094011374
-0.040100034,0.4419798,0.094896354,-0.040100034,0.4419798,0.094896354
-0.043118767,0.44256648,0.09222492,-0.043118767,0.44256648,0.09222492
-0.046761528,0.43574327,0.09056204,-0.046761528,0.43574327,0.09056204
-0.036404397,0.44180107,0.09703427,-0.036404397,0.44180107,0.09703427
-0.037704658,0.43527249,0.09672919,-0.037704658,0.43527249,0.09672919
-0.0327712,0.43662953,0.09861236,-0.0327712,0.43662953,0.09861236
-0.032265436,0.44223535,0.0983493,-0.032265436,0.44223535,0.0983493
-0.031297255,0.4577892,0.09988779,-0.031297255,0.4577892,0.09988779
-0.031849317,0.4547585,0.09962908,-0.031849317,0.4547585,0.09962908
-0.025632305,0.45430866,0.09926375,-0.025632305,0.45430866,0.09926375
-0.024076661,0.4574935,0.09983127,-0.024076661,0.4574935,0.09983127
-0.01578394,0.44712234,0.096386485,-0.01578394,0.44712234,0.096386485
-0.012853425,0.4469752,0.0982244,-0.012853425,0.4469752,0.0982244
-0.013355476,0.45122758,0.09816884,-0.013355476,0.45122758,0.09816884
-0.01664038,0.4496492,0.09667691,-0.01664038,0.4496492,0.09667691
-0.017146634,0.44539988,0.097192325,-0.017146634,0.44539988,0.097192325
-0.015233459,0.44387496,0.09868935,-0.015233459,0.44387496,0.09868935
-0.034605306,0.5143363,0.082712084,-0.034605306,0.5143363,0.082712084
-0.0489805,0.5049306,0.0733872,-0.0489805,0.5049306,0.0733872
-0.029615568,0.49885815,0.0958448,-0.029615568,0.49885815,0.0958448
-0.059530403,0.49222806,0.064646095,-0.059530403,0.49222806,0.064646095
-0.066169694,0.47710785,0.057234578,-0.066169694,0.47710785,0.057234578
-0.058080867,0.37676024,0.07312059,-0.058080867,0.37676024,0.07312059
-0.051094558,0.3716669,0.085546255,-0.051094558,0.3716669,0.085546255
-0.050238185,0.38158792,0.08998043,-0.050238185,0.38158792,0.08998043
-0.056003742,0.3656791,0.06903952,-0.056003742,0.3656791,0.06903952
-0.048589285,0.36084172,0.08341716,-0.048589285,0.36084172,0.08341716
-0.034138348,0.3416847,0.08380396,-0.034138348,0.3416847,0.08380396
-0.043045904,0.35025147,0.08272813,-0.043045904,0.35025147,0.08272813
-0.061940446,0.37307984,0.05278607,-0.061940446,0.37307984,0.05278607
-0.05856566,0.36431214,0.04685707,-0.05856566,0.36431214,0.04685707
-0.05048325,0.35451043,0.06491599,-0.05048325,0.35451043,0.06491599
-0.063265406,0.37712425,0.0319413,-0.063265406,0.37712425,0.0319413
-0.06066891,0.37369266,0.023963226,-0.06066891,0.37369266,0.023963226
-0.053256568,0.35492748,0.037743784,-0.053256568,0.35492748,0.037743784
-0.036936574,0.31921312,0.046407193,-0.036936574,0.31921312,0.046407193
-0.049414128,0.3238337,0.033437517,-0.049414128,0.3238337,0.033437517
-0.0506184,0.31137067,0.030092683,-0.0506184,0.31137067,0.030092683
-0.03879674,0.30693445,0.043728553,-0.03879674,0.30693445,0.043728553
-0.063226044,0.3833108,0.05939146,-0.063226044,0.3833108,0.05939146
-0.06725352,0.4464309,0.058703423,-0.06725352,0.4464309,0.058703423
-0.069057725,0.43267405,0.056846377,-0.069057725,0.43267405,0.056846377
-0.06257099,0.44812116,0.06982225,-0.06257099,0.44812116,0.06982225
-0.06979522,0.5048011,0.029204898,-0.06979522,0.5048011,0.029204898
-0.07527731,0.48749426,0.027320031,-0.07527731,0.48749426,0.027320031
-0.07124023,0.48301423,0.043149356,-0.07124023,0.48301423,0.043149356
-0.06523767,0.49999157,0.04824525,-0.06523767,0.49999157,0.04824525
-0.041811407,0.5391799,0.03457661,-0.041811407,0.5391799,0.03457661
-0.057631504,0.5240594,0.031932145,-0.057631504,0.5240594,0.031932145
-0.053854376,0.5164261,0.055001955,-0.053854376,0.5164261,0.055001955
-0.039086133,0.52908283,0.061187442,-0.039086133,0.52908283,0.061187442
-0.07791061,0.4879805,0.011388823,-0.07791061,0.4879805,0.011388823
-0.072001375,0.505706,0.0076186373,-0.072001375,0.505706,0.0076186373
-0.07348709,0.5002764,-0.013701876,-0.07348709,0.5002764,-0.013701876
-0.07887935,0.48532513,-0.005224006,-0.07887935,0.48532513,-0.005224006
-0.060022872,0.5247387,0.0040364657,-0.060022872,0.5247387,0.0040364657
-0.06185425,0.5185485,-0.022560127,-0.06185425,0.5185485,-0.022560127
-0.061203618,0.37659693,0.0116580855,-0.061203618,0.37659693,0.0116580855
-0.05855499,0.35830936,0.016998382,-0.05855499,0.35830936,0.016998382
-0.056685366,0.34246063,0.019320756,-0.056685366,0.34246063,0.019320756
-0.048835006,0.33845314,0.036487557,-0.048835006,0.33845314,0.036487557
-0.04442418,0.53226304,-0.028772442,-0.04442418,0.53226304,-0.028772442
-0.04281073,0.54002017,0.002243094,-0.04281073,0.54002017,0.002243094
-0.0665807,0.4560066,-0.047801584,-0.0665807,0.4560066,-0.047801584
-0.07292401,0.44833937,-0.033128846,-0.07292401,0.44833937,-0.033128846
-0.07641522,0.46406868,-0.02596219,-0.07641522,0.46406868,-0.02596219
-0.069906816,0.47460276,-0.04225995,-0.069906816,0.47460276,-0.04225995
-0.056477364,0.46356273,-0.06328895,-0.056477364,0.46356273,-0.06328895
-0.059366364,0.48535073,-0.057577122,-0.059366364,0.48535073,-0.057577122
-0.054391623,0.40166458,-0.04031327,-0.054391623,0.40166458,-0.04031327
-0.045906425,0.402383,-0.054120287,-0.045906425,0.402383,-0.054120287
-0.040222883,0.38637763,-0.043544836,-0.040222883,0.38637763,-0.043544836
-0.04763359,0.38606378,-0.031217283,-0.04763359,0.38606378,-0.031217283
-0.051491942,0.46249112,0.090277985,-0.051491942,0.46249112,0.090277985
-0.055140518,0.45623815,0.083743855,-0.055140518,0.45623815,0.083743855
-0.0500615,0.454,0.08923927,-0.0500615,0.454,0.08923927
-0.046563786,0.45797643,0.094154105,-0.046563786,0.45797643,0.094154105
-0.06439796,0.4598666,0.06322263,-0.06439796,0.4598666,0.06322263
-0.059879195,0.4581047,0.07442079,-0.059879195,0.4581047,0.07442079
-0.073174976,0.46752408,0.038127616,-0.073174976,0.46752408,0.038127616
-0.07694353,0.47217533,0.024932295,-0.07694353,0.47217533,0.024932295
-0.08013616,0.47184214,-0.0009019931,-0.08013616,0.47184214,-0.0009019931
-0.07938805,0.47327808,0.012540268,-0.07938805,0.47327808,0.012540268
-0.07557985,0.44182304,-0.021584352,-0.07557985,0.44182304,-0.021584352
-0.07770153,0.45214924,-0.016860198,-0.07770153,0.45214924,-0.016860198
-0.061977014,0.38456342,-0.003999596,-0.061977014,0.38456342,-0.003999596
-0.054830723,0.3848551,-0.018883523,-0.054830723,0.3848551,-0.018883523
-0.05160468,0.3663585,-0.013859971,-0.05160468,0.3663585,-0.013859971
-0.05856115,0.3632118,-0.00010260069,-0.05856115,0.3632118,-0.00010260069
-0.036820978,0.36974746,-0.035356823,-0.036820978,0.36974746,-0.035356823
-0.043654338,0.36877546,-0.025087405,-0.043654338,0.36877546,-0.025087405
-0.055722944,0.3311869,0.0008431654,-0.055722944,0.3311869,0.0008431654
-0.049943957,0.33399564,-0.013539468,-0.049943957,0.33399564,-0.013539468
-0.051374286,0.3210229,-0.01657508,-0.051374286,0.3210229,-0.01657508
-0.05541041,0.31794906,-0.0019303004,-0.05541041,0.31794906,-0.0019303004
-0.044521075,0.32165995,-0.029305588,-0.044521075,0.32165995,-0.029305588
-0.042265918,0.3358746,-0.02554861,-0.042265918,0.3358746,-0.02554861
-0.034262836,0.3359417,-0.03515731,-0.034262836,0.3359417,-0.03515731
-0.035197742,0.32113102,-0.038397364,-0.035197742,0.32113102,-0.038397364
-0.014346161,0.3012795,0.05971465,-0.014346161,0.3012795,0.05971465
-0.025564691,0.30392262,0.0528843,-0.025564691,0.30392262,0.0528843
-0.027957907,0.29311672,0.05014171,-0.027957907,0.29311672,0.05014171
-0.015486738,0.29117042,0.05623859,-0.015486738,0.29117042,0.05623859
-0.057213217,0.30662203,-0.0063143186,-0.057213217,0.30662203,-0.0063143186
-0.054859348,0.31095934,-0.021772217,-0.054859348,0.31095934,-0.021772217
-0.06044466,0.40128207,-0.026059346,-0.06044466,0.40128207,-0.026059346
-0.065995954,0.40231338,-0.014757083,-0.065995954,0.40231338,-0.014757083
-0.048155975,0.3112519,-0.035027057,-0.048155975,0.3112519,-0.035027057
-0.0498417,0.34862122,-0.012537944,-0.0498417,0.34862122,-0.012537944
-0.042207155,0.35095704,-0.0237235,-0.042207155,0.35095704,-0.0237235
-0.027409097,0.3700338,-0.04389483,-0.027409097,0.3700338,-0.04389483
-0.03045038,0.3861153,-0.05299123,-0.03045038,0.3861153,-0.05299123
-0.019946717,0.4259731,0.10676363,-0.019946717,0.4259731,0.10676363
-0.022908166,0.4401821,0.099527955,-0.022908166,0.4401821,0.099527955
-0.018721066,0.4418012,0.0992028,-0.018721066,0.4418012,0.0992028
-0.019780185,0.4446986,0.09810309,-0.019780185,0.4446986,0.09810309
-0.023483865,0.44386956,0.098747954,-0.023483865,0.44386956,0.098747954
-0.011857868,0.48208073,0.10893158,-0.011857868,0.48208073,0.10893158
-0.02496412,0.48253414,0.10448214,-0.02496412,0.48253414,0.10448214
-0.02280213,0.46937498,0.10811569,-0.02280213,0.46937498,0.10811569
-0.010070151,0.4656466,0.110220805,-0.010070151,0.4656466,0.110220805
-0.049834743,0.41053808,0.09609315,-0.049834743,0.41053808,0.09609315
-0.04396614,0.40046102,0.10115577,-0.04396614,0.40046102,0.10115577
-0.037933968,0.40835392,0.10516754,-0.037933968,0.40835392,0.10516754
-0.040766638,0.4171656,0.101883754,-0.040766638,0.4171656,0.101883754
-0.04620836,0.44721875,0.088919185,-0.04620836,0.44721875,0.088919185
-0.04520662,0.44921473,0.09105274,-0.04520662,0.44921473,0.09105274
-0.047655348,0.44931668,0.08855055,-0.047655348,0.44931668,0.08855055
-0.041300673,0.386928,0.10134668,-0.041300673,0.386928,0.10134668
-0.04782286,0.3910408,0.0955681,-0.04782286,0.3910408,0.0955681
-0.06833188,0.41776696,0.056811076,-0.06833188,0.41776696,0.056811076
-0.057235476,0.44886687,0.07836574,-0.057235476,0.44886687,0.07836574
-0.02157374,0.54970723,0.037610844,-0.02157374,0.54970723,0.037610844
-0.020547422,0.5377504,0.06772228,-0.020547422,0.5377504,0.06772228
-0.02233441,0.5509492,0.002201235,-0.02233441,0.5509492,0.002201235
-0.023432748,0.5429901,-0.0312316,-0.023432748,0.5429901,-0.0312316
-0.04348856,0.49408564,-0.06936714,-0.04348856,0.49408564,-0.06936714
-0.023759175,0.5022419,-0.076830976,-0.023759175,0.5022419,-0.076830976
-0.02218738,0.47474477,-0.08478798,-0.02218738,0.47474477,-0.08478798
-0.041472934,0.46972772,-0.07611754,-0.041472934,0.46972772,-0.07611754
-0.033527005,0.4035947,-0.064872734,-0.033527005,0.4035947,-0.064872734
-0.024462145,0.33741447,-0.04188431,-0.024462145,0.33741447,-0.04188431
-0.025166828,0.32113564,-0.043973044,-0.025166828,0.32113564,-0.043973044
-0.018633312,0.51971537,0.08891359,-0.018633312,0.51971537,0.08891359
-0.014730193,0.50047547,0.101051696,-0.014730193,0.50047547,0.101051696
-0.068818666,0.4625115,0.05022397,-0.068818666,0.4625115,0.05022397
-0.06094758,0.42228055,0.08075649,-0.06094758,0.42228055,0.08075649
-0.05756194,0.41538844,0.086682916,-0.05756194,0.41538844,0.086682916
-0.05325479,0.4264135,0.090199545,-0.05325479,0.4264135,0.090199545
-0.05583604,0.43048048,0.085316405,-0.05583604,0.43048048,0.085316405
-0.063954584,0.4129714,0.07190026,-0.063954584,0.4129714,0.07190026
-0.06567398,0.40377823,0.059692364,-0.06567398,0.40377823,0.059692364
-0.06726329,0.39500213,0.045452937,-0.06726329,0.39500213,0.045452937
-0.06577322,0.38345516,0.038328454,-0.06577322,0.38345516,0.038328454
-0.0717758,0.4909147,-0.03261198,-0.0717758,0.4909147,-0.03261198
-0.07764111,0.4781039,-0.019218124,-0.07764111,0.4781039,-0.019218124
-0.044992503,0.51625097,-0.05362881,-0.044992503,0.51625097,-0.05362881
-0.06145925,0.5048269,-0.04429329,-0.06145925,0.5048269,-0.04429329
-0.07919362,0.46774206,-0.013145636,-0.07919362,0.46774206,-0.013145636
-0.024373055,0.5264498,-0.05889489,-0.024373055,0.5264498,-0.05889489
-0.010229116,0.3985965,0.11983173,-0.010229116,0.3985965,0.11983173
-0.008629296,0.4028142,0.11911762,-0.008629296,0.4028142,0.11911762
-0.01746199,0.39818352,0.11485143,-0.01746199,0.39818352,0.11485143
-0.009229517,0.37356052,0.120679244,-0.009229517,0.37356052,0.120679244
-0.0109436065,0.36826062,0.11769799,-0.0109436065,0.36826062,0.11769799
-0.005772285,0.36767086,0.119189374,-0.005772285,0.36767086,0.119189374
-0.0046892148,0.37318113,0.12216769,-0.0046892148,0.37318113,0.12216769
-0.013495755,0.3312485,0.09304366,-0.013495755,0.3312485,0.09304366
-0.023492072,0.33529577,0.08849297,-0.023492072,0.33529577,0.08849297
-0.013613395,0.31138802,0.06455417,-0.013613395,0.31138802,0.06455417
-0.02426291,0.31429777,0.056995023,-0.02426291,0.31429777,0.056995023
-0.008431674,0.4115963,0.12288154,-0.008431674,0.4115963,0.12288154
-0.0087965,0.41078585,0.120797575,-0.0087965,0.41078585,0.120797575
-0.0068061203,0.41107196,0.12127361,-0.0068061203,0.41107196,0.12127361
-0.006857241,0.41194937,0.123281345,-0.006857241,0.41194937,0.123281345
-0.022066172,0.38260219,0.11171511,-0.022066172,0.38260219,0.11171511
-0.005773377,0.39041376,0.12382385,-0.005773377,0.39041376,0.12382385
-0.005908322,0.38651544,0.12239591,-0.005908322,0.38651544,0.12239591
-0.0027308546,0.38628814,0.12312574,-0.0027308546,0.38628814,0.12312574
-0.0026165035,0.39006028,0.124494545,-0.0026165035,0.39006028,0.124494545
-0.03982442,0.34149116,0.06201463,-0.03982442,0.34149116,0.06201463
-0.036655243,0.3312762,0.051442843,-0.036655243,0.3312762,0.051442843
-0.05570571,0.31442922,0.014501167,-0.05570571,0.31442922,0.014501167
-0.05592689,0.3276398,0.017617572,-0.05592689,0.3276398,0.017617572
-0.05663493,0.3460581,0.0016883492,-0.05663493,0.3460581,0.0016883492
-0.03542184,0.35228807,-0.03412256,-0.03542184,0.35228807,-0.03412256
-0.025425293,0.35381612,-0.041262154,-0.025425293,0.35381612,-0.041262154
-0.014159163,0.35496742,-0.046210613,-0.014159163,0.35496742,-0.046210613
-0.015952421,0.37075788,-0.0498716,-0.015952421,0.37075788,-0.0498716
-0.024440918,0.33128405,0.07326918,-0.024440918,0.33128405,0.07326918
-0.024164632,0.3240698,0.06305142,-0.024164632,0.3240698,0.06305142
-0.013572718,0.3206945,0.07022842,-0.013572718,0.3206945,0.07022842
-0.013353801,0.32713833,0.07940562,-0.013353801,0.32713833,0.07940562
-0.0028170543,0.4088873,0.12463778,-0.0028170543,0.4088873,0.12463778
-0.0037850332,0.40765545,0.12256641,-0.0037850332,0.40765545,0.12256641
-0.001871442,0.40546185,0.123526976,-0.001871442,0.40546185,0.123526976
-0.0013679732,0.40785053,0.12627085,-0.0013679732,0.40785053,0.12627085
-0.009671814,0.4087577,0.11918588,-0.009671814,0.4087577,0.11918588
-0.007679886,0.4057914,0.11919049,-0.007679886,0.4057914,0.11919049
-0.007322697,0.40782925,0.11923278,-0.007322697,0.40782925,0.11923278
-0.010510339,0.4100929,0.12083115,-0.010510339,0.4100929,0.12083115
-0.009918947,0.41155365,0.12350113,-0.009918947,0.41155365,0.12350113
-0.0051117213,0.4124292,0.12826298,-0.0051117213,0.4124292,0.12826298
-0.004818091,0.41309783,0.13324594,-0.004818091,0.41309783,0.13324594
-0.008037259,0.41233644,0.12652272,-0.008037259,0.41233644,0.12652272
-0.0046404153,0.41015908,0.12307504,-0.0046404153,0.41015908,0.12307504
-0.004978865,0.40884432,0.12127379,-0.004978865,0.40884432,0.12127379
-0.0068755136,0.40960097,0.11967189,-0.0068755136,0.40960097,0.11967189
-0.00858181,0.409799,0.119611226,-0.00858181,0.409799,0.119611226
-0.005448175,0.41232127,0.12612431,-0.005448175,0.41232127,0.12612431
-0.0072614644,0.41215253,0.124784745,-0.0072614644,0.41215253,0.124784745
-0.004665249,0.4336681,0.12451035,-0.004665249,0.4336681,0.12451035
-0.0043248627,0.30957022,0.06829433,-0.0043248627,0.30957022,0.06829433
-0.00441592,0.31880057,0.073621295,-0.00441592,0.31880057,0.073621295
-0.022683322,0.38120088,0.110155776,-0.022683322,0.38120088,0.110155776
-0.022985028,0.4616659,0.103524365,-0.022985028,0.4616659,0.103524365
-0.04746165,0.4248656,0.09569102,-0.04746165,0.4248656,0.09569102
-0.027214456,0.42679882,0.10369953,-0.027214456,0.42679882,0.10369953
-0.027612291,0.43263546,0.10124761,-0.027612291,0.43263546,0.10124761
-0.033534333,0.4296248,0.100328796,-0.033534333,0.4296248,0.100328796
-0.033432346,0.422322,0.103256345,-0.033432346,0.422322,0.103256345
-0.014249639,0.4586361,0.10356714,-0.014249639,0.4586361,0.10356714
-0.0094199,0.45305723,0.10263803,-0.0094199,0.45305723,0.10263803
-0.005470112,0.45504457,0.10883356,-0.005470112,0.45504457,0.10883356
-0.009091316,0.44658238,0.10278135,-0.009091316,0.44658238,0.10278135
-0.012308089,0.44152406,0.10182741,-0.012308089,0.44152406,0.10182741
-0.010513288,0.43926328,0.1075469,-0.010513288,0.43926328,0.1075469
-0.005735646,0.44602302,0.1111141,-0.005735646,0.44602302,0.1111141
-0.045657724,0.45240283,0.091727704,-0.045657724,0.45240283,0.091727704
-0.04356783,0.45104465,0.093442865,-0.04356783,0.45104465,0.093442865
-0.015639268,0.43461215,0.104859605,-0.015639268,0.43461215,0.104859605
-0.016891645,0.43809006,0.10127124,-0.016891645,0.43809006,0.10127124
-0.021974823,0.4353976,0.101266205,-0.021974823,0.4353976,0.101266205
-0.021185799,0.4306363,0.10380061,-0.021185799,0.4306363,0.10380061
-0.0401021,0.4267267,0.098740846,-0.0401021,0.4267267,0.098740846
-0.051981866,0.44915557,0.08447503,-0.051981866,0.44915557,0.08447503
-0.0491017,0.43799806,0.08726696,-0.0491017,0.43799806,0.08726696
-0.06568929,0.3974836,0.00015252066,-0.06568929,0.3974836,0.00015252066
-0.06940621,0.40833488,-0.007135542,-0.06940621,0.40833488,-0.007135542
-0.06840181,0.39010397,0.019882364,-0.06840181,0.39010397,0.019882364
-0.06741301,0.39212322,0.01576706,-0.06741301,0.39212322,0.01576706
-0.06265585,0.38676253,0.018092286,-0.06265585,0.38676253,0.018092286
-0.0656073,0.38602746,0.022788737,-0.0656073,0.38602746,0.022788737
-0.078716084,0.44202206,-0.0005597596,-0.078716084,0.44202206,-0.0005597596
-0.0781865,0.44253933,0.0034602655,-0.0781865,0.44253933,0.0034602655
-0.07863843,0.44932643,0.0040287124,-0.07863843,0.44932643,0.0040287124
-0.07867096,0.44835633,-0.0036487577,-0.07867096,0.44835633,-0.0036487577
-0.078256324,0.4451099,0.0101503385,-0.078256324,0.4451099,0.0101503385
-0.07763996,0.44127455,0.010450141,-0.07763996,0.44127455,0.010450141
-0.07734548,0.44083792,0.013898761,-0.07734548,0.44083792,0.013898761
-0.07801569,0.44828093,0.012354046,-0.07801569,0.44828093,0.012354046
-0.07622658,0.44573963,0.019932678,-0.07622658,0.44573963,0.019932678
-0.07684299,0.4576776,0.02304189,-0.07684299,0.4576776,0.02304189
-0.07891101,0.45977667,0.012562459,-0.07891101,0.45977667,0.012562459
-0.07116399,0.4440178,0.043475207,-0.07116399,0.4440178,0.043475207
-0.073593155,0.45259583,0.032845836,-0.073593155,0.45259583,0.032845836
-0.073719226,0.4404625,0.026095198,-0.073719226,0.4404625,0.026095198
-0.07224809,0.43208626,0.031065457,-0.07224809,0.43208626,0.031065457
-0.06847921,0.39753422,0.030806115,-0.06847921,0.39753422,0.030806115
-0.067722484,0.38985124,0.027425725,-0.067722484,0.38985124,0.027425725
-0.063192315,0.3902292,0.009850586,-0.063192315,0.3902292,0.009850586
-0.053364113,0.44185722,-0.06403203,-0.053364113,0.44185722,-0.06403203
-0.06342759,0.43711832,-0.04928257,-0.06342759,0.43711832,-0.04928257
-0.06946263,0.43268082,-0.03505447,-0.06946263,0.43268082,-0.03505447
-0.07290473,0.429431,-0.022614572,-0.07290473,0.429431,-0.022614572
-0.04050838,0.44704825,-0.076783046,-0.04050838,0.44704825,-0.076783046
-0.023694362,0.44818625,-0.084417775,-0.023694362,0.44818625,-0.084417775
-0.071288176,0.42687136,0.044180147,-0.071288176,0.42687136,0.044180147
-0.07093954,0.42059356,0.032562654,-0.07093954,0.42059356,0.032562654
-0.05923825,0.41867852,-0.046683162,-0.05923825,0.41867852,-0.046683162
-0.04967668,0.42146865,-0.06104905,-0.04967668,0.42146865,-0.06104905
-0.06513226,0.41662872,-0.032489143,-0.06513226,0.41662872,-0.032489143
-0.069700025,0.41652584,-0.020392368,-0.069700025,0.41652584,-0.020392368
-0.03683485,0.42598826,-0.07317542,-0.03683485,0.42598826,-0.07317542
-0.019723065,0.42412826,-0.07988484,-0.019723065,0.42412826,-0.07988484
-0.018421218,0.40332136,-0.07065292,-0.018421218,0.40332136,-0.07065292
-0.072658986,0.39896253,0.020122468,-0.072658986,0.39896253,0.020122468
-0.07339957,0.39333692,0.02117945,-0.07339957,0.39333692,0.02117945
-0.07041109,0.39205757,0.022746554,-0.07041109,0.39205757,0.022746554
-0.07053112,0.39782408,0.02429104,-0.07053112,0.39782408,0.02429104
-0.06996189,0.40881944,0.031785443,-0.06996189,0.40881944,0.031785443
-0.06951831,0.41162342,0.043805096,-0.06951831,0.41162342,0.043805096
-0.0050514312,0.4396239,0.11857998,-0.0050514312,0.4396239,0.11857998
-0.005231956,0.34583828,0.12083216,-0.005231956,0.34583828,0.12083216
-0.003156347,0.35969964,0.12042596,-0.003156347,0.35969964,0.12042596
-0.0051493603,0.39847508,0.12247591,-0.0051493603,0.39847508,0.12247591
-0.005627996,0.39436948,0.12339032,-0.005627996,0.39436948,0.12339032
-0.0024274802,0.39374557,0.12407698,-0.0024274802,0.39374557,0.12407698
-0.0020703925,0.39767307,0.12326631,-0.0020703925,0.39767307,0.12326631
-0.017481174,0.45519537,0.098835535,-0.017481174,0.45519537,0.098835535
-0.01735047,0.3866633,-0.059767168,-0.01735047,0.3866633,-0.059767168
-0.013316981,0.33890685,-0.045505397,-0.013316981,0.33890685,-0.045505397
-0.013645221,0.32245204,-0.04725588,-0.013645221,0.32245204,-0.04725588
-0.03838574,0.3094595,-0.044439472,-0.03838574,0.3094595,-0.044439472
-0.026932769,0.30812383,-0.050090633,-0.026932769,0.30812383,-0.050090633
-0.0017257971,0.40167668,0.122906506,-0.0017257971,0.40167668,0.122906506
-0.0045523397,0.40225697,0.12184769,-0.0045523397,0.40225697,0.12184769
-0.0048256083,0.41168505,0.124894224,-0.0048256083,0.41168505,0.124894224
-0.010542347,0.3861146,0.120535314,-0.010542347,0.3861146,0.120535314
-0.005119524,0.40743008,0.12096537,-0.005119524,0.40743008,0.12096537
-0.0044180886,0.40524063,0.121434,-0.0044180886,0.40524063,0.121434
0.0001448553,0.40487805,0.124414206,0.0001448553,0.40487805,0.124414206
-0.00012041319,0.40129945,0.123287186,-0.00012041319,0.40129945,0.123287186
-0.027726626,0.43843898,0.0995249,-0.027726626,0.43843898,0.0995249
-0.027804956,0.44299784,0.09886386,-0.027804956,0.44299784,0.09886386
-0.0033103153,0.4107132,0.12709764,-0.0033103153,0.4107132,0.12709764
-0.0021883235,0.40986526,0.12977645,-0.0021883235,0.40986526,0.12977645
-0.041297995,0.29584983,0.040390983,-0.041297995,0.29584983,0.040390983
-0.052198727,0.29937208,0.026078107,-0.052198727,0.29937208,0.026078107
-0.0005003473,0.38616666,0.12338142,-0.0005003473,0.38616666,0.12338142
-0.0004984788,0.38987893,0.124714024,-0.0004984788,0.38987893,0.124714024
-0.072375,0.42490414,0.023014449,-0.072375,0.42490414,0.023014449
-0.0740349,0.43224868,0.020823615,-0.0740349,0.43224868,0.020823615
-0.07533382,0.42721784,0.015734589,-0.07533382,0.42721784,0.015734589
-0.07358234,0.4209044,0.017572561,-0.07358234,0.4209044,0.017572561
-0.0048109903,0.2999572,0.063565664,-0.0048109903,0.2999572,0.063565664
-0.05660736,0.30268228,0.009698251,-0.05660736,0.30268228,0.009698251
-0.014673043,0.3084987,-0.05329999,-0.014673043,0.3084987,-0.05329999
-0.045245342,0.44373167,0.090009004,-0.045245342,0.44373167,0.090009004
-0.046201285,0.44534227,0.08862148,-0.046201285,0.44534227,0.08862148
-0.020239925,0.45259482,0.09768703,-0.020239925,0.45259482,0.09768703
-0.012301558,0.37848163,0.11878477,-0.012301558,0.37848163,0.11878477
-0.010554163,0.38231465,0.11798575,-0.010554163,0.38231465,0.11798575
-0.0045618126,0.32522118,0.082187794,-0.0045618126,0.32522118,0.082187794
0.00019991776,0.40728033,0.12728414,0.00019991776,0.40728033,0.12728414
-0.07616081,0.43455407,0.007091506,-0.07616081,0.43455407,0.007091506
-0.07572136,0.43082014,0.008010631,-0.07572136,0.43082014,0.008010631
-0.07825445,0.4299932,0.010002489,-0.07825445,0.4299932,0.010002489
-0.07848929,0.43332696,0.01046845,-0.07848929,0.43332696,0.01046845
-0.07985221,0.43688777,0.015197025,-0.07985221,0.43688777,0.015197025
-0.08123947,0.44024718,0.013410696,-0.08123947,0.44024718,0.013410696
-0.082324,0.43662986,0.011937895,-0.082324,0.43662986,0.011937895
-0.080799654,0.43371132,0.01277048,-0.080799654,0.43371132,0.01277048
-0.07636615,0.43783495,0.017807215,-0.07636615,0.43783495,0.017807215
-0.07764625,0.43287268,0.015853439,-0.07764625,0.43287268,0.015853439
-0.083634436,0.44156542,0.011560885,-0.083634436,0.44156542,0.011560885
-0.08325514,0.43877986,0.01032988,-0.08325514,0.43877986,0.01032988
-0.07809736,0.44222048,0.007635841,-0.07809736,0.44222048,0.007635841
-0.080905,0.44294077,0.010291597,-0.080905,0.44294077,0.010291597
-0.08219361,0.4444912,0.005718896,-0.08219361,0.4444912,0.005718896
-0.08618886,0.44255137,0.0076792426,-0.08618886,0.44255137,0.0076792426
-0.0841975,0.44404247,-0.0004975879,-0.0841975,0.44404247,-0.0004975879
-0.0888564,0.44171932,0.0023383086,-0.0888564,0.44171932,0.0023383086
-0.084588066,0.4400428,-0.005875027,-0.084588066,0.4400428,-0.005875027
-0.089827485,0.43842316,-0.003303387,-0.089827485,0.43842316,-0.003303387
-0.071001925,0.40594846,0.024131762,-0.071001925,0.40594846,0.024131762
-0.07043636,0.40632153,0.017416991,-0.07043636,0.40632153,0.017416991
-0.084417716,0.4338256,-0.008595981,-0.084417716,0.4338256,-0.008595981
-0.090112135,0.43310007,-0.0065826345,-0.090112135,0.43310007,-0.0065826345
-0.08381383,0.42616013,-0.01033809,-0.08381383,0.42616013,-0.01033809
-0.089344606,0.42591316,-0.008137257,-0.089344606,0.42591316,-0.008137257
-0.08290302,0.41765416,-0.009599909,-0.08290302,0.41765416,-0.009599909
-0.08768668,0.4183747,-0.0075631626,-0.08768668,0.4183747,-0.0075631626
-0.0815712,0.4098975,-0.0066024438,-0.0815712,0.4098975,-0.0066024438
-0.08612917,0.41128325,-0.0047603636,-0.08612917,0.41128325,-0.0047603636
-0.0794915,0.40077886,-0.001856014,-0.0794915,0.40077886,-0.001856014
-0.08411484,0.40456182,7.5297845e-05,-0.08411484,0.40456182,7.5297845e-05
-0.08581925,0.43657455,-0.002403498,-0.08581925,0.43657455,-0.002403498
-0.0848423,0.43965182,0.0014277871,-0.0848423,0.43965182,0.0014277871
-0.0774664,0.4381726,-0.0024835288,-0.0774664,0.4381726,-0.0024835288
-0.083847426,0.44039363,0.006405637,-0.083847426,0.44039363,0.006405637
-0.074959405,0.42496043,0.0012594301,-0.074959405,0.42496043,0.0012594301
-0.073961645,0.42293587,0.0017547215,-0.073961645,0.42293587,0.0017547215
-0.0762129,0.42399356,0.0049430095,-0.0762129,0.42399356,0.0049430095
-0.07441652,0.42606667,0.0031779367,-0.07441652,0.42606667,0.0031779367
-0.07433404,0.4187369,0.014018519,-0.07433404,0.4187369,0.014018519
-0.07409685,0.41329822,0.014211803,-0.07409685,0.41329822,0.014211803
-0.073129304,0.413439,0.018211603,-0.073129304,0.413439,0.018211603
-0.07216164,0.4092793,0.013813107,-0.07216164,0.4092793,0.013813107
-0.07123754,0.41383722,0.01249469,-0.07123754,0.41383722,0.01249469
-0.07139659,0.41053927,0.012355106,-0.07139659,0.41053927,0.012355106
-0.070566095,0.4178989,0.011936835,-0.070566095,0.4178989,0.011936835
-0.071814224,0.4090145,0.010824928,-0.071814224,0.4090145,0.010824928
-0.072856806,0.40734538,0.012025667,-0.072856806,0.40734538,0.012025667
-0.070754856,0.41,0.010159582,-0.070754856,0.41,0.010159582
-0.07034958,0.41095886,0.011022577,-0.07034958,0.41095886,0.011022577
-0.06951126,0.41283295,0.010070466,-0.06951126,0.41283295,0.010070466
-0.069676384,0.41581592,0.0076682735,-0.069676384,0.41581592,0.0076682735
-0.07208273,0.41567343,0.023946695,-0.07208273,0.41567343,0.023946695
-0.06997319,0.4039602,0.0030088162,-0.06997319,0.4039602,0.0030088162
-0.07321175,0.411996,-0.0015362997,-0.07321175,0.411996,-0.0015362997
-0.081225224,0.39951664,0.0060400027,-0.081225224,0.39951664,0.0060400027
-0.077907786,0.39375722,0.005846688,-0.077907786,0.39375722,0.005846688
-0.07545007,0.39030465,0.018959869,-0.07545007,0.39030465,0.018959869
-0.076940544,0.38992622,0.013272185,-0.076940544,0.38992622,0.013272185
-0.07647955,0.4329211,-0.0038045144,-0.07647955,0.4329211,-0.0038045144
-0.07618925,0.42629212,-0.0053091263,-0.07618925,0.42629212,-0.0053091263
-0.06812045,0.39793792,0.010359203,-0.06812045,0.39793792,0.010359203
-0.07520273,0.41946766,-0.004563369,-0.07520273,0.41946766,-0.004563369
-0.082205646,0.408364,0.0011384063,-0.082205646,0.408364,0.0011384063
-0.07958079,0.40494597,0.0055147293,-0.07958079,0.40494597,0.0055147293
-0.08468688,0.41322818,-0.002446365,-0.08468688,0.41322818,-0.002446365
-0.07398873,0.4040343,0.014249096,-0.07398873,0.4040343,0.014249096
-0.07706865,0.40358278,0.010135879,-0.07706865,0.40358278,0.010135879
-0.07887963,0.39791447,0.012078045,-0.07887963,0.39791447,0.012078045
-0.07607292,0.39801383,0.016893882,-0.07607292,0.39801383,0.016893882
-0.07739261,0.4086199,0.0058587478,-0.07739261,0.4086199,0.0058587478
-0.08069119,0.41130424,0.003057217,-0.08069119,0.41130424,0.003057217
-0.07400192,0.4107837,0.0047792406,-0.07400192,0.4107837,0.0047792406
-0.07708207,0.41349486,0.0023963032,-0.07708207,0.41349486,0.0023963032
-0.07260358,0.40924165,0.008135502,-0.07260358,0.40924165,0.008135502
-0.07465638,0.40717223,0.008995621,-0.07465638,0.40717223,0.008995621
-0.07025664,0.4126895,0.0041452637,-0.07025664,0.4126895,0.0041452637
-0.073169574,0.41653407,0.0013248597,-0.073169574,0.41653407,0.0013248597
-0.07032431,0.4107218,0.007965432,-0.07032431,0.4107218,0.007965432
-0.080045745,0.41680512,0.0015837185,-0.080045745,0.41680512,0.0015837185
-0.076891266,0.41980007,0.0011834584,-0.076891266,0.41980007,0.0011834584
-0.08030675,0.4232186,0.0026931332,-0.08030675,0.4232186,0.0026931332
-0.08254794,0.42070368,0.0014460894,-0.08254794,0.42070368,0.0014460894
-0.08323037,0.41498604,0.0004283472,-0.08323037,0.41498604,0.0004283472
-0.085168436,0.419429,-0.0013013065,-0.085168436,0.419429,-0.0013013065
-0.08526741,0.41913754,-0.0048777866,-0.08526741,0.41913754,-0.0048777866
-0.08572213,0.4249318,-0.0023050425,-0.08572213,0.4249318,-0.0023050425
-0.085783035,0.42574513,-0.0055917767,-0.085783035,0.42574513,-0.0055917767
-0.08389912,0.42473772,0.0004802571,-0.08389912,0.42473772,0.0004802571
-0.08234512,0.42573845,0.0028122494,-0.08234512,0.42573845,0.0028122494
-0.08628369,0.43199927,-0.004787671,-0.08628369,0.43199927,-0.004787671
-0.08556607,0.43021545,-0.0018082532,-0.08556607,0.43021545,-0.0018082532
-0.084993005,0.43428072,-0.00014570827,-0.084993005,0.43428072,-0.00014570827
-0.084446415,0.4287178,0.00082016736,-0.084446415,0.4287178,0.00082016736
-0.08369966,0.43185756,0.002096668,-0.08369966,0.43185756,0.002096668
-0.08317927,0.42804748,0.0023952625,-0.08317927,0.42804748,0.0023952625
-0.082361154,0.42978102,0.0036662333,-0.082361154,0.42978102,0.0036662333
-0.080740385,0.43789548,0.008753878,-0.080740385,0.43789548,0.008753878
-0.079555556,0.43607667,0.010249751,-0.079555556,0.43607667,0.010249751
-0.08217642,0.43804914,0.005902848,-0.08217642,0.43804914,0.005902848
-0.08073389,0.43551788,0.0059936866,-0.08073389,0.43551788,0.0059936866
-0.07982444,0.43703976,0.0072280862,-0.07982444,0.43703976,0.0072280862
-0.078412525,0.43593645,0.007576798,-0.078412525,0.43593645,0.007576798
-0.07974123,0.43325287,0.0066351015,-0.07974123,0.43325287,0.0066351015
-0.07771688,0.43112138,0.005549897,-0.07771688,0.43112138,0.005549897
-0.01892656,0.26889846,0.0527171,-0.01892656,0.26889846,0.0527171
-0.0066535743,0.26746672,0.054377228,-0.0066535743,0.26746672,0.054377228
-0.0057471963,0.27794454,0.05657984,-0.0057471963,0.27794454,0.05657984
-0.017237559,0.27972075,0.05372204,-0.017237559,0.27972075,0.05372204
-0.082241595,0.4339991,0.003997188,-0.082241595,0.4339991,0.003997188
-0.08119887,0.43140486,0.0054628914,-0.08119887,0.43140486,0.0054628914
-0.083579265,0.43689358,0.0025104336,-0.083579265,0.43689358,0.0025104336
-0.0789849,0.42727745,0.003425687,-0.0789849,0.42727745,0.003425687
-0.07988238,0.42914975,0.0047889636,-0.07988238,0.42914975,0.0047889636
-0.08125342,0.4275416,0.0041555213,-0.08125342,0.4275416,0.0041555213
-0.08030094,0.42604244,0.0035566965,-0.08030094,0.42604244,0.0035566965
-0.07403279,0.42275804,0.012809577,-0.07403279,0.42275804,0.012809577
-0.07203523,0.42104882,0.009416813,-0.07203523,0.42104882,0.009416813
-0.07204819,0.4184883,0.005457554,-0.07204819,0.4184883,0.005457554
-0.054140456,0.2568447,0.03507509,-0.054140456,0.2568447,0.03507509
-0.05012657,0.26572138,0.0323841,-0.05012657,0.26572138,0.0323841
-0.064621635,0.27213135,0.01924125,-0.064621635,0.27213135,0.01924125
-0.06980625,0.26491284,0.021757321,-0.06980625,0.26491284,0.021757321
-0.06564442,0.23618767,0.052040935,-0.06564442,0.23618767,0.052040935
-0.087827206,0.24434209,0.03658038,-0.087827206,0.24434209,0.03658038
-0.08754609,0.22309408,0.055457182,-0.08754609,0.22309408,0.055457182
-0.06841272,0.21815972,0.0621807,-0.06841272,0.21815972,0.0621807
-0.08664179,0.20471294,0.06944639,-0.08664179,0.20471294,0.06944639
-0.06912424,0.20130867,0.07331574,-0.06912424,0.20130867,0.07331574
-0.0821767,0.15593538,0.10398107,-0.0821767,0.15593538,0.10398107
-0.06584997,0.15508318,0.10733158,-0.06584997,0.15508318,0.10733158
-0.06709984,0.17040749,0.09627392,-0.06709984,0.17040749,0.09627392
-0.08385924,0.17151523,0.092793964,-0.08385924,0.17151523,0.092793964
-0.100905634,0.080562636,0.13340893,-0.100905634,0.080562636,0.13340893
-0.09487019,0.0630648,0.13109756,-0.09487019,0.0630648,0.13109756
-0.0817473,0.06718475,0.13656908,-0.0817473,0.06718475,0.13656908
-0.08922445,0.08291949,0.13752125,-0.08922445,0.08291949,0.13752125
-0.15155792,0.17828673,0.0649175,-0.15155792,0.17828673,0.0649175
-0.15394987,0.19794193,0.057281435,-0.15394987,0.19794193,0.057281435
-0.1660848,0.1887366,0.055672172,-0.1660848,0.1887366,0.055672172
-0.16163443,0.1682379,0.06155178,-0.16163443,0.1682379,0.06155178
-0.09806496,0.27816808,-0.010952258,-0.09806496,0.27816808,-0.010952258
-0.09436635,0.2636248,0.011741051,-0.09436635,0.2636248,0.011741051
-0.08584564,0.2677092,0.0069590826,-0.08584564,0.2677092,0.0069590826
-0.0905794,0.2814506,-0.0130502,-0.0905794,0.2814506,-0.0130502
-0.14494501,0.0918802,0.08645219,-0.14494501,0.0918802,0.08645219
-0.14016578,0.0801169,0.094620965,-0.14016578,0.0801169,0.094620965
-0.13602902,0.08947528,0.10241511,-0.13602902,0.08947528,0.10241511
-0.13984899,0.10114515,0.095560186,-0.13984899,0.10114515,0.095560186
-0.11593092,0.004795105,0.088626415,-0.11593092,0.004795105,0.088626415
-0.11765504,-0.014220641,0.08848728,-0.11765504,-0.014220641,0.08848728
-0.102540284,-0.014513191,0.10524775,-0.102540284,-0.014513191,0.10524775
-0.10140928,0.0043189605,0.104356855,-0.10140928,0.0043189605,0.104356855
-0.15278839,0.025229394,0.021767149,-0.15278839,0.025229394,0.021767149
-0.15532197,0.023516035,-0.0053028595,-0.15532197,0.023516035,-0.0053028595
-0.15338115,0.0082419645,-0.005996328,-0.15338115,0.0082419645,-0.005996328
-0.15187784,0.008251457,0.021080518,-0.15187784,0.008251457,0.021080518
-0.11117747,0.15493523,0.095150106,-0.11117747,0.15493523,0.095150106
-0.0974208,0.15593405,0.09977652,-0.0974208,0.15593405,0.09977652
-0.09963607,0.17154244,0.088918924,-0.09963607,0.17154244,0.088918924
-0.1140846,0.17086245,0.08466884,-0.1140846,0.17086245,0.08466884
-0.34068704,0.22314927,0.016415857,-0.34068704,0.22314927,0.016415857
-0.34093845,0.20667571,0.016981028,-0.34093845,0.20667571,0.016981028
-0.3156709,0.20700519,0.018785937,-0.3156709,0.20700519,0.018785937
-0.31515744,0.22334394,0.017673219,-0.31515744,0.22334394,0.017673219
-0.15451382,-0.082056955,0.030054014,-0.15451382,-0.082056955,0.030054014
-0.1535096,-0.078535,0.004473005,-0.1535096,-0.078535,0.004473005
-0.15687694,-0.09625909,0.0069642025,-0.15687694,-0.09625909,0.0069642025
-0.15690246,-0.10032276,0.033250563,-0.15690246,-0.10032276,0.033250563
-0.20297483,0.25148878,0.027607232,-0.20297483,0.25148878,0.027607232
-0.18875304,0.25535,0.028778767,-0.18875304,0.25535,0.028778767
-0.18712728,0.27182055,0.008559505,-0.18712728,0.27182055,0.008559505
-0.20070155,0.26879662,0.009046308,-0.20070155,0.26879662,0.009046308
-0.15025304,0.13987193,0.07271285,-0.15025304,0.13987193,0.07271285
-0.14285645,0.14697027,0.079221115,-0.14285645,0.14697027,0.079221115
-0.14784732,0.1617671,0.0721208,-0.14784732,0.1617671,0.0721208
-0.15552406,0.15255839,0.067079104,-0.15552406,0.15255839,0.067079104
-0.16343494,0.052876066,-0.0084934,-0.16343494,0.052876066,-0.0084934
-0.16157536,0.05456276,0.014303275,-0.16157536,0.05456276,0.014303275
-0.16459303,0.071124785,0.008441329,-0.16459303,0.071124785,0.008441329
-0.16686393,0.06969657,-0.011900892,-0.16686393,0.06969657,-0.011900892
-0.15762167,0.039228152,0.018678105,-0.15762167,0.039228152,0.018678105
-0.15958,0.037421327,-0.006392258,-0.15958,0.037421327,-0.006392258
-0.13408343,0.15106742,0.08459461,-0.13408343,0.15106742,0.08459461
-0.12346611,0.15319422,0.089984536,-0.12346611,0.15319422,0.089984536
-0.12683359,0.16974151,0.08038488,-0.12683359,0.16974151,0.08038488
-0.13743438,0.16783488,0.07632765,-0.13743438,0.16783488,0.07632765
-0.08913031,0.048087753,0.12490331,-0.08913031,0.048087753,0.12490331
-0.07325015,0.053211927,0.13217622,-0.07325015,0.053211927,0.13217622
-0.15059866,-0.1050486,0.058676045,-0.15059866,-0.1050486,0.058676045
-0.13888918,-0.110257536,0.081030004,-0.13888918,-0.110257536,0.081030004
-0.1379074,-0.09044301,0.077821255,-0.1379074,-0.09044301,0.077821255
-0.14899932,-0.08610381,0.055430174,-0.14899932,-0.08610381,0.055430174
-0.08438089,0.021778438,0.11476405,-0.08438089,0.021778438,0.11476405
-0.08516895,0.035996642,0.1181035,-0.08516895,0.035996642,0.1181035
-0.09992798,0.03462084,0.108529985,-0.09992798,0.03462084,0.108529985
-0.09962517,0.020877305,0.10351324,-0.09962517,0.020877305,0.10351324
-0.12333765,-0.11495392,0.100542806,-0.12333765,-0.11495392,0.100542806
-0.10619628,-0.119279,0.119033545,-0.10619628,-0.119279,0.119033545
-0.10488638,-0.09748622,0.115369834,-0.10488638,-0.09748622,0.115369834
-0.12227097,-0.09438,0.097409345,-0.12227097,-0.09438,0.097409345
-0.08554255,0.18767317,0.08134247,-0.08554255,0.18767317,0.08134247
-0.06836121,0.18577513,0.08495105,-0.06836121,0.18577513,0.08495105
-0.12058288,0.07954171,0.12008377,-0.12058288,0.07954171,0.12008377
-0.117493115,0.062646165,0.11694564,-0.117493115,0.062646165,0.11694564
-0.1069454,0.061912347,0.1244301,-0.1069454,0.061912347,0.1244301
-0.11161563,0.079642065,0.12733191,-0.11161563,0.079642065,0.12733191
-0.16905688,0.13961785,0.04210315,-0.16905688,0.13961785,0.04210315
-0.16857257,0.15433066,0.054503474,-0.16857257,0.15433066,0.054503474
-0.17908631,0.17509787,0.049522568,-0.17908631,0.17509787,0.049522568
-0.17920329,0.1517379,0.03700614,-0.17920329,0.1517379,0.03700614
-0.15965796,-0.114015654,0.009357789,-0.15965796,-0.114015654,0.009357789
-0.15911184,-0.118238315,0.03588615,-0.15911184,-0.118238315,0.03588615
-0.1244156,-0.13602953,0.102595545,-0.1244156,-0.13602953,0.102595545
-0.107144065,-0.14110997,0.12110023,-0.107144065,-0.14110997,0.12110023
-0.21603222,0.14457268,-0.03154034,-0.21603222,0.14457268,-0.03154034
-0.20499727,0.1324184,-0.027877511,-0.20499727,0.1324184,-0.027877511
-0.20201,0.13517316,-0.013428624,-0.20201,0.13517316,-0.013428624
-0.21354005,0.14769337,-0.017690208,-0.21354005,0.14769337,-0.017690208
-0.05035229,0.08521964,0.14012454,-0.05035229,0.08521964,0.14012454
-0.06562531,0.09373646,0.13996977,-0.06562531,0.09373646,0.13996977
-0.07128016,0.077442124,0.14014333,-0.07128016,0.077442124,0.14014333
-0.058666524,0.06520218,0.13795154,-0.058666524,0.06520218,0.13795154
-0.114665546,0.04744646,0.10885432,-0.114665546,0.04744646,0.10885432
-0.11330568,0.035434954,0.0990314,-0.11330568,0.035434954,0.0990314
-0.10287951,0.04655182,0.11706603,-0.10287951,0.04655182,0.11706603
-0.034239322,0.07609562,0.1370588,-0.034239322,0.07609562,0.1370588
-0.04431658,0.050536685,0.13291556,-0.04431658,0.050536685,0.13291556
-0.050495062,0.18315397,0.0884347,-0.050495062,0.18315397,0.0884347
-0.049641922,0.16860557,0.099241905,-0.049641922,0.16860557,0.099241905
-0.05056887,0.19838251,0.07846263,-0.05056887,0.19838251,0.07846263
-0.032339714,0.1957242,0.08317329,-0.032339714,0.1957242,0.08317329
-0.030688383,0.21137719,0.07405529,-0.030688383,0.21137719,0.07405529
-0.049001798,0.21421862,0.06883901,-0.049001798,0.21421862,0.06883901
-0.027785335,0.22705165,0.066532105,-0.027785335,0.22705165,0.066532105
-0.045741554,0.23045425,0.060966544,-0.045741554,0.23045425,0.060966544
-0.03674878,0.25163063,0.04594021,-0.03674878,0.25163063,0.04594021
-0.033715036,0.26124018,0.04340643,-0.033715036,0.26124018,0.04340643
-0.1607286,0.14106205,0.05910793,-0.1607286,0.14106205,0.05910793
-0.15513282,0.1297801,0.0638935,-0.15513282,0.1297801,0.0638935
-0.14015132,-0.13019454,0.083229184,-0.14015132,-0.13019454,0.083229184
-0.10869745,0.21318375,-0.10080158,-0.10869745,0.21318375,-0.10080158
-0.10787269,0.19524352,-0.10617991,-0.10787269,0.19524352,-0.10617991
-0.12481056,0.2012265,-0.09939567,-0.12481056,0.2012265,-0.09939567
-0.12566912,0.21846212,-0.09471204,-0.12566912,0.21846212,-0.09471204
-0.10694694,0.27803564,-0.009976701,-0.10694694,0.27803564,-0.009976701
-0.106574394,0.2641712,0.013645715,-0.106574394,0.2641712,0.013645715
-0.18416682,0.15506467,-0.07336364,-0.18416682,0.15506467,-0.07336364
-0.17200746,0.14871995,-0.0762846,-0.17200746,0.14871995,-0.0762846
-0.1751464,0.13672502,-0.07134327,-0.1751464,0.13672502,-0.07134327
-0.18499698,0.14499176,-0.06859801,-0.18499698,0.14499176,-0.06859801
-0.21435896,0.14726645,-0.05222569,-0.21435896,0.14726645,-0.05222569
-0.22800288,0.15597753,-0.055319123,-0.22800288,0.15597753,-0.055319123
-0.22663632,0.1633524,-0.06222237,-0.22663632,0.1633524,-0.06222237
-0.21165138,0.1546052,-0.05838683,-0.21165138,0.1546052,-0.05838683
-0.15025371,-0.0933471,-0.017140115,-0.15025371,-0.0933471,-0.017140115
-0.14596225,-0.07581876,-0.01972794,-0.14596225,-0.07581876,-0.01972794
-0.13244797,0.03746168,-0.07232891,-0.13244797,0.03746168,-0.07232891
-0.1441173,0.029853355,-0.052023232,-0.1441173,0.029853355,-0.052023232
-0.15121341,0.0455475,-0.050794344,-0.15121341,0.0455475,-0.050794344
-0.14184944,0.054063797,-0.0693543,-0.14184944,0.054063797,-0.0693543
-0.017797971,0.1813959,-0.10460055,-0.017797971,0.1813959,-0.10460055
-0.017880056,0.16652198,-0.10705523,-0.017880056,0.16652198,-0.10705523
-0.036246166,0.17026319,-0.11113733,-0.036246166,0.17026319,-0.11113733
-0.035887796,0.18548752,-0.10820959,-0.035887796,0.18548752,-0.10820959
-0.07147982,0.21528392,-0.1046093,-0.07147982,0.21528392,-0.1046093
-0.07078376,0.2303445,-0.09876819,-0.07078376,0.2303445,-0.09876819
-0.051141463,0.22100623,-0.10159489,-0.051141463,0.22100623,-0.10159489
-0.052156366,0.2068013,-0.1061619,-0.052156366,0.2068013,-0.1061619
-0.0904105,0.2062271,-0.1062886,-0.0904105,0.2062271,-0.1062886
-0.0901643,0.18832141,-0.11140626,-0.0901643,0.18832141,-0.11140626
-0.16593513,0.071811534,-0.030939095,-0.16593513,0.071811534,-0.030939095
-0.16184162,0.055609927,-0.02970868,-0.16184162,0.055609927,-0.02970868
-0.17375913,0.09517724,-0.035103064,-0.17375913,0.09517724,-0.035103064
-0.17366953,0.094585486,-0.018982721,-0.17366953,0.094585486,-0.018982721
-0.17806001,0.1033202,-0.021206556,-0.17806001,0.1033202,-0.021206556
-0.17821506,0.10345772,-0.03611014,-0.17821506,0.10345772,-0.03611014
-0.08378302,0.2862144,-0.0149531225,-0.08378302,0.2862144,-0.0149531225
-0.08210918,0.2919025,-0.037151165,-0.08210918,0.2919025,-0.037151165
-0.0900175,0.28824848,-0.0351028,-0.0900175,0.28824848,-0.0351028
-0.048789732,0.2690252,-0.07965958,-0.048789732,0.2690252,-0.07965958
-0.048217487,0.26272047,-0.08348664,-0.048217487,0.26272047,-0.08348664
-0.06077617,0.26844338,-0.078342885,-0.06077617,0.26844338,-0.078342885
-0.059368264,0.27358073,-0.07507162,-0.059368264,0.27358073,-0.07507162
-0.041774575,0.09996941,-0.11612237,-0.041774575,0.09996941,-0.11612237
-0.02084443,0.09863563,-0.114373095,-0.02084443,0.09863563,-0.114373095
-0.02075181,0.07793579,-0.11171754,-0.02075181,0.07793579,-0.11171754
-0.043340243,0.07766989,-0.113190725,-0.043340243,0.07766989,-0.113190725
-0.18358977,0.11350642,-0.04887463,-0.18358977,0.11350642,-0.04887463
-0.19317575,0.121423766,-0.048765108,-0.19317575,0.121423766,-0.048765108
-0.1906359,0.1272267,-0.05689587,-0.1906359,0.1272267,-0.05689587
-0.18107851,0.11888317,-0.058340035,-0.18107851,0.11888317,-0.058340035
-0.17389748,0.111665666,-0.05928404,-0.17389748,0.111665666,-0.05928404
-0.16796248,0.10364301,-0.060430825,-0.16796248,0.10364301,-0.060430825
-0.1715271,0.098366655,-0.04853458,-0.1715271,0.098366655,-0.04853458
-0.17677778,0.10665375,-0.04867701,-0.17677778,0.10665375,-0.04867701
-0.1499746,0.06944478,-0.06578726,-0.1499746,0.06944478,-0.06578726
-0.15729342,0.061638344,-0.0488547,-0.15729342,0.061638344,-0.0488547
-0.16291316,0.076721184,-0.04823399,-0.16291316,0.076721184,-0.04823399
-0.15739392,0.08367192,-0.06379659,-0.15739392,0.08367192,-0.06379659
-0.017589286,0.007444671,-0.09536451,-0.017589286,0.007444671,-0.09536451
-0.03739481,0.005366556,-0.09900268,-0.03739481,0.005366556,-0.09900268
-0.038946003,0.029463837,-0.10431606,-0.038946003,0.029463837,-0.10431606
-0.018370042,0.030999267,-0.10225495,-0.018370042,0.030999267,-0.10225495
-0.22179629,0.16744755,0.003924445,-0.22179629,0.16744755,0.003924445
-0.2208877,0.17537817,0.017829824,-0.2208877,0.17537817,0.017829824
-0.23467807,0.1794122,0.0134351365,-0.23467807,0.1794122,0.0134351365
-0.23741053,0.17097236,-0.0018778978,-0.23741053,0.17097236,-0.0018778978
-0.2336366,0.18681832,-0.074682176,-0.2336366,0.18681832,-0.074682176
-0.24440187,0.19237912,-0.076142065,-0.24440187,0.19237912,-0.076142065
-0.24334495,0.19923736,-0.0771773,-0.24334495,0.19923736,-0.0771773
-0.2320254,0.19410878,-0.07631331,-0.2320254,0.19410878,-0.07631331
-0.2592423,0.16458955,-0.019357707,-0.2592423,0.16458955,-0.019357707
-0.25478494,0.1720164,-0.005605145,-0.25478494,0.1720164,-0.005605145
-0.2750197,0.17139286,-0.007865499,-0.2750197,0.17139286,-0.007865499
-0.27889863,0.16376014,-0.022549605,-0.27889863,0.16376014,-0.022549605
-0.11494312,0.2805286,-0.036869664,-0.11494312,0.2805286,-0.036869664
-0.11605306,0.27871203,-0.009743474,-0.11605306,0.27871203,-0.009743474
-0.10650958,0.28287938,-0.035211004,-0.10650958,0.28287938,-0.035211004
-0.24536967,0.15563338,-0.03987557,-0.24536967,0.15563338,-0.03987557
-0.26171616,0.15826336,-0.044496406,-0.26171616,0.15826336,-0.044496406
-0.2608767,0.16100642,-0.05550605,-0.2608767,0.16100642,-0.05550605
-0.24422365,0.1574228,-0.050970256,-0.24422365,0.1574228,-0.050970256
-0.34023118,0.23870166,0.007994332,-0.34023118,0.23870166,0.007994332
-0.31491736,0.23869793,0.009024784,-0.31491736,0.23869793,0.009024784
-0.3022929,0.16121818,-0.03853283,-0.3022929,0.16121818,-0.03853283
-0.30407798,0.16337816,-0.051494807,-0.30407798,0.16337816,-0.051494807
-0.28186935,0.16041976,-0.0486414,-0.28186935,0.16041976,-0.0486414
-0.28118637,0.16018261,-0.036243543,-0.28118637,0.16018261,-0.036243543
-0.12458608,0.020644112,-0.07338195,-0.12458608,0.020644112,-0.07338195
-0.13818549,0.014170948,-0.053500738,-0.13818549,0.014170948,-0.053500738
-0.12243599,-0.089971624,-0.0552545,-0.12243599,-0.089971624,-0.0552545
-0.13826847,-0.09137032,-0.038225308,-0.13826847,-0.09137032,-0.038225308
-0.13304192,-0.073421374,-0.040855706,-0.13304192,-0.073421374,-0.040855706
-0.117373146,-0.07143208,-0.05785749,-0.117373146,-0.07143208,-0.05785749
-0.15316118,-0.11133539,-0.0149797695,-0.15316118,-0.11133539,-0.0149797695
-0.12582268,-0.1093139,-0.05264894,-0.12582268,-0.1093139,-0.05264894
-0.14159498,-0.109845065,-0.03608547,-0.14159498,-0.109845065,-0.03608547
-0.06713468,0.29890227,-0.03308896,-0.06713468,0.29890227,-0.03308896
-0.058686662,0.2984896,-0.04813647,-0.058686662,0.2984896,-0.04813647
-0.0645837,0.2926956,-0.053314947,-0.0645837,0.2926956,-0.053314947
-0.074708566,0.29561144,-0.03642987,-0.074708566,0.29561144,-0.03642987
-0.17865795,-0.22225504,-0.014829688,-0.17865795,-0.22225504,-0.014829688
-0.17852317,-0.24931712,-0.01936618,-0.17852317,-0.24931712,-0.01936618
-0.18511024,-0.24994528,0.00916746,-0.18511024,-0.24994528,0.00916746
-0.18354867,-0.22519967,0.015034066,-0.18354867,-0.22519967,0.015034066
-0.034353457,0.2812415,-0.07136381,-0.034353457,0.2812415,-0.07136381
-0.051085413,0.28682646,-0.06409198,-0.051085413,0.28682646,-0.06409198
-0.04605031,0.2939015,-0.05821954,-0.04605031,0.2939015,-0.05821954
-0.03203112,0.28953218,-0.0644791,-0.03203112,0.28953218,-0.0644791
-0.18047985,-0.20115386,0.016013477,-0.18047985,-0.20115386,0.016013477
-0.17614771,-0.19729775,-0.013057847,-0.17614771,-0.19729775,-0.013057847
-0.070278704,0.2927263,-0.014145985,-0.070278704,0.2927263,-0.014145985
-0.0775378,0.28943264,-0.015329956,-0.0775378,0.28943264,-0.015329956
-0.07425181,0.27983955,0.0026429258,-0.07425181,0.27983955,0.0026429258
-0.067034274,0.28518853,0.0032449355,-0.067034274,0.28518853,0.0032449355
-0.059079953,0.27979606,0.019432241,-0.059079953,0.27979606,0.019432241
-0.18562444,-0.2576176,0.039274275,-0.18562444,-0.2576176,0.039274275
-0.18139242,-0.23210813,0.04214057,-0.18139242,-0.23210813,0.04214057
-0.053319182,0.3035678,-0.0419746,-0.053319182,0.3035678,-0.0419746
-0.04211645,0.30063447,-0.05189795,-0.04211645,0.30063447,-0.05189795
-0.029333998,0.29848334,-0.05749455,-0.029333998,0.29848334,-0.05749455
-0.015689006,0.29753858,-0.060791515,-0.015689006,0.29753858,-0.060791515
-0.15737446,-0.12877728,-0.013853017,-0.15737446,-0.12877728,-0.013853017
-0.16280504,-0.13153812,0.011272084,-0.16280504,-0.13153812,0.011272084
-0.12386605,-0.3530172,-0.08856122,-0.12386605,-0.3530172,-0.08856122
-0.09621938,-0.35700452,-0.09659114,-0.09621938,-0.35700452,-0.09659114
-0.09395069,-0.36810705,-0.08828854,-0.09395069,-0.36810705,-0.08828854
-0.12648383,-0.36874282,-0.07889927,-0.12648383,-0.36874282,-0.07889927
-0.026484812,-0.34026155,-0.10102048,-0.026484812,-0.34026155,-0.10102048
-0.02352166,-0.34963736,-0.0875827,-0.02352166,-0.34963736,-0.0875827
-0.058903478,-0.36166814,-0.09025072,-0.058903478,-0.36166814,-0.09025072
-0.06359131,-0.35146654,-0.10180858,-0.06359131,-0.35146654,-0.10180858
-0.033107124,-0.22919871,-0.11551044,-0.033107124,-0.22919871,-0.11551044
-0.06311281,-0.22953968,-0.115358464,-0.06311281,-0.22953968,-0.115358464
-0.06336338,-0.20751132,-0.108405836,-0.06336338,-0.20751132,-0.108405836
-0.03402466,-0.20705935,-0.10935221,-0.03402466,-0.20705935,-0.10935221
-0.13024758,-0.12720089,-0.05260643,-0.13024758,-0.12720089,-0.05260643
-0.14587283,-0.12757617,-0.03559343,-0.14587283,-0.12757617,-0.03559343
-0.16089183,-0.13600993,0.037739612,-0.16089183,-0.13600993,0.037739612
-0.1838738,-0.39678523,0.05361619,-0.1838738,-0.39678523,0.05361619
-0.19048539,-0.38923362,0.013237347,-0.19048539,-0.38923362,0.013237347
-0.18543355,-0.4261258,0.01274704,-0.18543355,-0.4261258,0.01274704
-0.18085025,-0.43373212,0.05077406,-0.18085025,-0.43373212,0.05077406
-0.15198374,-0.41892207,-0.04812682,-0.15198374,-0.41892207,-0.04812682
-0.1561842,-0.38877618,-0.053417265,-0.1561842,-0.38877618,-0.053417265
-0.124484606,-0.39049882,-0.07092695,-0.124484606,-0.39049882,-0.07092695
-0.1210725,-0.41639858,-0.064403385,-0.1210725,-0.41639858,-0.064403385
-0.08884281,-0.145549,0.1380976,-0.08884281,-0.145549,0.1380976
-0.10702571,-0.16207162,0.12108327,-0.10702571,-0.16207162,0.12108327
-0.08838942,-0.1674063,0.13740107,-0.08838942,-0.1674063,0.13740107
-0.02937568,-0.15590449,0.16570564,-0.02937568,-0.15590449,0.16570564
-0.051257517,-0.15281671,0.16046746,-0.051257517,-0.15281671,0.16046746
-0.048512302,-0.17531915,0.15951078,-0.048512302,-0.17531915,0.15951078
-0.027419444,-0.17798387,0.16458903,-0.027419444,-0.17798387,0.16458903
-0.027446425,-0.28993243,0.1425938,-0.027446425,-0.28993243,0.1425938
-0.013170007,-0.28989372,0.14641808,-0.013170007,-0.28989372,0.14641808
-0.016213657,-0.26742265,0.1494774,-0.016213657,-0.26742265,0.1494774
-0.03286959,-0.26590866,0.14481725,-0.03286959,-0.26590866,0.14481725
-0.17229272,-0.23981392,0.06713835,-0.17229272,-0.23981392,0.06713835
-0.15344812,-0.24668784,0.088813186,-0.15344812,-0.24668784,0.088813186
-0.15164462,-0.22706553,0.08840992,-0.15164462,-0.22706553,0.08840992
-0.16860515,-0.2188834,0.06772963,-0.16860515,-0.2188834,0.06772963
-0.021584464,-0.35670972,-0.070151575,-0.021584464,-0.35670972,-0.070151575
-0.053105637,-0.3724186,-0.07566555,-0.053105637,-0.3724186,-0.07566555
-0.16396166,-0.44002,0.08729924,-0.16396166,-0.44002,0.08729924
-0.16544563,-0.40268323,0.09047061,-0.16544563,-0.40268323,0.09047061
-0.1344744,-0.4449761,0.115510106,-0.1344744,-0.4449761,0.115510106
-0.0991279,-0.44371966,0.12510213,-0.0991279,-0.44371966,0.12510213
-0.10200856,-0.41183314,0.12876739,-0.10200856,-0.41183314,0.12876739
-0.13674618,-0.4101467,0.11799031,-0.13674618,-0.4101467,0.11799031
-0.009708997,-0.35787693,0.08417825,-0.009708997,-0.35787693,0.08417825
-0.02119176,-0.3418279,0.11117362,-0.02119176,-0.3418279,0.11117362
-0.026111081,-0.3551028,0.106814526,-0.026111081,-0.3551028,0.106814526
-0.010633506,-0.36777055,0.08203173,-0.010633506,-0.36777055,0.08203173
-0.028964832,-0.31440338,-0.1144033,-0.028964832,-0.31440338,-0.1144033
-0.028537842,-0.32981792,-0.10814949,-0.028537842,-0.32981792,-0.10814949
-0.062728904,-0.33659166,-0.111086704,-0.062728904,-0.33659166,-0.111086704
-0.0619705,-0.31994268,-0.11624022,-0.0619705,-0.31994268,-0.11624022
-0.10752385,-0.10912614,-0.06448775,-0.10752385,-0.10912614,-0.06448775
-0.11180239,-0.12808348,-0.065396,-0.11180239,-0.12808348,-0.065396
-0.088136025,-0.109275445,-0.072168365,-0.088136025,-0.109275445,-0.072168365
-0.104264036,-0.08913782,-0.06745102,-0.104264036,-0.08913782,-0.06745102
-0.084727034,-0.08831128,-0.07449709,-0.084727034,-0.08831128,-0.07449709
-0.0870594,0.039016966,-0.09929761,-0.0870594,0.039016966,-0.09929761
-0.10724864,0.02899804,-0.088599436,-0.10724864,0.02899804,-0.088599436
-0.115980074,0.04609843,-0.08917065,-0.115980074,0.04609843,-0.08917065
-0.096469305,0.05802122,-0.101481155,-0.096469305,0.05802122,-0.101481155
-0.05429157,0.1755386,-0.11443302,-0.05429157,0.1755386,-0.11443302
-0.053236846,0.19149391,-0.11081904,-0.053236846,0.19149391,-0.11081904
-0.08348076,-0.40716025,-0.07154287,-0.08348076,-0.40716025,-0.07154287
-0.041285515,-0.39123175,-0.06317224,-0.041285515,-0.39123175,-0.06317224
-0.05262844,-0.43272272,-0.05892859,-0.05262844,-0.43272272,-0.05892859
-0.08764311,-0.44042525,-0.06426975,-0.08764311,-0.44042525,-0.06426975
-0.1475185,-0.44987777,-0.044371832,-0.1475185,-0.44987777,-0.044371832
-0.16848552,-0.4534135,-0.021218218,-0.16848552,-0.4534135,-0.021218218
-0.17491436,-0.42046452,-0.02248424,-0.17491436,-0.42046452,-0.02248424
-0.17927493,-0.4606539,0.0119101,-0.17927493,-0.4606539,0.0119101
-0.1758661,-0.46812624,0.04930095,-0.1758661,-0.46812624,0.04930095
-0.13008764,-0.4782615,0.11149599,-0.13008764,-0.4782615,0.11149599
-0.0950482,-0.4759754,0.119478494,-0.0950482,-0.4759754,0.119478494
-0.015187899,-0.43445778,0.082415015,-0.015187899,-0.43445778,0.082415015
-0.03592504,-0.43877217,0.10298676,-0.03592504,-0.43877217,0.10298676
-0.034238756,-0.46456572,0.09418172,-0.034238756,-0.46456572,0.09418172
-0.015053136,-0.45850983,0.071500026,-0.015053136,-0.45850983,0.071500026
-0.066061534,-0.2888961,0.124201074,-0.066061534,-0.2888961,0.124201074
-0.101328894,-0.27113762,0.115938455,-0.101328894,-0.27113762,0.115938455
-0.10275379,-0.29517603,0.11810925,-0.10275379,-0.29517603,0.11810925
-0.07296308,-0.3137752,0.12380627,-0.07296308,-0.3137752,0.12380627
-0.034032583,-0.13257998,0.16455613,-0.034032583,-0.13257998,0.16455613
-0.05186755,-0.12875725,0.16002281,-0.05186755,-0.12875725,0.16002281
-0.06983084,-0.14944564,0.15171078,-0.06983084,-0.14944564,0.15171078
-0.06975137,-0.12565973,0.1510775,-0.06975137,-0.12565973,0.1510775
-0.08825808,-0.12273914,0.13690564,-0.08825808,-0.12273914,0.13690564
-0.04595677,-0.03499899,0.14940181,-0.04595677,-0.03499899,0.14940181
-0.06741763,-0.03531354,0.13910386,-0.06741763,-0.03531354,0.13910386
-0.06664531,-0.05670055,0.14273983,-0.06664531,-0.05670055,0.14273983
-0.04571726,-0.056791868,0.15338285,-0.04571726,-0.056791868,0.15338285
-0.04629476,-0.013042123,0.14439155,-0.04629476,-0.013042123,0.14439155
-0.06791566,-0.01350955,0.13473216,-0.06791566,-0.01350955,0.13473216
-0.04421759,0.028215548,0.13032602,-0.04421759,0.028215548,0.13032602
-0.066741526,0.04027109,0.12647434,-0.066741526,0.04027109,0.12647434
-0.066044345,0.02455812,0.12395682,-0.066044345,0.02455812,0.12395682
-0.03260649,0.18020111,0.092212595,-0.03260649,0.18020111,0.092212595
-0.03207285,0.16543119,0.10160478,-0.03207285,0.16543119,0.10160478
-0.17603055,-0.26381013,0.065545626,-0.17603055,-0.26381013,0.065545626
-0.014177354,-0.398734,-0.03493318,-0.014177354,-0.398734,-0.03493318
-0.002875733,-0.41037232,-0.004123959,-0.002875733,-0.41037232,-0.004123959
-0.0075253905,-0.43765977,-0.012833258,-0.0075253905,-0.43765977,-0.012833258
-0.023585798,-0.43194762,-0.04045341,-0.023585798,-0.43194762,-0.04045341
-0.17771797,-0.20943858,0.04326022,-0.17771797,-0.20943858,0.04326022
-0.15212992,-0.12382641,0.061118938,-0.15212992,-0.12382641,0.061118938
-0.15328209,-0.14234701,0.062433038,-0.15328209,-0.14234701,0.062433038
-0.14313392,0.030069413,0.053152107,-0.14313392,0.030069413,0.053152107
-0.14315966,0.009099746,0.047864974,-0.14315966,0.009099746,0.047864974
-0.07927687,0.09863155,0.13759013,-0.07927687,0.09863155,0.13759013
-0.08035439,0.08656618,0.13916427,-0.08035439,0.08656618,0.13916427
-0.18050113,-0.38589665,-0.024760257,-0.18050113,-0.38589665,-0.024760257
-0.12525102,-0.509651,0.10588212,-0.12525102,-0.509651,0.10588212
-0.11943876,-0.53892535,0.099551834,-0.11943876,-0.53892535,0.099551834
-0.08623471,-0.5371471,0.104802564,-0.08623471,-0.5371471,0.104802564
-0.09059198,-0.507317,0.11251435,-0.09059198,-0.507317,0.11251435
-0.0087862415,-0.48048893,0.034371432,-0.0087862415,-0.48048893,0.034371432
-0.01668986,-0.4860621,0.06018186,-0.01668986,-0.4860621,0.06018186
-0.019559149,-0.5145566,0.049324185,-0.019559149,-0.5145566,0.049324185
-0.013929042,-0.5099516,0.023960494,-0.013929042,-0.5099516,0.023960494
-0.018141784,-0.53988737,0.016113669,-0.018141784,-0.53988737,0.016113669
-0.02227728,-0.5451439,0.0413785,-0.02227728,-0.5451439,0.0413785
-0.023017166,-0.5743233,0.032173436,-0.023017166,-0.5743233,0.032173436
-0.020841183,-0.56855,0.008194284,-0.020841183,-0.56855,0.008194284
-0.1591304,-0.47601184,0.08580583,-0.1591304,-0.47601184,0.08580583
-0.16328591,-0.531224,0.047081165,-0.16328591,-0.531224,0.047081165
-0.14750479,-0.5375829,0.078194216,-0.14750479,-0.5375829,0.078194216
-0.15326922,-0.50780505,0.082475394,-0.15326922,-0.50780505,0.082475394
-0.16955924,-0.50107354,0.049009837,-0.16955924,-0.50107354,0.049009837
-0.12027434,-0.4470628,-0.05810549,-0.12027434,-0.4470628,-0.05810549
-0.004881416,-0.45268872,0.045663215,-0.004881416,-0.45268872,0.045663215
-0.0031711466,-0.4296489,0.0572596,-0.0031711466,-0.4296489,0.0572596
-0.023359561,-0.50363654,-0.02476014,-0.023359561,-0.50363654,-0.02476014
-0.04067249,-0.50185627,-0.045474935,-0.04067249,-0.50185627,-0.045474935
-0.03286196,-0.4687629,-0.043269366,-0.03286196,-0.4687629,-0.043269366
-0.015080106,-0.47095045,-0.019486286,-0.015080106,-0.47095045,-0.019486286
-0.1441991,-0.5092127,-0.040112477,-0.1441991,-0.5092127,-0.040112477
-0.16034167,-0.51447463,-0.016617738,-0.16034167,-0.51447463,-0.016617738
-0.16419525,-0.4847871,-0.017963614,-0.16419525,-0.4847871,-0.017963614
-0.14579558,-0.48009074,-0.041231163,-0.14579558,-0.48009074,-0.041231163
-0.1729625,-0.49258256,0.013936658,-0.1729625,-0.49258256,0.013936658
-0.1667412,-0.5226855,0.013850119,-0.1667412,-0.5226855,0.013850119
-0.151631,-0.58877045,0.043279517,-0.151631,-0.58877045,0.043279517
-0.13444616,-0.5938842,0.07016248,-0.13444616,-0.5938842,0.07016248
-0.14127347,-0.56626874,0.07396512,-0.14127347,-0.56626874,0.07396512
-0.15729737,-0.5604436,0.045309,-0.15729737,-0.5604436,0.045309
-0.15664308,-0.5800331,0.012208038,-0.15664308,-0.5800331,0.012208038
-0.16132206,-0.5515789,0.013139422,-0.16132206,-0.5515789,0.013139422
-0.15671496,-0.543251,-0.016212836,-0.15671496,-0.543251,-0.016212836
-0.15324496,-0.57162786,-0.015719654,-0.15324496,-0.57162786,-0.015719654
-0.13945472,-0.56504077,-0.036975518,-0.13945472,-0.56504077,-0.036975518
-0.14211759,-0.5371054,-0.03885025,-0.14211759,-0.5371054,-0.03885025
-0.121074416,-0.5335548,-0.05407802,-0.121074416,-0.5335548,-0.05407802
-0.1206149,-0.5607177,-0.0517897,-0.1206149,-0.5607177,-0.0517897
-0.09595455,-0.53112096,-0.060459256,-0.09595455,-0.53112096,-0.060459256
-0.0703098,-0.53018177,-0.057563268,-0.0703098,-0.53018177,-0.057563268
-0.07493483,-0.557677,-0.056125317,-0.07493483,-0.557677,-0.056125317
-0.09816359,-0.5584584,-0.058072954,-0.09816359,-0.5584584,-0.058072954
-0.036009666,-0.56129134,-0.03354545,-0.036009666,-0.56129134,-0.03354545
-0.052982174,-0.5587146,-0.04844896,-0.052982174,-0.5587146,-0.04844896
-0.047108352,-0.53133225,-0.047161955,-0.047108352,-0.53133225,-0.047161955
-0.030278927,-0.5336908,-0.029201647,-0.030278927,-0.5336908,-0.029201647
-0.054968167,-0.6699993,-0.047075026,-0.054968167,-0.6699993,-0.047075026
-0.072740935,-0.66738325,-0.051046122,-0.072740935,-0.66738325,-0.051046122
-0.06747569,-0.6391245,-0.050788827,-0.06747569,-0.6391245,-0.050788827
-0.04853834,-0.64149845,-0.0455331,-0.04853834,-0.64149845,-0.0455331
-0.089840084,-0.6656627,-0.055940535,-0.089840084,-0.6656627,-0.055940535
-0.10790971,-0.6652955,-0.056245416,-0.10790971,-0.6652955,-0.056245416
-0.10376182,-0.63817704,-0.05343108,-0.10376182,-0.63817704,-0.05343108
-0.08601942,-0.63810694,-0.05286674,-0.08601942,-0.63810694,-0.05286674
-0.13484086,-0.64506567,-0.032679696,-0.13484086,-0.64506567,-0.032679696
-0.12095779,-0.6401767,-0.047151547,-0.12095779,-0.6401767,-0.047151547
-0.124438725,-0.6671642,-0.04954278,-0.124438725,-0.6671642,-0.04954278
-0.13760293,-0.6719437,-0.03459833,-0.13760293,-0.6719437,-0.03459833
-0.1497121,-0.67818993,-0.01571278,-0.1497121,-0.67818993,-0.01571278
-0.14929771,-0.651812,-0.014665079,-0.14929771,-0.651812,-0.014665079
-0.14838871,-0.68567073,0.008179322,-0.14838871,-0.68567073,0.008179322
-0.15126027,-0.66018075,0.009468716,-0.15126027,-0.66018075,0.009468716
-0.13744466,-0.6671167,0.03566166,-0.13744466,-0.6671167,0.03566166
-0.1363312,-0.6920461,0.034194045,-0.1363312,-0.6920461,0.034194045
-0.025616081,-0.65654445,0.0031023317,-0.025616081,-0.65654445,0.0031023317
-0.030122718,-0.68470675,-0.0024713746,-0.030122718,-0.68470675,-0.0024713746
-0.03009205,-0.6785142,-0.022336336,-0.03009205,-0.6785142,-0.022336336
-0.024516882,-0.65080184,-0.015894,-0.024516882,-0.65080184,-0.015894
-0.052310944,-0.66680425,0.04438658,-0.052310944,-0.66680425,0.04438658
-0.06907286,-0.67004514,0.066560924,-0.06907286,-0.67004514,0.066560924
-0.069640614,-0.69496566,0.05608305,-0.069640614,-0.69496566,0.05608305
-0.05491591,-0.69326603,0.034205537,-0.05491591,-0.69326603,0.034205537
-0.15314579,-0.60716885,0.011095131,-0.15314579,-0.60716885,0.011095131
-0.1463516,-0.615755,0.040979743,-0.1463516,-0.615755,0.040979743
-0.13645935,-0.5921018,-0.034501415,-0.13645935,-0.5921018,-0.034501415
-0.15007074,-0.5987509,-0.01499153,-0.15007074,-0.5987509,-0.01499153
-0.040327903,-0.58788943,-0.037983526,-0.040327903,-0.58788943,-0.037983526
-0.05822925,-0.58534575,-0.049499784,-0.05822925,-0.58534575,-0.049499784
-0.024007903,-0.6024152,0.023003332,-0.024007903,-0.6024152,0.023003332
-0.02215329,-0.5965189,0.00031979103,-0.02215329,-0.5965189,0.00031979103
-0.098355286,-0.64723575,0.078745425,-0.098355286,-0.64723575,0.078745425
-0.10181004,-0.6210404,0.08153258,-0.10181004,-0.6210404,0.08153258
-0.12857415,-0.6204616,0.067101285,-0.12857415,-0.6204616,0.067101285
-0.12432775,-0.64656687,0.0646911,-0.12432775,-0.64656687,0.0646911
-0.15232378,-0.63394785,0.010464847,-0.15232378,-0.63394785,0.010464847
-0.14872734,-0.6252613,-0.014621339,-0.14872734,-0.6252613,-0.014621339
-0.13461071,-0.6185023,-0.032753687,-0.13461071,-0.6185023,-0.032753687
-0.1199455,-0.6137552,-0.04713975,-0.1199455,-0.6137552,-0.04713975
-0.10174542,-0.61164254,-0.053150497,-0.10174542,-0.61164254,-0.053150497
-0.08266015,-0.611119,-0.05279483,-0.08266015,-0.611119,-0.05279483
-0.06297934,-0.61183304,-0.050200626,-0.06297934,-0.61183304,-0.050200626
-0.04441032,-0.6142953,-0.04202195,-0.04441032,-0.6142953,-0.04202195
-0.022905264,-0.62362814,-0.0082012415,-0.022905264,-0.62362814,-0.0082012415
-0.0248271,-0.62998116,0.012883713,-0.0248271,-0.62998116,0.012883713
-0.09511823,-0.6962221,0.06489703,-0.09511823,-0.6962221,0.06489703
-0.09611036,-0.6728845,0.074536465,-0.09611036,-0.6728845,0.074536465
-0.12225077,-0.67149633,0.06083174,-0.12225077,-0.67149633,0.06083174
-0.12105497,-0.6954534,0.055932134,-0.12105497,-0.6954534,0.055932134
-0.09518286,-0.7173314,0.053323504,-0.09518286,-0.7173314,0.053323504
-0.07364491,-0.716579,0.044655666,-0.07364491,-0.716579,0.044655666
-0.09423145,-0.6935836,-0.06005248,-0.09423145,-0.6935836,-0.06005248
-0.11181828,-0.6934813,-0.059254948,-0.11181828,-0.6934813,-0.059254948
-0.12807883,-0.6953315,-0.052362964,-0.12807883,-0.6953315,-0.052362964
-0.15083948,-0.7043675,-0.01803859,-0.15083948,-0.7043675,-0.01803859
-0.14668523,-0.71181333,0.008048957,-0.14668523,-0.71181333,0.008048957
-0.13348158,-0.7175856,0.03260414,-0.13348158,-0.7175856,0.03260414
-0.11735931,-0.7168197,0.048921775,-0.11735931,-0.7168197,0.048921775
-0.043702096,-0.734128,-0.029475912,-0.043702096,-0.734128,-0.029475912
-0.038487677,-0.7058341,-0.024935115,-0.038487677,-0.7058341,-0.024935115
-0.037910935,-0.7104933,-0.0073924325,-0.037910935,-0.7104933,-0.0073924325
-0.044287585,-0.73766154,-0.011541729,-0.044287585,-0.73766154,-0.011541729
-0.06320938,-0.72774506,-0.05645824,-0.06320938,-0.72774506,-0.05645824
-0.07897778,-0.7244351,-0.066280656,-0.07897778,-0.7244351,-0.066280656
-0.07738415,-0.69594294,-0.054038145,-0.07738415,-0.69594294,-0.054038145
-0.061781555,-0.69868356,-0.046717472,-0.061781555,-0.69868356,-0.046717472
-0.09804905,-0.7226858,-0.0706559,-0.09804905,-0.7226858,-0.0706559
-0.11674539,-0.7226043,-0.06785104,-0.11674539,-0.7226043,-0.06785104
-0.13417129,-0.72326314,-0.059880894,-0.13417129,-0.72326314,-0.059880894
-0.15316024,-0.73218185,-0.020120395,-0.15316024,-0.73218185,-0.020120395
-0.14277159,-0.69862264,-0.03892547,-0.14277159,-0.69862264,-0.03892547
-0.14827001,-0.7262853,-0.04374087,-0.14827001,-0.7262853,-0.04374087
-0.14721133,-0.7393657,0.010008732,-0.14721133,-0.7393657,0.010008732
-0.12695009,-0.775018,0.029241404,-0.12695009,-0.775018,0.029241404
-0.1250959,-0.7454857,0.032270227,-0.1250959,-0.7454857,0.032270227
-0.14966786,-0.7688686,0.009280025,-0.14966786,-0.7688686,0.009280025
-0.101915605,-0.87278485,0.017317334,-0.101915605,-0.87278485,0.017317334
-0.12757592,-0.87068784,0.01677601,-0.12757592,-0.87068784,0.01677601
-0.12449808,-0.90545774,0.010773392,-0.12449808,-0.90545774,0.010773392
-0.10205556,-0.9078852,0.011837887,-0.10205556,-0.9078852,0.011837887
-0.046394106,-0.76677155,-0.016129391,-0.046394106,-0.76677155,-0.016129391
-0.044185687,-0.7642883,-0.036506232,-0.044185687,-0.7642883,-0.036506232
-0.062120285,-0.7587773,-0.0674386,-0.062120285,-0.7587773,-0.0674386
-0.080312684,-0.75542814,-0.0773384,-0.080312684,-0.75542814,-0.0773384
-0.16097263,-0.79272616,-0.025404109,-0.16097263,-0.79272616,-0.025404109
-0.1576504,-0.7616925,-0.021328425,-0.1576504,-0.7616925,-0.021328425
-0.15324056,-0.7562724,-0.046985667,-0.15324056,-0.7562724,-0.046985667
-0.15604284,-0.78786397,-0.05131833,-0.15604284,-0.78786397,-0.05131833
-0.046207566,-0.8646725,-0.028008968,-0.046207566,-0.8646725,-0.028008968
-0.044566143,-0.86329323,-0.04778631,-0.044566143,-0.86329323,-0.04778631
-0.041494973,-0.829201,-0.046282526,-0.041494973,-0.829201,-0.046282526
-0.04342886,-0.8311146,-0.024745386,-0.04342886,-0.8311146,-0.024745386
-0.07884514,-0.7881802,-0.0841846,-0.07884514,-0.7881802,-0.0841846
-0.060358085,-0.791545,-0.07391458,-0.060358085,-0.791545,-0.07391458
-0.060707826,-0.8249118,-0.07785815,-0.060707826,-0.8249118,-0.07785815
-0.07905946,-0.82220393,-0.08778625,-0.07905946,-0.82220393,-0.08778625
-0.15748501,-0.8619273,-0.029662563,-0.15748501,-0.8619273,-0.029662563
-0.16106199,-0.82615256,-0.028075142,-0.16106199,-0.82615256,-0.028075142
-0.15677164,-0.8220385,-0.053934596,-0.15677164,-0.8220385,-0.053934596
-0.15395066,-0.8587719,-0.05428932,-0.15395066,-0.8587719,-0.05428932
-0.12873161,-0.804711,0.026140543,-0.12873161,-0.804711,0.026140543
-0.152375,-0.79922444,0.005227513,-0.152375,-0.79922444,0.005227513
-0.15219197,-0.83127105,0.0008911772,-0.15219197,-0.83127105,0.0008911772
-0.12994081,-0.8369788,0.021674102,-0.12994081,-0.8369788,0.021674102
-0.10050916,-0.8065869,0.02617262,-0.10050916,-0.8065869,0.02617262
-0.101979025,-0.83853203,0.022356164,-0.101979025,-0.83853203,0.022356164
-0.058846842,-0.9367822,-0.045752198,-0.058846842,-0.9367822,-0.045752198
-0.051846057,-0.8991473,-0.046677925,-0.051846057,-0.8991473,-0.046677925
-0.052943636,-0.90177333,-0.029112466,-0.052943636,-0.90177333,-0.029112466
-0.060377404,-0.9402011,-0.030119123,-0.060377404,-0.9402011,-0.030119123
-0.081778355,-0.8578376,-0.08655902,-0.081778355,-0.8578376,-0.08655902
-0.06344499,-0.8598803,-0.077479474,-0.06344499,-0.8598803,-0.077479474
-0.069005154,-0.8964783,-0.072813876,-0.069005154,-0.8964783,-0.072813876
-0.08477155,-0.89518386,-0.081197426,-0.08477155,-0.89518386,-0.081197426
-0.14609446,-0.93924785,-0.031823166,-0.14609446,-0.93924785,-0.031823166
-0.15228643,-0.8998491,-0.031023609,-0.15228643,-0.8998491,-0.031023609
-0.14845455,-0.897704,-0.053233672,-0.14845455,-0.897704,-0.053233672
-0.14194813,-0.9369693,-0.052156158,-0.14194813,-0.9369693,-0.052156158
-0.121783495,-0.9433378,0.0050495868,-0.121783495,-0.9433378,0.0050495868
-0.14493814,-0.90244234,-0.005340774,-0.14493814,-0.90244234,-0.005340774
-0.14038552,-0.94132805,-0.009595474,-0.14038552,-0.94132805,-0.009595474
-0.11773552,-0.9808864,0.0019182211,-0.11773552,-0.9808864,0.0019182211
-0.10070149,-0.9825869,0.0034856058,-0.10070149,-0.9825869,0.0034856058
-0.101522066,-0.9451113,0.0064452435,-0.101522066,-0.9451113,0.0064452435
-0.06701488,-0.97615457,-0.030652175,-0.06701488,-0.97615457,-0.030652175
-0.06415849,-0.9736286,-0.04487857,-0.06415849,-0.9736286,-0.04487857
-0.07392636,-0.970774,-0.065960295,-0.07392636,-0.970774,-0.065960295
-0.08636573,-0.96866655,-0.07354509,-0.08636573,-0.96866655,-0.07354509
-0.08649285,-0.93243325,-0.076674715,-0.08649285,-0.93243325,-0.076674715
-0.07269742,-0.9341045,-0.0690001,-0.07269742,-0.9341045,-0.0690001
-0.12009216,-0.9349735,-0.07587622,-0.12009216,-0.9349735,-0.07587622
-0.103408284,-0.93288493,-0.07923696,-0.103408284,-0.93288493,-0.07923696
-0.1020196,-0.96895045,-0.0757262,-0.1020196,-0.96895045,-0.0757262
-0.11707293,-0.9710799,-0.071774684,-0.11707293,-0.9710799,-0.071774684
-0.13476916,-0.97285193,-0.05025091,-0.13476916,-0.97285193,-0.05025091
-0.1331077,-0.9356787,-0.06695304,-0.1331077,-0.9356787,-0.06695304
-0.12745908,-0.9719564,-0.06336718,-0.12745908,-0.9719564,-0.06336718
-0.13952042,-0.97473836,-0.031537686,-0.13952042,-0.97473836,-0.031537686
-0.13465898,-0.97825307,-0.010515556,-0.13465898,-0.97825307,-0.010515556
-0.0025425365,-0.3721715,-0.009582665,-0.0025425365,-0.3721715,-0.009582665
0.00057004497,-0.38523674,0.022012513,0.00057004497,-0.38523674,0.022012513
-0.00080193585,-0.39339685,0.008221807,-0.00080193585,-0.39339685,0.008221807
-0.007488716,-0.37809542,-0.023566961,-0.007488716,-0.37809542,-0.023566961
-0.034397103,-0.52318335,0.07520818,-0.034397103,-0.52318335,0.07520818
-0.034325942,-0.49266666,0.0850462,-0.034325942,-0.49266666,0.0850462
-0.03403981,-0.58142304,0.056226842,-0.03403981,-0.58142304,0.056226842
-0.034848373,-0.5534836,0.06637754,-0.034848373,-0.5534836,0.06637754
-0.03435846,-0.6092788,0.045665905,-0.03435846,-0.6092788,0.045665905
-0.035644878,-0.6365731,0.034479782,-0.035644878,-0.6365731,0.034479782
-0.036061764,-0.66410017,0.024239494,-0.036061764,-0.66410017,0.024239494
-0.038882945,-0.6902663,0.015638905,-0.038882945,-0.6902663,0.015638905
-0.046009976,-0.71578634,0.010645134,-0.046009976,-0.71578634,0.010645134
-0.052217577,-0.7425327,0.007850232,-0.052217577,-0.7425327,0.007850232
-0.05599172,-0.80013174,0.0006374682,-0.05599172,-0.80013174,0.0006374682
-0.0447034,-0.79823494,-0.021013929,-0.0447034,-0.79823494,-0.021013929
-0.056219425,-0.7702729,0.004025328,-0.056219425,-0.7702729,0.004025328
-0.05762558,-0.86740714,-0.005963686,-0.05762558,-0.86740714,-0.005963686
-0.055605058,-0.83255965,-0.002645014,-0.055605058,-0.83255965,-0.002645014
-0.06271367,-0.9051931,-0.009836149,-0.06271367,-0.9051931,-0.009836149
-0.0687179,-0.9436045,-0.0134855965,-0.0687179,-0.9436045,-0.0134855965
-0.07469756,-0.9793554,-0.015444295,-0.07469756,-0.9793554,-0.015444295
-0.07129516,-0.3859083,0.12737241,-0.07129516,-0.3859083,0.12737241
-0.0422092,-0.3920452,0.11655387,-0.0422092,-0.3920452,0.11655387
-0.046000853,-0.37277794,0.120164216,-0.046000853,-0.37277794,0.120164216
-0.07423487,-0.36126843,0.12808567,-0.07423487,-0.36126843,0.12808567
-0.002624494,-0.3649432,0.049219616,-0.002624494,-0.3649432,0.049219616
-0.0049168775,-0.36459902,0.06486944,-0.0049168775,-0.36459902,0.06486944
-0.004744863,-0.3711455,0.063010015,-0.004744863,-0.3711455,0.063010015
-0.0017246519,-0.36991718,0.04650045,-0.0017246519,-0.36991718,0.04650045
-0.14209476,-0.64178115,0.038669966,-0.14209476,-0.64178115,0.038669966
-0.119977094,-0.58737504,-0.048812896,-0.119977094,-0.58737504,-0.048812896
-0.09992903,-0.58509135,-0.05478293,-0.09992903,-0.58509135,-0.05478293
-0.07898232,-0.5843985,-0.053992804,-0.07898232,-0.5843985,-0.053992804
-0.04924204,-0.642067,0.057479497,-0.04924204,-0.642067,0.057479497
-0.050622877,-0.6152126,0.066529065,-0.050622877,-0.6152126,0.066529065
-0.072774045,-0.6190909,0.080629684,-0.072774045,-0.6190909,0.080629684
-0.070322014,-0.64507484,0.074073195,-0.070322014,-0.64507484,0.074073195
-0.098369546,-0.7792623,0.029823728,-0.098369546,-0.7792623,0.029823728
-0.07618049,-0.8040382,0.015543578,-0.07618049,-0.8040382,0.015543578
-0.07434599,-0.77535045,0.020009568,-0.07434599,-0.77535045,0.020009568
-0.09747841,-0.7548921,0.035024464,-0.09747841,-0.7548921,0.035024464
-0.121909045,-0.752203,-0.07646497,-0.121909045,-0.752203,-0.07646497
-0.14012131,-0.75289345,-0.06613398,-0.14012131,-0.75289345,-0.06613398
-0.1016865,-0.78524303,-0.08749062,-0.1016865,-0.78524303,-0.08749062
-0.124068126,-0.7839285,-0.08383115,-0.124068126,-0.7839285,-0.08383115
-0.10124418,-0.7530909,-0.07935592,-0.10124418,-0.7530909,-0.07935592
-0.055029918,-0.56172913,0.08607293,-0.055029918,-0.56172913,0.08607293
-0.08181407,-0.5655772,0.09620328,-0.08181407,-0.5655772,0.09620328
-0.07721063,-0.5928111,0.087513804,-0.07721063,-0.5928111,0.087513804
-0.052157804,-0.58848095,0.076037854,-0.052157804,-0.58848095,0.076037854
-0.12782481,-0.0562103,-0.04392048,-0.12782481,-0.0562103,-0.04392048
-0.112476565,-0.053347766,-0.060408123,-0.112476565,-0.053347766,-0.060408123
-0.13550077,0.05794839,0.09148045,-0.13550077,0.05794839,0.09148045
-0.13799937,0.04558838,0.07548728,-0.13799937,0.04558838,0.07548728
-0.12603357,0.0387579,0.08787667,-0.12603357,0.0387579,0.08787667
-0.12559934,0.051079825,0.10037513,-0.12559934,0.051079825,0.10037513
-0.14651507,0.055879023,0.06633146,-0.14651507,0.055879023,0.06633146
-0.14302084,0.06768911,0.08330957,-0.14302084,0.06768911,0.08330957
-0.1484415,0.08010188,0.07475861,-0.1484415,0.08010188,0.07475861
-0.15230301,0.06844684,0.058478445,-0.15230301,0.06844684,0.058478445
-0.17169905,0.13068603,0.026060564,-0.17169905,0.13068603,0.026060564
-0.1810233,0.13982755,0.020701682,-0.1810233,0.13982755,0.020701682
-0.045687165,0.0080725895,0.13814497,-0.045687165,0.0080725895,0.13814497
-0.022341836,0.007656215,0.1429083,-0.022341836,0.007656215,0.1429083
-0.021441452,0.027346317,0.13512069,-0.021441452,0.027346317,0.13512069
-0.0688089,-0.17201862,0.1505109,-0.0688089,-0.17201862,0.1505109
-0.075027354,-0.25894916,0.12837377,-0.075027354,-0.25894916,0.12837377
-0.04362262,-0.29041833,0.13591623,-0.04362262,-0.29041833,0.13591623
-0.051974464,-0.263053,0.13762745,-0.051974464,-0.263053,0.13762745
-0.0066129877,-0.34627116,0.11117817,-0.0066129877,-0.34627116,0.11117817
-0.058152772,0.0011603674,-0.09762705,-0.058152772,0.0011603674,-0.09762705
-0.060412847,0.025153529,-0.10200122,-0.060412847,0.025153529,-0.10200122
-0.03478876,0.19993152,-0.104749106,-0.03478876,0.19993152,-0.104749106
-0.017266659,0.19545041,-0.10169808,-0.017266659,0.19545041,-0.10169808
-0.03244558,0.2262593,-0.096855074,-0.03244558,0.2262593,-0.096855074
-0.03142693,0.23808086,-0.09286163,-0.03142693,0.23808086,-0.09286163
-0.01549637,0.23299302,-0.09198835,-0.01549637,0.23299302,-0.09198835
-0.016037678,0.22125025,-0.09538351,-0.016037678,0.22125025,-0.09538351
-0.016570639,0.28749204,-0.06815288,-0.016570639,0.28749204,-0.06815288
-0.017588504,0.27748963,-0.07456285,-0.017588504,0.27748963,-0.07456285
-0.00048962305,-0.3660516,0.029162109,-0.00048962305,-0.3660516,0.029162109
-0.0007176563,-0.3745226,0.042194594,-0.0007176563,-0.3745226,0.042194594
-0.00020253763,-0.36753878,0.01926753,-0.00020253763,-0.36753878,0.01926753
-0.016925156,-0.41382486,0.0919518,-0.016925156,-0.41382486,0.0919518
-0.003930433,-0.4117045,0.06828239,-0.003930433,-0.4117045,0.06828239
-0.0060822982,-0.39761242,0.076271765,-0.0060822982,-0.39761242,0.076271765
-0.019729884,-0.39651716,0.09900062,-0.019729884,-0.39651716,0.09900062
-0.18462135,-0.35998663,0.057006683,-0.18462135,-0.35998663,0.057006683
-0.193503,-0.35225016,0.017045561,-0.193503,-0.35225016,0.017045561
-0.08920557,-0.38514987,-0.078090295,-0.08920557,-0.38514987,-0.078090295
-0.35208467,0.1727526,-0.053430326,-0.35208467,0.1727526,-0.053430326
-0.35385683,0.18163571,-0.06376651,-0.35385683,0.18163571,-0.06376651
-0.3295735,0.17668511,-0.064419545,-0.3295735,0.17668511,-0.064419545
-0.32763878,0.16818686,-0.053140886,-0.32763878,0.16818686,-0.053140886
-0.065013796,0.10190627,-0.11638066,-0.065013796,0.10190627,-0.11638066
-0.07284734,0.0754601,-0.11078278,-0.07284734,0.0754601,-0.11078278
-0.079716444,0.27448767,0.004102931,-0.079716444,0.27448767,0.004102931
-0.13689266,0.27917543,-0.005607745,-0.13689266,0.27917543,-0.005607745
-0.1378919,0.268752,0.019008903,-0.1378919,0.268752,0.019008903
-0.12743983,0.2678561,0.015630601,-0.12743983,0.2678561,0.015630601
-0.1259273,0.27902028,-0.0084809745,-0.1259273,0.27902028,-0.0084809745
-0.1390241,0.237931,-0.08147999,-0.1390241,0.237931,-0.08147999
-0.13770203,0.2530175,-0.07006527,-0.13770203,0.2530175,-0.07006527
-0.12578198,0.2520131,-0.07561625,-0.12578198,0.2520131,-0.07561625
-0.12603284,0.23547406,-0.08734729,-0.12603284,0.23547406,-0.08734729
-0.031499885,-0.25201416,-0.11962258,-0.031499885,-0.25201416,-0.11962258
-0.061823588,-0.25290143,-0.12041753,-0.061823588,-0.25290143,-0.12041753
-0.039009135,-0.064094,-0.08215602,-0.039009135,-0.064094,-0.08215602
-0.060023285,-0.06622372,-0.082229786,-0.060023285,-0.06622372,-0.082229786
-0.057228953,-0.045116276,-0.08738629,-0.057228953,-0.045116276,-0.08738629
-0.03693675,-0.041936576,-0.08740366,-0.03693675,-0.041936576,-0.08740366
-0.096675105,0.08979162,-0.10880613,-0.096675105,0.08979162,-0.10880613
-0.11223475,0.074107625,-0.098708205,-0.11223475,0.074107625,-0.098708205
-0.03109391,0.100035824,0.13499814,-0.03109391,0.100035824,0.13499814
-0.030805752,0.1189488,0.12816754,-0.030805752,0.1189488,0.12816754
-0.04787896,0.122751854,0.12853844,-0.04787896,0.122751854,0.12853844
-0.04790251,0.105633885,0.13605198,-0.04790251,0.105633885,0.13605198
-0.29625487,0.19895913,-0.0769496,-0.29625487,0.19895913,-0.0769496
-0.27479345,0.18597889,-0.07488136,-0.27479345,0.18597889,-0.07488136
-0.2806033,0.17640263,-0.069963895,-0.2806033,0.17640263,-0.069963895
-0.30431536,0.18384354,-0.0724831,-0.30431536,0.18384354,-0.0724831
-0.18351595,-0.34454408,-0.029140217,-0.18351595,-0.34454408,-0.029140217
-0.1576342,-0.36110982,-0.06079181,-0.1576342,-0.36110982,-0.06079181
-0.14329222,-0.023904685,-0.030683007,-0.14329222,-0.023904685,-0.030683007
-0.13073342,-0.020369813,-0.053601876,-0.13073342,-0.020369813,-0.053601876
-0.1277361,-0.03861207,-0.049043946,-0.1277361,-0.03861207,-0.049043946
-0.14061995,-0.041944228,-0.027291661,-0.14061995,-0.041944228,-0.027291661
-0.15184323,0.025300752,-0.029686263,-0.15184323,0.025300752,-0.029686263
-0.14803372,0.010081078,-0.030963616,-0.14803372,0.010081078,-0.030963616
-0.15717784,0.03976925,-0.02945747,-0.15717784,0.03976925,-0.02945747
-0.20226537,0.13539776,-0.048770122,-0.20226537,0.13539776,-0.048770122
-0.20422286,0.13185015,-0.04003554,-0.20422286,0.13185015,-0.04003554
-0.21569508,0.14365046,-0.043001585,-0.21569508,0.14365046,-0.043001585
-0.038610265,-0.4138463,0.111001484,-0.038610265,-0.4138463,0.111001484
-0.04781102,-0.33554295,0.121424556,-0.04781102,-0.33554295,0.121424556
-0.041528102,-0.32039747,0.12432073,-0.041528102,-0.32039747,0.12432073
-0.0012387553,-0.36138684,0.03399685,-0.0012387553,-0.36138684,0.03399685
-0.06046432,0.29249752,0.0058005163,-0.06046432,0.29249752,0.0058005163
-0.05484975,0.28878802,0.021897227,-0.05484975,0.28878802,0.021897227
-0.24464165,0.1582124,-0.027636617,-0.24464165,0.1582124,-0.027636617
-0.26166543,0.15948004,-0.03238985,-0.26166543,0.15948004,-0.03238985
-0.18478781,0.11127982,-0.02298244,-0.18478781,0.11127982,-0.02298244
-0.1814786,0.1149568,-0.007145534,-0.1814786,0.1149568,-0.007145534
-0.19125825,0.12348587,-0.01003547,-0.19125825,0.12348587,-0.01003547
-0.19450144,0.11971474,-0.025105022,-0.19450144,0.11971474,-0.025105022
-0.19493072,0.11897044,-0.038170923,-0.19493072,0.11897044,-0.038170923
-0.18533634,0.110853165,-0.03727647,-0.18533634,0.110853165,-0.03727647
-0.14098331,0.18485492,0.06720553,-0.14098331,0.18485492,0.06720553
-0.12885316,0.18783802,0.070708156,-0.12885316,0.18783802,0.070708156
-0.12993447,0.20581752,0.060682688,-0.12993447,0.20581752,0.060682688
-0.14199449,0.20331937,0.0586202,-0.14199449,0.20331937,0.0586202
-0.11620851,0.18822607,0.07412258,-0.11620851,0.18822607,0.07412258
-0.10164765,0.18816736,0.077634856,-0.10164765,0.18816736,0.077634856
-0.10300276,0.20624769,0.06558601,-0.10300276,0.20624769,0.06558601
-0.117293835,0.2068574,0.062812895,-0.117293835,0.2068574,0.062812895
-0.07609224,0.2571982,0.02758297,-0.07609224,0.2571982,0.02758297
-0.05968794,0.24943423,0.043088105,-0.05968794,0.24943423,0.043088105
-0.041196845,0.24314423,0.053161517,-0.041196845,0.24314423,0.053161517
-0.024678249,0.2392668,0.060042873,-0.024678249,0.2392668,0.060042873
-0.017547408,0.26659697,-0.08045633,-0.017547408,0.26659697,-0.08045633
-0.0163069,0.2552581,-0.08514876,-0.0163069,0.2552581,-0.08514876
-0.033131223,0.2590107,-0.08500325,-0.033131223,0.2590107,-0.08500325
-0.03765587,0.27125552,-0.07866995,-0.03765587,0.27125552,-0.07866995
-0.04705932,0.27540958,0.03305611,-0.04705932,0.27540958,0.03305611
-0.03219059,0.27162302,0.044744913,-0.03219059,0.27162302,0.044744913
-0.02008367,0.25833628,0.05236652,-0.02008367,0.25833628,0.05236652
-0.34149244,0.24983916,-0.005979144,-0.34149244,0.24983916,-0.005979144
-0.31641978,0.25005716,-0.0057764156,-0.31641978,0.25005716,-0.0057764156
-0.06045483,0.30335605,-0.027406277,-0.06045483,0.30335605,-0.027406277
-0.06266253,0.29824695,-0.010534568,-0.06266253,0.29824695,-0.010534568
-0.31785983,0.25565985,-0.023507465,-0.31785983,0.25565985,-0.023507465
-0.34317142,0.2552765,-0.023366412,-0.34317142,0.2552765,-0.023366412
-0.11878738,0.24660595,0.03400419,-0.11878738,0.24660595,0.03400419
-0.11732255,0.2658737,0.014128002,-0.11732255,0.2658737,0.014128002
-0.12947433,0.24854426,0.03396326,-0.12947433,0.24854426,0.03396326
-0.04434627,0.28531548,0.03596737,-0.04434627,0.28531548,0.03596737
-0.030739572,0.28192607,0.04743897,-0.030739572,0.28192607,0.04743897
-0.19211687,-0.3154623,0.023970563,-0.19211687,-0.3154623,0.023970563
-0.18226266,-0.32280174,0.059329983,-0.18226266,-0.32280174,0.059329983
-0.14679465,-0.067841955,0.052219536,-0.14679465,-0.067841955,0.052219536
-0.15153505,-0.064478144,0.026969688,-0.15153505,-0.064478144,0.026969688
-0.023287479,-0.03516299,0.15490982,-0.023287479,-0.03516299,0.15490982
-0.023414498,-0.057121705,0.15908962,-0.023414498,-0.057121705,0.15908962
-0.005245841,0.2890745,0.05964113,-0.005245841,0.2890745,0.05964113
-0.04869279,-0.10357786,0.15826544,-0.04869279,-0.10357786,0.15826544
-0.026736341,-0.10781911,0.16339126,-0.026736341,-0.10781911,0.16339126
-0.024558527,-0.08096297,0.16175188,-0.024558527,-0.08096297,0.16175188
-0.04651769,-0.07947076,0.1560691,-0.04651769,-0.07947076,0.1560691
-0.020009018,-0.13437915,0.16579263,-0.020009018,-0.13437915,0.16579263
-0.01879465,-0.14679867,0.16622937,-0.01879465,-0.14679867,0.16622937
-0.021380108,-0.3083303,0.13871503,-0.021380108,-0.3083303,0.13871503
-0.010684919,-0.3079841,0.14226343,-0.010684919,-0.3079841,0.14226343
-0.25228116,0.2256789,0.024994873,-0.25228116,0.2256789,0.024994873
-0.23526494,0.2266064,0.028611023,-0.23526494,0.2266064,0.028611023
-0.23223159,0.2458046,0.02177607,-0.23223159,0.2458046,0.02177607
-0.25025785,0.24393634,0.017138608,-0.25025785,0.24393634,0.017138608
-0.06809595,-0.10113494,0.14851053,-0.06809595,-0.10113494,0.14851053
-0.08697758,-0.099478304,0.13335757,-0.08697758,-0.099478304,0.13335757
-0.16249853,0.12909473,0.046478774,-0.16249853,0.12909473,0.046478774
-0.16489255,0.12061174,0.030267056,-0.16489255,0.12061174,0.030267056
-0.020474622,0.04811448,0.13302913,-0.020474622,0.04811448,0.13302913
-0.06388684,0.110306695,0.13525885,-0.06388684,0.110306695,0.13525885
-0.0641432,0.12547857,0.12752052,-0.0641432,0.12547857,0.12752052
-0.079708844,0.1269721,0.12464613,-0.079708844,0.1269721,0.12464613
-0.07907848,0.112957686,0.1326637,-0.07907848,0.112957686,0.1326637
-0.0010581766,-0.36411768,0.028030673,-0.0010581766,-0.36411768,0.028030673
-0.23394498,0.23601364,-0.07053908,-0.23394498,0.23601364,-0.07053908
-0.22155833,0.23282093,-0.072379984,-0.22155833,0.23282093,-0.072379984
-0.22477221,0.22255158,-0.07559427,-0.22477221,0.22255158,-0.07559427
-0.23729858,0.22732477,-0.07393309,-0.23729858,0.22732477,-0.07393309
0.0007275046,-0.4058548,0.039820332,0.0007275046,-0.4058548,0.039820332
-0.000290158,-0.42200112,0.028101059,-0.000290158,-0.42200112,0.028101059
-0.01611144,-0.36084178,-0.050131425,-0.01611144,-0.36084178,-0.050131425
-0.004335897,-0.3579955,-0.033243857,-0.004335897,-0.3579955,-0.033243857
-0.061636027,-0.47173685,0.111980066,-0.061636027,-0.47173685,0.111980066
-0.06508138,-0.4413417,0.11927506,-0.06508138,-0.4413417,0.11927506
-0.059316747,-0.50287044,0.1034197,-0.059316747,-0.50287044,0.1034197
-0.05702085,-0.5330507,0.094991036,-0.05702085,-0.5330507,0.094991036
-0.060099836,-0.7179831,0.026662067,-0.060099836,-0.7179831,0.026662067
-0.070971854,-0.7458166,0.02652899,-0.070971854,-0.7458166,0.02652899
-0.077728614,-0.8362159,0.011610451,-0.077728614,-0.8362159,0.011610451
-0.07924643,-0.8705795,0.007102783,-0.07924643,-0.8705795,0.007102783
-0.08162325,-0.9075736,0.0027678683,-0.08162325,-0.9075736,0.0027678683
-0.08397088,-0.9458172,-0.002085647,-0.08397088,-0.9458172,-0.002085647
-0.086058035,-0.98211426,-0.0033885166,-0.086058035,-0.98211426,-0.0033885166
-0.34544808,0.2541515,-0.040635422,-0.34544808,0.2541515,-0.040635422
-0.31873894,0.2548062,-0.04241118,-0.31873894,0.2548062,-0.04241118
-0.32277477,0.24641049,-0.056600943,-0.32277477,0.24641049,-0.056600943
-0.3490509,0.24700321,-0.05463473,-0.3490509,0.24700321,-0.05463473
-0.30028176,0.16457324,-0.02477896,-0.30028176,0.16457324,-0.02477896
-0.29742095,0.17177665,-0.010132984,-0.29742095,0.17177665,-0.010132984
-0.3204478,0.17224759,-0.011545746,-0.3204478,0.17224759,-0.011545746
-0.3226019,0.16645528,-0.026262036,-0.3226019,0.16645528,-0.026262036
-0.34640944,0.16829404,-0.027454354,-0.34640944,0.16829404,-0.027454354
-0.34930387,0.16824628,-0.041177407,-0.34930387,0.16824628,-0.041177407
-0.32494235,0.16475464,-0.040234666,-0.32494235,0.16475464,-0.040234666
-0.35402626,0.19427902,-0.071163565,-0.35402626,0.19427902,-0.071163565
-0.35324523,0.20865236,-0.074180625,-0.35324523,0.20865236,-0.074180625
-0.32686856,0.20474091,-0.07565473,-0.32686856,0.20474091,-0.07565473
-0.32989025,0.18955232,-0.0722907,-0.32989025,0.18955232,-0.0722907
-0.3515154,0.2362193,-0.06533378,-0.3515154,0.2362193,-0.06533378
-0.3263551,0.23479475,-0.06660756,-0.3263551,0.23479475,-0.06660756
-0.3274196,0.22080797,-0.07342494,-0.3274196,0.22080797,-0.07342494
-0.35303205,0.22293058,-0.07218469,-0.35303205,0.22293058,-0.07218469
-0.34142366,0.19211434,0.010993198,-0.34142366,0.19211434,0.010993198
-0.3424653,0.1807381,0.00042395972,-0.3424653,0.1807381,0.00042395972
-0.31811705,0.18088561,0.0020278883,-0.31811705,0.18088561,0.0020278883
-0.31674826,0.19242507,0.0128117725,-0.31674826,0.19242507,0.0128117725
-0.23045576,0.26237544,0.006247116,-0.23045576,0.26237544,0.006247116
-0.24923505,0.25869232,0.0022638415,-0.24923505,0.25869232,0.0022638415
-0.19180343,0.16363229,0.030004082,-0.19180343,0.16363229,0.030004082
-0.19302,0.17994572,0.0407121,-0.19302,0.17994572,0.0407121
-0.20648289,0.1843818,0.03522317,-0.20648289,0.1843818,0.03522317
-0.20493439,0.17108008,0.023305614,-0.20493439,0.17108008,0.023305614
-0.2907432,0.23903678,0.011130428,-0.2907432,0.23903678,0.011130428
-0.26945865,0.24113543,0.0140882535,-0.26945865,0.24113543,0.0140882535
-0.26942363,0.25471908,-0.0011749334,-0.26942363,0.25471908,-0.0011749334
-0.2921878,0.25154275,-0.0042743552,-0.2921878,0.25154275,-0.0042743552
-0.2926215,0.19250754,0.015268084,-0.2926215,0.19250754,0.015268084
-0.29452413,0.18144083,0.0039612115,-0.29452413,0.18144083,0.0039612115
-0.27170447,0.18112172,0.006476119,-0.27170447,0.18112172,0.006476119
-0.27033284,0.19169413,0.018863251,-0.27033284,0.19169413,0.018863251
-0.30518976,0.17151056,-0.06349656,-0.30518976,0.17151056,-0.06349656
-0.28183815,0.16600946,-0.06024537,-0.28183815,0.16600946,-0.06024537
-0.23744926,0.20657212,0.030562688,-0.23744926,0.20657212,0.030562688
-0.25372273,0.20643209,0.026982747,-0.25372273,0.20643209,0.026982747
-0.15791965,0.11833139,0.051103946,-0.15791965,0.11833139,0.051103946
-0.17051195,0.097236134,-0.00065298786,-0.17051195,0.097236134,-0.00065298786
-0.17487329,0.10674544,-0.0040094843,-0.17487329,0.10674544,-0.0040094843
-0.12634972,0.0655668,0.1094712,-0.12634972,0.0655668,0.1094712
-0.12777302,0.08022449,0.112743154,-0.12777302,0.08022449,0.112743154
-0.15739037,0.059749227,0.037526567,-0.15739037,0.059749227,0.037526567
-0.16064885,0.07548941,0.03002519,-0.16064885,0.07548941,0.03002519
-0.1339155,0.07105288,0.10203652,-0.1339155,0.07105288,0.10203652
-0.13265543,0.08080831,0.1065254,-0.13265543,0.08080831,0.1065254
-0.085641764,0.005077172,0.11798229,-0.085641764,0.005077172,0.11798229
-0.02149347,0.24866094,0.054243468,-0.02149347,0.24866094,0.054243468
-0.27029055,0.22399631,0.021930281,-0.27029055,0.22399631,0.021930281
-0.27006647,0.2063943,0.023759026,-0.27006647,0.2063943,0.023759026
-0.25709623,0.1774012,-0.07129307,-0.25709623,0.1774012,-0.07129307
-0.24096586,0.17091942,-0.06709328,-0.24096586,0.17091942,-0.06709328
-0.24238518,0.16296479,-0.060227573,-0.24238518,0.16296479,-0.060227573
-0.2597659,0.16886361,-0.06516436,-0.2597659,0.16886361,-0.06516436
-0.13135576,0.11393367,-0.097938105,-0.13135576,0.11393367,-0.097938105
-0.11519789,0.10228632,-0.10409776,-0.11519789,0.10228632,-0.10409776
-0.12722051,0.088794395,-0.0939163,-0.12722051,0.088794395,-0.0939163
-0.1409489,0.102086425,-0.08843564,-0.1409489,0.102086425,-0.08843564
-0.23386753,0.25165614,-0.05984387,-0.23386753,0.25165614,-0.05984387
-0.2377368,0.2592953,-0.050529785,-0.2377368,0.2592953,-0.050529785
-0.22137125,0.26100886,-0.050053675,-0.22137125,0.26100886,-0.050053675
-0.21988076,0.25175065,-0.06052184,-0.21988076,0.25175065,-0.06052184
-0.22404264,0.26848474,-0.03527143,-0.22404264,0.26848474,-0.03527143
-0.2426785,0.26522592,-0.036520083,-0.2426785,0.26522592,-0.036520083
-0.24716128,0.26592243,-0.017776549,-0.24716128,0.26592243,-0.017776549
-0.22778082,0.2701354,-0.015260486,-0.22778082,0.2701354,-0.015260486
-0.17877717,-0.27669287,-0.026991306,-0.17877717,-0.27669287,-0.026991306
-0.1878883,-0.2788611,0.0020202547,-0.1878883,-0.2788611,0.0020202547
-0.14072321,-0.14964686,0.08399749,-0.14072321,-0.14964686,0.08399749
-0.12471492,-0.15627334,0.10304049,-0.12471492,-0.15627334,0.10304049
-0.10289881,-0.24843474,0.11740721,-0.10289881,-0.24843474,0.11740721
-0.024693424,-0.36863205,0.10585116,-0.024693424,-0.36863205,0.10585116
-0.008935053,-0.37734163,0.08154625,-0.008935053,-0.37734163,0.08154625
-0.0030091605,-0.44580165,0.017095389,-0.0030091605,-0.44580165,0.017095389
-0.18835886,-0.28209344,0.030263878,-0.18835886,-0.28209344,0.030263878
-0.008320339,-0.475366,0.0076264157,-0.008320339,-0.475366,0.0076264157
-0.015114271,-0.50624967,-0.0005343192,-0.015114271,-0.50624967,-0.0005343192
-0.06587862,-0.50180775,-0.058097176,-0.06587862,-0.50180775,-0.058097176
-0.09364329,-0.5031704,-0.061538447,-0.09364329,-0.5031704,-0.061538447
-0.09110196,-0.473182,-0.06228229,-0.09110196,-0.473182,-0.06228229
-0.060239397,-0.4697003,-0.05847389,-0.060239397,-0.4697003,-0.05847389
-0.121088095,-0.5057489,-0.05514634,-0.121088095,-0.5057489,-0.05514634
-0.120773084,-0.47672316,-0.055981677,-0.120773084,-0.47672316,-0.055981677
-0.10717877,-0.59423304,0.08586395,-0.10717877,-0.59423304,0.08586395
-0.10159829,-0.8201352,-0.09109993,-0.10159829,-0.8201352,-0.09109993
-0.12345346,-0.85688066,-0.08522344,-0.12345346,-0.85688066,-0.08522344
-0.124295294,-0.8186718,-0.08736509,-0.124295294,-0.8186718,-0.08736509
-0.1025727,-0.85703576,-0.089393064,-0.1025727,-0.85703576,-0.089393064
-0.143445,-0.8194009,-0.07400391,-0.143445,-0.8194009,-0.07400391
-0.14294504,-0.7846292,-0.07155803,-0.14294504,-0.7846292,-0.07155803
-0.14909896,-0.86571807,-0.0016130863,-0.14909896,-0.86571807,-0.0016130863
-0.1036765,-0.8948431,-0.084267266,-0.1036765,-0.8948431,-0.084267266
-0.12232267,-0.89583546,-0.08087723,-0.12232267,-0.89583546,-0.08087723
-0.14191632,-0.8568433,-0.07343911,-0.14191632,-0.8568433,-0.07343911
-0.13806164,-0.8962122,-0.0704276,-0.13806164,-0.8962122,-0.0704276
-0.00033932496,-0.39452717,0.050507862,-0.00033932496,-0.39452717,0.050507862
-0.16509686,-0.36682773,0.09208678,-0.16509686,-0.36682773,0.09208678
-0.16274603,-0.3351091,0.09441619,-0.16274603,-0.3351091,0.09441619
-0.10437189,-0.32265845,0.12317015,-0.10437189,-0.32265845,0.12317015
-0.07502868,-0.33734715,0.12634018,-0.07502868,-0.33734715,0.12634018
-0.103691295,-0.07720271,0.11188778,-0.103691295,-0.07720271,0.11188778
-0.1210998,-0.07504385,0.094400525,-0.1210998,-0.07504385,0.094400525
-0.11863995,-0.034423497,0.08940927,-0.11863995,-0.034423497,0.08940927
-0.13325445,-0.03242154,0.07033267,-0.13325445,-0.03242154,0.07033267
-0.13452134,-0.05204747,0.07217725,-0.13452134,-0.05204747,0.07217725
-0.11980924,-0.05507854,0.09169352,-0.11980924,-0.05507854,0.09169352
-0.15021238,-0.02857355,0.02197806,-0.15021238,-0.02857355,0.02197806
-0.15009396,-0.026602102,-0.0051465016,-0.15009396,-0.026602102,-0.0051465016
-0.14850418,-0.044592332,-0.002316031,-0.14850418,-0.044592332,-0.002316031
-0.14990063,-0.046686623,0.024102949,-0.14990063,-0.046686623,0.024102949
-0.14992334,-0.061727498,0.0009975838,-0.14992334,-0.061727498,0.0009975838
-0.1414225,-0.05920388,-0.0231289,-0.1414225,-0.05920388,-0.0231289
-0.07685218,-0.02623536,-0.08770267,-0.07685218,-0.02623536,-0.08770267
-0.0955046,-0.030340128,-0.0788205,-0.0955046,-0.030340128,-0.0788205
-0.0971727,-0.009612768,-0.08428891,-0.0971727,-0.009612768,-0.08428891
-0.078236096,-0.0040365662,-0.092600465,-0.078236096,-0.0040365662,-0.092600465
-0.031695537,-0.31135798,0.13163367,-0.031695537,-0.31135798,0.13163367
-0.002887089,-0.37848398,0.061271984,-0.002887089,-0.37848398,0.061271984
-0.06838793,-0.41252467,0.12454344,-0.06838793,-0.41252467,0.12454344
-0.10389094,-0.3805967,0.12987019,-0.10389094,-0.3805967,0.12987019
-0.13722701,-0.3758815,0.118630186,-0.13722701,-0.3758815,0.118630186
-0.24185483,0.16341697,-0.015133553,-0.24185483,0.16341697,-0.015133553
-0.1625313,0.14082678,-0.08003248,-0.1625313,0.14082678,-0.08003248
-0.16638044,0.12871002,-0.0747355,-0.16638044,0.12871002,-0.0747355
-0.26291627,0.260902,-0.03910447,-0.26291627,0.260902,-0.03910447
-0.26785532,0.26150376,-0.020634646,-0.26785532,0.26150376,-0.020634646
-0.251845,0.19066621,0.022907497,-0.251845,0.19066621,0.022907497
-0.21706365,0.24787249,0.025655234,-0.21706365,0.24787249,0.025655234
-0.22005206,0.22675832,0.0331053,-0.22005206,0.22675832,0.0331053
-0.20527112,0.22863321,0.037549395,-0.20527112,0.22863321,0.037549395
-0.12947859,-0.2581914,0.103980206,-0.12947859,-0.2581914,0.103980206
-0.15690199,-0.27174705,0.08942697,-0.15690199,-0.27174705,0.08942697
-0.13161309,-0.28280145,0.1072978,-0.13161309,-0.28280145,0.1072978
-0.0016112013,-0.3598869,-0.015028252,-0.0016112013,-0.3598869,-0.015028252
-0.0484954,-0.35383162,0.1214414,-0.0484954,-0.35383162,0.1214414
-0.020339545,-0.53627825,-0.007292941,-0.020339545,-0.53627825,-0.007292941
-0.024576118,-0.5646452,-0.013899921,-0.024576118,-0.5646452,-0.013899921
-0.027627602,-0.5916267,-0.020831482,-0.027627602,-0.5916267,-0.020831482
-0.030318098,-0.6184113,-0.027284876,-0.030318098,-0.6184113,-0.027284876
-0.033442836,-0.645492,-0.03346777,-0.033442836,-0.645492,-0.03346777
-0.039630413,-0.6727984,-0.038423944,-0.039630413,-0.6727984,-0.038423944
-0.04786982,-0.70138186,-0.038824283,-0.04786982,-0.70138186,-0.038824283
-0.051622972,-0.7307502,-0.044396184,-0.051622972,-0.7307502,-0.044396184
-0.042257503,-0.796276,-0.042166103,-0.042257503,-0.796276,-0.042166103
-0.048284158,-0.79387945,-0.059907667,-0.048284158,-0.79387945,-0.059907667
-0.050056458,-0.76138157,-0.05353727,-0.050056458,-0.76138157,-0.05353727
-0.047971334,-0.8274196,-0.06396681,-0.047971334,-0.8274196,-0.06396681
-0.05081967,-0.86172044,-0.063813016,-0.05081967,-0.86172044,-0.063813016
-0.058196202,-0.897817,-0.061140303,-0.058196202,-0.897817,-0.061140303
-0.063654505,-0.9349111,-0.058519132,-0.063654505,-0.9349111,-0.058519132
-0.06677165,-0.9717571,-0.056384966,-0.06677165,-0.9717571,-0.056384966
-0.000954009,-0.35867298,0.012867555,-0.000954009,-0.35867298,0.012867555
-0.0012876933,-0.35958847,0.00023649044,-0.0012876933,-0.35958847,0.00023649044
-0.106660835,0.2446072,0.034178827,-0.106660835,0.2446072,0.034178827
-0.17617173,0.12221156,0.009374645,-0.17617173,0.12221156,0.009374645
-0.1854694,0.1303834,0.0050506587,-0.1854694,0.1303834,0.0050506587
-0.23615243,0.18972318,0.02672821,-0.23615243,0.18972318,0.02672821
-0.30254102,0.23223133,-0.0690473,-0.30254102,0.23223133,-0.0690473
-0.29761776,0.24466492,-0.060218558,-0.29761776,0.24466492,-0.060218558
-0.25128472,0.18076706,0.009553426,-0.25128472,0.18076706,0.009553426
-0.19259858,0.15178761,0.01643232,-0.19259858,0.15178761,0.01643232
-0.20459527,0.16192323,0.011059197,-0.20459527,0.16192323,0.011059197
-0.546514,0.25334823,-0.023598,-0.546514,0.25334823,-0.023598
-0.5451365,0.2573692,-0.037386734,-0.5451365,0.2573692,-0.037386734
-0.5659983,0.25393212,-0.03594301,-0.5659983,0.25393212,-0.03594301
-0.5667764,0.2491288,-0.023268254,-0.5667764,0.2491288,-0.023268254
-0.5467629,0.24378192,-0.013259823,-0.5467629,0.24378192,-0.013259823
-0.5666647,0.23956047,-0.014411176,-0.5666647,0.23956047,-0.014411176
-0.5444264,0.18219611,-0.03038655,-0.5444264,0.18219611,-0.03038655
-0.54361695,0.19124955,-0.018714914,-0.54361695,0.19124955,-0.018714914
-0.5640777,0.19166376,-0.02333218,-0.5640777,0.19166376,-0.02333218
-0.56476176,0.18372284,-0.035203636,-0.56476176,0.18372284,-0.035203636
-0.5853277,0.2241819,-0.011890189,-0.5853277,0.2241819,-0.011890189
-0.5842306,0.21221665,-0.013181768,-0.5842306,0.21221665,-0.013181768
-0.56462777,0.21424446,-0.009947206,-0.56462777,0.21424446,-0.009947206
-0.5659195,0.22758247,-0.009874104,-0.5659195,0.22758247,-0.009874104
-0.5441274,0.18370914,-0.06125154,-0.5441274,0.18370914,-0.06125154
-0.5427411,0.19343294,-0.072045505,-0.5427411,0.19343294,-0.072045505
-0.52277124,0.18937416,-0.06920158,-0.52277124,0.18937416,-0.06920158
-0.52442133,0.18020335,-0.057044014,-0.52442133,0.18020335,-0.057044014
-0.4594857,0.18635525,-0.007795701,-0.4594857,0.18635525,-0.007795701
-0.46246615,0.17595756,-0.01879385,-0.46246615,0.17595756,-0.01879385
-0.44513518,0.17732517,-0.012311792,-0.44513518,0.17732517,-0.012311792
-0.44247735,0.1883034,-0.0024015645,-0.44247735,0.1883034,-0.0024015645
-0.5047302,0.26171616,-0.02394659,-0.5047302,0.26171616,-0.02394659
-0.50236887,0.26267263,-0.03938146,-0.50236887,0.26267263,-0.03938146
-0.5238554,0.2603264,-0.03837922,-0.5238554,0.2603264,-0.03837922
-0.5257604,0.2574843,-0.023506235,-0.5257604,0.2574843,-0.023506235
-0.5028021,0.22312306,-0.0016322472,-0.5028021,0.22312306,-0.0016322472
-0.50125283,0.20736526,-0.0042428323,-0.50125283,0.20736526,-0.0042428323
-0.47878614,0.21080337,-0.002402508,-0.47878614,0.21080337,-0.002402508
-0.4801525,0.22701055,-0.00077512686,-0.4801525,0.22701055,-0.00077512686
-0.48321107,0.26494002,-0.025545882,-0.48321107,0.26494002,-0.025545882
-0.48099065,0.26317304,-0.040779173,-0.48099065,0.26317304,-0.040779173
-0.54476583,0.21704124,-0.006590644,-0.54476583,0.21704124,-0.006590644
-0.5434945,0.20309155,-0.010876762,-0.5434945,0.20309155,-0.010876762
-0.5227472,0.20491967,-0.0069865463,-0.5227472,0.20491967,-0.0069865463
-0.5243168,0.22007033,-0.003710305,-0.5243168,0.22007033,-0.003710305
-0.5837027,0.19144736,-0.065185964,-0.5837027,0.19144736,-0.065185964
-0.58275115,0.20127837,-0.07359992,-0.58275115,0.20127837,-0.07359992
-0.56276506,0.19751821,-0.07345676,-0.56276506,0.19751821,-0.07345676
-0.56397825,0.18761265,-0.063865796,-0.56397825,0.18761265,-0.063865796
-0.5837398,0.20166256,-0.01880451,-0.5837398,0.20166256,-0.01880451
-0.584049,0.19257134,-0.027400823,-0.584049,0.19257134,-0.027400823
-0.5637774,0.20219532,-0.015070951,-0.5637774,0.20219532,-0.015070951
-0.58466613,0.24726954,-0.05976189,-0.58466613,0.24726954,-0.05976189
-0.58567005,0.25119308,-0.047502663,-0.58567005,0.25119308,-0.047502663
-0.5645344,0.25352713,-0.049867924,-0.5645344,0.25352713,-0.049867924
-0.56315905,0.24816647,-0.06273977,-0.56315905,0.24816647,-0.06273977
-0.5022575,0.18222982,-0.019680597,-0.5022575,0.18222982,-0.019680597
-0.5011083,0.1931357,-0.009909037,-0.5011083,0.1931357,-0.009909037
-0.52265126,0.19156729,-0.01402608,-0.52265126,0.19156729,-0.01402608
-0.52356565,0.18172249,-0.025084581,-0.52356565,0.18172249,-0.025084581
-0.50543475,0.25297973,-0.010741929,-0.50543475,0.25297973,-0.010741929
-0.5263606,0.24824986,-0.011950938,-0.5263606,0.24824986,-0.011950938
-0.54145837,0.24856034,-0.06519341,-0.54145837,0.24856034,-0.06519341
-0.54321945,0.25560588,-0.0518748,-0.54321945,0.25560588,-0.0518748
-0.52148896,0.25663275,-0.05322715,-0.52148896,0.25663275,-0.05322715
-0.519917,0.24754176,-0.06634673,-0.519917,0.24754176,-0.06634673
-0.49857235,0.23066124,-0.07553692,-0.49857235,0.23066124,-0.07553692
-0.4990244,0.21388367,-0.076152965,-0.4990244,0.21388367,-0.076152965
-0.5195401,0.21815206,-0.07761314,-0.5195401,0.21815206,-0.07761314
-0.51929766,0.23402587,-0.07524198,-0.51929766,0.23402587,-0.07524198
-0.4803878,0.18405329,-0.014044853,-0.4803878,0.18405329,-0.014044853
-0.48268032,0.1753225,-0.026866725,-0.48268032,0.1753225,-0.026866725
-0.5043405,0.17714696,-0.051471617,-0.5043405,0.17714696,-0.051471617
-0.5029076,0.1854099,-0.06495948,-0.5029076,0.1854099,-0.06495948
-0.48327142,0.181247,-0.059484303,-0.48327142,0.181247,-0.059484303
-0.48420474,0.17400886,-0.044157192,-0.48420474,0.17400886,-0.044157192
-0.44272384,0.24869508,-0.0040135644,-0.44272384,0.24869508,-0.0040135644
-0.44304454,0.26108143,-0.015594755,-0.44304454,0.26108143,-0.015594755
-0.46117494,0.26044112,-0.0130243935,-0.46117494,0.26044112,-0.0130243935
-0.4598726,0.24754772,-0.0030968257,-0.4598726,0.24754772,-0.0030968257
-0.46128228,0.26586393,-0.028101755,-0.46128228,0.26586393,-0.028101755
-0.44259912,0.2649023,-0.031299826,-0.44259912,0.2649023,-0.031299826
-0.4156376,0.25450853,-0.049422357,-0.4156376,0.25450853,-0.049422357
-0.4152789,0.24327841,-0.058040377,-0.4152789,0.24327841,-0.058040377
-0.42660907,0.2444123,-0.056462687,-0.42660907,0.2444123,-0.056462687
-0.42754623,0.25671455,-0.04834832,-0.42754623,0.25671455,-0.04834832
-0.4596973,0.21989888,-0.07556354,-0.4596973,0.21989888,-0.07556354
-0.45971707,0.20254971,-0.07155016,-0.45971707,0.20254971,-0.07155016
-0.47903845,0.208559,-0.0741843,-0.47903845,0.208559,-0.0741843
-0.47856814,0.2260257,-0.075974084,-0.47856814,0.2260257,-0.075974084
-0.44584706,0.18285938,-0.05953631,-0.44584706,0.18285938,-0.05953631
-0.4488446,0.17317833,-0.046061616,-0.4488446,0.17317833,-0.046061616
-0.4647817,0.17672509,-0.052916184,-0.4647817,0.17672509,-0.052916184
-0.46193624,0.18785582,-0.06466191,-0.46193624,0.18785582,-0.06466191
-0.39100373,0.17454302,-0.043533463,-0.39100373,0.17454302,-0.043533463
-0.38948157,0.171818,-0.03065273,-0.38948157,0.171818,-0.03065273
-0.40615717,0.17179103,-0.03167364,-0.40615717,0.17179103,-0.03167364
-0.40720844,0.17582175,-0.04477475,-0.40720844,0.17582175,-0.04477475
-0.40147522,0.18049443,-0.0037446616,-0.40147522,0.18049443,-0.0037446616
-0.38515913,0.18047509,-0.0028007538,-0.38515913,0.18047509,-0.0028007538
-0.38471788,0.19136356,0.0073588276,-0.38471788,0.19136356,0.0073588276
-0.40075764,0.1915532,0.006081584,-0.40075764,0.1915532,0.006081584
-0.38935286,0.2507654,-0.007704965,-0.38935286,0.2507654,-0.007704965
-0.38971642,0.2577287,-0.024374941,-0.38971642,0.2577287,-0.024374941
-0.40329394,0.25945264,-0.022756362,-0.40329394,0.25945264,-0.022756362
-0.40356985,0.2512763,-0.0071893223,-0.40356985,0.2512763,-0.0071893223
-0.444195,0.2141065,-0.0747464,-0.444195,0.2141065,-0.0747464
-0.44162288,0.19654949,-0.069123484,-0.44162288,0.19654949,-0.069123484
-0.41576698,0.17978841,-0.005220958,-0.41576698,0.17978841,-0.005220958
-0.41460538,0.19074956,0.004400394,-0.41460538,0.19074956,0.004400394
-0.4280246,0.18976994,0.0014346257,-0.4280246,0.18976994,0.0014346257
-0.42991024,0.17858836,-0.007924714,-0.42991024,0.17858836,-0.007924714
-0.413259,0.2200343,0.0063311327,-0.413259,0.2200343,0.0063311327
-0.41496232,0.2356899,0.00223771,-0.41496232,0.2356899,0.00223771
-0.42723006,0.2342582,0.0014358134,-0.42723006,0.2342582,0.0014358134
-0.42669982,0.21840023,0.0038447892,-0.42669982,0.21840023,0.0038447892
-0.4154496,0.25049707,-0.0059737344,-0.4154496,0.25049707,-0.0059737344
-0.41536224,0.26039344,-0.0206999,-0.41536224,0.26039344,-0.0206999
-0.42850527,0.26041117,-0.01793595,-0.42850527,0.26041117,-0.01793595
-0.4283758,0.24960037,-0.0048827385,-0.4283758,0.24960037,-0.0048827385
-0.43385795,0.21194266,-0.07333951,-0.43385795,0.21194266,-0.07333951
-0.4330834,0.22462794,-0.06979602,-0.4330834,0.22462794,-0.06979602
-0.42451537,0.22101222,-0.06966638,-0.42451537,0.22101222,-0.06966638
-0.4254806,0.20863022,-0.07207701,-0.4254806,0.20863022,-0.07207701
-0.43310913,0.17912665,-0.05298824,-0.43310913,0.17912665,-0.05298824
-0.43483984,0.17147173,-0.039465953,-0.43483984,0.17147173,-0.039465953
-0.4410994,0.21648435,0.001163969,-0.4410994,0.21648435,0.001163969
-0.44152457,0.20169689,0.0019492075,-0.44152457,0.20169689,0.0019492075
-0.42739654,0.20344284,0.0059387884,-0.42739654,0.20344284,0.0059387884
-0.42829475,0.2630651,-0.03410049,-0.42829475,0.2630651,-0.03410049
-0.3925013,0.18034528,-0.0541307,-0.3925013,0.18034528,-0.0541307
-0.39307258,0.18833508,-0.06362959,-0.39307258,0.18833508,-0.06362959
-0.37660405,0.18564221,-0.06313843,-0.37660405,0.18564221,-0.06313843
-0.37576023,0.17727806,-0.053738464,-0.37576023,0.17727806,-0.053738464
-0.37393528,0.17221825,-0.04259724,-0.37393528,0.17221825,-0.04259724
-0.371503,0.1706532,-0.029350834,-0.371503,0.1706532,-0.029350834
-0.36655444,0.1807205,-0.0012733275,-0.36655444,0.1807205,-0.0012733275
-0.36560047,0.19192179,0.009063336,-0.36560047,0.19192179,0.009063336
-0.3652767,0.20620202,0.014667007,-0.3652767,0.20620202,0.014667007
-0.3648307,0.22197437,0.014414731,-0.3648307,0.22197437,0.014414731
-0.3848898,0.22165991,0.011798261,-0.3848898,0.22165991,0.011798261
-0.38489592,0.2056548,0.012753874,-0.38489592,0.2056548,0.012753874
-0.36655903,0.24990055,-0.0064547774,-0.36655903,0.24990055,-0.0064547774
-0.36807027,0.25576776,-0.023717225,-0.36807027,0.25576776,-0.023717225
-0.39037168,0.25658944,-0.039453372,-0.39037168,0.25658944,-0.039453372
-0.37069413,0.25457236,-0.040095657,-0.37069413,0.25457236,-0.040095657
-0.41834015,0.17236052,-0.019044096,-0.41834015,0.17236052,-0.019044096
-0.40388408,0.17347218,-0.017038345,-0.40388408,0.17347218,-0.017038345
-0.5404288,0.23639135,-0.074478164,-0.5404288,0.23639135,-0.074478164
-0.5403071,0.22165665,-0.07797006,-0.5403071,0.22165665,-0.07797006
-0.5612685,0.224297,-0.077101365,-0.5612685,0.224297,-0.077101365
-0.5620058,0.23769547,-0.07233617,-0.5620058,0.23769547,-0.07233617
-0.5820406,0.21359596,-0.076519944,-0.5820406,0.21359596,-0.076519944
-0.56162286,0.21045755,-0.077461414,-0.56162286,0.21045755,-0.077461414
-0.5461366,0.23129424,-0.007315434,-0.5461366,0.23129424,-0.007315434
-0.5258495,0.23498598,-0.0051054745,-0.5258495,0.23498598,-0.0051054745
-0.5861546,0.23587847,-0.015217425,-0.5861546,0.23587847,-0.015217425
-0.4416601,0.23235287,0.00016800575,-0.4416601,0.23235287,0.00016800575
-0.45849422,0.2303995,-0.00050013035,-0.45849422,0.2303995,-0.00050013035
-0.4150121,0.23105809,-0.064865485,-0.4150121,0.23105809,-0.064865485
-0.40413824,0.24144141,-0.05943034,-0.40413824,0.24144141,-0.05943034
-0.40463865,0.22935227,-0.06677444,-0.40463865,0.22935227,-0.06677444
-0.4436954,0.23061852,-0.06947289,-0.4436954,0.23061852,-0.06947289
-0.45947963,0.23736055,-0.068618886,-0.45947963,0.23736055,-0.068618886
-0.45923612,0.2501133,-0.054713488,-0.45923612,0.2501133,-0.054713488
-0.44006866,0.24380592,-0.05692989,-0.44006866,0.24380592,-0.05692989
-0.4168699,0.20548028,-0.0706609,-0.4168699,0.20548028,-0.0706609
-0.4158066,0.21842672,-0.07005591,-0.4158066,0.21842672,-0.07005591
-0.40545222,0.21620965,-0.070758246,-0.40545222,0.21620965,-0.070758246
-0.4062043,0.20287195,-0.070165865,-0.4062043,0.20287195,-0.070165865
-0.3872407,0.23743823,0.0050004977,-0.3872407,0.23743823,0.0050004977
-0.40234438,0.23680285,0.0033277927,-0.40234438,0.23680285,0.0033277927
-0.37482944,0.23735751,-0.06365643,-0.37482944,0.23735751,-0.06365643
-0.3911326,0.23944128,-0.06112176,-0.3911326,0.23944128,-0.06112176
-0.39109656,0.24948697,-0.05139132,-0.39109656,0.24948697,-0.05139132
-0.3740686,0.24731542,-0.053418845,-0.3740686,0.24731542,-0.053418845
-0.40394607,0.25196287,-0.050246216,-0.40394607,0.25196287,-0.050246216
-0.37524772,0.2250518,-0.07039616,-0.37524772,0.2250518,-0.07039616
-0.39158422,0.2275017,-0.06843477,-0.39158422,0.2275017,-0.06843477
-0.365177,0.23769803,0.007458837,-0.365177,0.23769803,0.007458837
-0.39260504,0.20046416,-0.06995463,-0.39260504,0.20046416,-0.06995463
-0.3922191,0.21418323,-0.071456075,-0.3922191,0.21418323,-0.071456075
-0.37571943,0.21150629,-0.07258674,-0.37571943,0.21150629,-0.07258674
-0.37616235,0.19748576,-0.07020487,-0.37616235,0.19748576,-0.07020487
-0.54115814,0.20689465,-0.077213444,-0.54115814,0.20689465,-0.077213444
-0.5207612,0.20297965,-0.07545961,-0.5207612,0.20297965,-0.07545961
-0.44835627,0.17054522,-0.028375257,-0.44835627,0.17054522,-0.028375257
-0.46499357,0.17134826,-0.035829347,-0.46499357,0.17134826,-0.035829347
-0.4329637,0.17121367,-0.022607973,-0.4329637,0.17121367,-0.022607973
-0.54491216,0.17913699,-0.046030123,-0.54491216,0.17913699,-0.046030123
-0.5648444,0.1822345,-0.050193887,-0.5648444,0.1822345,-0.050193887
-0.5038198,0.17559566,-0.034289286,-0.5038198,0.17559566,-0.034289286
-0.5245954,0.17690189,-0.040577285,-0.5245954,0.17690189,-0.040577285
-0.4988414,0.24582224,-0.0671979,-0.4988414,0.24582224,-0.0671979
-0.41952294,0.18471181,-0.058450475,-0.41952294,0.18471181,-0.058450475
-0.4208773,0.17701551,-0.04782863,-0.4208773,0.17701551,-0.04782863
-0.430076,0.18823163,-0.06329466,-0.430076,0.18823163,-0.06329466
-0.36820003,0.17335466,-0.0145802675,-0.36820003,0.17335466,-0.0145802675
-0.38722408,0.17382395,-0.016145106,-0.38722408,0.17382395,-0.016145106
-0.43348727,0.20124517,-0.07206868,-0.43348727,0.20124517,-0.07206868
-0.3440025,0.17250782,-0.01279475,-0.3440025,0.17250782,-0.01279475
-0.44145215,0.25879726,-0.04635349,-0.44145215,0.25879726,-0.04635349
-0.41545105,0.2614284,-0.036354322,-0.41545105,0.2614284,-0.036354322
-0.40369555,0.2591649,-0.037980434,-0.40369555,0.2591649,-0.037980434
-0.5864474,0.25064987,-0.034230307,-0.5864474,0.25064987,-0.034230307
-0.5045024,0.23912096,-0.0031558091,-0.5045024,0.23912096,-0.0031558091
-0.45738503,0.21441995,-0.0011005017,-0.45738503,0.21441995,-0.0011005017
-0.45794794,0.19924876,-0.0024342677,-0.45794794,0.19924876,-0.0024342677
-0.41795054,0.19356705,-0.066786006,-0.41795054,0.19356705,-0.066786006
-0.40703076,0.19075017,-0.06476533,-0.40703076,0.19075017,-0.06476533
-0.40737134,0.18247885,-0.055496857,-0.40737134,0.18247885,-0.055496857
-0.40017906,0.22144336,0.009088264,-0.40017906,0.22144336,0.009088264
-0.40069735,0.20567212,0.010830449,-0.40069735,0.20567212,0.010830449
-0.5844308,0.18570988,-0.052954827,-0.5844308,0.18570988,-0.052954827
-0.41402823,0.20495698,0.008525045,-0.41402823,0.20495698,0.008525045
-0.45956394,0.26213002,-0.04319632,-0.45956394,0.26213002,-0.04319632
-0.01658815,0.20867471,-0.098611645,-0.01658815,0.20867471,-0.098611645
-0.1519599,0.04514457,0.044374395,-0.1519599,0.04514457,0.044374395
-0.11378929,0.022153283,0.09055071,-0.11378929,0.022153283,0.09055071
-0.12792502,0.02508293,0.074609414,-0.12792502,0.02508293,0.074609414
-0.16550031,0.10259989,0.018024411,-0.16550031,0.10259989,0.018024411
-0.16975774,0.11347142,0.0135752,-0.16975774,0.11347142,0.0135752
-0.19746059,0.14200197,0.0016822728,-0.19746059,0.14200197,0.0016822728
-0.20848729,0.1533888,-0.0033109898,-0.20848729,0.1533888,-0.0033109898
-0.1557983,0.082255006,0.04989518,-0.1557983,0.082255006,0.04989518
-0.077685,0.44393066,-0.008882205,-0.077685,0.44393066,-0.008882205
-0.07616625,0.43667653,-0.011826289,-0.07616625,0.43667653,-0.011826289
-0.079517625,0.4576555,-0.008362538,-0.079517625,0.4576555,-0.008362538
-0.017389232,-0.12083298,0.16415986,-0.017389232,-0.12083298,0.16415986
-0.075718105,0.4290219,0.0032873484,-0.075718105,0.4290219,0.0032873484
-0.07354346,0.42125043,0.00026500196,-0.07354346,0.42125043,0.00026500196
-0.07833291,0.424963,0.0023055857,-0.07833291,0.424963,0.0023055857
-0.07522095,0.43008852,0.0050773616,-0.07522095,0.43008852,0.0050773616
-0.07533852,0.43120503,0.0055088936,-0.07533852,0.43120503,0.0055088936
-0.07986235,0.45988685,0.002005467,-0.07986235,0.45988685,0.002005467
-0.07411143,0.42808965,-0.012430526,-0.07411143,0.42808965,-0.012430526
-0.07213663,0.4189379,-0.01095147,-0.07213663,0.4189379,-0.01095147
-0.07829708,0.44572783,0.00771347,-0.07829708,0.44572783,0.00771347
-0.05069517,-0.13177845,-0.07962395,-0.05069517,-0.13177845,-0.07962395
-0.026546028,-0.13240677,-0.07941226,-0.026546028,-0.13240677,-0.07941226
-0.028723815,-0.15021817,-0.08580452,-0.028723815,-0.15021817,-0.08580452
-0.054575633,-0.14995661,-0.08456448,-0.054575633,-0.14995661,-0.08456448
-0.031172898,-0.16861998,-0.09376684,-0.031172898,-0.16861998,-0.09376684
-0.1489245,-0.20147043,-0.063768044,-0.1489245,-0.20147043,-0.063768044
-0.16525868,-0.19831404,-0.040214542,-0.16525868,-0.19831404,-0.040214542
-0.16039866,-0.1775613,-0.038359232,-0.16039866,-0.1775613,-0.038359232
-0.14462417,-0.17979813,-0.060544673,-0.14462417,-0.17979813,-0.060544673
-0.16621287,-0.16099754,-0.013212414,-0.16621287,-0.16099754,-0.013212414
-0.15482076,-0.15988187,-0.036970932,-0.15482076,-0.15988187,-0.036970932
-0.17139834,-0.17753735,-0.012606734,-0.17139834,-0.17753735,-0.012606734
-0.17578302,-0.18151172,0.015474225,-0.17578302,-0.18151172,0.015474225
-0.17061324,-0.16419414,0.014070962,-0.17061324,-0.16419414,0.014070962
-0.17288736,-0.18903016,0.042415343,-0.17288736,-0.18903016,0.042415343
-0.16784593,-0.17037643,0.040926054,-0.16784593,-0.17037643,0.040926054
-0.164256,-0.19815706,0.066615224,-0.164256,-0.19815706,0.066615224
-0.14952545,-0.20736861,0.087840475,-0.14952545,-0.20736861,0.087840475
-0.12935108,-0.23662974,0.104051255,-0.12935108,-0.23662974,0.104051255
-0.104953,-0.22496901,0.119605005,-0.104953,-0.22496901,0.119605005
-0.12863843,-0.21648483,0.10522963,-0.12863843,-0.21648483,0.10522963
-0.058066357,-0.23745276,0.14106987,-0.058066357,-0.23745276,0.14106987
-0.080783844,-0.23256728,0.13149546,-0.080783844,-0.23256728,0.13149546
-0.019448968,-0.24293421,0.15316534,-0.019448968,-0.24293421,0.15316534
-0.0379117,-0.24094878,0.14838293,-0.0379117,-0.24094878,0.14838293
-0.10449874,0.22503668,0.05201315,-0.10449874,0.22503668,0.05201315
-0.08196846,0.28416732,-0.055361263,-0.08196846,0.28416732,-0.055361263
-0.08982476,0.28055167,-0.055297364,-0.08982476,0.28055167,-0.055297364
-0.09797709,0.2852424,-0.034069244,-0.09797709,0.2852424,-0.034069244
-0.10971548,0.23075995,-0.093857564,-0.10971548,0.23075995,-0.093857564
-0.11032467,0.24839301,-0.082621254,-0.11032467,0.24839301,-0.082621254
-0.0913331,0.24029478,-0.09219324,-0.0913331,0.24029478,-0.09219324
-0.09080938,0.22353017,-0.09988529,-0.09080938,0.22353017,-0.09988529
-0.07269885,0.27592623,-0.06918203,-0.07269885,0.27592623,-0.06918203
-0.06855995,0.2784021,-0.06851117,-0.06855995,0.2784021,-0.06851117
-0.07760477,0.27155644,-0.07114509,-0.07760477,0.27155644,-0.07114509
-0.0475919,0.25437093,-0.087207735,-0.0475919,0.25437093,-0.087207735
-0.063622646,0.26246956,-0.081877775,-0.063622646,0.26246956,-0.081877775
-0.13606626,0.27767247,-0.031868767,-0.13606626,0.27767247,-0.031868767
-0.13632491,0.2675346,-0.054114353,-0.13632491,0.2675346,-0.054114353
-0.14632313,0.26732385,-0.04936182,-0.14632313,0.26732385,-0.04936182
-0.1479047,0.2774082,-0.02773894,-0.1479047,0.2774082,-0.02773894
-0.139987,0.22221752,-0.08894114,-0.139987,0.22221752,-0.08894114
-0.14036375,0.2060225,-0.09327029,-0.14036375,0.2060225,-0.09327029
-0.15190065,0.20987742,-0.08899926,-0.15190065,0.20987742,-0.08899926
-0.15063702,0.2249512,-0.08441625,-0.15063702,0.2249512,-0.08441625
-0.18383066,0.27697125,-0.01529297,-0.18383066,0.27697125,-0.01529297
-0.18016279,0.27036518,-0.03706084,-0.18016279,0.27036518,-0.03706084
-0.19314346,0.27112728,-0.035281587,-0.19314346,0.27112728,-0.035281587
-0.19686817,0.27541608,-0.014048592,-0.19686817,0.27541608,-0.014048592
-0.14872748,0.23962046,-0.07632038,-0.14872748,0.23962046,-0.07632038
-0.086697966,0.10898878,-0.11540539,-0.086697966,0.10898878,-0.11540539
-0.10578525,0.11787324,-0.11111592,-0.10578525,0.11787324,-0.11111592
-0.122369304,0.12646474,-0.105269715,-0.122369304,0.12646474,-0.105269715
-0.15866391,0.15348567,-0.08433041,-0.15866391,0.15348567,-0.08433041
-0.14917031,0.14569214,-0.08911674,-0.14917031,0.14569214,-0.08911674
-0.15359059,0.13227431,-0.08493431,-0.15359059,0.13227431,-0.08493431
-0.16896594,0.16093706,-0.08127441,-0.16896594,0.16093706,-0.08127441
-0.1799913,0.16504093,-0.07738586,-0.1799913,0.16504093,-0.07738586
-0.2068064,0.20500627,0.040234897,-0.2068064,0.20500627,0.040234897
-0.19313775,0.20413084,0.046005934,-0.19313775,0.20413084,0.046005934
-0.19072898,0.23123492,0.04063931,-0.19072898,0.23123492,0.04063931
-0.2056644,0.1724666,-0.07015657,-0.2056644,0.1724666,-0.07015657
-0.19241747,0.16582073,-0.07089447,-0.19241747,0.16582073,-0.07089447
-0.19465628,0.15839814,-0.067073174,-0.19465628,0.15839814,-0.067073174
-0.20791043,0.16668388,-0.06707712,-0.20791043,0.16668388,-0.06707712
-0.124857806,0.27845666,-0.035121426,-0.124857806,0.27845666,-0.035121426
-0.1927737,0.2601515,-0.05131429,-0.1927737,0.2601515,-0.05131429
-0.17984164,0.2582289,-0.052704047,-0.17984164,0.2582289,-0.052704047
-0.17984703,0.24644691,-0.06382098,-0.17984703,0.24644691,-0.06382098
-0.19249383,0.24951409,-0.062087595,-0.19249383,0.24951409,-0.062087595
-0.19395207,0.23711295,-0.07034166,-0.19395207,0.23711295,-0.07034166
-0.18184981,0.2334956,-0.07266549,-0.18184981,0.2334956,-0.07266549
-0.18342902,0.22060074,-0.07825113,-0.18342902,0.22060074,-0.07825113
-0.19568603,0.22442386,-0.07579629,-0.19568603,0.22442386,-0.07579629
-0.20434585,0.17993668,-0.073343664,-0.20434585,0.17993668,-0.073343664
-0.19017196,0.1739202,-0.07449845,-0.19017196,0.1739202,-0.07449845
-0.2145875,0.26562566,0.00847414,-0.2145875,0.26562566,0.00847414
-0.16042463,0.27737287,0.0032641643,-0.16042463,0.27737287,0.0032641643
-0.16043612,0.26430643,0.026668526,-0.16043612,0.26430643,0.026668526
-0.14849433,0.2672465,0.023189725,-0.14849433,0.2672465,0.023189725
-0.14830256,0.27876806,-0.0011347467,-0.14830256,0.27876806,-0.0011347467
-0.22799182,0.15443015,-0.023128638,-0.22799182,0.15443015,-0.023128638
-0.22435904,0.15984511,-0.009801808,-0.22435904,0.15984511,-0.009801808
-0.2297387,0.15065266,-0.03557864,-0.2297387,0.15065266,-0.03557864
-0.199637,0.14257428,-0.056851335,-0.199637,0.14257428,-0.056851335
-0.22963381,0.15135965,-0.046521123,-0.22963381,0.15135965,-0.046521123
-0.22114399,0.18735075,0.030481154,-0.22114399,0.18735075,0.030481154
-0.22185023,0.20581178,0.034584276,-0.22185023,0.20581178,0.034584276
-0.16188928,0.24093123,0.04118064,-0.16188928,0.24093123,0.04118064
-0.14972736,0.24545914,0.039274722,-0.14972736,0.24545914,0.039274722
-0.2112167,0.27318424,-0.0142668225,-0.2112167,0.27318424,-0.0142668225
-0.20769635,0.2703457,-0.035055414,-0.20769635,0.2703457,-0.035055414
-0.22084236,0.17942494,-0.07204375,-0.22084236,0.17942494,-0.07204375
-0.22308975,0.17420083,-0.069713734,-0.22308975,0.17420083,-0.069713734
-0.23601007,0.18174836,-0.073026925,-0.23601007,0.18174836,-0.073026925
-0.18771245,0.13555892,-0.06333119,-0.18771245,0.13555892,-0.06333119
-0.19676195,0.15160204,-0.06291273,-0.19676195,0.15160204,-0.06291273
-0.15906706,0.27721947,-0.023090197,-0.15906706,0.27721947,-0.023090197
-0.20613846,0.2609578,-0.051054128,-0.20613846,0.2609578,-0.051054128
-0.20615304,0.25033492,-0.061992057,-0.20615304,0.25033492,-0.061992057
-0.17095286,0.23014963,-0.076117076,-0.17095286,0.23014963,-0.076117076
-0.16861139,0.24342763,-0.067438975,-0.16861139,0.24342763,-0.067438975
-0.15862119,0.24138916,-0.07186458,-0.15862119,0.24138916,-0.07186458
-0.1608289,0.22736537,-0.08025945,-0.1608289,0.22736537,-0.08025945
-0.20859292,0.22886324,-0.074376084,-0.20859292,0.22886324,-0.074376084
-0.21158658,0.21723977,-0.077033654,-0.21158658,0.21723977,-0.077033654
-0.1625988,0.21307111,-0.08487188,-0.1625988,0.21307111,-0.08487188
-0.17270173,0.21648675,-0.081180565,-0.17270173,0.21648675,-0.081180565
-0.21909969,0.1865637,-0.07466665,-0.21909969,0.1865637,-0.07466665
-0.13921787,0.2486109,0.03618746,-0.13921787,0.2486109,0.03618746
-0.14140493,0.22619048,0.04853283,-0.14140493,0.22619048,0.04853283
-0.1301857,0.22695056,0.048608903,-0.1301857,0.22695056,0.048608903
-0.16510051,0.21508025,0.050621774,-0.16510051,0.21508025,0.050621774
-0.15233754,0.22152112,0.049747262,-0.15233754,0.22152112,0.049747262
-0.1794432,0.20735799,0.04982173,-0.1794432,0.20735799,0.04982173
-0.11860273,0.22613218,0.05020976,-0.11860273,0.22613218,0.05020976
-0.42711225,0.1972493,-0.069520034,-0.42711225,0.1972493,-0.069520034
-0.23918314,0.17752516,-0.071164876,-0.23918314,0.17752516,-0.071164876
-0.25240317,0.18380296,-0.07401093,-0.25240317,0.18380296,-0.07401093
-0.24778548,0.18841238,-0.07552266,-0.24778548,0.18841238,-0.07552266
-0.30191877,0.21719562,-0.07487364,-0.30191877,0.21719562,-0.07487364
-0.0018261464,0.36750808,0.12017385,-0.0018261464,0.36750808,0.12017385
-0.0013612926,0.3730745,0.12290646,-0.0013612926,0.3730745,0.12290646
-0.00044602045,0.39357448,0.12423642,-0.00044602045,0.39357448,0.12423642
-0.00033588076,0.39727953,0.1234485,-0.00033588076,0.39727953,0.1234485
-0.42451224,0.23259936,-0.0633482,-0.42451224,0.23259936,-0.0633482
-0.43222034,0.2338008,-0.06328042,-0.43222034,0.2338008,-0.06328042
-0.47854072,0.24240726,-0.067722596,-0.47854072,0.24240726,-0.067722596
-0.5001391,0.2563249,-0.05386846,-0.5001391,0.2563249,-0.05386846
-0.4792408,0.25436518,-0.05434172,-0.4792408,0.25436518,-0.05434172
-0.48350295,0.25768045,-0.011014831,-0.48350295,0.25768045,-0.011014831
-0.48211235,0.24361773,-0.0020511588,-0.48211235,0.24361773,-0.0020511588
-0.47896886,0.19600382,-0.0064327056,-0.47896886,0.19600382,-0.0064327056
-0.48073408,0.19329903,-0.069028616,-0.48073408,0.19329903,-0.069028616
-0.62595165,0.23915632,-0.019171664,-0.62595165,0.23915632,-0.019171664
-0.62661177,0.24547789,-0.02940598,-0.62661177,0.24547789,-0.02940598
-0.6469628,0.24302286,-0.02637275,-0.6469628,0.24302286,-0.02637275
-0.64582074,0.23563938,-0.017154228,-0.64582074,0.23563938,-0.017154228
-0.6652307,0.23282152,-0.014974528,-0.6652307,0.23282152,-0.014974528
-0.66358596,0.22243252,-0.012566533,-0.66358596,0.22243252,-0.012566533
-0.64474577,0.22559254,-0.013215279,-0.64474577,0.22559254,-0.013215279
-0.6616349,0.21286139,-0.015673727,-0.6616349,0.21286139,-0.015673727
-0.6432147,0.21525241,-0.014817519,-0.6432147,0.21525241,-0.014817519
-0.6600938,0.2051861,-0.0222864,-0.6600938,0.2051861,-0.0222864
-0.6599486,0.20010462,-0.030280638,-0.6599486,0.20010462,-0.030280638
-0.64193976,0.20046271,-0.027743433,-0.64193976,0.20046271,-0.027743433
-0.6420468,0.20668195,-0.020171069,-0.6420468,0.20668195,-0.020171069
-0.62313366,0.19509831,-0.033980124,-0.62313366,0.19509831,-0.033980124
-0.64235073,0.19621432,-0.036936104,-0.64235073,0.19621432,-0.036936104
-0.6427187,0.1942117,-0.047150355,-0.6427187,0.1942117,-0.047150355
-0.6234759,0.19129089,-0.04486839,-0.6234759,0.19129089,-0.04486839
-0.6617563,0.20557468,-0.065764874,-0.6617563,0.20557468,-0.065764874
-0.66220844,0.21400447,-0.06934704,-0.66220844,0.21400447,-0.06934704
-0.64311564,0.21148784,-0.07072453,-0.64311564,0.21148784,-0.07072453
-0.6428367,0.20215546,-0.06634406,-0.6428367,0.20215546,-0.06634406
-0.6243585,0.23031196,-0.06976055,-0.6243585,0.23031196,-0.06976055
-0.62329644,0.21931256,-0.072768934,-0.62329644,0.21931256,-0.072768934
-0.64391357,0.22210202,-0.070778005,-0.64391357,0.22210202,-0.070778005
-0.64496976,0.23254421,-0.06776095,-0.64496976,0.23254421,-0.06776095
-0.6638925,0.23520921,-0.066958725,-0.6638925,0.23520921,-0.066958725
-0.6654107,0.2423819,-0.05869223,-0.6654107,0.2423819,-0.05869223
-0.64612484,0.24061404,-0.060953103,-0.64612484,0.24061404,-0.060953103
-0.5866207,0.24548334,-0.022933893,-0.5866207,0.24548334,-0.022933893
-0.60625434,0.24228662,-0.021403706,-0.60625434,0.24228662,-0.021403706
-0.60561764,0.23237087,-0.014700319,-0.60561764,0.23237087,-0.014700319
-0.62313205,0.20831761,-0.017825844,-0.62313205,0.20831761,-0.017825844
-0.6038429,0.21026984,-0.015592436,-0.6038429,0.21026984,-0.015592436
-0.6046818,0.2210509,-0.013013452,-0.6046818,0.2210509,-0.013013452
-0.6240332,0.21808554,-0.013841381,-0.6240332,0.21808554,-0.013841381
-0.5844972,0.18601748,-0.0391723,-0.5844972,0.18601748,-0.0391723
-0.60365963,0.19373047,-0.030913072,-0.60365963,0.19373047,-0.030913072
-0.604044,0.18881936,-0.042239446,-0.604044,0.18881936,-0.042239446
-0.6229214,0.20083944,-0.024824407,-0.6229214,0.20083944,-0.024824407
-0.60347944,0.2012854,-0.021980587,-0.60347944,0.2012854,-0.021980587
-0.62329036,0.19248761,-0.05644573,-0.62329036,0.19248761,-0.05644573
-0.6427115,0.19626972,-0.057696324,-0.6427115,0.19626972,-0.057696324
-0.6269283,0.24719386,-0.041340575,-0.6269283,0.24719386,-0.041340575
-0.62663555,0.24524353,-0.05312929,-0.62663555,0.24524353,-0.05312929
-0.6472086,0.24480484,-0.050225955,-0.6472086,0.24480484,-0.050225955
-0.64744794,0.24582687,-0.038389567,-0.64744794,0.24582687,-0.038389567
-0.603944,0.189282,-0.054786522,-0.603944,0.189282,-0.054786522
-0.6058495,0.24623653,-0.05648196,-0.6058495,0.24623653,-0.05648196
-0.6064242,0.24905041,-0.04452726,-0.6064242,0.24905041,-0.04452726
-0.6255986,0.23931709,-0.063178055,-0.6255986,0.23931709,-0.063178055
-0.6047787,0.2387676,-0.066140726,-0.6047787,0.2387676,-0.066140726
-0.66670793,0.24457258,-0.035501212,-0.66670793,0.24457258,-0.035501212
-0.6665568,0.24088475,-0.023511734,-0.6665568,0.24088475,-0.023511734
-0.6065834,0.24791959,-0.03189895,-0.6065834,0.24791959,-0.03189895
-0.62306154,0.19847289,-0.06635599,-0.62306154,0.19847289,-0.06635599
-0.6230122,0.20822848,-0.07201796,-0.6230122,0.20822848,-0.07201796
-0.6028239,0.20474268,-0.07292094,-0.6028239,0.20474268,-0.07292094
-0.60339296,0.19499362,-0.065839656,-0.60339296,0.19499362,-0.065839656
-0.58242047,0.22624929,-0.074882574,-0.58242047,0.22624929,-0.074882574
-0.6027664,0.21625227,-0.07453437,-0.6027664,0.21625227,-0.07453437
-0.6034825,0.22806463,-0.072193794,-0.6034825,0.22806463,-0.072193794
-0.6627277,0.22430527,-0.069750816,-0.6627277,0.22430527,-0.069750816
-0.58346146,0.23842776,-0.0694157,-0.58346146,0.23842776,-0.0694157
-0.7466351,0.19871329,-0.027427424,-0.7466351,0.19871329,-0.027427424
-0.73700494,0.19570854,-0.025901373,-0.73700494,0.19570854,-0.025901373
-0.74211437,0.19374122,-0.015966311,-0.74211437,0.19374122,-0.015966311
-0.7513609,0.19740926,-0.0180085,-0.7513609,0.19740926,-0.0180085
-0.7215761,0.18554844,-0.008587582,-0.7215761,0.18554844,-0.008587582
-0.71301264,0.18959653,-0.000892959,-0.71301264,0.18959653,-0.000892959
-0.72296554,0.19034658,0.007618971,-0.72296554,0.19034658,0.007618971
-0.7300731,0.18671273,0.0009851132,-0.7300731,0.18671273,0.0009851132
-0.7549445,0.19889344,-0.009364483,-0.7549445,0.19889344,-0.009364483
-0.7461554,0.19431657,-0.007521813,-0.7461554,0.19431657,-0.007521813
-0.7538484,0.20325848,-0.0033396317,-0.7538484,0.20325848,-0.0033396317
-0.7626719,0.21006913,-0.006270692,-0.7626719,0.21006913,-0.006270692
-0.7629102,0.20329124,-0.010203486,-0.7629102,0.20329124,-0.010203486
-0.7708056,0.21355215,-0.007872138,-0.7708056,0.21355215,-0.007872138
-0.75706655,0.2208682,-0.008557881,-0.75706655,0.2208682,-0.008557881
-0.76927227,0.22250536,-0.011912503,-0.76927227,0.22250536,-0.011912503
-0.7517371,0.232237,-0.03296134,-0.7517371,0.232237,-0.03296134
-0.7491526,0.2329418,-0.043518066,-0.7491526,0.2329418,-0.043518066
-0.76373357,0.23134679,-0.044117484,-0.76373357,0.23134679,-0.044117484
-0.765959,0.23011656,-0.03301172,-0.765959,0.23011656,-0.03301172
-0.75509393,0.2269097,-0.06274408,-0.75509393,0.2269097,-0.06274408
-0.7605187,0.22949219,-0.05356251,-0.7605187,0.22949219,-0.05356251
-0.7458534,0.23166357,-0.05214038,-0.7458534,0.23166357,-0.05214038
-0.7417287,0.22945304,-0.060522784,-0.7417287,0.22945304,-0.060522784
-0.74050665,0.20151962,-0.041990437,-0.74050665,0.20151962,-0.041990437
-0.73034877,0.19974014,-0.0422935,-0.73034877,0.19974014,-0.0422935
-0.73267174,0.19860828,-0.03564296,-0.73267174,0.19860828,-0.03564296
-0.7423705,0.20078182,-0.036083736,-0.7423705,0.20078182,-0.036083736
-0.7505611,0.20578751,0.007099647,-0.7505611,0.20578751,0.007099647
-0.74708945,0.21391445,7.1052906e-05,-0.74708945,0.21391445,7.1052906e-05
-0.75291485,0.21039371,-0.0015439627,-0.75291485,0.21039371,-0.0015439627
-0.7522325,0.20242696,0.0054546604,-0.7522325,0.20242696,0.0054546604
-0.70540124,0.1925183,-0.054707114,-0.70540124,0.1925183,-0.054707114
-0.6934585,0.19498293,-0.052960787,-0.6934585,0.19498293,-0.052960787
-0.6938749,0.1952587,-0.044071984,-0.6938749,0.1952587,-0.044071984
-0.7047912,0.19324638,-0.04690918,-0.7047912,0.19324638,-0.04690918
-0.6978036,0.19185396,-0.016456995,-0.6978036,0.19185396,-0.016456995
-0.69267416,0.19540377,-0.023931365,-0.69267416,0.19540377,-0.023931365
-0.68729764,0.20519435,-0.013673283,-0.68729764,0.20519435,-0.013673283
-0.6941708,0.20353226,-0.008413686,-0.6941708,0.20353226,-0.008413686
-0.7044339,0.18996692,-0.009045247,-0.7044339,0.18996692,-0.009045247
-0.70088106,0.20178571,-0.0027290932,-0.70088106,0.20178571,-0.0027290932
-0.710059,0.20023574,0.0036425453,-0.710059,0.20023574,0.0036425453
-0.72090805,0.19883154,0.011288806,-0.72090805,0.19883154,0.011288806
-0.6924226,0.19830936,-0.06346563,-0.6924226,0.19830936,-0.06346563
-0.7008298,0.1958168,-0.06690307,-0.7008298,0.1958168,-0.06690307
-0.8210036,0.20669654,-0.014320386,-0.8210036,0.20669654,-0.014320386
-0.8216422,0.20496087,-0.019911984,-0.8216422,0.20496087,-0.019911984
-0.8158786,0.20520283,-0.01918793,-0.8158786,0.20520283,-0.01918793
-0.81527174,0.20697077,-0.013529979,-0.81527174,0.20697077,-0.013529979
-0.70039374,0.21495326,-0.07454266,-0.70039374,0.21495326,-0.07454266
-0.70240366,0.2244785,-0.07155014,-0.70240366,0.2244785,-0.07155014
-0.6951449,0.22404449,-0.07138057,-0.6951449,0.22404449,-0.07138057
-0.69345266,0.21403304,-0.07265299,-0.69345266,0.21403304,-0.07265299
-0.7094249,0.21544246,-0.07721038,-0.7094249,0.21544246,-0.07721038
-0.71177804,0.22502293,-0.0720197,-0.71177804,0.22502293,-0.0720197
-0.8233965,0.21927983,-0.013166697,-0.8233965,0.21927983,-0.013166697
-0.8222069,0.21499433,-0.0105294585,-0.8222069,0.21499433,-0.0105294585
-0.8163577,0.21604969,-0.01055687,-0.8163577,0.21604969,-0.01055687
-0.81731784,0.22035922,-0.013504567,-0.81731784,0.22035922,-0.013504567
-0.76038915,0.19962448,-0.018228754,-0.76038915,0.19962448,-0.018228754
-0.7561098,0.20031479,-0.027171373,-0.7561098,0.20031479,-0.027171373
-0.7789847,0.2014384,-0.021514928,-0.7789847,0.2014384,-0.021514928
-0.7672581,0.20090005,-0.026336228,-0.7672581,0.20090005,-0.026336228
-0.7691408,0.20130454,-0.016637633,-0.7691408,0.20130454,-0.016637633
-0.77772117,0.20307134,-0.015021023,-0.77772117,0.20307134,-0.015021023
-0.7599913,0.20219901,-0.04628275,-0.7599913,0.20219901,-0.04628275
-0.7494637,0.20231311,-0.04610562,-0.7494637,0.20231311,-0.04610562
-0.75334316,0.20225996,-0.038761165,-0.75334316,0.20225996,-0.038761165
-0.76420915,0.20199287,-0.039107397,-0.76420915,0.20199287,-0.039107397
-0.74654084,0.19892712,-0.058080338,-0.74654084,0.19892712,-0.058080338
-0.7565254,0.1996191,-0.05874422,-0.7565254,0.1996191,-0.05874422
-0.75511336,0.19753498,-0.06529188,-0.75511336,0.19753498,-0.06529188
-0.7463141,0.19693388,-0.06414489,-0.7463141,0.19693388,-0.06414489
-0.77700293,0.20233494,-0.054157767,-0.77700293,0.20233494,-0.054157767
-0.78646743,0.20499487,-0.055084743,-0.78646743,0.20499487,-0.055084743
-0.78477895,0.20515695,-0.060326055,-0.78477895,0.20515695,-0.060326055
-0.7757185,0.2018451,-0.05966625,-0.7757185,0.2018451,-0.05966625
-0.68810856,0.22438033,-0.07133603,-0.68810856,0.22438033,-0.07133603
-0.6861424,0.21425728,-0.07141834,-0.6861424,0.21425728,-0.07141834
-0.7461622,0.21924765,-0.07962909,-0.7461622,0.21924765,-0.07962909
-0.7415983,0.21173361,-0.085188285,-0.7415983,0.21173361,-0.085188285
-0.7509081,0.2098825,-0.08896506,-0.7509081,0.2098825,-0.08896506
-0.75539416,0.21778457,-0.08318921,-0.75539416,0.21778457,-0.08318921
-0.7053231,0.2321494,-0.0647081,-0.7053231,0.2321494,-0.0647081
-0.6976021,0.23286983,-0.06519333,-0.6976021,0.23286983,-0.06519333
-0.82448506,0.22146912,-0.018376982,-0.82448506,0.22146912,-0.018376982
-0.8183967,0.22270128,-0.018773502,-0.8183967,0.22270128,-0.018773502
-0.7120057,0.21134473,0.0014132987,-0.7120057,0.21134473,0.0014132987
-0.72339606,0.20821397,0.0096698245,-0.72339606,0.20821397,0.0096698245
-0.7024978,0.21378994,-0.004856224,-0.7024978,0.21378994,-0.004856224
-0.69556195,0.21566689,-0.008685433,-0.69556195,0.21566689,-0.008685433
-0.68828773,0.21758705,-0.010386489,-0.68828773,0.21758705,-0.010386489
-0.77256835,0.20145501,-0.031472214,-0.77256835,0.20145501,-0.031472214
-0.75033337,0.20133094,-0.034583915,-0.75033337,0.20133094,-0.034583915
-0.738874,0.20107573,-0.046456978,-0.738874,0.20107573,-0.046456978
-0.7344882,0.19361705,-0.07544549,-0.7344882,0.19361705,-0.07544549
-0.7265691,0.19373976,-0.07511494,-0.7265691,0.19373976,-0.07511494
-0.73012483,0.19325316,-0.0655483,-0.73012483,0.19325316,-0.0655483
-0.73705554,0.1941647,-0.06817583,-0.73705554,0.1941647,-0.06817583
-0.7397821,0.20237051,-0.08651166,-0.7397821,0.20237051,-0.08651166
-0.74156535,0.19636978,-0.08239245,-0.74156535,0.19636978,-0.08239245
-0.7502087,0.19624609,-0.08416457,-0.7502087,0.19624609,-0.08416457
-0.7490216,0.201217,-0.08913341,-0.7490216,0.201217,-0.08913341
-0.74840516,0.20846583,0.01089572,-0.74840516,0.20846583,0.01089572
-0.74079233,0.21437952,0.0039121388,-0.74079233,0.21437952,0.0039121388
-0.6995975,0.20446652,-0.07380728,-0.6995975,0.20446652,-0.07380728
-0.69223255,0.20496687,-0.070332244,-0.69223255,0.20496687,-0.070332244
-0.6850787,0.20635082,-0.067642406,-0.6850787,0.20635082,-0.067642406
-0.7174119,0.19593425,-0.045268953,-0.7174119,0.19593425,-0.045268953
-0.704528,0.19323753,-0.041861545,-0.704528,0.19323753,-0.041861545
-0.7054717,0.19159941,-0.035594936,-0.7054717,0.19159941,-0.035594936
-0.7187426,0.19563493,-0.04066458,-0.7187426,0.19563493,-0.04066458
-0.7262619,0.18994425,-0.023793017,-0.7262619,0.18994425,-0.023793017
-0.7139519,0.18627368,-0.018860176,-0.7139519,0.18627368,-0.018860176
-0.7325939,0.18843846,-0.013456808,-0.7325939,0.18843846,-0.013456808
-0.693308,0.19510746,-0.03584745,-0.693308,0.19510746,-0.03584745
-0.6847955,0.19790304,-0.04244583,-0.6847955,0.19790304,-0.04244583
-0.6844545,0.19833902,-0.033169705,-0.6844545,0.19833902,-0.033169705
-0.6849189,0.19840601,-0.052218113,-0.6849189,0.19840601,-0.052218113
-0.68491966,0.20115837,-0.061281957,-0.68491966,0.20115837,-0.061281957
-0.67493707,0.19863667,-0.041256916,-0.67493707,0.19863667,-0.041256916
-0.6743796,0.1998112,-0.032076012,-0.6743796,0.1998112,-0.032076012
-0.6753056,0.19944845,-0.05128551,-0.6753056,0.19944845,-0.05128551
-0.6757476,0.20240226,-0.059933744,-0.6757476,0.20240226,-0.059933744
-0.67853945,0.23635489,-0.066123806,-0.67853945,0.23635489,-0.066123806
-0.6772352,0.22546685,-0.07032686,-0.6772352,0.22546685,-0.07032686
-0.6893292,0.2344931,-0.06580788,-0.6893292,0.2344931,-0.06580788
-0.6767305,0.20991008,-0.01519625,-0.6767305,0.20991008,-0.01519625
-0.6847458,0.20071344,-0.023319965,-0.6847458,0.20071344,-0.023319965
-0.6750313,0.20332031,-0.023392988,-0.6750313,0.20332031,-0.023392988
-0.67874664,0.21998212,-0.01157674,-0.67874664,0.21998212,-0.01157674
-0.73598784,0.18807197,0.007667001,-0.73598784,0.18807197,0.007667001
-0.74190927,0.18833166,0.013100839,-0.74190927,0.18833166,0.013100839
-0.7470575,0.19024305,0.008013149,-0.7470575,0.19024305,0.008013149
-0.7424558,0.19074571,0.002549072,-0.7424558,0.19074571,0.002549072
-0.7789656,0.21550617,-0.009471255,-0.7789656,0.21550617,-0.009471255
-0.77824837,0.208208,-0.01014323,-0.77824837,0.208208,-0.01014323
-0.77037734,0.20610765,-0.0099583035,-0.77037734,0.20610765,-0.0099583035
-0.71408844,0.19212405,-0.060490355,-0.71408844,0.19212405,-0.060490355
-0.7097794,0.19462849,-0.07117268,-0.7097794,0.19462849,-0.07117268
-0.7816416,0.20210378,-0.027184132,-0.7816416,0.20210378,-0.027184132
-0.8099346,0.22107603,-0.013730229,-0.8099346,0.22107603,-0.013730229
-0.80911624,0.21645485,-0.010549319,-0.80911624,0.21645485,-0.010549319
-0.79627806,0.21637058,-0.010496769,-0.79627806,0.21637058,-0.010496769
-0.79755026,0.22187093,-0.013832751,-0.79755026,0.22187093,-0.013832751
-0.7911302,0.20650463,-0.030889139,-0.7911302,0.20650463,-0.030889139
-0.78862846,0.20385388,-0.025591439,-0.78862846,0.20385388,-0.025591439
-0.79686993,0.20431238,-0.025193674,-0.79686993,0.20431238,-0.025193674
-0.79929644,0.2081988,-0.029735407,-0.79929644,0.2081988,-0.029735407
-0.78094614,0.20290302,-0.06663583,-0.78094614,0.20290302,-0.06663583
-0.7735105,0.20027709,-0.06626231,-0.7735105,0.20027709,-0.06626231
-0.77987564,0.22490707,-0.03362068,-0.77987564,0.22490707,-0.03362068
-0.7787187,0.22710271,-0.022053005,-0.7787187,0.22710271,-0.022053005
-0.76724917,0.22883444,-0.021313116,-0.76724917,0.22883444,-0.021313116
-0.7578906,0.20119108,-0.052857768,-0.7578906,0.20119108,-0.052857768
-0.76760286,0.2013583,-0.053555723,-0.76760286,0.2013583,-0.053555723
-0.7663708,0.200329,-0.05929016,-0.7663708,0.200329,-0.05929016
-0.776053,0.20218146,-0.034099467,-0.776053,0.20218146,-0.034099467
-0.78272414,0.20314555,-0.03210599,-0.78272414,0.20314555,-0.03210599
-0.7801577,0.20321278,-0.03811253,-0.7801577,0.20321278,-0.03811253
-0.7722197,0.20216204,-0.039135285,-0.7722197,0.20216204,-0.039135285
-0.7304688,0.21406582,-0.082303375,-0.7304688,0.21406582,-0.082303375
-0.7285483,0.201676,-0.08389714,-0.7285483,0.201676,-0.08389714
-0.82125866,0.21049112,-0.011016989,-0.82125866,0.21049112,-0.011016989
-0.81555504,0.21117872,-0.010472817,-0.81555504,0.21117872,-0.010472817
-0.6763407,0.21482348,-0.06974647,-0.6763407,0.21482348,-0.06974647
-0.6760991,0.20725052,-0.0660609,-0.6760991,0.20725052,-0.0660609
-0.7474583,0.2010287,-0.051984977,-0.7474583,0.2010287,-0.051984977
-0.75374746,0.2292484,-0.021065123,-0.75374746,0.2292484,-0.021065123
-0.7372982,0.19969076,-0.051257145,-0.7372982,0.19969076,-0.051257145
-0.7717322,0.2175606,-0.07319606,-0.7717322,0.2175606,-0.07319606
-0.77115774,0.21103387,-0.07756913,-0.77115774,0.21103387,-0.07756913
-0.7786067,0.21087395,-0.075536035,-0.7786067,0.21087395,-0.075536035
-0.7793516,0.21739176,-0.07393996,-0.7793516,0.21739176,-0.07393996
-0.81093645,0.21013986,-0.02909919,-0.81093645,0.21013986,-0.02909919
-0.80953676,0.20588487,-0.024698628,-0.80953676,0.20588487,-0.024698628
-0.81706667,0.20677027,-0.025051262,-0.81706667,0.20677027,-0.025051262
-0.81817716,0.21096689,-0.028944718,-0.81817716,0.21096689,-0.028944718
-0.7863267,0.20333137,-0.020269025,-0.7863267,0.20333137,-0.020269025
-0.7851627,0.20490979,-0.014626547,-0.7851627,0.20490979,-0.014626547
-0.7944451,0.20582205,-0.014272057,-0.7944451,0.20582205,-0.014272057
-0.79518825,0.20364858,-0.019668583,-0.79518825,0.20364858,-0.019668583
-0.7858113,0.20988187,-0.01094303,-0.7858113,0.20988187,-0.01094303
-0.79511714,0.21065219,-0.010807438,-0.79511714,0.21065219,-0.010807438
-0.81205237,0.21658227,-0.030126192,-0.81205237,0.21658227,-0.030126192
-0.8117981,0.22208445,-0.025998127,-0.8117981,0.22208445,-0.025998127
-0.79961014,0.22219005,-0.027147332,-0.79961014,0.22219005,-0.027147332
-0.80088407,0.21542455,-0.03076568,-0.80088407,0.21542455,-0.03076568
-0.7287211,0.23178317,-0.058649823,-0.7287211,0.23178317,-0.058649823
-0.7257015,0.2286735,-0.066641495,-0.7257015,0.2286735,-0.066641495
-0.73830724,0.22595577,-0.06916814,-0.73830724,0.22595577,-0.06916814
-0.7506966,0.22327895,-0.071907125,-0.7506966,0.22327895,-0.071907125
-0.762012,0.21900852,-0.074153475,-0.762012,0.21900852,-0.074153475
-0.7671675,0.22484304,-0.06490117,-0.7671675,0.22484304,-0.06490117
-0.73474556,0.2219844,-0.07614113,-0.73474556,0.2219844,-0.07614113
-0.78976923,0.21569079,-0.036161296,-0.78976923,0.21569079,-0.036161296
-0.789572,0.22090678,-0.029842362,-0.789572,0.22090678,-0.029842362
-0.78860784,0.22149473,-0.03757468,-0.78860784,0.22149473,-0.03757468
-0.73580515,0.19708706,-0.058311217,-0.73580515,0.19708706,-0.058311217
-0.8083072,0.21124981,-0.010356531,-0.8083072,0.21124981,-0.010356531
-0.7012775,0.23409171,-0.020985235,-0.7012775,0.23409171,-0.020985235
-0.70223325,0.2392061,-0.032574035,-0.70223325,0.2392061,-0.032574035
-0.71223736,0.23764132,-0.033582155,-0.71223736,0.23764132,-0.033582155
-0.7099576,0.23194271,-0.02013092,-0.7099576,0.23194271,-0.02013092
-0.8082541,0.20475195,-0.0190601,-0.8082541,0.20475195,-0.0190601
-0.80800176,0.20646895,-0.01352002,-0.80800176,0.20646895,-0.01352002
-0.77268904,0.2002564,-0.072897345,-0.77268904,0.2002564,-0.072897345
-0.779243,0.20301312,-0.07210295,-0.779243,0.20301312,-0.07210295
-0.77921355,0.20502289,-0.076092,-0.77921355,0.20502289,-0.076092
-0.7736607,0.20323749,-0.078169726,-0.7736607,0.20323749,-0.078169726
-0.7228241,0.22445959,-0.07351811,-0.7228241,0.22445959,-0.07351811
-0.7581316,0.20820168,-0.09173419,-0.7581316,0.20820168,-0.09173419
-0.76135886,0.21665503,-0.08659206,-0.76135886,0.21665503,-0.08659206
-0.7143192,0.23103897,-0.065174125,-0.7143192,0.23103897,-0.065174125
-0.71700937,0.23453288,-0.056861818,-0.71700937,0.23453288,-0.056861818
-0.70771164,0.23674178,-0.055428572,-0.70771164,0.23674178,-0.055428572
-0.7755169,0.2250681,-0.054643247,-0.7755169,0.2250681,-0.054643247
-0.7320146,0.23367217,-0.05085386,-0.7320146,0.23367217,-0.05085386
-0.7195963,0.2359333,-0.049067035,-0.7195963,0.2359333,-0.049067035
-0.7093922,0.23822258,-0.04626396,-0.7093922,0.23822258,-0.04626396
-0.70101535,0.24008298,-0.04486276,-0.70101535,0.24008298,-0.04486276
-0.6996524,0.23844296,-0.05502349,-0.6996524,0.23844296,-0.05502349
-0.8109837,0.2235826,-0.019338083,-0.8109837,0.2235826,-0.019338083
-0.8191121,0.22148322,-0.025224624,-0.8191121,0.22148322,-0.025224624
-0.6904813,0.24025968,-0.055136807,-0.6904813,0.24025968,-0.055136807
-0.6796064,0.24240956,-0.05634903,-0.6796064,0.24240956,-0.05634903
-0.68072313,0.24388953,-0.045367308,-0.68072313,0.24388953,-0.045367308
-0.6919909,0.24202673,-0.044472184,-0.6919909,0.24202673,-0.044472184
-0.72224957,0.2362917,-0.0403593,-0.72224957,0.2362917,-0.0403593
-0.7240766,0.23534985,-0.03120767,-0.7240766,0.23534985,-0.03120767
-0.7349578,0.23445725,-0.042584233,-0.7349578,0.23445725,-0.042584233
-0.73779833,0.23367222,-0.03268186,-0.73779833,0.23367222,-0.03268186
-0.7769207,0.22891852,-0.044429958,-0.7769207,0.22891852,-0.044429958
-0.83378357,0.21601345,-0.027714457,-0.83378357,0.21601345,-0.027714457
-0.82539004,0.2163525,-0.028423361,-0.82539004,0.2163525,-0.028423361
-0.8245511,0.21114339,-0.029108549,-0.8245511,0.21114339,-0.029108549
-0.8331612,0.21155673,-0.028821724,-0.8331612,0.21155673,-0.028821724
-0.81901157,0.2166467,-0.029166713,-0.81901157,0.2166467,-0.029166713
-0.8252747,0.22058865,-0.024558278,-0.8252747,0.22058865,-0.024558278
-0.7396882,0.23002522,-0.020468967,-0.7396882,0.23002522,-0.020468967
-0.7881299,0.20612825,-0.03749249,-0.7881299,0.20612825,-0.03749249
-0.72360647,0.2288214,-0.017007226,-0.72360647,0.2288214,-0.017007226
-0.7440263,0.22398259,-0.008056216,-0.7440263,0.22398259,-0.008056216
-0.7329699,0.2222007,-0.0045292196,-0.7329699,0.2222007,-0.0045292196
-0.705917,0.22436328,-0.009861068,-0.705917,0.22436328,-0.009861068
-0.7154208,0.22115344,-0.004864346,-0.7154208,0.22115344,-0.004864346
-0.6907542,0.22802646,-0.013650183,-0.6907542,0.22802646,-0.013650183
-0.69824475,0.22614515,-0.012511819,-0.69824475,0.22614515,-0.012511819
-0.6806508,0.23025043,-0.01410923,-0.6806508,0.23025043,-0.01410923
-0.7266734,0.21659014,0.00357299,-0.7266734,0.21659014,0.00357299
-0.82883,0.20571502,-0.015399256,-0.82883,0.20571502,-0.015399256
-0.82946837,0.20459671,-0.021220066,-0.82946837,0.20459671,-0.021220066
-0.69291496,0.23600054,-0.021456266,-0.69291496,0.23600054,-0.021456266
-0.68217623,0.23839425,-0.021870568,-0.68217623,0.23839425,-0.021870568
-0.73851705,0.18931386,-0.0044120075,-0.73851705,0.18931386,-0.0044120075
-0.7260199,0.195585,-0.055614337,-0.7260199,0.195585,-0.055614337
-0.72750145,0.19799437,-0.050358184,-0.72750145,0.19799437,-0.050358184
-0.7187725,0.19395664,-0.07393083,-0.7187725,0.19395664,-0.07393083
-0.7229372,0.19242255,-0.06325243,-0.7229372,0.19242255,-0.06325243
-0.6819384,0.24322356,-0.033321854,-0.6819384,0.24322356,-0.033321854
-0.6606414,0.19746621,-0.039425045,-0.6606414,0.19746621,-0.039425045
-0.6610183,0.19753993,-0.049389333,-0.6610183,0.19753993,-0.049389333
-0.66631854,0.2447211,-0.047461785,-0.66631854,0.2447211,-0.047461785
-0.82934964,0.2092289,-0.011737157,-0.82934964,0.2092289,-0.011737157
-0.7897321,0.21103117,-0.056970526,-0.7897321,0.21103117,-0.056970526
-0.78833073,0.21185993,-0.05923984,-0.78833073,0.21185993,-0.05923984
-0.7304423,0.19061588,0.013677894,-0.7304423,0.19061588,0.013677894
-0.7384414,0.19086647,0.018160611,-0.7384414,0.19086647,0.018160611
-0.7412011,0.20269309,0.020373747,-0.7412011,0.20269309,0.020373747
-0.7386426,0.19620878,0.020821203,-0.7386426,0.19620878,0.020821203
-0.72954726,0.1975491,0.017145101,-0.72954726,0.1975491,0.017145101
-0.7322749,0.20547797,0.016069489,-0.7322749,0.20547797,0.016069489
-0.71685547,0.1952361,-0.048960812,-0.71685547,0.1952361,-0.048960812
-0.7164233,0.19387195,-0.053857476,-0.7164233,0.19387195,-0.053857476
-0.71952343,0.21533269,-0.07976476,-0.71952343,0.21533269,-0.07976476
-0.71790594,0.20349073,-0.08128738,-0.71790594,0.20349073,-0.08128738
-0.7867259,0.21632227,-0.0105079785,-0.7867259,0.21632227,-0.0105079785
-0.77909654,0.22265351,-0.013651677,-0.77909654,0.22265351,-0.013651677
-0.78746146,0.22208308,-0.014415868,-0.78746146,0.22208308,-0.014415868
-0.79830545,0.22446804,-0.020201312,-0.79830545,0.22446804,-0.020201312
-0.7912092,0.21131454,-0.035664484,-0.7912092,0.21131454,-0.035664484
-0.79325324,0.21350174,-0.031972937,-0.79325324,0.21350174,-0.031972937
-0.70871925,0.18891798,-0.028005466,-0.70871925,0.18891798,-0.028005466
-0.7216348,0.19339399,-0.03346534,-0.7216348,0.19339399,-0.03346534
-0.74802643,0.19580503,-0.0008943008,-0.74802643,0.19580503,-0.0008943008
-0.7509534,0.19664943,0.0043800576,-0.7509534,0.19664943,0.0043800576
-0.76907164,0.20197977,-0.04642577,-0.76907164,0.20197977,-0.04642577
-0.78738576,0.22381373,-0.052553806,-0.78738576,0.22381373,-0.052553806
-0.78723645,0.22691625,-0.044520445,-0.78723645,0.22691625,-0.044520445
-0.7777094,0.20278648,-0.04630965,-0.7777094,0.20278648,-0.04630965
-0.83183515,0.21777394,-0.01331792,-0.83183515,0.21777394,-0.01331792
-0.830602,0.21340023,-0.010898495,-0.830602,0.21340023,-0.010898495
-0.7881193,0.2252721,-0.021523437,-0.7881193,0.2252721,-0.021523437
-0.76447344,0.19854584,-0.066113666,-0.76447344,0.19854584,-0.066113666
-0.7825568,0.22039959,-0.059128128,-0.7825568,0.22039959,-0.059128128
-0.78911644,0.21796632,-0.056002498,-0.78911644,0.21796632,-0.056002498
-0.7555876,0.20119818,-0.090190604,-0.7555876,0.20119818,-0.090190604
-0.6932334,0.24103233,-0.032618836,-0.6932334,0.24103233,-0.032618836
-0.8229859,0.20647763,-0.025958933,-0.8229859,0.20647763,-0.025958933
-0.8309932,0.20641658,-0.026826555,-0.8309932,0.20641658,-0.026826555
-0.8333494,0.21915859,-0.02420381,-0.8333494,0.21915859,-0.02420381
-0.8325209,0.22006358,-0.018516751,-0.8325209,0.22006358,-0.018516751
-0.7083475,0.20420131,-0.077951394,-0.7083475,0.20420131,-0.077951394
-0.7288494,0.19935815,-0.046369433,-0.7288494,0.19935815,-0.046369433
-0.66139895,0.20040546,-0.058739565,-0.66139895,0.20040546,-0.058739565
-0.7358344,0.21220432,0.010951989,-0.7358344,0.21220432,0.010951989
-0.7449761,0.2077679,0.016457248,-0.7449761,0.2077679,0.016457248
-0.78578275,0.20442832,-0.04653618,-0.78578275,0.20442832,-0.04653618
-0.76618296,0.21547525,-0.080449276,-0.76618296,0.21547525,-0.080449276
-0.77561176,0.22349073,-0.06678312,-0.77561176,0.22349073,-0.06678312
-0.7822374,0.22293273,-0.06838526,-0.7822374,0.22293273,-0.06838526
-0.7864691,0.22146489,-0.06203205,-0.7864691,0.22146489,-0.06203205
-0.789531,0.21670926,-0.06047822,-0.789531,0.21670926,-0.06047822
-0.8399371,0.21854016,-0.02418545,-0.8399371,0.21854016,-0.02418545
-0.8393691,0.21936984,-0.01859405,-0.8393691,0.21936984,-0.01859405
-0.838995,0.2171192,-0.01341875,-0.838995,0.2171192,-0.01341875
-0.8372907,0.21274494,-0.011309533,-0.8372907,0.21274494,-0.011309533
-0.83538795,0.20878528,-0.012461543,-0.83538795,0.20878528,-0.012461543
-0.8402154,0.21565071,-0.027474623,-0.8402154,0.21565071,-0.027474623
-0.8392191,0.21143152,-0.028502198,-0.8392191,0.21143152,-0.028502198
-0.8367628,0.20658402,-0.026652824,-0.8367628,0.20658402,-0.026652824
-0.8456521,0.21493322,-0.027619312,-0.8456521,0.21493322,-0.027619312
-0.84665275,0.21776085,-0.024245877,-0.84665275,0.21776085,-0.024245877
-0.85187215,0.21433166,-0.013125504,-0.85187215,0.21433166,-0.013125504
-0.84642017,0.21650028,-0.013731015,-0.84642017,0.21650028,-0.013731015
-0.8496396,0.21695675,-0.015940428,-0.8496396,0.21695675,-0.015940428
-0.853238,0.21623607,-0.01559449,-0.853238,0.21623607,-0.01559449
-0.8575934,0.2155027,-0.016036227,-0.8575934,0.2155027,-0.016036227
-0.85653615,0.21296626,-0.014082414,-0.85653615,0.21296626,-0.014082414
-0.8489318,0.21803282,-0.018948864,-0.8489318,0.21803282,-0.018948864
-0.85326207,0.21765189,-0.019398997,-0.85326207,0.21765189,-0.019398997
-0.85298914,0.21698713,-0.023375822,-0.85298914,0.21698713,-0.023375822
-0.8574261,0.21657252,-0.023871323,-0.8574261,0.21657252,-0.023871323
-0.85792416,0.21722807,-0.019943673,-0.85792416,0.21722807,-0.019943673
-0.8494237,0.2176363,-0.022289962,-0.8494237,0.2176363,-0.022289962
-0.84523034,0.21869083,-0.01870527,-0.84523034,0.21869083,-0.01870527
-0.86051667,0.2125881,-0.016331369,-0.86051667,0.2125881,-0.016331369
-0.8606177,0.2150604,-0.016916106,-0.8606177,0.2150604,-0.016916106
-0.8618168,0.21620913,-0.020230636,-0.8618168,0.21620913,-0.020230636
-0.8627388,0.21339247,-0.020662207,-0.8627388,0.21339247,-0.020662207
-0.8432559,0.21224459,-0.011756737,-0.8432559,0.21224459,-0.011756737
-0.8498735,0.21107766,-0.012682217,-0.8498735,0.21107766,-0.012682217
-0.855363,0.21000098,-0.0144190835,-0.855363,0.21000098,-0.0144190835
-0.85960424,0.20966738,-0.017056346,-0.85960424,0.20966738,-0.017056346
-0.8488906,0.2078094,-0.014360565,-0.8488906,0.2078094,-0.014360565
-0.85455185,0.20751351,-0.016460758,-0.85455185,0.20751351,-0.016460758
-0.8580711,0.20755953,-0.018828413,-0.8580711,0.20755953,-0.018828413
-0.84877807,0.2053992,-0.017827155,-0.84877807,0.2053992,-0.017827155
-0.85434484,0.20595941,-0.019283215,-0.85434484,0.20595941,-0.019283215
-0.8402974,0.20553792,-0.016518528,-0.8402974,0.20553792,-0.016518528
-0.84110266,0.20843124,-0.012966322,-0.84110266,0.20843124,-0.012966322
-0.8569836,0.20665051,-0.02028289,-0.8569836,0.20665051,-0.02028289
-0.8615762,0.21047153,-0.02146798,-0.8615762,0.21047153,-0.02146798
-0.8519714,0.2159082,-0.02613665,-0.8519714,0.2159082,-0.02613665
-0.85698277,0.2149522,-0.026370607,-0.85698277,0.2149522,-0.026370607
-0.851341,0.21371473,-0.027986847,-0.851341,0.21371473,-0.027986847
-0.8564916,0.21262713,-0.027710391,-0.8564916,0.21262713,-0.027710391
-0.86125773,0.21428731,-0.025130419,-0.86125773,0.21428731,-0.025130419
-0.8609481,0.21629713,-0.023703404,-0.8609481,0.21629713,-0.023703404
-0.83436614,0.20552723,-0.01614866,-0.83436614,0.20552723,-0.01614866
-0.8350518,0.20482878,-0.021844659,-0.8350518,0.20482878,-0.021844659
-0.84078,0.20467868,-0.022047231,-0.84078,0.20467868,-0.022047231
-0.84890705,0.20443384,-0.022913074,-0.84890705,0.20443384,-0.022913074
-0.84210074,0.20670594,-0.02665449,-0.84210074,0.20670594,-0.02665449
-0.84453934,0.21104081,-0.028506443,-0.84453934,0.21104081,-0.028506443
-0.85052603,0.21064322,-0.028406918,-0.85052603,0.21064322,-0.028406918
-0.8494127,0.20687209,-0.027120886,-0.8494127,0.20687209,-0.027120886
-0.8555969,0.20987941,-0.027749464,-0.8555969,0.20987941,-0.027749464
-0.8548716,0.2073121,-0.02635338,-0.8548716,0.2073121,-0.02635338
-0.8546432,0.20585144,-0.02299366,-0.8546432,0.20585144,-0.02299366
-0.85886973,0.20919056,-0.025837455,-0.85886973,0.20919056,-0.025837455
-0.8604111,0.21162486,-0.025824068,-0.8604111,0.21162486,-0.025824068
-0.85966784,0.20840749,-0.022268431,-0.85966784,0.20840749,-0.022268431
-0.8574543,0.20775224,-0.025199285,-0.8574543,0.20775224,-0.025199285
-0.85752684,0.20710692,-0.022721903,-0.85752684,0.20710692,-0.022721903
-0.8278737,0.20913006,-0.047011156,-0.8278737,0.20913006,-0.047011156
-0.8274468,0.20786646,-0.05243464,-0.8274468,0.20786646,-0.05243464
-0.81994426,0.20845026,-0.050782934,-0.81994426,0.20845026,-0.050782934
-0.82052803,0.20962417,-0.045484085,-0.82052803,0.20962417,-0.045484085
-0.8284072,0.22139087,-0.04358646,-0.8284072,0.22139087,-0.04358646
-0.8285098,0.2159458,-0.04165538,-0.8285098,0.2159458,-0.04165538
-0.8216432,0.21714158,-0.04045903,-0.8216432,0.21714158,-0.04045903
-0.82153445,0.2224815,-0.042687386,-0.82153445,0.2224815,-0.042687386
-0.82762474,0.2238715,-0.049495783,-0.82762474,0.2238715,-0.049495783
-0.82079047,0.22502628,-0.04883917,-0.82079047,0.22502628,-0.04883917
-0.8133846,0.22306708,-0.041326888,-0.8133846,0.22306708,-0.041326888
-0.8135083,0.21751721,-0.03922443,-0.8135083,0.21751721,-0.03922443
-0.79933643,0.21627411,-0.038030807,-0.79933643,0.21627411,-0.038030807
-0.7992827,0.22226264,-0.03922491,-0.7992827,0.22226264,-0.03922491
-0.7963249,0.20692226,-0.053666007,-0.7963249,0.20692226,-0.053666007
-0.7977423,0.21127336,-0.056834176,-0.7977423,0.21127336,-0.056834176
-0.8283882,0.21169104,-0.043230265,-0.8283882,0.21169104,-0.043230265
-0.8212573,0.21256275,-0.041888658,-0.8212573,0.21256275,-0.041888658
-0.8116884,0.21256927,-0.05788664,-0.8116884,0.21256927,-0.05788664
-0.81128764,0.2086939,-0.054585703,-0.81128764,0.2086939,-0.054585703
-0.8199673,0.20944768,-0.055742797,-0.8199673,0.20944768,-0.055742797
-0.8203032,0.21287674,-0.05912528,-0.8203032,0.21287674,-0.05912528
-0.79709005,0.20767507,-0.041405335,-0.79709005,0.20767507,-0.041405335
-0.79608613,0.20607942,-0.047543574,-0.79608613,0.20607942,-0.047543574
-0.79858893,0.21152443,-0.03875145,-0.79858893,0.21152443,-0.03875145
-0.8121643,0.21811101,-0.058790542,-0.8121643,0.21811101,-0.058790542
-0.8124871,0.22340876,-0.055296093,-0.8124871,0.22340876,-0.055296093
-0.7985455,0.22392185,-0.05330744,-0.7985455,0.22392185,-0.05330744
-0.7987365,0.21797958,-0.05709513,-0.7987365,0.21797958,-0.05709513
-0.812855,0.21259837,-0.040541507,-0.812855,0.21259837,-0.040541507
-0.81106657,0.20767885,-0.049327128,-0.81106657,0.20767885,-0.049327128
-0.8118907,0.20902863,-0.04393315,-0.8118907,0.20902863,-0.04393315
-0.8126231,0.22564153,-0.047786064,-0.8126231,0.22564153,-0.047786064
-0.8205907,0.22254877,-0.05622191,-0.8205907,0.22254877,-0.05622191
-0.8372157,0.21740195,-0.06054188,-0.8372157,0.21740195,-0.06054188
-0.8277553,0.21751475,-0.060047977,-0.8277553,0.21751475,-0.060047977
-0.8275743,0.2127113,-0.060526595,-0.8275743,0.2127113,-0.060526595
-0.83743864,0.21291873,-0.061545625,-0.83743864,0.21291873,-0.061545625
-0.8205973,0.21769767,-0.059442487,-0.8205973,0.21769767,-0.059442487
-0.82754403,0.22194068,-0.056499414,-0.82754403,0.22194068,-0.056499414
-0.8382874,0.20833084,-0.049118716,-0.8382874,0.20833084,-0.049118716
-0.8380107,0.20750158,-0.054622177,-0.8380107,0.20750158,-0.054622177
-0.83858544,0.21069144,-0.04528466,-0.83858544,0.21069144,-0.04528466
-0.79868203,0.2265414,-0.045734353,-0.79868203,0.2265414,-0.045734353
-0.838085,0.21991143,-0.045097128,-0.838085,0.21991143,-0.045097128
-0.83846873,0.21457662,-0.04369843,-0.83846873,0.21457662,-0.04369843
-0.827396,0.20892692,-0.05749467,-0.827396,0.20892692,-0.05749467
-0.8374674,0.20875254,-0.05939281,-0.8374674,0.20875254,-0.05939281
-0.8369605,0.2212611,-0.057064533,-0.8369605,0.2212611,-0.057064533
-0.8369725,0.22274488,-0.050542682,-0.8369725,0.22274488,-0.050542682
-0.84472466,0.22034004,-0.057870477,-0.84472466,0.22034004,-0.057870477
-0.8450373,0.22166614,-0.05189745,-0.8450373,0.22166614,-0.05189745
-0.8460832,0.2192244,-0.046601243,-0.8460832,0.2192244,-0.046601243
-0.8456219,0.21411636,-0.045293137,-0.8456219,0.21411636,-0.045293137
-0.84499323,0.21059392,-0.04689463,-0.84499323,0.21059392,-0.04689463
-0.84468985,0.2171382,-0.061088532,-0.84468985,0.2171382,-0.061088532
-0.84433484,0.2132322,-0.06204263,-0.84433484,0.2132322,-0.06204263
-0.84367216,0.20917304,-0.06017594,-0.84367216,0.20917304,-0.06017594
-0.8517833,0.21678925,-0.062108453,-0.8517833,0.21678925,-0.062108453
-0.85291326,0.21980552,-0.05928593,-0.85291326,0.21980552,-0.05928593
-0.86565745,0.21634436,-0.050708264,-0.86565745,0.21634436,-0.050708264
-0.8601682,0.21722776,-0.04893634,-0.8601682,0.21722776,-0.04893634
-0.8608518,0.21909662,-0.051650394,-0.8608518,0.21909662,-0.051650394
-0.8659441,0.2190733,-0.05239322,-0.8659441,0.2190733,-0.05239322
-0.8541627,0.21896975,-0.048523214,-0.8541627,0.21896975,-0.048523214
-0.85718083,0.21978462,-0.051485483,-0.85718083,0.21978462,-0.051485483
-0.8564734,0.22058833,-0.054551803,-0.8564734,0.22058833,-0.054551803
-0.86078507,0.22077243,-0.055542108,-0.86078507,0.22077243,-0.055542108
-0.8600111,0.21977073,-0.059349462,-0.8600111,0.21977073,-0.059349462
-0.8650585,0.21990487,-0.060539797,-0.8650585,0.21990487,-0.060539797
-0.86610186,0.22118554,-0.05648405,-0.86610186,0.22118554,-0.05648405
-0.85631514,0.22006229,-0.05795772,-0.85631514,0.22006229,-0.05795772
-0.869744,0.2190343,-0.05370251,-0.869744,0.2190343,-0.05370251
-0.86997795,0.21651247,-0.05379883,-0.86997795,0.21651247,-0.05379883
-0.8521473,0.22115484,-0.053486586,-0.8521473,0.22115484,-0.053486586
-0.8519988,0.21423292,-0.046588622,-0.8519988,0.21423292,-0.046588622
-0.8589032,0.21365471,-0.048232187,-0.8589032,0.21365471,-0.048232187
-0.86489767,0.21314955,-0.051067874,-0.86489767,0.21314955,-0.051067874
-0.86916083,0.2134218,-0.054750185,-0.86916083,0.2134218,-0.054750185
-0.8580361,0.21022207,-0.050105676,-0.8580361,0.21022207,-0.050105676
-0.86417115,0.21044308,-0.05281719,-0.86417115,0.21044308,-0.05281719
-0.8677615,0.2113006,-0.05599605,-0.8677615,0.2113006,-0.05599605
-0.8574082,0.20784944,-0.05372019,-0.8574082,0.20784944,-0.05372019
-0.86365044,0.20883706,-0.055725887,-0.86365044,0.20883706,-0.055725887
-0.849338,0.20819001,-0.051751994,-0.849338,0.20819001,-0.051751994
-0.8504284,0.21055888,-0.048102308,-0.8504284,0.21055888,-0.048102308
-0.86646163,0.21016586,-0.057131767,-0.86646163,0.21016586,-0.057131767
-0.87195766,0.21793388,-0.058216807,-0.87195766,0.21793388,-0.058216807
-0.8709192,0.21480644,-0.058949288,-0.8709192,0.21480644,-0.058949288
-0.87119406,0.2210827,-0.05720879,-0.87119406,0.2210827,-0.05720879
-0.8591035,0.21810871,-0.061287966,-0.8591035,0.21810871,-0.061287966
-0.8645591,0.21787016,-0.06236209,-0.8645591,0.21787016,-0.06236209
-0.85844964,0.2164183,-0.06328129,-0.85844964,0.2164183,-0.06328129
-0.8643515,0.2161849,-0.06395345,-0.8643515,0.2161849,-0.06395345
-0.86945754,0.21831411,-0.062046073,-0.86945754,0.21831411,-0.062046073
-0.8691265,0.22027868,-0.060819715,-0.8691265,0.22027868,-0.060819715
-0.8442927,0.20838691,-0.050539706,-0.8442927,0.20838691,-0.050539706
-0.8437945,0.20773037,-0.05558925,-0.8437945,0.20773037,-0.05558925
-0.8488244,0.20729993,-0.05677462,-0.8488244,0.20729993,-0.05677462
-0.8569262,0.20715879,-0.058727637,-0.8569262,0.20715879,-0.058727637
-0.8487654,0.20911475,-0.061120506,-0.8487654,0.20911475,-0.061120506
-0.85048276,0.2132301,-0.06290656,-0.85048276,0.2132301,-0.06290656
-0.85753804,0.2132845,-0.06386693,-0.85753804,0.2132845,-0.06386693
-0.8567478,0.20951386,-0.06262324,-0.8567478,0.20951386,-0.06262324
-0.86354464,0.2134442,-0.06402045,-0.86354464,0.2134442,-0.06402045
-0.8628266,0.2103838,-0.06290473,-0.8628266,0.2103838,-0.06290473
-0.86301047,0.20855218,-0.05967965,-0.86301047,0.20855218,-0.05967965
-0.8675618,0.21321407,-0.062788956,-0.8675618,0.21321407,-0.062788956
-0.8690117,0.21582884,-0.0629071,-0.8690117,0.21582884,-0.0629071
-0.8688803,0.2122138,-0.059490703,-0.8688803,0.2122138,-0.059490703
-0.86606264,0.21117304,-0.062203232,-0.86606264,0.21117304,-0.062203232
-0.8665619,0.2104038,-0.05975566,-0.8665619,0.2104038,-0.05975566
-0.8159394,0.20823231,-0.07160993,-0.8159394,0.20823231,-0.07160993
-0.8142204,0.2053921,-0.07603004,-0.8142204,0.2053921,-0.07603004
-0.8082642,0.2061206,-0.07420736,-0.8082642,0.2061206,-0.07420736
-0.8101884,0.20869109,-0.06980237,-0.8101884,0.20869109,-0.06980237
-0.816476,0.21957557,-0.07184745,-0.816476,0.21957557,-0.07184745
-0.8172419,0.216564,-0.06987486,-0.8172419,0.216564,-0.06987486
-0.8112779,0.21716002,-0.06757343,-0.8112779,0.21716002,-0.06757343
-0.8099054,0.22080997,-0.06940888,-0.8099054,0.22080997,-0.06940888
-0.8150292,0.22072986,-0.0765834,-0.8150292,0.22072986,-0.0765834
-0.8078616,0.22182393,-0.074610904,-0.8078616,0.22182393,-0.074610904
-0.8033051,0.2214061,-0.06719557,-0.8033051,0.2214061,-0.06719557
-0.80509543,0.21706563,-0.06527781,-0.80509543,0.21706563,-0.06527781
-0.7951482,0.21633218,-0.062643215,-0.7951482,0.21633218,-0.062643215
-0.7934422,0.22148216,-0.06436286,-0.7934422,0.22148216,-0.06436286
-0.817158,0.21250187,-0.06984012,-0.817158,0.21250187,-0.06984012
-0.81133276,0.21285403,-0.067755885,-0.81133276,0.21285403,-0.067755885
-0.7990226,0.20737465,-0.079655126,-0.7990226,0.20737465,-0.079655126
-0.7996861,0.20519324,-0.076635,-0.7996861,0.20519324,-0.076635
-0.80681384,0.20592882,-0.07865517,-0.80681384,0.20592882,-0.07865517
-0.80616903,0.20807226,-0.08148557,-0.80616903,0.20807226,-0.08148557
-0.7918028,0.20698704,-0.06449618,-0.7918028,0.20698704,-0.06449618
-0.7891243,0.204516,-0.06876464,-0.7891243,0.204516,-0.06876464
-0.7942067,0.21117997,-0.06279629,-0.7942067,0.21117997,-0.06279629
-0.7990364,0.21263152,-0.08092042,-0.7990364,0.21263152,-0.08092042
-0.79925424,0.21895333,-0.078790314,-0.79925424,0.21895333,-0.078790314
-0.78832144,0.21822451,-0.07606819,-0.78832144,0.21822451,-0.07606819
-0.78757524,0.21160913,-0.07745575,-0.78757524,0.21160913,-0.07745575
-0.8051911,0.21230556,-0.06562759,-0.8051911,0.21230556,-0.06562759
-0.8013889,0.20511512,-0.07201976,-0.8013889,0.20511512,-0.07201976
-0.8036514,0.20791729,-0.06761431,-0.8036514,0.20791729,-0.06761431
-0.8006962,0.22233059,-0.0727784,-0.8006962,0.22233059,-0.0727784
-0.8063055,0.21859138,-0.08035777,-0.8063055,0.21859138,-0.08035777
-0.8229005,0.21296106,-0.086579315,-0.8229005,0.21296106,-0.086579315
-0.81259066,0.21282457,-0.084335364,-0.81259066,0.21282457,-0.084335364
-0.8124444,0.20780227,-0.08383783,-0.8124444,0.20780227,-0.08383783
-0.8226707,0.20845343,-0.08661989,-0.8226707,0.20845343,-0.08661989
-0.80596584,0.21280065,-0.082747765,-0.80596584,0.21280065,-0.082747765
-0.81353605,0.21804142,-0.08187305,-0.81353605,0.21804142,-0.08187305
-0.82487816,0.20735244,-0.07472539,-0.82487816,0.20735244,-0.07472539
-0.823484,0.20498347,-0.079113744,-0.823484,0.20498347,-0.079113744
-0.82602483,0.21131037,-0.072979756,-0.82602483,0.21131037,-0.072979756
-0.7905508,0.22275616,-0.07027957,-0.7905508,0.22275616,-0.07027957
-0.787117,0.20597811,-0.0766487,-0.787117,0.20597811,-0.0766487
-0.82616425,0.2180154,-0.07463794,-0.82616425,0.2180154,-0.07463794
-0.8264871,0.21507248,-0.072859496,-0.8264871,0.21507248,-0.072859496
-0.81277984,0.20516394,-0.08080649,-0.81277984,0.20516394,-0.08080649
-0.8224396,0.20524386,-0.083895974,-0.8224396,0.20524386,-0.083895974
-0.82359606,0.21739388,-0.08409332,-0.82359606,0.21739388,-0.08409332
-0.8247382,0.21962875,-0.07895565,-0.8247382,0.21962875,-0.07895565
-0.8303937,0.21706206,-0.08597793,-0.8303937,0.21706206,-0.08597793
-0.831644,0.2188959,-0.08085167,-0.831644,0.2188959,-0.08085167
-0.8332164,0.21747723,-0.07650623,-0.8332164,0.21747723,-0.07650623
-0.8330397,0.21413352,-0.074872516,-0.8330397,0.21413352,-0.074872516
-0.83195615,0.210549,-0.075160034,-0.83195615,0.210549,-0.075160034
-0.82985556,0.21286637,-0.08827599,-0.82985556,0.21286637,-0.08827599
-0.8293622,0.20899355,-0.08801492,-0.8293622,0.20899355,-0.08801492
-0.8283288,0.20567462,-0.08534749,-0.8283288,0.20567462,-0.08534749
-0.8348645,0.21259728,-0.08985941,-0.8348645,0.21259728,-0.08985941
-0.8365521,0.21636592,-0.08751601,-0.8365521,0.21636592,-0.08751601
-0.85055584,0.21489716,-0.08085219,-0.85055584,0.21489716,-0.08085219
-0.8457782,0.21534061,-0.07917728,-0.8457782,0.21534061,-0.07917728
-0.8457095,0.21630424,-0.081398554,-0.8457095,0.21630424,-0.081398554
-0.85027504,0.21648169,-0.082586184,-0.85027504,0.21648169,-0.082586184
-0.8397988,0.2169594,-0.078485996,-0.8397988,0.2169594,-0.078485996
-0.84215266,0.21711792,-0.080833964,-0.84215266,0.21711792,-0.080833964
-0.84068274,0.21784316,-0.08358394,-0.84068274,0.21784316,-0.08358394
-0.84489137,0.21783258,-0.08490344,-0.84489137,0.21783258,-0.08490344
-0.8429433,0.21604154,-0.0883344,-0.8429433,0.21604154,-0.0883344
-0.8473782,0.21600513,-0.08970267,-0.8473782,0.21600513,-0.08970267
-0.849439,0.2177333,-0.08621658,-0.849439,0.2177333,-0.08621658
-0.8398483,0.21700166,-0.08673386,-0.8398483,0.21700166,-0.08673386
-0.85323745,0.2165308,-0.08399321,-0.85323745,0.2165308,-0.08399321
-0.8540324,0.21483459,-0.08340421,-0.8540324,0.21483459,-0.08340421
-0.8370801,0.2182742,-0.082486406,-0.8370801,0.2182742,-0.082486406
-0.8385927,0.21350926,-0.07627286,-0.8385927,0.21350926,-0.07627286
-0.84471965,0.2125476,-0.07786912,-0.84471965,0.2125476,-0.07786912
-0.8500726,0.212053,-0.08018896,-0.8500726,0.212053,-0.08018896
-0.85317314,0.21184152,-0.08326973,-0.85317314,0.21184152,-0.08326973
-0.8432412,0.20930631,-0.078521386,-0.8432412,0.20930631,-0.078521386
-0.84858906,0.20906906,-0.080871254,-0.84858906,0.20906906,-0.080871254
-0.8513177,0.20911361,-0.08360123,-0.8513177,0.20911361,-0.08360123
-0.8415623,0.20654212,-0.080521815,-0.8415623,0.20654212,-0.080521815
-0.8470755,0.20694521,-0.08269404,-0.8470755,0.20694521,-0.08269404
-0.8350977,0.2070425,-0.07860904,-0.8350977,0.2070425,-0.07860904
-0.83694607,0.20995423,-0.0766671,-0.83694607,0.20995423,-0.0766671
-0.8495676,0.20770882,-0.08424274,-0.8495676,0.20770882,-0.08424274
-0.8542462,0.21495867,-0.08768422,-0.8542462,0.21495867,-0.08768422
-0.85337985,0.2116867,-0.087858774,-0.85337985,0.2116867,-0.087858774
-0.85314655,0.21736282,-0.08725945,-0.85314655,0.21736282,-0.08725945
-0.8414768,0.2145196,-0.090144955,-0.8414768,0.2145196,-0.090144955
-0.8463723,0.21406332,-0.09125829,-0.8463723,0.21406332,-0.09125829
-0.84035325,0.21176009,-0.09106913,-0.84035325,0.21176009,-0.09106913
-0.8457653,0.21158707,-0.09189145,-0.8457653,0.21158707,-0.09189145
-0.8507746,0.21443237,-0.09096438,-0.8507746,0.21443237,-0.09096438
-0.8507534,0.21621798,-0.08998364,-0.8507534,0.21621798,-0.08998364
-0.83039427,0.20731203,-0.07699487,-0.83039427,0.20731203,-0.07699487
-0.8288096,0.20535235,-0.08079088,-0.8288096,0.20535235,-0.08079088
-0.83351374,0.20529892,-0.08213856,-0.83351374,0.20529892,-0.08213856
-0.84034467,0.2049833,-0.08425809,-0.84034467,0.2049833,-0.08425809
-0.8328839,0.205697,-0.08645022,-0.8328839,0.205697,-0.08645022
-0.83399427,0.20888051,-0.08908528,-0.83399427,0.20888051,-0.08908528
-0.83967406,0.20870115,-0.09049259,-0.83967406,0.20870115,-0.09049259
-0.83935446,0.20579647,-0.08826399,-0.83935446,0.20579647,-0.08826399
-0.8451493,0.2089055,-0.09127312,-0.8451493,0.2089055,-0.09127312
-0.84499866,0.2064668,-0.089460745,-0.84499866,0.2064668,-0.089460745
-0.8459609,0.2057728,-0.08595847,-0.8459609,0.2057728,-0.08595847
-0.84911,0.20917742,-0.0905216,-0.84911,0.20917742,-0.0905216
-0.85011595,0.21174896,-0.09122837,-0.85011595,0.21174896,-0.09122837
-0.851402,0.20907858,-0.08740178,-0.851402,0.20907858,-0.08740178
-0.84799916,0.20740762,-0.08937429,-0.84799916,0.20740762,-0.08937429
-0.8492042,0.20732641,-0.086793154,-0.8492042,0.20732641,-0.086793154
-0.78737587,0.20440856,-0.073300034,-0.78737587,0.20440856,-0.073300034
-0.7903974,0.20293406,-0.09671764,-0.7903974,0.20293406,-0.09671764
-0.78822964,0.20066239,-0.09921457,-0.78822964,0.20066239,-0.09921457
-0.78419864,0.20118159,-0.09640205,-0.78419864,0.20118159,-0.09640205
-0.78620344,0.20334288,-0.09399881,-0.78620344,0.20334288,-0.09399881
-0.7911656,0.2132901,-0.098928414,-0.7911656,0.2132901,-0.098928414
-0.7924781,0.21040884,-0.09626488,-0.7924781,0.21040884,-0.09626488
-0.7880401,0.21108001,-0.0930418,-0.7880401,0.21108001,-0.0930418
-0.7865904,0.21441022,-0.09567813,-0.7865904,0.21441022,-0.09567813
-0.7882411,0.21301016,-0.10335477,-0.7882411,0.21301016,-0.10335477
-0.7834729,0.21418594,-0.100350335,-0.7834729,0.21418594,-0.100350335
-0.78130746,0.21466047,-0.09173404,-0.78130746,0.21466047,-0.09173404
-0.78306895,0.21099201,-0.08910637,-0.78306895,0.21099201,-0.08910637
-0.7749998,0.21058774,-0.083455175,-0.7749998,0.21058774,-0.083455175
-0.77252436,0.21503797,-0.085411586,-0.77252436,0.21503797,-0.085411586
-0.7608923,0.20097104,-0.09132648,-0.7608923,0.20097104,-0.09132648
-0.7622764,0.19864939,-0.087619506,-0.7622764,0.19864939,-0.087619506
-0.76898235,0.19907175,-0.09129738,-0.76898235,0.19907175,-0.09129738
-0.76673347,0.20058843,-0.094665684,-0.76673347,0.20058843,-0.094665684
-0.7919992,0.20651057,-0.09577059,-0.7919992,0.20651057,-0.09577059
-0.7877575,0.206907,-0.092683546,-0.7877575,0.206907,-0.092683546
-0.77541596,0.20104481,-0.099644914,-0.77541596,0.20104481,-0.099644914
-0.7776085,0.19976257,-0.09639881,-0.7776085,0.19976257,-0.09639881
-0.7821696,0.20039059,-0.09952066,-0.7821696,0.20039059,-0.09952066
-0.7803606,0.20145442,-0.10267025,-0.7803606,0.20145442,-0.10267025
-0.7652292,0.19826947,-0.08376016,-0.7652292,0.19826947,-0.08376016
-0.76884997,0.19969076,-0.08020248,-0.76884997,0.19969076,-0.08020248
-0.77357423,0.20183517,-0.08478569,-0.77357423,0.20183517,-0.08478569
-0.7714751,0.19961508,-0.087880634,-0.7714751,0.19961508,-0.087880634
-0.7749596,0.20539361,-0.08370845,-0.7749596,0.20539361,-0.08370845
-0.774357,0.20476699,-0.10145063,-0.774357,0.20476699,-0.10145063
-0.7753469,0.2102047,-0.10050061,-0.7753469,0.2102047,-0.10050061
-0.7655751,0.21017355,-0.09543162,-0.7655751,0.21017355,-0.09543162
-0.7656071,0.2044678,-0.09622061,-0.7656071,0.2044678,-0.09622061
-0.78294325,0.20660977,-0.08925921,-0.78294325,0.20660977,-0.08925921
-0.77978164,0.20056795,-0.0931026,-0.77978164,0.20056795,-0.0931026
-0.78173983,0.20301294,-0.090410516,-0.78173983,0.20301294,-0.090410516
-0.7779057,0.21478368,-0.09652497,-0.7779057,0.21478368,-0.09652497
-0.78090185,0.21000719,-0.10381306,-0.78090185,0.21000719,-0.10381306
-0.7901092,0.20361002,-0.11122992,-0.7901092,0.20361002,-0.11122992
-0.78398186,0.20444432,-0.107560836,-0.78398186,0.20444432,-0.107560836
-0.78426826,0.20083442,-0.10591232,-0.78426826,0.20083442,-0.10591232
-0.7900687,0.2003935,-0.10977385,-0.7900687,0.2003935,-0.10977385
-0.7796688,0.20495598,-0.10455317,-0.7796688,0.20495598,-0.10455317
-0.7854904,0.2091339,-0.10673476,-0.7854904,0.2091339,-0.10673476
-0.7962469,0.20225173,-0.10022383,-0.7962469,0.20225173,-0.10022383
-0.79375374,0.19993804,-0.102737114,-0.79375374,0.19993804,-0.102737114
-0.7976663,0.20565166,-0.09951874,-0.7976663,0.20565166,-0.09951874
-0.7685846,0.21616891,-0.09060151,-0.7685846,0.21616891,-0.09060151
-0.79731673,0.21187384,-0.10259591,-0.79731673,0.21187384,-0.10259591
-0.7983348,0.20909837,-0.10014929,-0.7983348,0.20909837,-0.10014929
-0.7860708,0.19983517,-0.10249338,-0.7860708,0.19983517,-0.10249338
-0.7915383,0.19924758,-0.10638906,-0.7915383,0.19924758,-0.10638906
-0.791665,0.2080189,-0.11034598,-0.791665,0.2080189,-0.11034598
-0.7943569,0.21163264,-0.10675216,-0.7943569,0.21163264,-0.10675216
-0.79673815,0.20745584,-0.11335408,-0.79673815,0.20745584,-0.11335408
-0.79931355,0.211057,-0.10972666,-0.79931355,0.211057,-0.10972666
-0.80207765,0.21099898,-0.10531166,-0.80207765,0.21099898,-0.10531166
-0.80268323,0.20839682,-0.1026716,-0.80268323,0.20839682,-0.1026716
-0.8015128,0.20507894,-0.10200552,-0.8015128,0.20507894,-0.10200552
-0.79507285,0.20305154,-0.11402661,-0.79507285,0.20305154,-0.11402661
-0.7948247,0.20033635,-0.11217792,-0.7948247,0.20033635,-0.11217792
-0.79566425,0.1994334,-0.10876313,-0.79566425,0.1994334,-0.10876313
-0.79969263,0.20303254,-0.11583628,-0.79969263,0.20303254,-0.11583628
-0.8019723,0.20728396,-0.115515985,-0.8019723,0.20728396,-0.115515985
-0.81516546,0.20737256,-0.11073768,-0.81516546,0.20737256,-0.11073768
-0.8115805,0.20830318,-0.10878275,-0.8115805,0.20830318,-0.10878275
-0.81112105,0.20896706,-0.11092808,-0.81112105,0.20896706,-0.11092808
-0.81442237,0.20867324,-0.11226754,-0.81442237,0.20867324,-0.11226754
-0.8066455,0.20992221,-0.10785251,-0.8066455,0.20992221,-0.10785251
-0.80796605,0.20986557,-0.11019312,-0.80796605,0.20986557,-0.11019312
-0.8059982,0.20980941,-0.11259423,-0.8059982,0.20980941,-0.11259423
-0.8093329,0.20963979,-0.113942325,-0.8093329,0.20963979,-0.113942325
-0.8074072,0.20750004,-0.11687646,-0.8074072,0.20750004,-0.11687646
-0.81098,0.20689248,-0.11847917,-0.81098,0.20689248,-0.11847917
-0.81290644,0.20943522,-0.11563137,-0.81290644,0.20943522,-0.11563137
-0.80498016,0.20849283,-0.115308344,-0.80498016,0.20849283,-0.115308344
-0.816756,0.20866212,-0.11385165,-0.816756,0.20866212,-0.11385165
-0.81773484,0.20703785,-0.11339297,-0.81773484,0.20703785,-0.11339297
-0.8033283,0.21032426,-0.1115383,-0.8033283,0.21032426,-0.1115383
-0.8065744,0.20767726,-0.10507235,-0.8065744,0.20767726,-0.10507235
-0.8113829,0.20655322,-0.10730739,-0.8113829,0.20655322,-0.10730739
-0.81558895,0.20541035,-0.10999588,-0.81558895,0.20541035,-0.10999588
-0.8175972,0.20449117,-0.11321599,-0.8175972,0.20449117,-0.11321599
-0.80994934,0.20417808,-0.106843665,-0.80994934,0.20417808,-0.106843665
-0.81430763,0.2032567,-0.109838024,-0.81430763,0.2032567,-0.109838024
-0.8160935,0.2025413,-0.1128582,-0.8160935,0.2025413,-0.1128582
-0.8078932,0.20173386,-0.107454166,-0.8078932,0.20173386,-0.107454166
-0.81242347,0.20137033,-0.11037614,-0.81242347,0.20137033,-0.11037614
-0.8030146,0.20208123,-0.10488466,-0.8030146,0.20208123,-0.10488466
-0.8051299,0.20491889,-0.10427429,-0.8051299,0.20491889,-0.10427429
-0.8145582,0.20147997,-0.112494834,-0.8145582,0.20147997,-0.112494834
-0.8170353,0.20625167,-0.117213555,-0.8170353,0.20625167,-0.117213555
-0.81675726,0.20371576,-0.11648252,-0.81675726,0.20371576,-0.11648252
-0.81585896,0.20880158,-0.11715689,-0.81585896,0.20880158,-0.11715689
-0.8059593,0.20543706,-0.11800009,-0.8059593,0.20543706,-0.11800009
-0.81037444,0.2046334,-0.11950436,-0.81037444,0.2046334,-0.11950436
-0.8044495,0.20258594,-0.1176164,-0.8044495,0.20258594,-0.1176164
-0.80985194,0.20216493,-0.11891703,-0.80985194,0.20216493,-0.11891703
-0.81413496,0.20506297,-0.119410746,-0.81413496,0.20506297,-0.119410746
-0.8137179,0.20702499,-0.11916084,-0.8137179,0.20702499,-0.11916084
-0.7997699,0.20204824,-0.10275464,-0.7997699,0.20204824,-0.10275464
-0.7975215,0.199989,-0.105198525,-0.7975215,0.199989,-0.105198525
-0.8007996,0.19987531,-0.107163675,-0.8007996,0.19987531,-0.107163675
-0.80573964,0.19967741,-0.10953647,-0.80573964,0.19967741,-0.10953647
-0.7992908,0.19923142,-0.11067031,-0.7992908,0.19923142,-0.11067031
-0.7988396,0.20030412,-0.11395764,-0.7988396,0.20030412,-0.11395764
-0.8041433,0.20017293,-0.11600971,-0.8041433,0.20017293,-0.11600971
-0.8044914,0.19890204,-0.112948485,-0.8044914,0.19890204,-0.112948485
-0.8096845,0.20033374,-0.117244184,-0.8096845,0.20033374,-0.117244184
-0.80992156,0.1993695,-0.114787914,-0.80992156,0.1993695,-0.114787914
-0.8108914,0.1998963,-0.11208189,-0.8108914,0.1998963,-0.11208189
-0.8136219,0.2011929,-0.116877,-0.8136219,0.2011929,-0.116877
-0.8141072,0.20276667,-0.11850054,-0.8141072,0.20276667,-0.11850054
-0.81565547,0.20196034,-0.1152657,-0.81565547,0.20196034,-0.1152657
-0.81297356,0.20032516,-0.1153939,-0.81297356,0.20032516,-0.1153939
-0.8140759,0.20080008,-0.113986485,-0.8140759,0.20080008,-0.113986485
-0.7608198,0.20423156,-0.09316205,-0.7608198,0.20423156,-0.09316205
-0.7574772,0.20546104,0.017257884,-0.7574772,0.20546104,0.017257884
-0.7593559,0.20306243,0.013204664,-0.7593559,0.20306243,0.013204664
-0.7540218,0.18837513,0.013870583,-0.7540218,0.18837513,0.013870583
-0.7576741,0.19292271,0.010947287,-0.7576741,0.19292271,0.010947287
-0.7501483,0.18750206,0.018973216,-0.7501483,0.18750206,0.018973216
-0.7484977,0.19451112,0.02607263,-0.7484977,0.19451112,0.02607263
-0.7485107,0.19010349,0.023472609,-0.7485107,0.19010349,0.023472609
-0.7597782,0.198783,0.010883369,-0.7597782,0.198783,0.010883369
-0.7542808,0.20520791,0.022265127,-0.7542808,0.20520791,0.022265127
-0.7505686,0.20054574,0.025778763,-0.7505686,0.20054574,0.025778763
-0.76264215,0.20395756,0.027850024,-0.76264215,0.20395756,0.027850024
-0.75931615,0.19908802,0.031730514,-0.75931615,0.19908802,0.031730514
-0.7568872,0.19254869,0.031987,-0.7568872,0.19254869,0.031987
-0.7560245,0.18794253,0.028284356,-0.7560245,0.18794253,0.028284356
-0.7565542,0.18569164,0.02301451,-0.7565542,0.18569164,0.02301451
-0.76514256,0.20460857,0.02220713,-0.76514256,0.20460857,0.02220713
-0.76606464,0.20209052,0.017252615,-0.76606464,0.20209052,0.017252615
-0.76504874,0.19696645,0.014471039,-0.76504874,0.19696645,0.014471039
-0.7725201,0.20367505,0.026934208,-0.7725201,0.20367505,0.026934208
-0.7729229,0.20282678,0.034133773,-0.7729229,0.20282678,0.034133773
-0.77603173,0.18840683,0.04246127,-0.77603173,0.18840683,0.04246127
-0.77136105,0.18891318,0.040100034,-0.77136105,0.18891318,0.040100034
-0.77276623,0.19254822,0.041848913,-0.77276623,0.19254822,0.041848913
-0.7760933,0.19216593,0.0445621,-0.7760933,0.19216593,0.0445621
-0.76648736,0.19120373,0.037590258,-0.76648736,0.19120373,0.037590258
-0.770528,0.1936574,0.040041607,-0.770528,0.1936574,0.040041607
-0.7724433,0.19793606,0.039725468,-0.7724433,0.19793606,0.039725468
-0.7747978,0.19795649,0.042118397,-0.7747978,0.19795649,0.042118397
-0.7747555,0.20134617,0.0383901,-0.7747555,0.20134617,0.0383901
-0.77770674,0.20205966,0.039763216,-0.77770674,0.20205966,0.039763216
-0.77805984,0.19764505,0.045165654,-0.77805984,0.19764505,0.045165654
-0.77966243,0.1924482,0.046355117,-0.77966243,0.1924482,0.046355117
-0.78171706,0.19640853,0.04645875,-0.78171706,0.19640853,0.04645875
-0.7808186,0.18974495,0.044742104,-0.7808186,0.18974495,0.044742104
-0.7686919,0.1980054,0.036872584,-0.7686919,0.1980054,0.036872584
-0.7633175,0.18658158,0.032889716,-0.7633175,0.18658158,0.032889716
-0.77037406,0.18574895,0.03662238,-0.77037406,0.18574895,0.03662238
-0.7768009,0.18575755,0.039386984,-0.7768009,0.18575755,0.039386984
-0.7822323,0.18784109,0.04100065,-0.7822323,0.18784109,0.04100065
-0.7710942,0.18388654,0.031484365,-0.7710942,0.18388654,0.031484365
-0.77817804,0.18509407,0.034792952,-0.77817804,0.18509407,0.034792952
-0.78248614,0.18766232,0.036751494,-0.78248614,0.18766232,0.036751494
-0.7732376,0.1853985,0.02658721,-0.7732376,0.1853985,0.02658721
-0.7795744,0.18673755,0.031189533,-0.7795744,0.18673755,0.031189533
-0.76447564,0.18553618,0.021136215,-0.76447564,0.18553618,0.021136215
-0.76287544,0.18427958,0.027006691,-0.76287544,0.18427958,0.027006691
-0.78241915,0.18815117,0.03379649,-0.78241915,0.18815117,0.03379649
-0.78500557,0.19407979,0.044903256,-0.78500557,0.19407979,0.044903256
-0.785863,0.19227906,0.040526427,-0.785863,0.19227906,0.040526427
-0.7790637,0.2029537,0.035839926,-0.7790637,0.2029537,0.035839926
-0.7808551,0.20152047,0.042236075,-0.7808551,0.20152047,0.042236075
-0.7831422,0.20172995,0.03851778,-0.7831422,0.20172995,0.03851778
-0.77943623,0.20243439,0.030893682,-0.77943623,0.20243439,0.030893682
-0.78424203,0.20013544,0.03455116,-0.78424203,0.20013544,0.03455116
-0.7855452,0.19916295,0.04180272,-0.7855452,0.19916295,0.04180272
-0.7831611,0.20005031,0.044470973,-0.7831611,0.20005031,0.044470973
-0.7588337,0.18677752,0.01768861,-0.7588337,0.18677752,0.01768861
-0.7622646,0.19105789,0.0147668505,-0.7622646,0.19105789,0.0147668505
-0.767722,0.1902837,0.017926702,-0.767722,0.1902837,0.017926702
-0.77567816,0.18987823,0.023356134,-0.77567816,0.18987823,0.023356134
-0.77085924,0.19641335,0.01788863,-0.77085924,0.19641335,0.01788863
-0.77255553,0.20168492,0.021324158,-0.77255553,0.20168492,0.021324158
-0.779648,0.1998206,0.02647217,-0.779648,0.1998206,0.02647217
-0.77831846,0.19525146,0.023504032,-0.77831846,0.19525146,0.023504032
-0.784159,0.19744384,0.03128469,-0.784159,0.19744384,0.03128469
-0.7830062,0.19399808,0.029169222,-0.7830062,0.19399808,0.029169222
-0.78129184,0.19006869,0.029328793,-0.78129184,0.19006869,0.029328793
-0.7857427,0.19471616,0.03465469,-0.7857427,0.19471616,0.03465469
-0.7864844,0.19696161,0.038027998,-0.7864844,0.19696161,0.038027998
-0.78508896,0.1912639,0.036553245,-0.78508896,0.1912639,0.036553245
-0.7845467,0.19312516,0.032523748,-0.7845467,0.19312516,0.032523748
-0.7837454,0.19059388,0.033300806,-0.7837454,0.19059388,0.033300806
-0.75681096,0.19691814,-0.0857234,-0.75681096,0.19691814,-0.0857234
-0.759669,0.19617295,-0.08034958,-0.759669,0.19617295,-0.08034958
-0.75238585,0.19518471,-0.0785122,-0.75238585,0.19518471,-0.0785122
-0.7434811,0.19414514,-0.07687396,-0.7434811,0.19414514,-0.07687396
-0.7343789,0.19601545,-0.08106247,-0.7343789,0.19601545,-0.08106247
-0.74530846,0.19502784,-0.07035262,-0.74530846,0.19502784,-0.07035262
-0.7542609,0.19606905,-0.07231294,-0.7542609,0.19606905,-0.07231294
-0.7641471,0.1975423,-0.07433072,-0.7641471,0.1975423,-0.07433072
-0.7396757,0.1958674,-0.06342389,-0.7396757,0.1958674,-0.06342389
-0.039997138,0.45125872,0.09520014,-0.039997138,0.45125872,0.09520014
-0.03689092,0.4522723,0.097076364,-0.03689092,0.4522723,0.097076364
-0.03901021,0.44496113,0.09475568,-0.03901021,0.44496113,0.09475568
-0.04157686,0.445303,0.0929728,-0.04157686,0.445303,0.0929728
-0.03190936,0.44506055,0.097500555,-0.03190936,0.44506055,0.097500555
-0.035973538,0.44472536,0.09659737,-0.035973538,0.44472536,0.09659737
-0.032167867,0.45293868,0.09837576,-0.032167867,0.45293868,0.09837576
-0.026701119,0.45254818,0.09820683,-0.026701119,0.45254818,0.09820683
-0.018986098,0.44837362,0.09572333,-0.018986098,0.44837362,0.09572333
-0.017321378,0.44694436,0.09582218,-0.017321378,0.44694436,0.09582218
-0.018131005,0.4460242,0.09631934,-0.018131005,0.4460242,0.09631934
-0.020365465,0.44602644,0.09646518,-0.020365465,0.44602644,0.09646518
-0.024013722,0.44568124,0.09743823,-0.024013722,0.44568124,0.09743823
-0.044509355,0.44777033,0.09024917,-0.044509355,0.44777033,0.09024917
-0.043670695,0.4489754,0.09139205,-0.043670695,0.4489754,0.09139205
-0.04212403,0.4501658,0.09320307,-0.04212403,0.4501658,0.09320307
-0.027898615,0.44537458,0.09789415,-0.027898615,0.44537458,0.09789415
-0.04342056,0.44590557,0.09121564,-0.04342056,0.44590557,0.09121564
-0.044409614,0.44669297,0.0901856,-0.044409614,0.44669297,0.0901856
-0.02218075,0.45101944,0.09687582,-0.02218075,0.45101944,0.09687582
-0.03222191,0.44743723,0.09765316,-0.03222191,0.44743723,0.09765316
-0.036183674,0.4472308,0.09653106,-0.036183674,0.4472308,0.09653106
-0.03245463,0.45029053,0.09803537,-0.03245463,0.45029053,0.09803537
-0.027647188,0.45023012,0.098201215,-0.027647188,0.45023012,0.098201215
-0.021941893,0.44729978,0.09686747,-0.021941893,0.44729978,0.09686747
-0.024430552,0.44747514,0.09758305,-0.024430552,0.44747514,0.09758305
-0.039177842,0.44703197,0.09481728,-0.039177842,0.44703197,0.09481728
-0.028102804,0.44763023,0.09802709,-0.028102804,0.44763023,0.09802709
-0.036693677,0.44978207,0.09674453,-0.036693677,0.44978207,0.09674453
-0.023673037,0.44941342,0.09754922,-0.023673037,0.44941342,0.09754922
-0.021407697,0.44835964,0.096685715,-0.021407697,0.44835964,0.096685715
-0.043757796,0.44759858,0.09089475,-0.043757796,0.44759858,0.09089475
-0.04372687,0.44715196,0.09088959,-0.04372687,0.44715196,0.09088959
-0.013948443,0.20879446,0.0770189,-0.013948443,0.20879446,0.0770189
-0.015030992,0.19277331,0.08650724,-0.015030992,0.19277331,0.08650724
-0.03954742,0.44915676,0.09491215,-0.03954742,0.44915676,0.09491215
-0.042835522,0.44703028,0.091796294,-0.042835522,0.44703028,0.091796294
-0.04130651,0.4470029,0.09317058,-0.04130651,0.4470029,0.09317058
-0.04155824,0.4486002,0.093144104,-0.04155824,0.4486002,0.093144104
-0.042968236,0.4480509,0.091755435,-0.042968236,0.4480509,0.091755435
-0.2913657,0.20674069,0.020573186,-0.2913657,0.20674069,0.020573186
-0.29083788,0.22323774,0.01935137,-0.29083788,0.22323774,0.01935137
-0.2918781,0.2576062,-0.023219863,-0.2918781,0.2576062,-0.023219863
-0.28786126,0.25552008,-0.04538686,-0.28786126,0.25552008,-0.04538686
-0.06689342,-0.07825408,0.14557928,-0.06689342,-0.07825408,0.14557928
-0.112289935,-0.03479443,-0.06628358,-0.112289935,-0.03479443,-0.06628358
-0.11497482,-0.015369871,-0.07179447,-0.11497482,-0.015369871,-0.07179447
-0.036564108,-0.018518817,-0.093515076,-0.036564108,-0.018518817,-0.093515076
-0.05695879,-0.022366589,-0.09279836,-0.05695879,-0.022366589,-0.09279836
-0.14512266,-0.049126144,0.049670085,-0.14512266,-0.049126144,0.049670085
-0.14433956,-0.030269152,0.047709987,-0.14433956,-0.030269152,0.047709987
-0.10312604,-0.056958392,0.109134585,-0.10312604,-0.056958392,0.109134585
-0.10295769,-0.03567085,0.106768146,-0.10295769,-0.03567085,0.106768146
-0.1364107,-0.07145179,0.07479117,-0.1364107,-0.07145179,0.07479117
-0.08073117,-0.06803935,-0.07837199,-0.08073117,-0.06803935,-0.07837199
-0.09993618,-0.06977144,-0.07039985,-0.09993618,-0.06977144,-0.07039985
-0.09588115,-0.050311092,-0.07307418,-0.09588115,-0.050311092,-0.07307418
-0.07752467,-0.047595996,-0.08224042,-0.07752467,-0.047595996,-0.08224042
-0.01728531,-0.015657408,-0.08868079,-0.01728531,-0.015657408,-0.08868079
-0.017471755,-0.038650457,-0.082112275,-0.017471755,-0.038650457,-0.082112275
-0.15143694,-0.009739,0.021173725,-0.15143694,-0.009739,0.021173725
-0.15200897,-0.008470286,-0.006292901,-0.15200897,-0.008470286,-0.006292901
-0.13419136,-0.0024110686,-0.055136155,-0.13419136,-0.0024110686,-0.055136155
-0.11876285,0.0033640752,-0.073849656,-0.11876285,0.0033640752,-0.073849656
-0.10094229,0.010705349,-0.08694192,-0.10094229,0.010705349,-0.08694192
-0.08137306,0.018303577,-0.095862366,-0.08137306,0.018303577,-0.095862366
-0.086673245,-0.014137196,0.12121729,-0.086673245,-0.014137196,0.12121729
-0.06732378,0.0063966135,0.12958981,-0.06732378,0.0063966135,0.12958981
-0.14414997,-0.010790546,0.047496784,-0.14414997,-0.010790546,0.047496784
-0.023127517,-0.013227045,0.14942645,-0.023127517,-0.013227045,0.14942645
-0.06466653,0.049449094,-0.10668613,-0.06466653,0.049449094,-0.10668613
-0.04083264,0.053359713,-0.10946716,-0.04083264,0.053359713,-0.10946716
-0.14591828,-0.006099996,-0.032074355,-0.14591828,-0.006099996,-0.032074355
-0.031273127,0.15080832,0.11112186,-0.031273127,0.15080832,0.11112186
-0.04883188,0.15357247,0.10949053,-0.04883188,0.15357247,0.10949053
-0.04825562,0.13842198,0.11945012,-0.04825562,0.13842198,0.11945012
-0.030769864,0.13492616,0.12000402,-0.030769864,0.13492616,0.12000402
-0.064837284,0.14025399,0.117904946,-0.064837284,0.14025399,0.117904946
-0.0808111,0.14110726,0.11485828,-0.0808111,0.14110726,0.11485828
-0.0954681,0.14112854,0.110638335,-0.0954681,0.14112854,0.110638335
-0.13037771,0.13630575,0.09394237,-0.13037771,0.13630575,0.09394237
-0.12021671,0.13853048,0.100005575,-0.12021671,0.13853048,0.100005575
-0.14620359,0.12796533,0.079578504,-0.14620359,0.12796533,0.079578504
-0.13895439,0.13307218,0.087208934,-0.13895439,0.13307218,0.087208934
-0.15161526,0.118215136,0.0699688,-0.15161526,0.118215136,0.0699688
-0.15478942,0.10673929,0.057425268,-0.15478942,0.10673929,0.057425268
-0.16034545,0.1087568,0.035278786,-0.16034545,0.1087568,0.035278786
-0.1580084,0.09529631,0.04251262,-0.1580084,0.09529631,0.04251262
-0.1520226,0.093550086,0.06567454,-0.1520226,0.093550086,0.06567454
-0.14846571,0.105449386,0.07774837,-0.14846571,0.105449386,0.07774837
-0.14300281,0.11462076,0.08744689,-0.14300281,0.11462076,0.08744689
-0.016491234,0.070920296,0.13389374,-0.016491234,0.070920296,0.13389374
-0.014237878,0.09442567,0.13188054,-0.014237878,0.09442567,0.13188054
-0.012148884,0.2241987,0.068456225,-0.012148884,0.2241987,0.068456225
-0.5005533,0.19840215,-0.07271803,-0.5005533,0.19840215,-0.07271803
-0.62503463,0.22904135,-0.013782471,-0.62503463,0.22904135,-0.013782471
-0.015353268,0.24408615,-0.088689394,-0.015353268,0.24408615,-0.088689394
-0.031454973,0.24872111,-0.089233994,-0.031454973,0.24872111,-0.089233994
-0.084768355,0.26529923,-0.075385086,-0.084768355,0.26529923,-0.075385086
-0.09812754,0.27577406,-0.057948682,-0.09812754,0.27577406,-0.057948682
-0.06566991,0.25435576,-0.08607992,-0.06566991,0.25435576,-0.08607992
-0.04826708,0.24498565,-0.09157669,-0.04826708,0.24498565,-0.09157669
-0.13022141,0.0068640932,0.070371725,-0.13022141,0.0068640932,0.070371725
-0.033805866,0.2135235,-0.10091308,-0.033805866,0.2135235,-0.10091308
-0.049934417,0.23382758,-0.0965044,-0.049934417,0.23382758,-0.0965044
-0.06880272,0.2437288,-0.092385136,-0.06880272,0.2437288,-0.092385136
-0.08907643,0.2553009,-0.08224448,-0.08907643,0.2553009,-0.08224448
-0.109498985,0.26774696,-0.06468491,-0.109498985,0.26774696,-0.06468491
-0.12509014,0.26781437,-0.058576908,-0.12509014,0.26781437,-0.058576908
-0.14705612,0.25378504,-0.06507187,-0.14705612,0.25378504,-0.06507187
-0.15668921,0.2545088,-0.060059886,-0.15668921,0.2545088,-0.060059886
-0.16714454,0.2561533,-0.055818006,-0.16714454,0.2561533,-0.055818006
-0.16825923,0.26890227,-0.04052801,-0.16825923,0.26890227,-0.04052801
-0.15690124,0.26752225,-0.044658247,-0.15690124,0.26752225,-0.044658247
-0.2540431,0.25603008,-0.052529898,-0.2540431,0.25603008,-0.052529898
-0.26881376,0.25000444,-0.05728714,-0.26881376,0.25000444,-0.05728714
-0.2778761,0.24078001,-0.06471299,-0.2778761,0.24078001,-0.06471299
-0.28260985,0.22924867,-0.07129418,-0.28260985,0.22924867,-0.07129418
-0.28207967,0.21631496,-0.07601639,-0.28207967,0.21631496,-0.07601639
-0.27661952,0.2033807,-0.07775111,-0.27661952,0.2033807,-0.07775111
-0.26528725,0.19206454,-0.07636196,-0.26528725,0.19206454,-0.07636196
-0.22567421,0.1713504,-0.06742192,-0.22567421,0.1713504,-0.06742192
-0.21094255,0.16354091,-0.0642471,-0.21094255,0.16354091,-0.0642471
-0.17838341,0.12687704,-0.06535474,-0.17838341,0.12687704,-0.06535474
-0.17041758,0.118886486,-0.06795774,-0.17041758,0.118886486,-0.06795774
-0.14992337,0.09201165,-0.07710132,-0.14992337,0.09201165,-0.07710132
-0.13939981,0.07796446,-0.081189185,-0.13939981,0.07796446,-0.081189185
-0.1278555,0.062659375,-0.08569129,-0.1278555,0.062659375,-0.08569129
-0.10121163,-0.1646959,-0.08242779,-0.10121163,-0.1646959,-0.08242779
-0.12093897,-0.16264398,-0.07191622,-0.12093897,-0.16264398,-0.07191622
-0.11610571,-0.1456172,-0.06770246,-0.11610571,-0.1456172,-0.06770246
-0.09638962,-0.14740202,-0.07696121,-0.09638962,-0.14740202,-0.07696121
-0.046690326,-0.110241875,-0.0765937,-0.046690326,-0.110241875,-0.0765937
-0.024164092,-0.11075535,-0.07438261,-0.024164092,-0.11075535,-0.07438261
-0.16135423,-0.1453324,-0.013282969,-0.16135423,-0.1453324,-0.013282969
-0.16624203,-0.14817235,0.0127327405,-0.16624203,-0.14817235,0.0127327405
-0.13445966,-0.14417778,-0.054056864,-0.13445966,-0.14417778,-0.054056864
-0.1498484,-0.144239,-0.035750154,-0.1498484,-0.144239,-0.035750154
-0.16371764,-0.15298058,0.039287034,-0.16371764,-0.15298058,0.039287034
-0.10663373,-0.18266004,0.12120605,-0.10663373,-0.18266004,0.12120605
-0.08692841,-0.18855368,0.13652803,-0.08692841,-0.18855368,0.13652803
-0.04549707,-0.19649418,0.15710992,-0.04549707,-0.19649418,0.15710992
-0.025021963,-0.19856957,0.16183104,-0.025021963,-0.19856957,0.16183104
-0.15546946,-0.16022035,0.06349015,-0.15546946,-0.16022035,0.06349015
-0.06623948,-0.19321622,0.14869756,-0.06623948,-0.19321622,0.14869756
-0.1425729,-0.16843545,0.08474715,-0.1425729,-0.16843545,0.08474715
-0.12557508,-0.17609537,0.10370974,-0.12557508,-0.17609537,0.10370974
-0.0680376,-0.109742716,-0.075996645,-0.0680376,-0.109742716,-0.075996645
-0.072019525,-0.13034146,-0.07816705,-0.072019525,-0.13034146,-0.07816705
-0.09200171,-0.1291357,-0.0737852,-0.09200171,-0.1291357,-0.0737852
-0.038822073,0.11989865,-0.11757533,-0.038822073,0.11989865,-0.11757533
-0.059011515,0.12273056,-0.119019195,-0.059011515,0.12273056,-0.119019195
-0.07959813,0.12726615,-0.1187218,-0.07959813,0.12726615,-0.1187218
-0.09415546,0.1513025,-0.11684509,-0.09415546,0.1513025,-0.11684509
-0.09839465,0.13394012,-0.115453586,-0.09839465,0.13394012,-0.115453586
-0.1156129,0.14176817,-0.10920814,-0.1156129,0.14176817,-0.10920814
-0.11106479,0.15899865,-0.110694245,-0.11106479,0.15899865,-0.110694245
-0.14186342,0.173908,-0.09470922,-0.14186342,0.173908,-0.09470922
-0.14414176,0.15934683,-0.092455044,-0.14414176,0.15934683,-0.092455044
-0.15554614,0.16660093,-0.08789609,-0.15554614,0.16660093,-0.08789609
-0.15382466,0.18031825,-0.09050073,-0.15382466,0.18031825,-0.09050073
-0.16664986,0.17271054,-0.08505907,-0.16664986,0.17271054,-0.08505907
-0.1771179,0.17758924,-0.08121106,-0.1771179,0.17758924,-0.08121106
-0.189254,0.18311484,-0.07741653,-0.189254,0.18311484,-0.07741653
-0.20305823,0.18893825,-0.076458246,-0.20305823,0.18893825,-0.076458246
-0.19713858,0.21271266,-0.07851427,-0.19713858,0.21271266,-0.07851427
-0.18482046,0.20744225,-0.08056547,-0.18482046,0.20744225,-0.08056547
-0.14063008,0.18982206,-0.09521128,-0.14063008,0.18982206,-0.09521128
-0.12483931,0.18368866,-0.102011845,-0.12483931,0.18368866,-0.102011845
-0.03651695,0.15426926,-0.113620535,-0.03651695,0.15426926,-0.113620535
-0.018153561,0.15072568,-0.10927269,-0.018153561,0.15072568,-0.10927269
-0.16261962,0.089307785,0.02361465,-0.16261962,0.089307785,0.02361465
-0.16706342,0.084676005,0.0033061004,-0.16706342,0.084676005,0.0033061004
-0.16978043,0.0829315,-0.01581506,-0.16978043,0.0829315,-0.01581506
-0.16937384,0.08411318,-0.03268588,-0.16937384,0.08411318,-0.03268588
-0.16729434,0.088184,-0.048484784,-0.16729434,0.088184,-0.048484784
-0.16277829,0.094178945,-0.062074706,-0.16277829,0.094178945,-0.062074706
-0.16347271,0.11079793,-0.07086807,-0.16347271,0.11079793,-0.07086807
-0.15707046,0.10205846,-0.07369247,-0.15707046,0.10205846,-0.07369247
-0.15857229,0.12057609,-0.0790608,-0.15857229,0.12057609,-0.0790608
-0.15090743,0.11185924,-0.083330356,-0.15090743,0.11185924,-0.083330356
-0.14412569,0.12309602,-0.09098181,-0.14412569,0.12309602,-0.09098181
-0.1367678,0.1358249,-0.09691867,-0.1367678,0.1358249,-0.09691867
-0.13071637,0.15072447,-0.100678146,-0.13071637,0.15072447,-0.100678146
-0.12665027,0.16676271,-0.10253201,-0.12665027,0.16676271,-0.10253201
-0.10846541,0.17703174,-0.109588385,-0.10846541,0.17703174,-0.109588385
-0.09181511,0.16974401,-0.11523273,-0.09181511,0.16974401,-0.11523273
-0.07229627,0.18154857,-0.114741586,-0.07229627,0.18154857,-0.114741586
-0.0714725,0.19876084,-0.10997416,-0.0714725,0.19876084,-0.10997416
-0.07371264,0.16366851,-0.118097134,-0.07371264,0.16366851,-0.118097134
-0.075401664,0.14554663,-0.1197794,-0.075401664,0.14554663,-0.1197794
-0.0711181,0.28647,-0.058372647,-0.0711181,0.28647,-0.058372647
-0.055537947,0.27955458,-0.0702291,-0.055537947,0.27955458,-0.0702291
-0.253506,0.20362687,-0.077791445,-0.253506,0.20362687,-0.077791445
-0.25188142,0.1969627,-0.07726406,-0.25188142,0.1969627,-0.07726406
-0.25748178,0.19565986,-0.07719925,-0.25748178,0.19565986,-0.07719925
-0.26373705,0.20457551,-0.077793755,-0.26373705,0.20457551,-0.077793755
-0.26695263,0.21532208,-0.07680663,-0.26695263,0.21532208,-0.07680663
-0.25297812,0.22261366,-0.07544178,-0.25297812,0.22261366,-0.07544178
-0.25453782,0.21301189,-0.07735708,-0.25453782,0.21301189,-0.07735708
-0.26648694,0.22629268,-0.07366532,-0.26648694,0.22629268,-0.07366532
-0.2624096,0.23632161,-0.069180466,-0.2624096,0.23632161,-0.069180466
-0.2495778,0.2318582,-0.07221222,-0.2495778,0.2318582,-0.07221222
-0.25571862,0.2445443,-0.06442885,-0.25571862,0.2445443,-0.06442885
-0.24516065,0.23966502,-0.068557285,-0.24516065,0.23966502,-0.068557285
-0.24609137,0.24973613,-0.060932834,-0.24609137,0.24973613,-0.060932834
-0.24110344,0.24454963,-0.06536546,-0.24110344,0.24454963,-0.06536546
-0.207319,0.23942852,-0.06929782,-0.207319,0.23942852,-0.06929782
-0.21986249,0.24216388,-0.06772642,-0.21986249,0.24216388,-0.06772642
-0.23228678,0.24370486,-0.06628376,-0.23228678,0.24370486,-0.06628376
-0.21736054,0.19538745,-0.07693261,-0.21736054,0.19538745,-0.07693261
-0.23051624,0.20302644,-0.077592075,-0.23051624,0.20302644,-0.077592075
-0.24267852,0.2091059,-0.07790942,-0.24267852,0.2091059,-0.07790942
-0.2405705,0.21841522,-0.07679749,-0.2405705,0.21841522,-0.07679749
-0.22805008,0.21254608,-0.077410795,-0.22805008,0.21254608,-0.077410795
-0.21494049,0.20569342,-0.07791695,-0.21494049,0.20569342,-0.07791695
-0.03683761,0.13745633,-0.11632755,-0.03683761,0.13745633,-0.11632755
-0.05571867,0.1412588,-0.11942884,-0.05571867,0.1412588,-0.11942884
-0.16518319,0.18555272,-0.087075226,-0.16518319,0.18555272,-0.087075226
-0.17547256,0.18960114,-0.08370035,-0.17547256,0.18960114,-0.08370035
-0.18672574,0.19352777,-0.079948,-0.18672574,0.19352777,-0.079948
-0.20021905,0.1998032,-0.07835045,-0.20021905,0.1998032,-0.07835045
-0.17439742,0.2029189,-0.083846696,-0.17439742,0.2029189,-0.083846696
-0.16397622,0.1991916,-0.08727792,-0.16397622,0.1991916,-0.08727792
-0.15268046,0.19497724,-0.090929724,-0.15268046,0.19497724,-0.090929724
-0.05502831,0.15868443,-0.11722547,-0.05502831,0.15868443,-0.11722547
-0.018656146,0.13447303,-0.11279243,-0.018656146,0.13447303,-0.11279243
-0.17590807,0.23560198,0.041827925,-0.17590807,0.23560198,0.041827925
-0.1741676,0.25974062,0.028726632,-0.1741676,0.25974062,0.028726632
-0.17381883,0.27494353,0.0068639778,-0.17381883,0.27494353,0.0068639778
-0.1714261,0.27753466,-0.018473139,-0.1714261,0.27753466,-0.018473139
-0.42066497,0.1712989,-0.03457306,-0.42066497,0.1712989,-0.03457306
-0.018899487,-0.061412804,-0.07727509,-0.018899487,-0.061412804,-0.07727509
-0.021337157,-0.08520518,-0.074001946,-0.021337157,-0.08520518,-0.074001946
-0.042704463,-0.08645705,-0.07765149,-0.042704463,-0.08645705,-0.07765149
-0.019552229,0.054954264,-0.10774167,-0.019552229,0.054954264,-0.10774167
-0.019504888,0.1178367,-0.11545308,-0.019504888,0.1178367,-0.11545308
-0.10514616,0.112013124,0.124151595,-0.10514616,0.112013124,0.124151595
-0.09304552,0.11307238,0.12888037,-0.09304552,0.11307238,0.12888037
-0.09403023,0.12697455,0.120542586,-0.09403023,0.12697455,0.120542586
-0.106498614,0.12608719,0.115638375,-0.106498614,0.12608719,0.115638375
-0.124961644,0.10940222,0.11135932,-0.124961644,0.10940222,0.11135932
-0.11580946,0.11093909,0.11833112,-0.11580946,0.11093909,0.11833112
-0.11765366,0.12467419,0.10969191,-0.11765366,0.12467419,0.10969191
-0.12730382,0.1227161,0.10315567,-0.12730382,0.1227161,0.10315567
-0.13295466,0.10656534,0.10380969,-0.13295466,0.10656534,0.10380969
-0.13573863,0.11980548,0.09578043,-0.13573863,0.11980548,0.09578043
-0.11420432,0.09619018,0.124952964,-0.11420432,0.09619018,0.124952964
-0.103892654,0.09726029,0.13105853,-0.103892654,0.09726029,0.13105853
-0.09186651,0.09851525,0.13513601,-0.09186651,0.09851525,0.13513601
-0.13016523,0.09343299,0.11017045,-0.13016523,0.09343299,0.11017045
-0.12292493,0.09513894,0.11772261,-0.12292493,0.09513894,0.11772261
-0.0051060137,0.32966474,0.09523586,-0.0051060137,0.32966474,0.09523586
-0.005735296,0.33513612,0.11033202,-0.005735296,0.33513612,0.11033202
-0.000949882,0.37792793,0.12356956,-0.000949882,0.37792793,0.12356956
-0.000611523,0.3823459,0.121523246,-0.000611523,0.3823459,0.121523246
-0.008674065,0.24687465,0.055791114,-0.008674065,0.24687465,0.055791114
-0.0076030535,0.25724345,0.05349862,-0.0076030535,0.25724345,0.05349862
-0.013929689,0.113857575,0.12677637,-0.013929689,0.113857575,0.12677637
-0.014164216,0.14674336,0.112072684,-0.014164216,0.14674336,0.112072684
-0.015114388,0.16048378,0.102928504,-0.015114388,0.16048378,0.102928504
-0.015341008,0.17617942,0.09478294,-0.015341008,0.17617942,0.09478294
-0.010725497,0.23674694,0.06139388,-0.010725497,0.23674694,0.06139388
-0.013939396,0.13064072,0.11995228,-0.013939396,0.13064072,0.11995228
-0.16827029,-0.3275413,-0.05346343,-0.16827029,-0.3275413,-0.05346343
-0.14923601,-0.34353587,-0.073012196,-0.14923601,-0.34353587,-0.073012196
-0.15551244,-0.3186349,-0.06949122,-0.15551244,-0.3186349,-0.06949122
-0.14120226,-0.33062863,-0.083052844,-0.14120226,-0.33062863,-0.083052844
-0.1667066,-0.25079766,-0.04516665,-0.1667066,-0.25079766,-0.04516665
-0.16581865,-0.27660102,-0.05149702,-0.16581865,-0.27660102,-0.05149702
-0.16716237,-0.223945,-0.041990325,-0.16716237,-0.223945,-0.041990325
-0.1206718,-0.33802733,-0.09593332,-0.1206718,-0.33802733,-0.09593332
-0.09472041,-0.34048113,-0.10545215,-0.09472041,-0.34048113,-0.10545215
-0.09212261,-0.32226607,-0.11129822,-0.09212261,-0.32226607,-0.11129822
-0.15125415,-0.22677882,-0.065675244,-0.15125415,-0.22677882,-0.065675244
-0.15119085,-0.25262251,-0.06848387,-0.15119085,-0.25262251,-0.06848387
-0.146974,-0.31395125,-0.07778351,-0.146974,-0.31395125,-0.07778351
-0.16293733,-0.2997833,-0.059477255,-0.16293733,-0.2997833,-0.059477255
-0.14914005,-0.29941636,-0.07570235,-0.14914005,-0.29941636,-0.07570235
-0.11711061,-0.32176167,-0.1012594,-0.11711061,-0.32176167,-0.1012594
-0.13566457,-0.31841484,-0.08845399,-0.13566457,-0.31841484,-0.08845399
-0.05853547,-0.16826327,-0.09212436,-0.05853547,-0.16826327,-0.09212436
-0.034073964,-0.1869457,-0.101429835,-0.034073964,-0.1869457,-0.101429835
-0.062055018,-0.18732066,-0.100204736,-0.062055018,-0.18732066,-0.100204736
-0.13943203,-0.16081746,-0.05666325,-0.13943203,-0.16081746,-0.05666325
-0.12593473,-0.18194677,-0.07707342,-0.12593473,-0.18194677,-0.07707342
-0.1341298,-0.3012015,-0.090455964,-0.1341298,-0.3012015,-0.090455964
-0.11456152,-0.3019863,-0.10419327,-0.11456152,-0.3019863,-0.10419327
-0.08979281,-0.30128598,-0.11512806,-0.08979281,-0.30128598,-0.11512806
-0.08963443,-0.22968477,-0.110379726,-0.08963443,-0.22968477,-0.110379726
-0.08897703,-0.2533514,-0.11509792,-0.08897703,-0.2533514,-0.11509792
-0.112315916,-0.25483853,-0.104280725,-0.112315916,-0.25483853,-0.104280725
-0.11279589,-0.22989821,-0.10008726,-0.11279589,-0.22989821,-0.10008726
-0.130353,-0.2040871,-0.08194217,-0.130353,-0.2040871,-0.08194217
-0.13287783,-0.2291053,-0.08529367,-0.13287783,-0.2291053,-0.08529367
-0.08842954,-0.20699194,-0.10381711,-0.08842954,-0.20699194,-0.10381711
-0.11052191,-0.20565298,-0.094903566,-0.11052191,-0.20565298,-0.094903566
-0.10605479,-0.18391033,-0.08861784,-0.10605479,-0.18391033,-0.08861784
-0.13328424,-0.25478232,-0.08824743,-0.13328424,-0.25478232,-0.08824743
-0.059852883,-0.27674642,-0.122441635,-0.059852883,-0.27674642,-0.122441635
-0.08872618,-0.27795088,-0.11675123,-0.08872618,-0.27795088,-0.11675123
-0.029612703,-0.27490395,-0.12066723,-0.029612703,-0.27490395,-0.12066723
-0.08518113,-0.18585703,-0.09608768,-0.08518113,-0.18585703,-0.09608768
-0.080623165,-0.16648564,-0.08856383,-0.080623165,-0.16648564,-0.08856383
-0.07587811,-0.1485264,-0.08215544,-0.07587811,-0.1485264,-0.08215544
-0.06418423,-0.0875413,-0.077433236,-0.06418423,-0.0875413,-0.077433236
-0.113401964,-0.56718683,0.09248036,-0.113401964,-0.56718683,0.09248036
0.0003327636,-0.37963226,0.034629412,0.0003327636,-0.37963226,0.034629412
-0.0005535091,-0.36985502,0.0063735778,-0.0005535091,-0.36985502,0.0063735778
-0.18001768,-0.29250592,0.06483195,-0.18001768,-0.29250592,0.06483195
-0.18884435,-0.30940044,-0.010038821,-0.18884435,-0.30940044,-0.010038821
-0.17709029,-0.30351034,-0.03768714,-0.17709029,-0.30351034,-0.03768714
-0.02289158,-0.38217062,0.10362191,-0.02289158,-0.38217062,0.10362191
-0.00787498,-0.38699797,0.080585055,-0.00787498,-0.38699797,0.080585055
-0.16051483,-0.3014877,0.09170665,-0.16051483,-0.3014877,0.09170665
-0.104805216,-0.35094485,0.12783712,-0.104805216,-0.35094485,0.12783712
-0.0014960379,-0.38599053,0.058190554,-0.0014960379,-0.38599053,0.058190554
-0.15054895,-0.27763283,-0.072065175,-0.15054895,-0.27763283,-0.072065175
-0.13359816,-0.2796758,-0.08999621,-0.13359816,-0.2796758,-0.08999621
-0.113233075,-0.2796225,-0.105173826,-0.113233075,-0.2796225,-0.105173826
-0.06051591,-0.2996489,-0.120449066,-0.06051591,-0.2996489,-0.120449066
-0.028800894,-0.29629934,-0.11816144,-0.028800894,-0.29629934,-0.11816144
-0.019500406,-0.3270771,0.12757197,-0.019500406,-0.3270771,0.12757197
-0.016747741,-0.31965044,0.13545512,-0.016747741,-0.31965044,0.13545512
-0.008799356,-0.3213103,0.13556704,-0.008799356,-0.3213103,0.13556704
-0.008406954,-0.33323747,0.1251131,-0.008406954,-0.33323747,0.1251131
-0.105864145,-0.20357767,0.12082214,-0.105864145,-0.20357767,0.12082214
-0.08428289,-0.20994137,0.13449669,-0.08428289,-0.20994137,0.13449669
-0.04178082,-0.21786146,0.15304156,-0.04178082,-0.21786146,0.15304156
-0.022280693,-0.21981125,0.15741003,-0.022280693,-0.21981125,0.15741003
-0.15956216,-0.1787938,0.06505617,-0.15956216,-0.1787938,0.06505617
-0.0624723,-0.21460886,0.14548229,-0.0624723,-0.21460886,0.14548229
-0.1460295,-0.18764773,0.08633763,-0.1460295,-0.18764773,0.08633763
-0.1271023,-0.196251,0.10468409,-0.1271023,-0.196251,0.10468409
-0.07256066,-1.0079688,-0.02818048,-0.07256066,-1.0079688,-0.02818048
-0.07362074,-1.036721,-0.024086345,-0.07362074,-1.036721,-0.024086345
-0.074119635,-1.0351439,-0.03970627,-0.074119635,-1.0351439,-0.03970627
-0.06989383,-1.0060078,-0.042924296,-0.06989383,-1.0060078,-0.042924296
-0.08511379,-1.0014817,-0.071397915,-0.08511379,-1.0014817,-0.071397915
-0.07382318,-1.0035534,-0.06357413,-0.07382318,-1.0035534,-0.06357413
-0.09970103,-1.0012014,-0.073391,-0.09970103,-1.0012014,-0.073391
-0.09805764,-1.0314053,-0.07250962,-0.09805764,-1.0314053,-0.07250962
-0.10977638,-1.0323843,-0.06572396,-0.10977638,-1.0323843,-0.06572396
-0.11325937,-1.0025542,-0.068734825,-0.11325937,-1.0025542,-0.068734825
-0.1225052,-1.0035247,-0.059453916,-0.1225052,-1.0035247,-0.059453916
-0.12557234,-1.034014,-0.045626663,-0.12557234,-1.034014,-0.045626663
-0.12840186,-1.0340507,-0.027624412,-0.12840186,-1.0340507,-0.027624412
-0.13299939,-1.0059028,-0.029470177,-0.13299939,-1.0059028,-0.029470177
-0.12890376,-1.0044645,-0.04749388,-0.12890376,-1.0044645,-0.04749388
-0.12869644,-1.0102131,-0.009276475,-0.12869644,-1.0102131,-0.009276475
-0.124266915,-1.0373521,-0.007743339,-0.124266915,-1.0373521,-0.007743339
-0.11353823,-1.0129067,0.0016868473,-0.11353823,-1.0129067,0.0016868473
-0.07861822,-1.0108136,-0.012899525,-0.07861822,-1.0108136,-0.012899525
-0.07742485,-1.0385429,-0.007162491,-0.07742485,-1.0385429,-0.007162491
-0.08409956,-1.0315009,-0.071283415,-0.08409956,-1.0315009,-0.071283415
-0.07476018,-1.0333295,-0.060686458,-0.07476018,-1.0333295,-0.060686458
-0.06879637,-1.0052569,-0.053412605,-0.06879637,-1.0052569,-0.053412605
-0.07421864,-1.0342205,-0.05008119,-0.07421864,-1.0342205,-0.05008119
-0.0727886,-1.0637323,-0.034478057,-0.0727886,-1.0637323,-0.034478057
-0.068325944,-1.0639445,-0.018458286,-0.068325944,-1.0639445,-0.018458286
-0.08304169,-1.060187,-0.07152408,-0.08304169,-1.060187,-0.07152408
-0.07802707,-1.0616639,-0.05739792,-0.07802707,-1.0616639,-0.05739792
-0.10647795,-1.0607191,-0.06337416,-0.10647795,-1.0607191,-0.06337416
-0.096516356,-1.0597932,-0.0738688,-0.096516356,-1.0597932,-0.0738688
-0.12618552,-1.0623273,-0.044481095,-0.12618552,-1.0623273,-0.044481095
-0.1184921,-1.0331872,-0.056694493,-0.1184921,-1.0331872,-0.056694493
-0.11713121,-1.061624,-0.054790147,-0.11713121,-1.061624,-0.054790147
-0.12865968,-1.0614358,-0.026286284,-0.12865968,-1.0614358,-0.026286284
-0.1235206,-1.0628318,-0.0033903264,-0.1235206,-1.0628318,-0.0033903264
-0.07258447,-1.0642589,4.867237e-06,-0.07258447,-1.0642589,4.867237e-06
-0.076388724,-1.0628376,-0.046196464,-0.076388724,-1.0628376,-0.046196464
-0.12671,-1.1568512,0.15499088,-0.12671,-1.1568512,0.15499088
-0.11956151,-1.1577604,0.15684813,-0.11956151,-1.1577604,0.15684813
-0.12094468,-1.152294,0.15566751,-0.12094468,-1.152294,0.15566751
-0.12548564,-1.1523676,0.1546968,-0.12548564,-1.1523676,0.1546968
-0.08773144,-1.1564624,0.16595572,-0.08773144,-1.1564624,0.16595572
-0.07595457,-1.1596282,0.16419688,-0.07595457,-1.1596282,0.16419688
-0.077404834,-1.1478016,0.16645862,-0.077404834,-1.1478016,0.16645862
-0.08579594,-1.1462862,0.16802712,-0.08579594,-1.1462862,0.16802712
-0.10557032,-1.1577518,0.16514532,-0.10557032,-1.1577518,0.16514532
-0.11364824,-1.1577002,0.16430384,-0.11364824,-1.1577002,0.16430384
-0.11127624,-1.1614089,0.16119552,-0.11127624,-1.1614089,0.16119552
-0.1062252,-1.1611366,0.16176428,-0.1062252,-1.1611366,0.16176428
-0.14728285,-1.1538821,0.12462276,-0.14728285,-1.1538821,0.12462276
-0.1527823,-1.1545429,0.12201151,-0.1527823,-1.1545429,0.12201151
-0.15133634,-1.1580033,0.12013689,-0.15133634,-1.1580033,0.12013689
-0.14741972,-1.1584884,0.12199468,-0.14741972,-1.1584884,0.12199468
-0.13453907,-1.1571583,0.14328903,-0.13453907,-1.1571583,0.14328903
-0.14021792,-1.1576606,0.14039847,-0.14021792,-1.1576606,0.14039847
-0.13857609,-1.1610165,0.13840294,-0.13857609,-1.1610165,0.13840294
-0.13480854,-1.1616445,0.14000215,-0.13480854,-1.1616445,0.14000215
-0.08896139,-1.1409665,0.14537506,-0.08896139,-1.1409665,0.14537506
-0.088462226,-1.1427424,0.15946804,-0.088462226,-1.1427424,0.15946804
-0.07523222,-1.1445652,0.15716648,-0.07523222,-1.1445652,0.15716648
-0.073854886,-1.139234,0.14325875,-0.073854886,-1.139234,0.14325875
-0.06881658,-1.1537985,0.1531049,-0.06881658,-1.1537985,0.1531049
-0.07650507,-1.1594282,0.15015428,-0.07650507,-1.1594282,0.15015428
-0.07474439,-1.1592216,0.13579012,-0.07474439,-1.1592216,0.13579012
-0.067234755,-1.1506081,0.13767585,-0.067234755,-1.1506081,0.13767585
-0.088992886,-1.1600986,0.1519718,-0.088992886,-1.1600986,0.1519718
-0.08858062,-1.1598856,0.13882709,-0.08858062,-1.1598856,0.13882709
-0.096234344,-1.1522007,0.14298137,-0.096234344,-1.1522007,0.14298137
-0.0977764,-1.1522613,0.15779278,-0.0977764,-1.1522613,0.15779278
-0.1152655,-1.1518441,0.14469309,-0.1152655,-1.1518441,0.14469309
-0.11827763,-1.155041,0.15653403,-0.11827763,-1.155041,0.15653403
-0.11257341,-1.148576,0.15794797,-0.11257341,-1.148576,0.15794797
-0.110445924,-1.144146,0.14566861,-0.110445924,-1.144146,0.14566861
-0.1041887,-1.1489549,0.15925838,-0.1041887,-1.1489549,0.15925838
-0.09913309,-1.144424,0.14750728,-0.09913309,-1.144424,0.14750728
-0.095378116,-1.154616,0.14568523,-0.095378116,-1.154616,0.14568523
-0.09803141,-1.155668,0.1593483,-0.09803141,-1.155668,0.1593483
-0.10283972,-1.1608213,0.15502308,-0.10283972,-1.1608213,0.15502308
-0.10010386,-1.1601112,0.14187834,-0.10010386,-1.1601112,0.14187834
-0.109571666,-1.1596638,0.14164129,-0.109571666,-1.1596638,0.14164129
-0.11218635,-1.1610987,0.15381874,-0.11218635,-1.1610987,0.15381874
-0.12740396,-1.1447264,0.13809834,-0.12740396,-1.1447264,0.13809834
-0.12670492,-1.1500963,0.14890529,-0.12670492,-1.1500963,0.14890529
-0.119136795,-1.1503829,0.15000823,-0.119136795,-1.1503829,0.15000823
-0.11703104,-1.1454434,0.14055054,-0.11703104,-1.1454434,0.14055054
-0.114480674,-1.1580689,0.1501562,-0.114480674,-1.1580689,0.1501562
-0.11972869,-1.1615177,0.1479879,-0.11972869,-1.1615177,0.1479879
-0.1178219,-1.1600796,0.13737725,-0.1178219,-1.1600796,0.13737725
-0.11295729,-1.1555704,0.14049087,-0.11295729,-1.1555704,0.14049087
-0.12742493,-1.1593324,0.13588983,-0.12742493,-1.1593324,0.13588983
-0.12711625,-1.1618431,0.14703766,-0.12711625,-1.1618431,0.14703766
-0.13213919,-1.1513222,0.13806751,-0.13213919,-1.1513222,0.13806751
-0.1314237,-1.155861,0.14824665,-0.1314237,-1.155861,0.14824665
-0.14614011,-1.1516753,0.12400722,-0.14614011,-1.1516753,0.12400722
-0.14415038,-1.1563687,0.13371104,-0.14415038,-1.1563687,0.13371104
-0.14137419,-1.1506529,0.13517804,-0.14137419,-1.1506529,0.13517804
-0.14298469,-1.1449937,0.12518978,-0.14298469,-1.1449937,0.12518978
-0.1355037,-1.1498253,0.13721992,-0.1355037,-1.1498253,0.13721992
-0.13512889,-1.1453614,0.12936269,-0.13512889,-1.1453614,0.12936269
-0.13106582,-1.1543244,0.13774757,-0.13106582,-1.1543244,0.13774757
-0.13306111,-1.1614909,0.13480254,-0.13306111,-1.1614909,0.13480254
-0.13376287,-1.159442,0.1266123,-0.13376287,-1.159442,0.1266123
-0.13188608,-1.151478,0.13121183,-0.13188608,-1.151478,0.13121183
-0.14000222,-1.1618062,0.13269727,-0.14000222,-1.1618062,0.13269727
-0.14175484,-1.1593279,0.12272009,-0.14175484,-1.1593279,0.12272009
-0.15587084,-1.1448642,0.10791561,-0.15587084,-1.1448642,0.10791561
-0.15740296,-1.1518276,0.10471255,-0.15740296,-1.1518276,0.10471255
-0.1561577,-1.1532551,0.11455235,-0.1561577,-1.1532551,0.11455235
-0.15418077,-1.1477365,0.116100654,-0.15418077,-1.1477365,0.116100654
-0.14891918,-1.1470759,0.11941066,-0.14891918,-1.1470759,0.11941066
-0.14953822,-1.1440463,0.113236085,-0.14953822,-1.1440463,0.113236085
-0.14496128,-1.1517023,0.11940293,-0.14496128,-1.1517023,0.11940293
-0.14565027,-1.1587789,0.11665193,-0.14565027,-1.1587789,0.11665193
-0.14648962,-1.1578382,0.110471815,-0.14648962,-1.1578382,0.110471815
-0.14677511,-1.1498982,0.11437047,-0.14677511,-1.1498982,0.11437047
-0.15240353,-1.158736,0.11446072,-0.15240353,-1.158736,0.11446072
-0.15290327,-1.1572472,0.10597151,-0.15290327,-1.1572472,0.10597151
-0.07350263,-1.1351558,0.12890577,-0.07350263,-1.1351558,0.12890577
-0.09266775,-1.1399772,0.13156995,-0.09266775,-1.1399772,0.13156995
-0.07873023,-1.1596946,0.15971817,-0.07873023,-1.1596946,0.15971817
-0.06702163,-1.1484325,0.12292517,-0.06702163,-1.1484325,0.12292517
-0.08569907,-1.1601546,0.16041182,-0.08569907,-1.1601546,0.16041182
-0.09201301,-1.1594647,0.12658532,-0.09201301,-1.1594647,0.12658532
-0.07516014,-1.1584222,0.12095386,-0.07516014,-1.1584222,0.12095386
-0.094555885,-1.1521912,0.13675156,-0.094555885,-1.1521912,0.13675156
-0.11211568,-1.152178,0.16395465,-0.11211568,-1.152178,0.16395465
-0.112620376,-1.1530182,0.13497187,-0.112620376,-1.1530182,0.13497187
-0.1118137,-1.1596671,0.12531939,-0.1118137,-1.1596671,0.12531939
-0.10727421,-1.1522524,0.16468138,-0.10727421,-1.1522524,0.16468138
-0.11141034,-1.1407874,0.12967634,-0.11141034,-1.1407874,0.12967634
-0.12908906,-1.1418681,0.12040768,-0.12908906,-1.1418681,0.12040768
-0.12138793,-1.1615282,0.15384369,-0.12138793,-1.1615282,0.15384369
-0.12529102,-1.1616988,0.15309416,-0.12529102,-1.1616988,0.15309416
-0.1303074,-1.1595238,0.11833247,-0.1303074,-1.1595238,0.11833247
-0.13249281,-1.1503326,0.12910742,-0.13249281,-1.1503326,0.12910742
-0.13976938,-1.1534696,0.14064498,-0.13976938,-1.1534696,0.14064498
-0.14754744,-1.1496918,0.11475456,-0.14754744,-1.1496918,0.11475456
-0.14465801,-1.158882,0.107004635,-0.14465801,-1.158882,0.107004635
-0.13638815,-1.1526668,0.14158414,-0.13638815,-1.1526668,0.14158414
-0.1452565,-1.1409107,0.10877627,-0.1452565,-1.1409107,0.10877627
-0.15179785,-1.150869,0.12113671,-0.15179785,-1.150869,0.12113671
-0.15905057,-1.1501037,0.09238692,-0.15905057,-1.1501037,0.09238692
-0.15410046,-1.1579247,0.09537303,-0.15410046,-1.1579247,0.09537303
-0.14903523,-1.1500764,0.123071425,-0.14903523,-1.1500764,0.123071425
-0.15659669,-1.1415277,0.097210914,-0.15659669,-1.1415277,0.097210914
-0.0871225,-1.0133959,-0.00059107196,-0.0871225,-1.0133959,-0.00059107196
-0.0860115,-1.0398647,0.0050811367,-0.0860115,-1.0398647,0.0050811367
-0.09881793,-1.0147828,0.0045105345,-0.09881793,-1.0147828,0.0045105345
-0.11062426,-1.0399737,0.0043197386,-0.11062426,-1.0399737,0.0043197386
-0.09740654,-1.0415336,0.00838221,-0.09740654,-1.0415336,0.00838221
-0.08343748,-1.0644495,0.013875374,-0.08343748,-1.0644495,0.013875374
-0.10958356,-1.0653147,0.010550513,-0.10958356,-1.0653147,0.010550513
-0.09627295,-1.0652894,0.016574187,-0.09627295,-1.0652894,0.016574187
-0.12799005,-1.0835236,-0.04682933,-0.12799005,-1.0835236,-0.04682933
-0.13194637,-1.0837768,-0.027548464,-0.13194637,-1.0837768,-0.027548464
-0.11618609,-1.0827538,-0.056295175,-0.11618609,-1.0827538,-0.056295175
-0.09658822,-1.0814,-0.07761883,-0.09658822,-1.0814,-0.07761883
-0.10682961,-1.0819238,-0.06707589,-0.10682961,-1.0819238,-0.06707589
-0.08148052,-1.0839845,0.024423292,-0.08148052,-1.0839845,0.024423292
-0.07174404,-1.0860751,0.0060465657,-0.07174404,-1.0860751,0.0060465657
-0.09582492,-1.0833557,0.029566523,-0.09582492,-1.0833557,0.029566523
-0.11234251,-1.083514,0.022085443,-0.11234251,-1.083514,0.022085443
-0.06873074,-1.1300725,0.11205597,-0.06873074,-1.1300725,0.11205597
-0.06910594,-1.128956,0.090420514,-0.06910594,-1.128956,0.090420514
-0.08418459,-1.1186162,0.09439323,-0.08418459,-1.1186162,0.09439323
-0.088217914,-1.1282972,0.113625765,-0.088217914,-1.1282972,0.113625765
-0.10390191,-1.1197003,0.09014593,-0.10390191,-1.1197003,0.09014593
-0.10700489,-1.1315069,0.1095369,-0.10700489,-1.1315069,0.1095369
-0.12149597,-1.122845,0.082231514,-0.12149597,-1.122845,0.082231514
-0.12477519,-1.132849,0.10172517,-0.12477519,-1.132849,0.10172517
-0.1371568,-1.126868,0.07266168,-0.1371568,-1.126868,0.07266168
-0.141124,-1.1346736,0.09151667,-0.141124,-1.1346736,0.09151667
-0.15045688,-1.1340384,0.062917605,-0.15045688,-1.1340384,0.062917605
-0.15481934,-1.1380278,0.08206572,-0.15481934,-1.1380278,0.08206572
-0.15861706,-1.1443315,0.057395298,-0.15861706,-1.1443315,0.057395298
-0.16142127,-1.1478342,0.076916955,-0.16142127,-1.1478342,0.076916955
-0.06324881,-1.147089,0.1056812,-0.06324881,-1.147089,0.1056812
-0.06489734,-1.1447237,0.084854215,-0.06489734,-1.1447237,0.084854215
-0.07332634,-1.159125,0.102394044,-0.07332634,-1.159125,0.102394044
-0.07468351,-1.158713,0.08153771,-0.07468351,-1.158713,0.08153771
-0.09092028,-1.1598443,0.10155798,-0.09092028,-1.1598443,0.10155798
-0.091011636,-1.1592766,0.07975939,-0.091011636,-1.1592766,0.07975939
-0.1534228,-1.1571758,0.058915224,-0.1534228,-1.1571758,0.058915224
-0.15486932,-1.1592144,0.07909282,-0.15486932,-1.1592144,0.07909282
-0.109869726,-1.1599432,0.09765372,-0.109869726,-1.1599432,0.09765372
-0.1092939,-1.1585093,0.07553083,-0.1092939,-1.1585093,0.07553083
-0.1274588,-1.16102,0.091581054,-0.1274588,-1.16102,0.091581054
-0.12641391,-1.1595176,0.069506764,-0.12641391,-1.1595176,0.069506764
-0.14239752,-1.1613439,0.08482505,-0.14239752,-1.1613439,0.08482505
-0.1411673,-1.1600922,0.063463986,-0.1411673,-1.1600922,0.063463986
-0.0803672,-1.1115102,0.07032416,-0.0803672,-1.1115102,0.07032416
-0.10042132,-1.1062926,0.06957611,-0.10042132,-1.1062926,0.06957611
-0.117799655,-1.110514,0.060459983,-0.117799655,-1.110514,0.060459983
-0.13254139,-1.1176683,0.049653858,-0.13254139,-1.1176683,0.049653858
-0.14463478,-1.1286064,0.039540093,-0.14463478,-1.1286064,0.039540093
-0.15369692,-1.1393766,0.034649126,-0.15369692,-1.1393766,0.034649126
-0.13196066,-1.10528,0.021333879,-0.13196066,-1.10528,0.021333879
-0.13909034,-1.1253477,0.01330648,-0.13909034,-1.1253477,0.01330648
-0.14598136,-1.137472,0.010871638,-0.14598136,-1.137472,0.010871638
-0.13554333,-1.1229081,-0.013102267,-0.13554333,-1.1229081,-0.013102267
-0.13968466,-1.1360174,-0.013214879,-0.13968466,-1.1360174,-0.013214879
-0.12717299,-1.1217366,-0.055508822,-0.12717299,-1.1217366,-0.055508822
-0.13256316,-1.1363477,-0.05692334,-0.13256316,-1.1363477,-0.05692334
-0.13574302,-1.1349163,-0.03717245,-0.13574302,-1.1349163,-0.03717245
-0.13118525,-1.1214343,-0.037090044,-0.13118525,-1.1214343,-0.037090044
-0.13138649,-1.1045128,-0.00790954,-0.13138649,-1.1045128,-0.00790954
-0.12906668,-1.1028229,-0.032864083,-0.12906668,-1.1028229,-0.032864083
-0.12375413,-1.1021644,-0.05063354,-0.12375413,-1.1021644,-0.05063354
-0.11696289,-1.1366949,-0.08075872,-0.11696289,-1.1366949,-0.08075872
-0.1270665,-1.1369146,-0.07052858,-0.1270665,-1.1369146,-0.07052858
-0.12264781,-1.12164,-0.06871151,-0.12264781,-1.12164,-0.06871151
-0.114791885,-1.1205299,-0.08046745,-0.114791885,-1.1205299,-0.08046745
-0.0988322,-1.1210319,-0.08818428,-0.0988322,-1.1210319,-0.08818428
-0.100363016,-1.1376935,-0.08510814,-0.100363016,-1.1376935,-0.08510814
-0.082404494,-1.1231346,-0.07797521,-0.082404494,-1.1231346,-0.07797521
-0.08332249,-1.1394234,-0.07723899,-0.08332249,-1.1394234,-0.07723899
-0.11022116,-1.1008084,-0.07355476,-0.11022116,-1.1008084,-0.07355476
-0.11705837,-1.1019326,-0.06258719,-0.11705837,-1.1019326,-0.06258719
-0.09806133,-1.100304,-0.08219315,-0.09806133,-1.100304,-0.08219315
-0.08322998,-1.102306,-0.07390917,-0.08322998,-1.102306,-0.07390917
-0.0798886,-1.1039667,-0.05686199,-0.0798886,-1.1039667,-0.05686199
-0.07769959,-1.125028,-0.0591619,-0.07769959,-1.125028,-0.0591619
-0.07569737,-1.1405092,-0.059647504,-0.07569737,-1.1405092,-0.059647504
-0.07019505,-1.1272869,0.065146,-0.07019505,-1.1272869,0.065146
-0.07022533,-1.1406593,0.060502075,-0.07022533,-1.1406593,0.060502075
-0.11587392,-1.0965225,0.03990898,-0.11587392,-1.0965225,0.03990898
-0.09690638,-1.0944679,0.0483241,-0.09690638,-1.0944679,0.0483241
-0.07794097,-1.101856,0.04095162,-0.07794097,-1.101856,0.04095162
-0.06944727,-1.1242468,0.037668172,-0.06944727,-1.1242468,0.037668172
-0.073909074,-1.1386179,0.033450954,-0.073909074,-1.1386179,0.033450954
-0.07562008,-1.1379565,0.00888316,-0.07562008,-1.1379565,0.00888316
-0.069375,-1.1250536,0.0114003215,-0.069375,-1.1250536,0.0114003215
-0.078269154,-1.1515943,0.05702418,-0.078269154,-1.1515943,0.05702418
-0.08242031,-1.1459494,0.030762615,-0.08242031,-1.1459494,0.030762615
-0.0832162,-1.1447923,0.006720549,-0.0832162,-1.1447923,0.006720549
-0.07464956,-1.1386456,-0.012649979,-0.07464956,-1.1386456,-0.012649979
-0.07040699,-1.1253096,-0.011096657,-0.07040699,-1.1253096,-0.011096657
-0.074958354,-1.1389934,-0.029976113,-0.074958354,-1.1389934,-0.029976113
-0.07369127,-1.1245403,-0.028992318,-0.07369127,-1.1245403,-0.028992318
-0.075826734,-1.1246166,-0.043396175,-0.075826734,-1.1246166,-0.043396175
-0.074621804,-1.1397612,-0.044245113,-0.074621804,-1.1397612,-0.044245113
-0.073608175,-1.1047947,-0.029523507,-0.073608175,-1.1047947,-0.029523507
-0.07667935,-1.1037749,-0.042460125,-0.07667935,-1.1037749,-0.042460125
-0.07006907,-1.1064988,-0.011352068,-0.07006907,-1.1064988,-0.011352068
-0.06989669,-1.1055167,0.01206327,-0.06989669,-1.1055167,0.01206327
-0.14989655,-1.1528277,0.035633963,-0.14989655,-1.1528277,0.035633963
-0.14412826,-1.1489384,0.0118472325,-0.14412826,-1.1489384,0.0118472325
-0.13771777,-1.1459757,-0.011886286,-0.13771777,-1.1459757,-0.011886286
-0.13316879,-1.1462905,-0.035505723,-0.13316879,-1.1462905,-0.035505723
-0.12762478,-1.1476915,-0.053848132,-0.12762478,-1.1476915,-0.053848132
-0.12187586,-1.1481075,-0.06545057,-0.12187586,-1.1481075,-0.06545057
-0.10003007,-1.1470889,-0.077129684,-0.10003007,-1.1470889,-0.077129684
-0.113455184,-1.1474683,-0.07428866,-0.113455184,-1.1474683,-0.07428866
-0.087811396,-1.1483303,-0.07174766,-0.087811396,-1.1483303,-0.07174766
-0.08198546,-1.150106,-0.05757369,-0.08198546,-1.150106,-0.05757369
-0.08057189,-1.1508737,-0.044607174,-0.08057189,-1.1508737,-0.044607174
-0.081653155,-1.1471813,-0.014539013,-0.081653155,-1.1471813,-0.014539013
-0.080441326,-1.1499023,-0.03094399,-0.080441326,-1.1499023,-0.03094399
-0.067110844,-1.0869571,-0.014603993,-0.067110844,-1.0869571,-0.014603993
-0.070355386,-1.0860418,-0.032460347,-0.070355386,-1.0860418,-0.032460347
-0.075321354,-1.0848893,-0.04452033,-0.075321354,-1.0848893,-0.04452033
-0.0829885,-1.0822834,-0.071615025,-0.0829885,-1.0822834,-0.071615025
-0.07908325,-1.0834864,-0.05596468,-0.07908325,-1.0834864,-0.05596468
-0.09223272,-1.1556288,0.054267507,-0.09223272,-1.1556288,0.054267507
-0.10938414,-1.1553524,0.050050754,-0.10938414,-1.1553524,0.050050754
-0.12548764,-1.1562405,0.044434506,-0.12548764,-1.1562405,0.044434506
-0.13897906,-1.1564772,0.0393221,-0.13897906,-1.1564772,0.0393221
-0.13545828,-1.153123,0.014782613,-0.13545828,-1.153123,0.014782613
-0.123325326,-1.1532999,0.018537719,-0.123325326,-1.1532999,0.018537719
-0.10824169,-1.1530713,0.02311605,-0.10824169,-1.1530713,0.02311605
-0.093485564,-1.1503748,0.027771981,-0.093485564,-1.1503748,0.027771981
-0.1297218,-1.1511834,-0.008792802,-0.1297218,-1.1511834,-0.008792802
-0.119049855,-1.1523175,-0.0051172636,-0.119049855,-1.1523175,-0.0051172636
-0.10554831,-1.1523727,-0.001612416,-0.10554831,-1.1523727,-0.001612416
-0.092950776,-1.150166,0.0034447168,-0.092950776,-1.150166,0.0034447168
-0.09043889,-1.1526027,-0.01803451,-0.09043889,-1.1526027,-0.01803451
-0.101434566,-1.1535162,-0.023494003,-0.101434566,-1.1535162,-0.023494003
-0.11333482,-1.1529045,-0.02676699,-0.11333482,-1.1529045,-0.02676699
-0.12356523,-1.1511818,-0.031186698,-0.12356523,-1.1511818,-0.031186698
-0.11849949,-1.1514225,-0.0482932,-0.11849949,-1.1514225,-0.0482932
-0.10889201,-1.1526245,-0.043253582,-0.10889201,-1.1526245,-0.043253582
-0.09819048,-1.1535217,-0.039414324,-0.09819048,-1.1535217,-0.039414324
-0.0891993,-1.1533773,-0.034792684,-0.0891993,-1.1533773,-0.034792684
-0.114124864,-1.1512096,-0.05841287,-0.114124864,-1.1512096,-0.05841287
-0.10062299,-1.1507585,-0.069117256,-0.10062299,-1.1507585,-0.069117256
-0.10856107,-1.1508342,-0.06564696,-0.10856107,-1.1508342,-0.06564696
-0.09255914,-1.1518575,-0.06634969,-0.09255914,-1.1518575,-0.06634969
-0.08942092,-1.1527833,-0.05644126,-0.08942092,-1.1527833,-0.05644126
-0.08881855,-1.1533902,-0.046071976,-0.08881855,-1.1533902,-0.046071976
-0.09692263,-1.153021,-0.049054902,-0.09692263,-1.153021,-0.049054902
-0.09626613,-1.1524667,-0.05661769,-0.09626613,-1.1524667,-0.05661769
-0.10637567,-1.1521404,-0.052598726,-0.10637567,-1.1521404,-0.052598726
-0.1035883,-1.1515871,-0.059474707,-0.1035883,-1.1515871,-0.059474707
-0.096565396,-1.1518183,-0.06245203,-0.096565396,-1.1518183,-0.06245203
-0.10028296,-1.1513965,-0.06373834,-0.10028296,-1.1513965,-0.06373834
-0.12452376,-1.0861487,0.0017695691,-0.12452376,-1.0861487,0.0017695691
-0.09603241,-0.7343669,0.041220363,-0.09603241,-0.7343669,0.041220363
-0.08109792,-0.7317612,0.03717539,-0.08109792,-0.7317612,0.03717539
-0.11283347,-0.7328575,0.041929588,-0.11283347,-0.7328575,0.041929588
-0.13381273,-0.31139562,0.1124738,-0.13381273,-0.31139562,0.1124738
-0.0860896,-0.07766148,0.12966937,-0.0860896,-0.07766148,0.12966937
-0.08667201,-0.03564494,0.12384941,-0.08667201,-0.03564494,0.12384941
-0.08592954,-0.05698374,0.1267218,-0.08592954,-0.05698374,0.1267218
-0.13597468,-0.34349295,0.117347084,-0.13597468,-0.34349295,0.117347084
-0.13217872,-0.012685168,0.07000504,-0.13217872,-0.012685168,0.07000504
-0.10851921,0.14031368,0.10562096,-0.10851921,0.14031368,0.10562096
-0.07871671,0.43049705,0.01302822,-0.07871671,0.43049705,0.01302822
-0.076711826,0.42754626,0.0119734965,-0.076711826,0.42754626,0.0119734965
-0.07560605,0.42439616,0.010194056,-0.07560605,0.42439616,0.010194056
-0.0749364,0.42217794,0.007133583,-0.0749364,0.42217794,0.007133583
-0.07423794,0.42037946,0.003978652,-0.07423794,0.42037946,0.003978652
-0.07283551,0.4199054,0.0009425432,-0.07283551,0.4199054,0.0009425432
-0.077260666,0.42537832,0.007553398,-0.077260666,0.42537832,0.007553398
-0.074789695,0.4280528,0.004646395,-0.074789695,0.4280528,0.004646395
-0.07539963,0.42922547,0.0066724406,-0.07539963,0.42922547,0.0066724406
-0.07775019,0.42762733,0.00917185,-0.07775019,0.42762733,0.00917185
