0.18406783044338226,0.30942302942276,0.3653174042701721
0.17859795689582825,0.29383227229118347,0.36616384983062744
0.18359962105751038,0.29534050822257996,0.35245561599731445
0.18877103924751282,0.3080803155899048,0.3487682044506073
0.18056100606918335,0.2845071256160736,0.3542386293411255
0.17459061741828918,0.2820824980735779,0.3646710515022278
0.18512745201587677,0.2950320541858673,0.33927494287490845
0.1871648132801056,0.30580297112464905,0.33296850323677063
0.17339225113391876,0.2719515562057495,0.3107198178768158
0.17255723476409912,0.2734283208847046,0.3003123998641968
0.17647220194339752,0.28310462832450867,0.3073750138282776
0.17543429136276245,0.27939003705978394,0.3162885308265686
0.1633734405040741,0.2518109381198883,0.29703494906425476
0.1575360745191574,0.24033860862255096,0.3010817766189575
0.15304383635520935,0.2377527505159378,0.28913766145706177
0.15791529417037964,0.24952100217342377,0.28451988101005554
0.14326097071170807,0.24040815234184265,0.33879175782203674
0.14507459104061127,0.23498833179473877,0.33277326822280884
0.15016573667526245,0.2412784993648529,0.33320295810699463
0.14750352501869202,0.24620948731899261,0.33923274278640747
0.14313368499279022,0.2455342411994934,0.3535127639770508
0.1442713886499405,0.2520443797111511,0.352620005607605
0.14415603876113892,0.2522285282611847,0.36105772852897644
0.14348196983337402,0.2441161721944809,0.3616243600845337
0.1383022964000702,0.2351180613040924,0.33990758657455444
0.13939961791038513,0.22957709431648254,0.33293890953063965
0.14296475052833557,0.24482078850269318,0.3454205393791199
0.1411367505788803,0.23918016254901886,0.34650087356567383
0.140778049826622,0.22701576352119446,0.3535708487033844
0.14324645698070526,0.23221653699874878,0.35395675897598267
0.1435159146785736,0.22900477051734924,0.3610267639160156
0.13998465240001678,0.22465281188488007,0.3587837219238281
0.13936543464660645,0.23166051506996155,0.3444681167602539
0.14171378314495087,0.23297831416130066,0.34804877638816833
0.13926827907562256,0.228091299533844,0.3492472767829895
0.13614004850387573,0.22762344777584076,0.3466310203075409
0.1424180418252945,0.23984166979789734,0.3542500436306
0.14361780881881714,0.23739585280418396,0.3619222044944763
0.14270009100437164,0.23441137373447418,0.36989825963974
0.141864612698555,0.2250208556652069,0.3681992292404175
0.14736947417259216,0.22593054175376892,0.3170928955078125
0.1468072086572647,0.23008526861667633,0.3253858983516693
0.14148324728012085,0.22485634684562683,0.3262834846973419
0.14254075288772583,0.2213079184293747,0.31936123967170715
0.13451942801475525,0.22681376338005066,0.3418341875076294
0.13033652305603027,0.21241533756256104,0.332304984331131
0.13281086087226868,0.21586838364601135,0.33462947607040405
0.1294298619031906,0.2145555168390274,0.34096601605415344
0.12761487066745758,0.21134264767169952,0.3383743166923523
0.1426803022623062,0.21820111572742462,0.30160295963287354
0.139755517244339,0.21390552818775177,0.30707642436027527
0.13592004776000977,0.20943103730678558,0.30140221118927
0.1378972828388214,0.21288436651229858,0.295212984085083
0.13078173995018005,0.20489279925823212,0.2991894483566284
0.13154548406600952,0.20694616436958313,0.29013386368751526
0.1177254393696785,0.19339416921138763,0.28690430521965027
0.12439662218093872,0.19998788833618164,0.2879125773906708
0.12532375752925873,0.19907449185848236,0.29872313141822815
0.11969492584466934,0.19249215722084045,0.3009137511253357
0.11449369788169861,0.19242605566978455,0.3150011897087097
0.10999567806720734,0.1902734935283661,0.3191705048084259
0.10782300680875778,0.18084710836410522,0.30901697278022766
0.11382552981376648,0.1852114349603653,0.30556830763816833
0.12555930018424988,0.20997950434684753,0.32637548446655273
0.12801459431648254,0.2116173654794693,0.3224344551563263
0.12992911040782928,0.21141695976257324,0.32465362548828125
0.12782953679561615,0.2106102854013443,0.3295497000217438
0.13047175109386444,0.21243512630462646,0.319116473197937
0.13160967826843262,0.21271872520446777,0.31763043999671936
0.1325797140598297,0.21289826929569244,0.3192305862903595
0.1309887170791626,0.21263134479522705,0.3198576271533966
0.1292194128036499,0.21204641461372375,0.32113227248191833
0.12763598561286926,0.21009492874145508,0.321132093667984
0.12945225834846497,0.21147750318050385,0.31949296593666077
0.12496566027402878,0.207447350025177,0.32448551058769226
0.11606474220752716,0.20266851782798767,0.33496788144111633
0.11914967745542526,0.20326028764247894,0.3324803411960602
0.11920541524887085,0.20830191671848297,0.33483070135116577
0.11692291498184204,0.20736590027809143,0.33688288927078247
0.13243883848190308,0.2135027050971985,0.3221650719642639
0.1353681981563568,0.21487878262996674,0.32138699293136597
0.1346297562122345,0.21515467762947083,0.3272016942501068
0.1318666785955429,0.21345525979995728,0.3259674310684204
0.1389564424753189,0.2167196422815323,0.3210144639015198
0.13488321006298065,0.2143372893333435,0.31825101375579834
0.13809651136398315,0.21545231342315674,0.3169010579586029
0.1302676498889923,0.21120190620422363,0.31712308526039124
0.13143207132816315,0.21077847480773926,0.3138752579689026
0.13371889293193817,0.21217384934425354,0.3156098425388336
0.1283937394618988,0.20749367773532867,0.3136516809463501
0.1276177167892456,0.2087714672088623,0.3182932734489441
0.12447138875722885,0.2052917629480362,0.3210063576698303
0.12135374546051025,0.2018495798110962,0.3251413404941559
0.12020133435726166,0.19952180981636047,0.3192111551761627
0.12467853724956512,0.20346508920192719,0.3157956600189209
0.1377173811197281,0.21963796019554138,0.3277420401573181
0.13641874492168427,0.2126930058002472,0.31191813945770264
0.14181743562221527,0.21828225255012512,0.31330588459968567
0.13370011746883392,0.20947584509849548,0.30876046419143677
0.12981551885604858,0.20559249818325043,0.30741339921951294
0.12480031698942184,0.20060893893241882,0.30832090973854065
0.11978123337030411,0.1959524154663086,0.3116946220397949
0.10154655575752258,0.17978528141975403,0.2956116795539856
0.10977859050035477,0.18518735468387604,0.29146915674209595
0.16986337304115295,0.2779994606971741,0.3599083423614502
0.17555981874465942,0.2789449989795685,0.35300078988075256
0.17155763506889343,0.27518534660339355,0.34531721472740173
0.1739136129617691,0.2770197093486786,0.345628023147583
0.17096295952796936,0.2770923674106598,0.3511587977409363
0.16941222548484802,0.27512624859809875,0.34937044978141785
0.17406079173088074,0.27748265862464905,0.32383981347084045
0.17253893613815308,0.2764931321144104,0.33038681745529175
0.1707455813884735,0.27432161569595337,0.32711657881736755
0.17213232815265656,0.2727491855621338,0.31910383701324463
0.16374586522579193,0.26451367139816284,0.3313080370426178
0.1667526513338089,0.267123281955719,0.327633261680603
0.16767817735671997,0.2708134651184082,0.33491528034210205
0.16565197706222534,0.26893502473831177,0.3376675844192505
0.16301286220550537,0.26800620555877686,0.34061163663864136
0.16014093160629272,0.2678402066230774,0.3434991240501404
0.1584080457687378,0.2638775706291199,0.3404669165611267
0.16127291321754456,0.26372772455215454,0.3361700177192688
0.1667211353778839,0.27797311544418335,0.35557636618614197
0.1605631709098816,0.2775586247444153,0.3585898280143738
0.16017958521842957,0.276324987411499,0.3554634749889374
0.1655750274658203,0.2759612202644348,0.35333722829818726
0.14801234006881714,0.2735970914363861,0.35357847809791565
0.15007615089416504,0.2750122547149658,0.35491567850112915
0.1483142077922821,0.27503812313079834,0.35837745666503906
0.1460818499326706,0.27207350730895996,0.35612064599990845
0.14680185914039612,0.27002355456352234,0.3532801568508148
0.1486341506242752,0.2723610997200012,0.3522849678993225
0.18312668800354004,0.3259451985359192,0.3788202702999115
0.17688779532909393,0.3082257807254791,0.37982863187789917
0.1910395324230194,0.32590335607528687,0.36131373047828674
0.19281406700611115,0.322535902261734,0.3435368537902832
0.18947365880012512,0.31759965419769287,0.3252559304237366
0.14752653241157532,0.2263786792755127,0.29518139362335205
0.14276409149169922,0.22209584712982178,0.2858533561229706
0.1486806869506836,0.23495860397815704,0.2773524522781372
0.14092308282852173,0.22736021876335144,0.2697547972202301
0.1345505267381668,0.21387812495231628,0.2794855833053589
0.11319343000650406,0.1983676552772522,0.27546635270118713
0.12493717670440674,0.20569118857383728,0.27568089962005615
0.1308322250843048,0.21932703256607056,0.2633446455001831
0.13879698514938354,0.2383974939584732,0.2546825110912323
0.14634236693382263,0.24273204803466797,0.2632496654987335
0.14232614636421204,0.25789621472358704,0.25096747279167175
0.1274145096540451,0.23527763783931732,0.24590334296226501
0.1371941864490509,0.26077234745025635,0.24591755867004395
0.08849576860666275,0.207508385181427,0.2451389878988266
0.08063305169343948,0.20093053579330444,0.23953282833099365
0.09574562311172485,0.2089039832353592,0.2293989062309265
0.10200227051973343,0.2160082310438156,0.23445920646190643
0.1523216962814331,0.2462388277053833,0.27264976501464844
0.17995068430900574,0.29444360733032227,0.30676794052124023
0.17963586747646332,0.2884911298751831,0.3159019947052002
0.17494620382785797,0.2872217893600464,0.29673272371292114
0.19253301620483398,0.34879231452941895,0.3222612142562866
0.1914786994457245,0.3374072015285492,0.33370882272720337
0.19086213409900665,0.32886824011802673,0.31770870089530945
0.19164028763771057,0.3416852355003357,0.30955997109413147
0.18408645689487457,0.37186872959136963,0.35969600081443787
0.18850892782211304,0.34955406188964844,0.37164345383644104
0.1925400197505951,0.3442464768886566,0.35483190417289734
0.18998736143112183,0.36113324761390686,0.34408459067344666
0.18916141986846924,0.34985536336898804,0.2999732792377472
0.18452656269073486,0.3613392412662506,0.28721439838409424
0.18592879176139832,0.3771660029888153,0.2937282621860504
0.18974807858467102,0.36300215125083923,0.31023484468460083
0.17873822152614594,0.39813345670700073,0.3040972054004669
0.18618933856487274,0.3817559480667114,0.3256135582923889
0.12683594226837158,0.25388506054878235,0.23528513312339783
0.13424848020076752,0.2720482349395752,0.24029195308685303
0.11115416884422302,0.2242991179227829,0.24224652349948883
0.11786206811666489,0.2381676733493805,0.230688214302063
0.16514062881469727,0.4147099256515503,0.31675344705581665
0.17574834823608398,0.39544132351875305,0.34262457489967346
0.15148192644119263,0.3738044202327728,0.24563471972942352
0.16313627362251282,0.3828091621398926,0.2600865960121155
0.16817982494831085,0.3626810908317566,0.2616387903690338
0.1573752611875534,0.35643911361694336,0.24853898584842682
0.1417074352502823,0.3895265758037567,0.2434835135936737
0.15397879481315613,0.4006727337837219,0.2606790363788605
0.12482841312885284,0.32644224166870117,0.2191808670759201
0.11642958223819733,0.30801743268966675,0.21956124901771545
0.10715477913618088,0.31765204668045044,0.21210773289203644
0.11229585111141205,0.33768725395202637,0.21497860550880432
0.18269845843315125,0.28483083844184875,0.34333983063697815
0.1783052682876587,0.27859267592430115,0.34507083892822266
0.17878761887550354,0.2790594696998596,0.33760643005371094
0.18216893076896667,0.28461360931396484,0.3335527181625366
0.18293845653533936,0.29194968938827515,0.3270704448223114
0.18311083316802979,0.3011207580566406,0.31939345598220825
0.18560120463371277,0.3229137063026428,0.30558133125305176
0.18744215369224548,0.3356892466545105,0.29904380440711975
0.18231146037578583,0.35003718733787537,0.280771940946579
0.1864406019449234,0.3417266309261322,0.2910257577896118
0.1680244505405426,0.34811967611312866,0.25913259387016296
0.16113276779651642,0.3443019390106201,0.25102663040161133
0.1341104805469513,0.2898227572441101,0.2333809733390808
0.12367776781320572,0.268646776676178,0.2272811383008957
0.11739976704120636,0.2801211476325989,0.22004318237304688
0.1261930614709854,0.30149105191230774,0.22558699548244476
0.10093144327402115,0.2998611629009247,0.21054881811141968
0.10937651246786118,0.29094570875167847,0.21534033119678497
0.10614679008722305,0.24021615087985992,0.21760404109954834
0.1005767360329628,0.2317153811454773,0.211549773812294
0.09859108924865723,0.24528704583644867,0.20376740396022797
0.10215970128774643,0.25170207023620605,0.2098972648382187
0.09403815865516663,0.25484374165534973,0.19545894861221313
0.0863485038280487,0.2634756565093994,0.18963266909122467
0.09063409268856049,0.27195867896080017,0.1965341717004776
0.09770026057958603,0.26353034377098083,0.2024003565311432
0.05663170665502548,0.19291071593761444,0.25020337104797363
0.049223847687244415,0.18886306881904602,0.2438514083623886
0.06165508180856705,0.19095933437347412,0.23960819840431213
0.06696201115846634,0.1962432712316513,0.24578797817230225
0.09937263280153275,0.2268870323896408,0.20703622698783875
0.09924013167619705,0.2411496490240097,0.19973143935203552
0.1343507468700409,0.31596487760543823,0.22815662622451782
0.14085176587104797,0.3106834888458252,0.23491714894771576
0.09459975361824036,0.24877998232841492,0.1883406639099121
0.10457059741020203,0.2741163671016693,0.2073734849691391
0.10926628857851028,0.26374632120132446,0.21480508148670197
0.09060952067375183,0.30786120891571045,0.20927837491035461
0.0937466248869896,0.3275497853755951,0.20855432748794556
0.14565059542655945,0.2504866123199463,0.3454059958457947
0.15171465277671814,0.26600730419158936,0.3473861813545227
0.1534709930419922,0.2692824602127075,0.34884753823280334
0.15062130987644196,0.2710348069667816,0.35089629888534546
0.14886802434921265,0.2680952847003937,0.3503749370574951
0.1601930558681488,0.2895336151123047,0.38451308012008667
0.15391457080841064,0.27641281485557556,0.37674158811569214
0.1656307727098465,0.27939707040786743,0.3720402717590332
0.17045825719833374,0.29088568687438965,0.37717753648757935
0.16130593419075012,0.24415329098701477,0.3153272867202759
0.15736590325832367,0.24587054550647736,0.326912522315979
0.15242497622966766,0.23691099882125854,0.32557380199432373
0.1532250940799713,0.2330920696258545,0.31571877002716064
0.17182062566280365,0.2758311927318573,0.334562212228775
0.17416249215602875,0.2773447632789612,0.3351578712463379
0.1723778247833252,0.2758663296699524,0.33761337399482727
0.1455579549074173,0.22181670367717743,0.309826523065567
0.15099576115608215,0.22956198453903198,0.3055488169193268
0.16932779550552368,0.27514228224754333,0.28835299611091614
0.1790764480829239,0.2836840748786926,0.3244032561779022
0.17149898409843445,0.38052231073379517,0.3787441849708557
0.17593327164649963,0.35286223888397217,0.3911464810371399
0.15023544430732727,0.4277195930480957,0.33071020245552063
0.1614524871110916,0.40617072582244873,0.35835546255111694
0.13986952602863312,0.41768836975097656,0.2644425630569458
0.12639574706554413,0.4053589999675751,0.2450581192970276
0.10542947053909302,0.41498565673828125,0.2500513792037964
0.12083723396062851,0.43024903535842896,0.2724946439266205
0.09844445437192917,0.34826815128326416,0.21321816742420197
0.07832339406013489,0.2693689465522766,0.18478725850582123
0.0821671113371849,0.2808571457862854,0.19220280647277832
0.1733676791191101,0.32647472620010376,0.39227062463760376
0.16692745685577393,0.3046265244483948,0.3900010287761688
0.185080885887146,0.3122614920139313,0.310518741607666
0.17087668180465698,0.26225385069847107,0.30816173553466797
0.17040099203586578,0.2659629285335541,0.31721383333206177
0.16823315620422363,0.2602819800376892,0.3187275230884552
0.16767475008964539,0.25494250655174255,0.3089140057563782
0.16803723573684692,0.2608548104763031,0.29689821600914
0.16264471411705017,0.2619684934616089,0.28419601917266846
0.15720704197883606,0.263766884803772,0.2687399983406067
0.14911867678165436,0.2602258622646332,0.258062481880188
0.17616057395935059,0.3676488995552063,0.2745082378387451
0.17462095618247986,0.3833259046077728,0.27623358368873596
0.1673470139503479,0.40423423051834106,0.28138434886932373
0.15456925332546234,0.4221809506416321,0.28856998682022095
0.17543628811836243,0.3559117317199707,0.2711656987667084
0.136574387550354,0.4375995397567749,0.2998172640800476
0.1307615041732788,0.21851468086242676,0.34330305457115173
0.13499177992343903,0.22172604501247406,0.3361586928367615
0.1311766803264618,0.2219693660736084,0.3463025391101837
0.11768878251314163,0.19985714554786682,0.3288918137550354
0.11409469693899155,0.19900524616241455,0.3314930200576782
0.11140425503253937,0.19622397422790527,0.32575568556785583
0.1156032532453537,0.19721141457557678,0.3227132558822632
0.09235097467899323,0.18792365491390228,0.2833018898963928
0.1014624610543251,0.19249089062213898,0.27871569991111755
0.0647406354546547,0.19575569033622742,0.2576180398464203
0.07461035251617432,0.20052069425582886,0.25267136096954346
0.1358574628829956,0.2265138328075409,0.3541114330291748
0.1343415230512619,0.22609567642211914,0.35525861382484436
0.13317205011844635,0.2271815687417984,0.35348576307296753
0.13504888117313385,0.22752591967582703,0.3521983027458191
0.1305164396762848,0.2125387042760849,0.32248109579086304
0.12397129833698273,0.21062001585960388,0.3424643576145172
0.12118113040924072,0.2103961557149887,0.3442496657371521
0.11904200911521912,0.20883560180664062,0.3409135341644287
0.1217472106218338,0.20907792448997498,0.339048832654953
0.11241835355758667,0.21119394898414612,0.25984176993370056
0.0991494432091713,0.2115854024887085,0.2520284652709961
0.10013454407453537,0.21641699969768524,0.21994076669216156
0.10842298716306686,0.2256181836128235,0.2252672016620636
0.11542772501707077,0.25188693404197693,0.22202356159687042
0.09603870660066605,0.2870140075683594,0.20305010676383972
0.08678293973207474,0.29395943880081177,0.20020650327205658
0.06441277265548706,0.3064314126968384,0.2036294788122177
0.06575312465429306,0.3202996850013733,0.21181371808052063
0.07825803756713867,0.31590786576271057,0.20904159545898438
0.07560481876134872,0.3014005124568939,0.202646866440773
0.0939757376909256,0.19990962743759155,0.26742222905158997
0.08418282866477966,0.19505393505096436,0.27261608839035034
0.07545425742864609,0.19819138944149017,0.2648129463195801
0.08500613272190094,0.20286667346954346,0.259856641292572
0.13041716814041138,0.22350528836250305,0.3558790683746338
0.1293136179447174,0.22185048460960388,0.3570902347564697
0.12785542011260986,0.22217991948127747,0.3537914752960205
0.1301840990781784,0.22406136989593506,0.35355526208877563
0.13454478979110718,0.22728855907917023,0.34942299127578735
0.13209876418113708,0.22643354535102844,0.35008227825164795
0.13179922103881836,0.22499683499336243,0.34872967004776
0.13752543926239014,0.226179301738739,0.3535882234573364
0.1365218460559845,0.22712916135787964,0.35083794593811035
0.1348412036895752,0.22322478890419006,0.35953420400619507
0.13683021068572998,0.22405046224594116,0.35676291584968567
0.1366376280784607,0.2205343097448349,0.3627905547618866
0.1313389241695404,0.22489620745182037,0.35468757152557373
0.13095659017562866,0.2252042442560196,0.35263898968696594
0.13397079706192017,0.22775335609912872,0.3508811593055725
0.13233667612075806,0.2272801697254181,0.3517124056816101
0.13436579704284668,0.22450727224349976,0.35798904299736023
0.13555654883384705,0.2251572459936142,0.3560881018638611
0.1432788074016571,0.2431214153766632,0.36979588866233826
0.1386401355266571,0.24297653138637543,0.3752947449684143
0.1377498209476471,0.23368695378303528,0.37556350231170654
0.13596639037132263,0.22372034192085266,0.3743230104446411
0.1319051831960678,0.21879060566425323,0.36786600947380066
0.06649603694677353,0.1957463175058365,0.26909852027893066
0.055878035724163055,0.1942695826292038,0.26151782274246216
0.15362659096717834,0.3063139021396637,0.39719438552856445
0.14821910858154297,0.28857171535491943,0.3903675675392151
0.13007314503192902,0.2124602049589157,0.3199763298034668
0.16254575550556183,0.2778947353363037,0.3634328246116638
0.1639101356267929,0.25586819648742676,0.324153870344162
0.1502002477645874,0.2527511417865753,0.33990517258644104
0.15345212817192078,0.24923980236053467,0.3340919315814972
0.1557849794626236,0.25706276297569275,0.3366374969482422
0.1525309681892395,0.2590693235397339,0.341619610786438
0.1535125970840454,0.27545756101608276,0.3661960959434509
0.14667704701423645,0.26911240816116333,0.3721742033958435
0.14704115688800812,0.27224642038345337,0.36441075801849365
0.14440110325813293,0.2678239941596985,0.36100101470947266
0.14465099573135376,0.2615053653717041,0.36818385124206543
0.1445024013519287,0.25920671224594116,0.35910677909851074
0.1446843445301056,0.2655383348464966,0.35565418004989624
0.17267251014709473,0.27588197588920593,0.341494083404541
0.1748942732810974,0.2777286171913147,0.3404504060745239
0.14562535285949707,0.2583794891834259,0.351656973361969
0.1475560963153839,0.2562723159790039,0.3454018235206604
0.14934758841991425,0.2618483006954193,0.34600019454956055
0.14644718170166016,0.2638190984725952,0.35043543577194214
0.1595052182674408,0.2559889256954193,0.3308067321777344
0.17680661380290985,0.279743492603302,0.3306310176849365
0.16886624693870544,0.27084243297576904,0.3262065052986145
0.14725089073181152,0.3087930381298065,0.24232397973537445
0.1426205188035965,0.29467272758483887,0.24002647399902344
0.14932452142238617,0.27560943365097046,0.2436671108007431
0.14778302609920502,0.27013513445854187,0.2451949119567871
0.14226071536540985,0.27557337284088135,0.2468528300523758
0.1463330090045929,0.27981969714164734,0.24245931208133698
0.16924622654914856,0.32979288697242737,0.2624014914035797
0.1708272397518158,0.33780187368392944,0.26557549834251404
0.173905611038208,0.3340723216533661,0.27072227001190186
0.17008206248283386,0.32904282212257385,0.2650868594646454
0.17305973172187805,0.3273453712463379,0.27161312103271484
0.17598548531532288,0.3274102509021759,0.2751708924770355
0.17206814885139465,0.3205181658267975,0.27074912190437317
0.17127487063407898,0.3232329785823822,0.26866668462753296
0.18142995238304138,0.33424174785614014,0.282654732465744
0.18226265907287598,0.3262016475200653,0.28827980160713196
0.17539259791374207,0.31992819905281067,0.27845919132232666
0.17741703987121582,0.30293023586273193,0.2946189343929291
0.16985206305980682,0.30249956250190735,0.279203325510025
0.17315056920051575,0.31171122193336487,0.2802264094352722
0.17943167686462402,0.3161845803260803,0.2925713062286377
0.15059545636177063,0.27339237928390503,0.25139033794403076
0.15374138951301575,0.2778385281562805,0.2594558000564575
0.14112716913223267,0.2835150361061096,0.24391254782676697
0.08498421311378479,0.4215676188468933,0.25856342911720276
0.0993989035487175,0.43745195865631104,0.2838706076145172
0.13980203866958618,0.36035096645355225,0.23476001620292664
0.13046033680438995,0.37483879923820496,0.2301657497882843
0.14821775257587433,0.3461492955684662,0.23927944898605347
0.15411223471164703,0.3351990282535553,0.242928609251976
0.11496521532535553,0.38771724700927734,0.23096519708633423
0.09626606106758118,0.3969956040382385,0.23355747759342194
0.17145779728889465,0.29015836119651794,0.28453928232192993
0.16493995487689972,0.2934858202934265,0.27363157272338867
0.1316501796245575,0.34446749091148376,0.22614489495754242
0.12032944709062576,0.35760432481765747,0.22261632978916168
0.14012324810028076,0.3323177397251129,0.23168113827705383
0.1479935646057129,0.32413989305496216,0.23728713393211365
0.10520559549331665,0.36877185106277466,0.22090460360050201
0.08238033205270767,0.3521295487880707,0.21622398495674133
0.08777348697185516,0.37440550327301025,0.22351692616939545
0.15171882510185242,0.28675585985183716,0.24975939095020294
0.1521025151014328,0.2832166850566864,0.2538507282733917
0.1501288115978241,0.2788524031639099,0.24910342693328857
0.15276730060577393,0.28116098046302795,0.24711917340755463
0.16495037078857422,0.2791546881198883,0.2765582203865051
0.15928545594215393,0.28587988018989563,0.26693326234817505
0.14431792497634888,0.2518003582954407,0.3695233166217804
0.14025582373142242,0.26027747988700867,0.376230925321579
0.13968172669410706,0.25155359506607056,0.3755539059638977
0.1413649618625641,0.26847103238105774,0.37803399562835693
0.1430448591709137,0.40959402918815613,0.3702114224433899
0.15263964235782623,0.3823161721229553,0.3914845585823059
0.11397309601306915,0.4437158405780792,0.31313198804855347
0.12997469305992126,0.4341255724430084,0.3435094952583313
0.10603253543376923,0.19003520905971527,0.32280534505844116
0.10189487040042877,0.17961497604846954,0.3132241368293762
0.12739916145801544,0.21764740347862244,0.34759971499443054
0.12422478199005127,0.21695592999458313,0.3490217328071594
0.12271301448345184,0.2131427526473999,0.3466930389404297
0.12574894726276398,0.21356907486915588,0.3450864255428314
0.1536654233932495,0.2761130928993225,0.3593347668647766
0.07983948290348053,0.3345572054386139,0.2113761603832245
0.07153342664241791,0.28776323795318604,0.19269664585590363
0.06796915084123611,0.2757255434989929,0.18334656953811646
0.08684425801038742,0.2557799220085144,0.18175092339515686
0.07717599719762802,0.2623497545719147,0.17599758505821228
0.12573975324630737,0.2198525369167328,0.3513076901435852
0.1283642202615738,0.2207481861114502,0.34973573684692383
0.13297073543071747,0.22525423765182495,0.3572055697441101
0.12536196410655975,0.21018312871456146,0.33558374643325806
0.12945830821990967,0.22313934564590454,0.35130640864372253
0.13076964020729065,0.22483158111572266,0.3518368601799011
0.12576496601104736,0.22139422595500946,0.3549516797065735
0.12394503504037857,0.21962110698223114,0.35202735662460327
0.1549990475177765,0.26458147168159485,0.34415575861930847
0.1569458246231079,0.26826706528663635,0.34643852710723877
0.13177593052387238,0.22032415866851807,0.35994207859039307
0.13194645941257477,0.22275149822235107,0.35854047536849976
0.12829583883285522,0.21980465948581696,0.3616519868373871
0.07619734108448029,0.19415105879306793,0.2332840859889984
0.08985697478055954,0.2013804018497467,0.2244783639907837
0.11913980543613434,0.21050137281417847,0.34524449706077576
0.11701599508523941,0.20873364806175232,0.341996967792511
0.15676206350326538,0.35477983951568604,0.4034740626811981
0.06753449887037277,0.3546455502510071,0.21795037388801575
0.07020197808742523,0.37704452872276306,0.22575002908706665
0.16422304511070251,0.3033868968486786,0.26974308490753174
0.1625932902097702,0.3032711148262024,0.26235830783843994
0.1655828356742859,0.30992016196250916,0.2648686468601227
0.1678999960422516,0.31011486053466797,0.2718349099159241
0.04741837829351425,0.1917029172182083,0.25391829013824463
0.09668146073818207,0.2125944197177887,0.2144702672958374
0.0662316232919693,0.26917392015457153,0.17146697640419006
0.17074355483055115,0.27467769384384155,0.3332664370536804
0.16921332478523254,0.2730429768562317,0.3334801197052002
0.1544910967350006,0.27583444118499756,0.355888694524765
0.07453593611717224,0.40143683552742004,0.2406623810529709
0.12226413190364838,0.20499947667121887,0.32877612113952637
0.12231554090976715,0.2087813764810562,0.33111560344696045
0.06058065593242645,0.29363614320755005,0.194725900888443
0.07647615671157837,0.19315437972545624,0.2770555019378662
0.12779945135116577,0.22113674879074097,0.3581329584121704
0.0664951354265213,0.33707863092422485,0.21514588594436646
0.16883182525634766,0.31966131925582886,0.26126009225845337
0.1702384501695633,0.3160606324672699,0.26175838708877563
0.16805556416511536,0.3136517405509949,0.2600293755531311
0.16693583130836487,0.31518644094467163,0.2600342631340027
0.17317304015159607,0.3154607117176056,0.2666846215724945
0.17226406931877136,0.3138127624988556,0.2625002861022949
0.17469681799411774,0.31721407175064087,0.26280301809310913
0.17555098235607147,0.3196190595626831,0.26679956912994385
0.17079994082450867,0.3155733048915863,0.27172958850860596
0.17008867859840393,0.3118739128112793,0.2658590078353882
0.1760226935148239,0.31999659538269043,0.26215487718582153
0.17737087607383728,0.3213822841644287,0.26493921875953674
0.17509886622428894,0.323468416929245,0.2666000723838806
0.1709677278995514,0.32678964734077454,0.26677584648132324
0.17857542634010315,0.32397371530532837,0.26185938715934753
0.1757330596446991,0.32739967107772827,0.26419496536254883
0.17853432893753052,0.325828492641449,0.2570562958717346
0.17494599521160126,0.3289318382740021,0.2593882977962494
0.17705538868904114,0.32693105936050415,0.25102582573890686
0.17229197919368744,0.32995426654815674,0.2534489929676056
0.155869722366333,0.2880271077156067,0.25832778215408325
0.15379516780376434,0.29229986667633057,0.25281867384910583
0.17437860369682312,0.32593145966529846,0.24531768262386322
0.16838018596172333,0.32809364795684814,0.24758335947990417
0.17168369889259338,0.3221210837364197,0.23939631879329681
0.16510257124900818,0.3232090473175049,0.2417413741350174
0.16804620623588562,0.31636494398117065,0.23605306446552277
0.1623190939426422,0.3172250986099243,0.23797295987606049
0.16478043794631958,0.3092668056488037,0.23320387303829193
0.15883630514144897,0.3088706135749817,0.23450258374214172
0.1612687110900879,0.30154305696487427,0.23254767060279846
0.1544470191001892,0.2992360591888428,0.23208391666412354
0.17543770372867584,0.3257148861885071,0.2567288279533386
0.17396727204322815,0.32604527473449707,0.25175243616104126
0.16534844040870667,0.328575074672699,0.2597871422767639
0.176134392619133,0.3234160244464874,0.26089242100715637
0.16290196776390076,0.31417223811149597,0.25349438190460205
0.1616935431957245,0.3182630240917206,0.2557176351547241
0.1610090285539627,0.3163636028766632,0.2552486062049866
0.15949976444244385,0.31703266501426697,0.25293204188346863
0.15880823135375977,0.2977922558784485,0.25804638862609863
0.15816006064414978,0.3000492453575134,0.2553039789199829
0.1607876718044281,0.30375680327415466,0.258335143327713
0.1550169289112091,0.2971806526184082,0.25293710827827454
0.15403226017951965,0.29899922013282776,0.25378361344337463
0.1552613079547882,0.3016064167022705,0.25634244084358215
0.15691262483596802,0.305672824382782,0.2585834860801697
0.15332099795341492,0.29931268095970154,0.25086450576782227
0.15414506196975708,0.29729029536247253,0.24911220371723175
0.1525796353816986,0.30080047249794006,0.2521679401397705
0.15277642011642456,0.3005044758319855,0.2538670003414154
0.15273845195770264,0.30323556065559387,0.2550715208053589
0.1543615162372589,0.3078440725803375,0.2550678551197052
0.1597345918416977,0.2958483099937439,0.264890193939209
0.1530977189540863,0.30777114629745483,0.24587123095989227
0.1487744301557541,0.29805633425712585,0.24310335516929626
0.1582370400428772,0.29348456859588623,0.23421789705753326
0.15269258618354797,0.28862524032592773,0.23208032548427582
0.15388503670692444,0.27916717529296875,0.24083811044692993
0.15349945425987244,0.2803821861743927,0.23448613286018372
0.16149857640266418,0.3259805738925934,0.2556472718715668
0.15937182307243347,0.3212507963180542,0.2500418722629547
0.14767690002918243,0.2880793809890747,0.24332976341247559
0.1563030183315277,0.3160441219806671,0.24649176001548767
0.16166885197162628,0.3037990629673004,0.23698823153972626
0.15786588191986084,0.2994052767753601,0.23888704180717468
0.16478976607322693,0.3094489276409149,0.23664405941963196
0.15384840965270996,0.2933942973613739,0.2467252016067505
0.15467053651809692,0.2867587208747864,0.24405834078788757
0.15630316734313965,0.28874024748802185,0.23808760941028595
0.15500983595848083,0.2959617078304291,0.24232801795005798
0.16143208742141724,0.305269718170166,0.2407725304365158
0.15736082196235657,0.3019515872001648,0.24236974120140076
0.1593649834394455,0.30782896280288696,0.24444079399108887
0.15578019618988037,0.3055521249771118,0.24626928567886353
0.15359409153461456,0.301968514919281,0.2484133094549179
0.1544787585735321,0.3000112771987915,0.24546758830547333
0.15303157269954681,0.3082561492919922,0.2501866817474365
0.15745273232460022,0.31071728467941284,0.24902912974357605
0.15215983986854553,0.30346789956092834,0.25120189785957336
0.163445845246315,0.3094539940357208,0.24436119198799133
0.16682282090187073,0.3135058581829071,0.24523326754570007
0.16614294052124023,0.31381654739379883,0.24975839257240295
0.16182532906532288,0.3117544651031494,0.249079167842865
0.16699863970279694,0.3154120445251465,0.23887066543102264
0.1678919792175293,0.31378525495529175,0.24151380360126495
0.1650945246219635,0.3091655671596527,0.24042589962482452
0.17006781697273254,0.31903916597366333,0.24437977373600006
0.1698085069656372,0.3213422894477844,0.24274222552776337
0.16943371295928955,0.31768083572387695,0.2466784417629242
0.1687210202217102,0.31734681129455566,0.2494286596775055
0.1738317310810089,0.3235495984554291,0.25194188952445984
0.172368124127388,0.3221051096916199,0.24800780415534973
0.17233258485794067,0.32513630390167236,0.24693278968334198
0.17152222990989685,0.3198092579841614,0.2493043839931488
0.17228028178215027,0.3211681842803955,0.252435564994812
0.1703072190284729,0.3193182945251465,0.2524203956127167
0.17011432349681854,0.3194171190261841,0.2502076029777527
0.173919677734375,0.3210355341434479,0.2618805170059204
0.17254763841629028,0.31894809007644653,0.262713223695755
0.17424410581588745,0.3225749731063843,0.259580135345459
0.17275077104568481,0.32357120513916016,0.2617269456386566
0.17193034291267395,0.32150542736053467,0.2589760422706604
0.1712767779827118,0.3229406476020813,0.26208528876304626
0.1704314798116684,0.31992048025131226,0.25873661041259766
0.1673394739627838,0.31648117303848267,0.25795990228652954
0.03874684125185013,0.1772075891494751,0.2333386242389679
0.043709129095077515,0.1835068166255951,0.2383287250995636
0.031324565410614014,0.18427352607250214,0.23961159586906433
0.02594897150993347,0.1792774796485901,0.23299024999141693
0.1704947054386139,0.31888672709465027,0.2556901276111603
0.17224720120429993,0.32098376750946045,0.255776047706604
0.17419764399528503,0.3234131336212158,0.2559889554977417
0.16637521982192993,0.31565719842910767,0.2540460228919983
0.16730129718780518,0.3153945207595825,0.25223347544670105
0.16874036192893982,0.31693029403686523,0.25246840715408325
0.16820606589317322,0.3171004354953766,0.2551296055316925
0.16278798878192902,0.30725017189979553,0.25989943742752075
0.1594187319278717,0.30878186225891113,0.25756973028182983
0.15793035924434662,0.3098326623439789,0.2537025213241577
0.06646092236042023,0.16884160041809082,0.22990921139717102
0.0836840569972992,0.1757897138595581,0.2273486852645874
0.08378949761390686,0.1837681531906128,0.22235718369483948
0.06858321279287338,0.17634472250938416,0.22745808959007263
0.05330654978752136,0.14682132005691528,0.24295246601104736
0.04360006004571915,0.12939704954624176,0.24463550746440887
0.05701833963394165,0.1306157410144806,0.2534961700439453
0.07637966424226761,0.15041622519493103,0.24635285139083862
0.04609783738851547,0.11241515725851059,0.2526171803474426
0.035233426839113235,0.11224677413702011,0.2430439293384552
0.02206883579492569,0.06752187013626099,0.24475178122520447
0.028809886425733566,0.08119204640388489,0.24861261248588562
0.01880960538983345,0.08299896121025085,0.23986780643463135
0.011612813919782639,0.06977072358131409,0.23648713529109955
0.03005748987197876,0.011370029300451279,0.22398191690444946
0.02064957469701767,0.013296343386173248,0.22367477416992188
0.01811130717396736,0.002163618803024292,0.21417199075222015
0.029935821890830994,0.0004465915262699127,0.2135091871023178
0.06554456800222397,0.07677105814218521,0.2826048731803894
0.07385818660259247,0.06757761538028717,0.27746549248695374
0.07354635000228882,0.08420196920633316,0.2903726398944855
0.06852716952562332,0.09347216039896011,0.2912982702255249
0.12036703526973724,0.18527871370315552,0.2382408231496811
0.117216095328331,0.19393134117126465,0.2302597016096115
0.10231371223926544,0.17726995050907135,0.23135462403297424
0.10189773142337799,0.16866302490234375,0.24354122579097748
0.07380537688732147,0.018908128142356873,0.2183220088481903
0.06515530496835709,0.0211164653301239,0.22754469513893127
0.061040282249450684,0.014152191579341888,0.2221156358718872
0.06918568909168243,0.011664487421512604,0.2142016589641571
0.07798147946596146,-0.06021019071340561,0.17539994418621063
0.060388192534446716,-0.062393806874752045,0.18325617909431458
0.06278611719608307,-0.08187918365001678,0.17305925488471985
0.08122113347053528,-0.07918681204319,0.1635901778936386
0.12707392871379852,-0.03318127617239952,0.14852920174598694
0.12752756476402283,-0.04764709621667862,0.1357775330543518
0.13972340524196625,-0.04194377735257149,0.11601808667182922
0.1414734274148941,-0.030318185687065125,0.1299874633550644
0.04021809622645378,0.062728151679039,0.2569480836391449
0.0447501614689827,0.07631378620862961,0.26403334736824036
0.037455640733242035,0.07911790162324905,0.25663408637046814
0.031521353870630264,0.06528569012880325,0.2514446973800659
-0.023156538605690002,0.051430199295282364,0.3269600570201874
0.001489683985710144,0.06157287210226059,0.31761837005615234
-0.0002642720937728882,0.05388684570789337,0.3046124279499054
-0.02498064935207367,0.043371330946683884,0.3144448399543762
0.13105455040931702,-0.12292128056287766,0.07053319364786148
0.13426260650157928,-0.13774339854717255,0.05994998663663864
0.14001847803592682,-0.12685757875442505,0.03583867475390434
0.1356455385684967,-0.11264368891716003,0.04864092543721199
0.09103760868310928,0.11088772863149643,0.3135998249053955
0.10877864062786102,0.11281129717826843,0.3258765935897827
0.11747508496046066,0.12182307243347168,0.3228585124015808
0.09816402196884155,0.11767135560512543,0.31382590532302856
0.07095521688461304,0.04676111787557602,0.25663331151008606
0.07297270745038986,0.05576317757368088,0.266721248626709
0.06400176137685776,0.0632077157497406,0.27274662256240845
0.06247910112142563,0.052085600793361664,0.2625153064727783
0.1441749483346939,-0.008708113804459572,0.1582919806241989
0.145038902759552,0.001339579001069069,0.1730830818414688
0.13128259778022766,0.0013783033937215805,0.18282760679721832
0.13047246634960175,-0.009761951863765717,0.17126494646072388
0.1290234625339508,-0.02163718268275261,0.15979748964309692
0.14325329661369324,-0.01969512365758419,0.14433495700359344
0.05522807687520981,0.055935271084308624,0.26317551732063293
0.05678234249353409,0.06969718635082245,0.2735418677330017
0.0510132871568203,0.07319191098213196,0.2698987126350403
0.04795118048787117,0.059474386274814606,0.2609993815422058
0.01632806658744812,-0.009400956332683563,0.20586246252059937
0.03101709485054016,-0.012304779142141342,0.20594152808189392
0.12271029502153397,-0.14846646785736084,0.08247755467891693
0.1199537068605423,-0.13299082219600677,0.09216222912073135
0.10420424491167068,-0.1425340324640274,0.11088474094867706
0.10716795921325684,-0.15899056196212769,0.1021742895245552
0.03999749943614006,-0.043299876153469086,0.19511814415454865
0.055992044508457184,-0.043281588703393936,0.19103506207466125
0.049472875893116,-0.026362407952547073,0.19795632362365723
0.03476225212216377,-0.02594830095767975,0.19958330690860748
0.08932475000619888,-0.16791090369224548,0.1190909743309021
0.08649273216724396,-0.15022499859333038,0.12676428258419037
0.06767389178276062,-0.15547916293144226,0.14062806963920593
0.07178381085395813,-0.17445561289787292,0.1333303451538086
0.03697258234024048,0.09604039043188095,0.2512275278568268
0.02704455703496933,0.09712406247854233,0.24169540405273438
0.046660713851451874,0.011437736451625824,0.22234833240509033
0.038780082017183304,0.011227469891309738,0.223169207572937
0.039674144238233566,0.0004928372800350189,0.2131669521331787
0.048528846353292465,0.0016466379165649414,0.21264198422431946
0.0952184796333313,0.04800617694854736,0.24937590956687927
0.09664303064346313,0.05321680009365082,0.2595686614513397
0.08191651105880737,0.0709456279873848,0.2802587151527405
0.08392645418643951,0.056704748421907425,0.2663065791130066
0.14331437647342682,-0.14060011506080627,0.024979088455438614
0.13704770803451538,-0.15090705454349518,0.0496906116604805
0.09310887008905411,-0.1817431002855301,0.10728004574775696
0.07628026604652405,-0.18993636965751648,0.1214389055967331
0.13265524804592133,0.03138868883252144,0.24511611461639404
0.12424381822347641,0.036744359880685806,0.24847517907619476
0.13309447467327118,0.03132421895861626,0.23766808211803436
0.1404852569103241,0.02842121571302414,0.23438520729541779
-0.005829039961099625,0.017220497131347656,0.21049728989601135
0.003689102828502655,0.000751841813325882,0.2061610072851181
0.008310597389936447,0.0088777095079422,0.2158244103193283
0.00250152125954628,0.021216925233602524,0.22002829611301422
0.055036041885614395,-0.011018212884664536,0.2031908929347992
0.044261038303375244,-0.012519050389528275,0.20461364090442657
0.062418803572654724,-0.02434421144425869,0.1946978121995926
-0.01228071004152298,0.012907806783914566,0.19908450543880463
-0.001473020762205124,-0.011522993445396423,0.194688618183136
0.015336625277996063,0.09824123233556747,0.23313048481941223
0.007497470825910568,0.0847918838262558,0.23102156817913055
0.02226610854268074,0.11244656890630722,0.23492634296417236
0.028969746083021164,0.12772373855113983,0.23608915507793427
0.014871872961521149,0.1285863071680069,0.22951652109622955
0.008641239255666733,0.11427031457424164,0.22730135917663574
0.035990044474601746,0.14319920539855957,0.23624007403850555
0.02105606347322464,0.14257973432540894,0.23033635318279266
0.04856548458337784,0.16513822972774506,0.22929778695106506
0.05141633003950119,0.17295701801776886,0.22861871123313904
0.08251866698265076,0.04804736375808716,0.25563085079193115
0.0799446702003479,0.0417267382144928,0.24556520581245422
0.11017534881830215,-0.17283228039741516,0.09110081195831299
0.18794086575508118,0.14238043129444122,0.17578281462192535
0.19247682392597198,0.1335713267326355,0.19899919629096985
0.19183972477912903,0.12208569794893265,0.18564172089099884
0.187562495470047,0.1301911473274231,0.16288746893405914
0.10462146997451782,0.1636989563703537,0.2534607946872711
0.1243564635515213,0.18035900592803955,0.24725601077079773
0.1757114827632904,0.04232248291373253,0.22591198980808258
0.17219217121601105,0.03593475744128227,0.22178176045417786
0.17765012383460999,0.041341252624988556,0.20462234318256378
0.18088161945343018,0.049329228699207306,0.21058616042137146
0.14672820270061493,0.023595629259943962,0.2468303143978119
0.1506289839744568,0.02301216870546341,0.24998757243156433
0.1399586796760559,0.01699981279671192,0.2654944658279419
0.13520778715610504,0.018064867705106735,0.26158779859542847
0.13972462713718414,-0.11552941054105759,0.01303408108651638
0.13499709963798523,-0.10196557641029358,0.02658749744296074
0.1539933830499649,0.001991657540202141,0.08088116347789764
0.16128847002983093,0.01134687103331089,0.10314448177814484
0.15906386077404022,-0.0017317840829491615,0.11564251035451889
0.1542939394712448,-0.012090054340660572,0.09655976295471191
0.099624864757061,0.17562054097652435,0.0724560022354126
0.12181246280670166,0.1710742861032486,0.0878257006406784
0.12105725705623627,0.16090276837348938,0.0764484852552414
0.09876403212547302,0.16616128385066986,0.06185350567102432
0.1658858358860016,0.17060068249702454,0.1382167786359787
0.1449163407087326,0.17686158418655396,0.11574466526508331
0.14317026734352112,0.18629060685634613,0.1247720941901207
0.16320762038230896,0.18105892837047577,0.14845281839370728
0.17888092994689941,0.15096700191497803,0.15150950849056244
0.17829132080078125,0.13830561935901642,0.13975250720977783
0.15465378761291504,-0.0017677843570709229,0.14599308371543884
0.15652455389499664,0.005694517865777016,0.16296610236167908
0.15746942162513733,0.015021046623587608,0.18921713531017303
0.15775395929813385,0.018459787592291832,0.19903165102005005
0.14652611315250397,0.017085975036025047,0.20591400563716888
0.1455644965171814,0.01309519074857235,0.1971936672925949
0.11399593204259872,0.2036551833152771,0.2238636016845703
0.13014836609363556,0.20697705447673798,0.2207212746143341
0.12344922125339508,0.21646499633789062,0.21192683279514313
0.11680392920970917,0.21953468024730682,0.1541089415550232
0.1226474791765213,0.21722565591335297,0.1656864434480667
0.1303967833518982,0.21168388426303864,0.16436734795570374
0.1209506168961525,0.21519625186920166,0.1493609994649887
0.11176896095275879,0.10347689688205719,0.025702912360429764
0.10619103908538818,0.08121820539236069,0.013106971979141235
0.08187335729598999,0.08991624414920807,-0.00021424144506454468
0.08860355615615845,0.11223780363798141,0.012995488941669464
0.16462895274162292,0.024317530915141106,0.2035759538412094
0.17007951438426971,0.028586063534021378,0.20143291354179382
0.16515406966209412,0.02694108337163925,0.21584582328796387
0.16026680171489716,0.024020841345191002,0.21570633351802826
0.17230618000030518,0.028231393545866013,0.18974922597408295
0.16599756479263306,0.022692345082759857,0.1935892254114151
0.16615311801433563,0.019416775554418564,0.18273931741714478
0.17299652099609375,0.026457656174898148,0.1773204654455185
0.1674734354019165,0.018004504963755608,0.12463116645812988
0.17186632752418518,0.02231893688440323,0.1469346433877945
0.1653130054473877,0.013285567983984947,0.1549154371023178
0.16241160035133362,0.007501007057726383,0.13513226807117462
0.05675768107175827,0.01629067398607731,-0.027878902852535248
0.06402479112148285,0.04215603321790695,-0.02047082968056202
0.08609373867511749,0.036375053226947784,-0.012020191177725792
0.07772345095872879,0.012157382443547249,-0.021679196506738663
0.10207191854715347,0.04817977920174599,0.26440516114234924
0.09090965986251831,0.04489929974079132,0.2704868018627167
0.08174692094326019,0.05725010484457016,0.26866382360458374
0.08988714963197708,0.058494940400123596,0.26551440358161926
0.139996737241745,0.019887425005435944,0.28560104966163635
0.14273256063461304,0.023730602115392685,0.290322482585907
0.13121020793914795,0.019478965550661087,0.30136537551879883
0.12957124412059784,0.015879184007644653,0.29648345708847046
0.07989908754825592,0.02770409733057022,0.2750980854034424
0.06083327531814575,0.01792200654745102,0.28053048253059387
0.054513394832611084,0.031985171139240265,0.27741876244544983
0.07510338723659515,0.03889872878789902,0.27358362078666687
0.1486547440290451,0.1836136281490326,0.24438734352588654
0.14295241236686707,0.19074326753616333,0.23678122460842133
0.1279485821723938,0.1767948865890503,0.25566959381103516
0.1081777960062027,0.019682148471474648,0.2676737606525421
0.11431269347667694,0.014538281597197056,0.2687930166721344
0.0968603789806366,0.0042671277187764645,0.2780332565307617
0.09042543172836304,0.009992343373596668,0.27483588457107544
-0.017660528421401978,0.05312951281666756,0.34320494532585144
0.006125956773757935,0.06280414015054703,0.3334580361843109
0.04241383075714111,-0.002212030813097954,0.2882796823978424
0.06407548487186432,0.007133135572075844,0.2802302837371826
0.06982482969760895,-0.0020004548132419586,0.28295180201530457
0.04819229245185852,-0.012218487448990345,0.2942658066749573
0.14918236434459686,-0.023476121947169304,0.07870794087648392
0.1466498225927353,-0.009181570261716843,0.061344683170318604
0.12271184474229813,-0.0958586037158966,-0.027294153347611427
0.11953605711460114,-0.08030008524656296,-0.011495443992316723
0.12885624170303345,-0.08999984711408615,0.0063069164752960205
0.13345888257026672,-0.1041141077876091,-0.008622206747531891
0.14289838075637817,-0.1284750998020172,0.000142672099173069
0.12567821145057678,-0.11342541873455048,-0.0409364178776741
0.13706427812576294,-0.11974373459815979,-0.022155534476041794
0.10881596058607101,0.23087607324123383,0.2005145251750946
0.11643476039171219,0.22488385438919067,0.2064361572265625
0.11303795874118805,0.2296247035264969,0.18728159368038177
0.10521317273378372,0.2371063232421875,0.18524742126464844
0.15955787897109985,-0.2201116383075714,-0.040131982415914536
0.16289080679416656,-0.21843238174915314,-0.01062660850584507
0.17046405375003815,-0.24173696339130402,-0.010150592774152756
0.16321900486946106,-0.24556796252727509,-0.04044788330793381
0.09249070286750793,0.23875750601291656,0.15524226427078247
0.08457701653242111,0.24781133234500885,0.16138601303100586
0.09554366022348404,0.24243605136871338,0.17309904098510742
0.10356005281209946,0.233587384223938,0.1705719232559204
0.1564795970916748,-0.19789940118789673,-0.03676950931549072
0.15772366523742676,-0.2004278004169464,-0.008632420562207699
0.1044459119439125,0.21750801801681519,0.21184897422790527
0.10930990427732468,0.2118295431137085,0.21871165931224823
0.09550825506448746,0.20223034918308258,0.21466371417045593
0.09759092330932617,0.19559739530086517,0.2187204658985138
0.08444090187549591,0.19075627624988556,0.22053611278533936
0.16240224242210388,-0.21877464652061462,0.01949227601289749
0.1712210327386856,-0.238877072930336,0.02273315191268921
0.09866364300251007,0.24422301352024078,0.18567363917827606
0.08992566168308258,0.24904555082321167,0.1749403327703476
0.0798342227935791,0.25469788908958435,0.166334331035614
0.06784966588020325,0.2621670663356781,0.1611475646495819
0.05444283410906792,0.2687232792377472,0.15692488849163055
0.05420782417058945,0.2741911709308624,0.1678740680217743
0.14354729652404785,-0.152262344956398,0.01592627912759781
0.14494071900844574,-0.14429010450839996,-0.009810610674321651
0.1194261685013771,-0.3556952476501465,-0.0782744362950325
0.12753711640834808,-0.3701706528663635,-0.055916428565979004
0.09624183177947998,-0.37771251797676086,-0.06840874999761581
0.09253716468811035,-0.363736093044281,-0.08913155645132065
0.026829201728105545,-0.35947269201278687,-0.09262179583311081
0.06142420321702957,-0.36465421319007874,-0.09265325963497162
0.06157594919204712,-0.37493595480918884,-0.07315269112586975
0.027723658829927444,-0.3663885295391083,-0.07096032798290253
0.03395429998636246,-0.23644854128360748,-0.13965220749378204
0.03431277722120285,-0.2104014903306961,-0.1332789659500122
0.0613468773663044,-0.2089294046163559,-0.13125331699848175
0.06166825070977211,-0.23455369472503662,-0.13783186674118042
0.13815879821777344,-0.13504616916179657,-0.03250803053379059
0.12663552165031433,-0.12999145686626434,-0.05164596438407898
0.1356445699930191,-0.1596919745206833,0.03969400376081467
0.2042703479528427,-0.348814457654953,0.0781201422214508
0.21485641598701477,-0.3768404424190521,0.08527974784374237
0.20906831324100494,-0.38358253240585327,0.047034479677677155
0.20257605612277985,-0.352130264043808,0.039052270352840424
0.1715877801179886,-0.4020194709300995,-0.014672748744487762
0.1394576132297516,-0.41142958402633667,-0.030712999403476715
0.1321960985660553,-0.386085569858551,-0.041947148740291595
0.16412203013896942,-0.3739398121833801,-0.025541841983795166
0.05818912386894226,-0.19771426916122437,0.13440941274166107
0.05992737039923668,-0.20912665128707886,0.11924171447753906
0.07781190425157547,-0.19961410760879517,0.10809475183486938
0.001820288598537445,-0.21119847893714905,0.14497961103916168
0.005883229896426201,-0.2226417511701584,0.13248515129089355
0.02345399558544159,-0.22049576044082642,0.1318361759185791
0.021207205951213837,-0.20914675295352936,0.1471659541130066
0.018742570653557777,-0.2841814458370209,0.12852972745895386
0.02112831175327301,-0.2672439515590668,0.12384789437055588
0.007283761166036129,-0.26849716901779175,0.12356673926115036
0.004321318119764328,-0.2849651575088501,0.1262512505054474
0.15612348914146423,-0.22313125431537628,0.04928133264183998
0.14693200588226318,-0.2107977271080017,0.04540782421827316
0.12926049530506134,-0.21798062324523926,0.0679369792342186
0.1361042559146881,-0.22970564663410187,0.07513533532619476
0.061814628541469574,-0.38285553455352783,-0.05434571951627731
0.0307072252035141,-0.3692178428173065,-0.0482662096619606
0.19358429312705994,-0.3442305326461792,0.11321238428354263
0.20796427130699158,-0.37368646264076233,0.12326861917972565
0.18474653363227844,-0.3731521666049957,0.15059272944927216
0.1703859269618988,-0.345333456993103,0.13778920471668243
0.13971970975399017,-0.35311809182167053,0.1479237824678421
0.1501891016960144,-0.37765341997146606,0.15864980220794678
0.019831597805023193,-0.36867082118988037,0.11212579905986786
0.024084709584712982,-0.37370455265045166,0.10410037636756897
0.0352158322930336,-0.3547292947769165,0.12576986849308014
0.025269679725170135,-0.3456525206565857,0.1342502236366272
0.02628467231988907,-0.3296217620372772,-0.12270813435316086
0.056174565106630325,-0.33188173174858093,-0.12323321402072906
0.05786866694688797,-0.3498523235321045,-0.10998323559761047
0.026068516075611115,-0.34658393263816833,-0.11082624644041061
0.11110598593950272,-0.12855911254882812,-0.0664864182472229
0.1103268638253212,-0.109843909740448,-0.055622123181819916
0.09281593561172485,-0.10630830377340317,-0.06586482375860214
0.09262615442276001,-0.08570680767297745,-0.052122823894023895
0.10953948646783829,-0.09163857251405716,-0.04167519509792328
0.130046546459198,0.026057494804263115,0.03140445798635483
0.14274893701076508,0.04011876881122589,0.051371753215789795
0.14988896250724792,0.019516320899128914,0.06494967639446259
0.14032192528247833,0.007638572249561548,0.045768074691295624
0.14468146860599518,0.16668765246868134,0.10562974214553833
0.14360295236110687,0.15554378926753998,0.09461411088705063
0.10137847065925598,-0.4086718261241913,-0.03448963910341263
0.11677298694849014,-0.4415343999862671,-0.02171298861503601
0.08272434771060944,-0.4421066641807556,-0.014229968190193176
0.05695618689060211,-0.40122485160827637,-0.027185991406440735
0.17828501760959625,-0.4299987852573395,-0.00038307905197143555
0.1947164386510849,-0.38987770676612854,0.012797579169273376
0.20092254877090454,-0.42096132040023804,0.024462729692459106
0.22459129989147186,-0.4055284261703491,0.0964709222316742
0.21699586510658264,-0.4121963381767273,0.056902676820755005
0.19374552369117737,-0.4015961289405823,0.16195257008075714
0.1600923240184784,-0.4055244028568268,0.1690799444913864
0.06257364153862,-0.406610906124115,0.11115361750125885
0.07303688675165176,-0.42956820130348206,0.11586907505989075
0.09720351547002792,-0.4211779236793518,0.13987261056900024
0.08580248802900314,-0.3977489769458771,0.13304272294044495
0.05867989733815193,-0.2872345745563507,0.1309887021780014
0.0734618753194809,-0.30424243211746216,0.132774218916893
0.09807151556015015,-0.28053757548332214,0.1216096356511116
0.08876548707485199,-0.260470449924469,0.1147223562002182
0.016836486756801605,-0.18957048654556274,0.1607407033443451
9.077601134777069e-05,-0.19234131276607513,0.15926209092140198
0.053594790399074554,-0.1801520586013794,0.14646251499652863
0.0348474383354187,-0.18532033264636993,0.15656201541423798
0.04049424082040787,-0.2050350308418274,0.143202543258667
8.70823860168457e-05,-0.10479099303483963,0.18316181004047394
0.0007632561028003693,-0.12446209043264389,0.17705784738063812
0.022359978407621384,-0.12462073564529419,0.17444318532943726
0.02232963591814041,-0.10555540025234222,0.1809295117855072
0.022189516574144363,-0.08432681858539581,0.18786698579788208
0.0003929920494556427,-0.08334020525217056,0.18863345682621002
0.0007750056684017181,-0.03651754930615425,0.19149157404899597
0.02140653133392334,-0.04070426523685455,0.19578923285007477
0.01721346378326416,-0.022207938134670258,0.1988123208284378
0.0023982711136341095,0.10014902055263519,0.22491832077503204
-0.0033643171191215515,0.08665768057107925,0.22208133339881897
0.16515645384788513,-0.24111731350421906,0.05677357316017151
0.03545407950878143,-0.41135910153388977,0.004892855882644653
0.055912770330905914,-0.442595899105072,0.010433748364448547
0.04556792229413986,-0.44207051396369934,0.039882808923721313
0.03140585869550705,-0.4160590171813965,0.03529604524374008
0.1559493988752365,-0.20459535717964172,0.019522061571478844
0.12565702199935913,-0.16206206381320953,0.0716274231672287
0.1245516836643219,-0.17003116011619568,0.06057564914226532
0.10487723350524902,-0.03171388804912567,0.16874055564403534
0.11160077899694443,-0.05169299617409706,0.15279625356197357
0.013086758553981781,0.014406364411115646,0.22252708673477173
0.011595752090215683,0.022628746926784515,0.22693540155887604
0.1875876635313034,-0.3619057834148407,0.0005124211311340332
0.20153114199638367,-0.43138521909713745,0.17262953519821167
0.1699642539024353,-0.43544191122055054,0.1794053614139557
0.17773407697677612,-0.4657633900642395,0.18892386555671692
0.20725864171981812,-0.46189460158348083,0.1826770305633545
0.07137702405452728,-0.4620220363140106,0.09980980306863785
0.0885055884718895,-0.489158034324646,0.10679025948047638
0.1008722335100174,-0.48051244020462036,0.13057321310043335
0.08501498401165009,-0.45587727427482605,0.12190090119838715
0.10577896237373352,-0.5149973630905151,0.11861440539360046
0.11898983269929886,-0.5426668524742126,0.12889543175697327
0.12666819989681244,-0.539642870426178,0.15191282331943512
0.1166127622127533,-0.5099779367446899,0.1417529284954071
0.21953421831130981,-0.4027304947376251,0.1353997439146042
0.24172554910182953,-0.4641822576522827,0.12627357244491577
0.23493033647537231,-0.4356241822242737,0.11217014491558075
0.22651487588882446,-0.43197208642959595,0.14791308343410492
0.2319377213716507,-0.46208199858665466,0.15960294008255005
0.14884816110134125,-0.4371502101421356,-0.014987081289291382
0.04626327008008957,-0.4133382737636566,0.08919063955545425
0.05726031959056854,-0.4356842041015625,0.09358642250299454
0.08759783208370209,-0.49794113636016846,0.06084437668323517
0.06562592834234238,-0.47109052538871765,0.04847918450832367
0.07864143699407578,-0.4732200503349304,0.02194085717201233
0.10005587339401245,-0.5003967881202698,0.03714148700237274
0.19812239706516266,-0.4813333749771118,0.03356391191482544
0.18780523538589478,-0.4544294476509094,0.01726469397544861
0.21053624153137207,-0.4452360272407532,0.04160040616989136
0.22039508819580078,-0.4726088047027588,0.057260267436504364
0.2263677418231964,-0.4394058585166931,0.07338554412126541
0.2355182021856308,-0.46799221634864807,0.08962326496839523
0.25134390592575073,-0.5223116874694824,0.15138420462608337
0.2471112757921219,-0.4934650957584381,0.13925747573375702
0.23655328154563904,-0.4923163950443268,0.17012381553649902
0.2405456304550171,-0.5215030908584595,0.1816488802433014
0.24715924263000488,-0.5242957472801208,0.11845621466636658
0.24066075682640076,-0.4958353638648987,0.1042431965470314
0.23320141434669495,-0.5255826711654663,0.08833432197570801
0.22666671872138977,-0.49912211298942566,0.07345304638147354
0.21482732892036438,-0.5296134948730469,0.06807762384414673
0.20687441527843475,-0.5047135353088379,0.05069097876548767
0.19412049651145935,-0.5344698429107666,0.05536079406738281
0.18348181247711182,-0.5114357471466064,0.037925854325294495
0.15955114364624023,-0.517791748046875,0.033054500818252563
0.17270320653915405,-0.5408307313919067,0.05022425204515457
0.15226846933364868,-0.5439540147781372,0.05578947812318802
0.13753297924995422,-0.5232728719711304,0.03726111352443695
0.12252338230609894,-0.5480301976203918,0.0857086330652237
0.10665858536958694,-0.5231831669807434,0.07414453476667404
0.11761453002691269,-0.524955689907074,0.05213645100593567
0.13433508574962616,-0.5478084087371826,0.06724897772073746
0.17400677502155304,-0.6487293839454651,0.10760477930307388
0.1612395942211151,-0.6234298348426819,0.10493790358304977
0.17526720464229584,-0.6169232130050659,0.09583093225955963
0.18639817833900452,-0.6423379182815552,0.0989316999912262
0.19916324317455292,-0.6342546343803406,0.09272985905408859
0.18948382139205933,-0.6107712388038635,0.09033165872097015
0.20383958518505096,-0.6073706150054932,0.0858287662267685
0.21632124483585358,-0.6293831467628479,0.09011417627334595
0.2366650402545929,-0.6010791063308716,0.0995616465806961
0.2466016411781311,-0.6236692070960999,0.10279399156570435
0.23163215816020966,-0.6252473592758179,0.0935785323381424
0.2205946445465088,-0.6038588285446167,0.08921182155609131
0.2543735206127167,-0.5992872714996338,0.11673074960708618
0.26324909925460815,-0.6226144433021545,0.11929820477962494
0.2631354033946991,-0.6009478569030762,0.1432933807373047
0.2696434557437897,-0.6275842785835266,0.14494994282722473
0.26417791843414307,-0.6063054203987122,0.17425616085529327
0.2687471807003021,-0.6330587863922119,0.17350822687149048
0.15975463390350342,-0.6307438015937805,0.15898676216602325
0.15130503475666046,-0.6306767463684082,0.13966664671897888
0.16193097829818726,-0.65814208984375,0.13668429851531982
0.16924944519996643,-0.6596243381500244,0.15500856935977936
0.19057172536849976,-0.6289825439453125,0.19962678849697113
0.19878897070884705,-0.6568782925605774,0.18872977793216705
0.2173880934715271,-0.6499404311180115,0.20802052319049835
0.211998850107193,-0.6219310164451599,0.2174474596977234
0.25521355867385864,-0.5502125024795532,0.1623561829328537
0.2499101758003235,-0.5500385165214539,0.12988339364528656
0.2395976185798645,-0.5506618022918701,0.1011168360710144
0.22243814170360565,-0.5531588196754456,0.0828847885131836
0.13654348254203796,-0.5731836557388306,0.09391404688358307
0.14962314069271088,-0.5711148381233215,0.07827295362949371
0.13785332441329956,-0.5710088610649109,0.158479705452919
0.1304246485233307,-0.5727550983428955,0.13628502190113068
0.23162966966629028,-0.5848370790481567,0.21811093389987946
0.25368428230285645,-0.5814201831817627,0.20080992579460144
0.24644944071769714,-0.5519003868103027,0.1922360211610794
0.22389516234397888,-0.5551284551620483,0.20989325642585754
0.25696566700935364,-0.5759839415550232,0.13822317123413086
0.2466026246547699,-0.5748211741447449,0.1107620969414711
0.22994470596313477,-0.5773314237594604,0.0940646082162857
0.19517284631729126,-0.5851007103919983,0.07731807231903076
0.21338686347007751,-0.5795688033103943,0.08290499448776245
0.17919939756393433,-0.589399516582489,0.08055859804153442
0.14901411533355713,-0.598344624042511,0.09965862333774567
0.1630316823720932,-0.5946090817451477,0.08696908503770828
0.1501360386610031,-0.6015894412994385,0.16024449467658997
0.14196006953716278,-0.6020991206169128,0.13983449339866638
0.24429325759410858,-0.643509566783905,0.21444936096668243
0.2642127275466919,-0.6386118531227112,0.2000640630722046
0.2617890238761902,-0.6097323298454285,0.20472991466522217
0.2401828020811081,-0.6151472926139832,0.22190938889980316
0.24490749835968018,-0.6688336133956909,0.19759120047092438
0.2237359583377838,-0.6737691760063171,0.19314301013946533
0.22450289130210876,-0.6491193175315857,0.08489656448364258
0.2085309624671936,-0.6541438102722168,0.0866934135556221
0.24060840904712677,-0.6459611058235168,0.08826787024736404
0.27484411001205444,-0.6551570892333984,0.14268580079078674
0.2705059051513672,-0.6480264663696289,0.1159503236413002
0.2722313106060028,-0.6627556085586548,0.16934353113174438
0.2632327973842621,-0.664154052734375,0.19048231840133667
0.18405434489250183,-0.7019118666648865,0.12163254618644714
0.18955692648887634,-0.7051352262496948,0.1382976770401001
0.17848996818065643,-0.6816682815551758,0.14802324771881104
0.17372873425483704,-0.6795785427093506,0.1318022757768631
0.1887877881526947,-0.6907108426094055,0.09214095026254654
0.18629541993141174,-0.6693786978721619,0.10508463531732559
0.19372069835662842,-0.6610336303710938,0.09427785873413086
0.19934891164302826,-0.6834099888801575,0.07825407385826111
0.23194709420204163,-0.6714226007461548,0.06876590847969055
0.21448704600334167,-0.6765480637550354,0.07054373621940613
0.25051990151405334,-0.6678425669670105,0.07240323722362518
0.27776801586151123,-0.6755082607269287,0.10847300291061401
0.2684042453765869,-0.6682720184326172,0.08467753231525421
0.2581554055213928,-0.6444638967514038,0.09720917046070099
0.28324317932128906,-0.6839652061462402,0.13705582916736603
0.27709776163101196,-0.7259899973869324,0.14634016156196594
0.29233434796333313,-0.7147629857063293,0.12594692409038544
0.27208372950553894,-0.6952111124992371,0.16177749633789062
0.26888734102249146,-0.8303130269050598,0.11158372461795807
0.2724650204181671,-0.8640676140785217,0.09628400206565857
0.29173827171325684,-0.8577132225036621,0.09199663996696472
0.290762335062027,-0.8236266374588013,0.1062687337398529
0.18808616697788239,-0.7294409275054932,0.10903355479240417
0.19579675793647766,-0.7310775518417358,0.12644289433956146
0.20295891165733337,-0.7092378735542297,0.0616120845079422
0.19043049216270447,-0.7170814275741577,0.0759582370519638
0.2983150780200958,-0.7346681356430054,0.08314007520675659
0.2858636975288391,-0.7266064286231995,0.057768747210502625
0.27868160605430603,-0.696195662021637,0.07155105471611023
0.2895757853984833,-0.7040834426879883,0.09649308025836945
0.20484262704849243,-0.8288674354553223,0.08968968689441681
0.19818034768104553,-0.7963494062423706,0.1031089574098587
0.19046035408973694,-0.7922789454460144,0.08388026058673859
0.19759728014469147,-0.8250321745872498,0.07166922092437744
0.20456305146217346,-0.7387219667434692,0.04650320112705231
0.20964641869068146,-0.7707958817481995,0.03425763547420502
0.19714504480361938,-0.779235303401947,0.04892037808895111
0.19307030737400055,-0.7474289536476135,0.061368733644485474
0.30232176184654236,-0.8033866882324219,0.05745339393615723
0.29241058230400085,-0.7975158095359802,0.03631231188774109
0.28905364871025085,-0.7602794766426086,0.04488787055015564
0.30138200521469116,-0.7677590250968933,0.06914110481739044
0.2846088111400604,-0.7573851943016052,0.13292673230171204
0.2894951403141022,-0.7901590466499329,0.11936090886592865
0.3024604320526123,-0.7787502408027649,0.09878329932689667
0.29911673069000244,-0.7459889650344849,0.11207084357738495
0.26056283712387085,-0.7638373374938965,0.13841375708580017
0.26563766598701477,-0.7965523600578308,0.12566736340522766
0.22266486287117004,-0.8932583928108215,0.04833059012889862
0.2277229279279709,-0.8987694382667542,0.061478391289711
0.21606294810771942,-0.8629377484321594,0.07534152269363403
0.21012362837791443,-0.8581056594848633,0.060074687004089355
0.21795931458473206,-0.8053151965141296,0.025613710284233093
0.22870665788650513,-0.8419307470321655,0.020350515842437744
0.21677173674106598,-0.8479424118995667,0.03160466253757477
0.20417991280555725,-0.8127984404563904,0.0385219007730484
0.30422738194465637,-0.8796459436416626,0.03720596432685852
0.2945939302444458,-0.8759158253669739,0.019005626440048218
0.294230580329895,-0.8366060256958008,0.02672785520553589
0.30269473791122437,-0.8410633206367493,0.04589757323265076
0.2936497926712036,-0.8935935497283936,0.07527211308479309
0.3052542805671692,-0.8862310647964478,0.05942845344543457
0.305053174495697,-0.8484034538269043,0.07268223166465759
0.27661070227622986,-0.8995761275291443,0.08001750707626343
0.28096914291381836,-0.9349206686019897,0.06640568375587463
0.29528212547302246,-0.9299864768981934,0.06245160102844238
0.232784703373909,-0.9286813139915466,0.036779046058654785
0.2393357753753662,-0.9327688217163086,0.0488562285900116
0.2345258742570877,-0.9214842915534973,0.016430824995040894
0.22725383937358856,-0.8850201368331909,0.024389058351516724
0.23690015077590942,-0.8793379664421082,0.014107167720794678
0.24258218705654144,-0.9160317778587341,0.006582498550415039
0.26766037940979004,-0.8753214478492737,0.005069106817245483
0.27028536796569824,-0.9123203158378601,-0.001508951187133789
0.2559448778629303,-0.9126598834991455,-1.558661460876465e-05
0.25146666169166565,-0.8758910298347473,0.006564289331436157
0.295553058385849,-0.9120178818702698,0.011904031038284302
0.283297061920166,-0.9112195372581482,0.002569824457168579
0.28137609362602234,-0.8744314908981323,0.006706446409225464
0.30464616417884827,-0.9149041771888733,0.02882036566734314
0.30568066239356995,-0.9222410917282104,0.04908975958824158
0.014296025037765503,-0.38579365611076355,0.016767598688602448
0.020766057074069977,-0.3887441158294678,0.007071100175380707
0.02171281725168228,-0.39887601137161255,0.03642004728317261
0.01603851467370987,-0.39177370071411133,0.04386752098798752
0.12406083941459656,-0.47681325674057007,0.15653854608535767
0.11038496345281601,-0.44756168127059937,0.14729729294776917
0.1418112814426422,-0.537977397441864,0.17624083161354065
0.13428735733032227,-0.5073691606521606,0.16711927950382233
0.1518404185771942,-0.5694113969802856,0.1816331148147583
0.17427295446395874,-0.632236123085022,0.17745891213417053
0.16335059702396393,-0.6010026931762695,0.1816086769104004
0.18265095353126526,-0.6599316000938416,0.17183932662010193
0.19218239188194275,-0.6836273074150085,0.1638769507408142
0.20178550481796265,-0.7068451046943665,0.15312346816062927
0.21320241689682007,-0.762683629989624,0.1288548856973648
0.2102082222700119,-0.7319480776786804,0.13955287635326385
0.19635194540023804,-0.7629335522651672,0.11462770402431488
0.22200971841812134,-0.8311551809310913,0.10414391756057739
0.2165612131357193,-0.7968742251396179,0.11811557412147522
0.24124836921691895,-0.9018130898475647,0.07202425599098206
0.23074184358119965,-0.866705060005188,0.0888085663318634
0.25196194648742676,-0.9350724220275879,0.05750200152397156
0.09683408588171005,-0.34509581327438354,0.13273707032203674
0.08818591386079788,-0.3306528329849243,0.13058841228485107
0.06333509832620621,-0.3485291302204132,0.12540742754936218
0.06992543488740921,-0.359337717294693,0.12262913584709167
0.014523126184940338,-0.3784223794937134,0.0805027186870575
0.014806695282459259,-0.38051342964172363,0.07409387826919556
0.01827409118413925,-0.3796257972717285,0.08831362426280975
0.016789644956588745,-0.3768240809440613,0.0935303196310997
0.25976771116256714,-0.578859806060791,0.1707424521446228
0.2051788866519928,-0.5556614995002747,0.07109051942825317
0.16701729595661163,-0.5658916234970093,0.07035637646913528
0.18505176901817322,-0.5628939867019653,0.06584540009498596
0.18018725514411926,-0.598500669002533,0.20625437796115875
0.2041405737400055,-0.5920765399932861,0.21978652477264404
0.1956607699394226,-0.5608277916908264,0.2144446074962616
0.17097222805023193,-0.5667556524276733,0.20190802216529846
0.25541380047798157,-0.7351928353309631,0.1519279181957245
0.23103247582912445,-0.7338764071464539,0.14851637184619904
0.2363997846841812,-0.763843297958374,0.13490119576454163
0.2514493763446808,-0.7095439434051514,0.16688796877861023
0.2605486512184143,-0.6935164332389832,0.05568394064903259
0.2396424114704132,-0.6960943341255188,0.05010819435119629
0.2243310809135437,-0.7309710383415222,0.036883339285850525
0.22026214003562927,-0.7018639445304871,0.052907153964042664
0.24459809064865112,-0.7251718640327454,0.033849701285362244
0.15587733685970306,-0.5035291910171509,0.1885719895362854
0.16233229637145996,-0.5344701409339905,0.19638881087303162
0.18914194405078888,-0.5289008021354675,0.20630183815956116
0.18317486345767975,-0.4966854453086853,0.19808468222618103
0.11973440647125244,-0.06664688140153885,0.0034071539994329214
0.12822476029396057,-0.07757756859064102,0.020021891221404076
0.07280974090099335,-0.001525823026895523,0.2014511674642563
0.06409762799739838,-0.0075623951852321625,0.201819509267807
0.07411494851112366,-0.020737402141094208,0.19109851121902466
0.08608201146125793,-0.013955552130937576,0.18821905553340912
0.09287137538194656,-0.005699381232261658,0.19071060419082642
0.079392209649086,0.006442885845899582,0.20420274138450623
0.0969853326678276,0.004354216158390045,0.19562041759490967
0.08401191234588623,0.014932803809642792,0.20761510729789734
0.10836569219827652,0.041000597178936005,0.23586250841617584
0.11056753247976303,0.04230955243110657,0.24457457661628723
-0.018675098195672035,-0.03481660783290863,0.18519385159015656
-0.020572515204548836,-0.058878906071186066,0.18614265322685242
0.0007106289267539978,-0.05985621362924576,0.19153249263763428
0.042215459048748016,-0.216373011469841,0.12852466106414795
0.058544814586639404,-0.25766944885253906,0.11655125021934509
0.03730233758687973,-0.2652724087238312,0.12232627719640732
0.03372025862336159,-0.28687968850135803,0.13000479340553284
0.010514907538890839,-0.34680408239364624,0.1284284144639969
0.006308358162641525,-0.3584992587566376,0.11594629287719727
0.009907834231853485,-0.3716094195842743,0.09639588743448257
0.010885518044233322,-0.3747321665287018,0.08323757350444794
0.09563831984996796,0.003232632763683796,-0.01143636554479599
0.10458910465240479,0.025733470916748047,0.0011818371713161469
0.09961742907762527,0.1846107691526413,0.08212171494960785
0.1219898909330368,0.18039470911026,0.0974806398153305
0.11822532117366791,0.19832634925842285,0.11429930478334427
0.09746339917182922,0.20210635662078857,0.09951400756835938
0.09497249126434326,0.21029849350452423,0.1076018214225769
0.11433511227369308,0.2063484489917755,0.1216878592967987
0.0714360699057579,0.25390034914016724,0.15146231651306152
0.07775901257991791,0.2441239058971405,0.14196354150772095
0.01233285665512085,-0.3794074058532715,0.05804261565208435
0.012158580124378204,-0.38128045201301575,0.04718492180109024
0.013940677046775818,-0.38290056586265564,0.06611748784780502
0.0539395809173584,-0.38600149750709534,0.10872230678796768
0.047912709414958954,-0.3735022246837616,0.10820282995700836
0.03257876634597778,-0.38518282771110535,0.08866387605667114
0.03810107707977295,-0.3948645293712616,0.0885545164346695
0.19499897956848145,-0.32530370354652405,0.03382760286331177
0.1961263120174408,-0.32067757844924927,0.0755842924118042
0.09784534573554993,-0.3908553123474121,-0.05205979198217392
-0.00011098384857177734,-0.029055800288915634,0.3194652497768402
0.024305611848831177,-0.020847730338573456,0.30674147605895996
0.029541611671447754,-0.02606075443327427,0.3185262382030487
0.004045933485031128,-0.032835617661476135,0.33193591237068176
0.13430875539779663,0.09487687051296234,0.0465807281434536
0.13145221769809723,0.06746526062488556,0.03872520849108696
0.10043835639953613,0.18741735816001892,0.22467167675495148
0.13337576389312744,0.16200919449329376,0.27724912762641907
0.1314951330423355,0.169904887676239,0.2653796672821045
0.10844776034355164,0.15744435787200928,0.2726430594921112
0.10979411751031876,0.1528400182723999,0.28304004669189453
0.1919875144958496,0.13722462952136993,0.23236286640167236
0.18979746103286743,0.14675216376781464,0.2134799212217331
0.18317505717277527,0.1571241170167923,0.2279287427663803
0.1842755824327469,0.14696605503559113,0.2439461350440979
0.0596945583820343,-0.2614045739173889,-0.1415833830833435
0.03144753351807594,-0.26349884271621704,-0.14291271567344666
0.059204407036304474,-0.05328744649887085,-0.054176438599824905
0.064607173204422,-0.031717728823423386,-0.04268685728311539
0.08183212578296661,-0.03934910520911217,-0.03532944247126579
0.07737971842288971,-0.05987852066755295,-0.047100991010665894
0.1537582129240036,0.06755703687667847,0.07267135381698608
0.156751811504364,0.04632427915930748,0.07859119772911072
-0.01668170467019081,0.03287797048687935,0.20561623573303223
-0.008626006543636322,0.033352769911289215,0.21557080745697021
-0.0070590004324913025,0.04661247134208679,0.22031299769878387
-0.016453664749860764,0.04791735112667084,0.20969918370246887
0.07360123097896576,-0.011292627081274986,0.32844796776771545
0.061588823795318604,-0.019999807700514793,0.3184777796268463
0.08293373882770538,-0.009271969087421894,0.30013203620910645
0.09279273450374603,-0.004520353861153126,0.3059523105621338
0.15733520686626434,-0.3540983498096466,-0.04205701872706413
0.1810019463300705,-0.33080607652664185,-0.014333847910165787
0.13987554609775543,-0.06016755476593971,0.06658285856246948
0.13563714921474457,-0.07470286637544632,0.0518859401345253
0.13184581696987152,-0.0625268891453743,0.032586488872766495
0.13778316974639893,-0.047621436417102814,0.046899691224098206
0.15054534375667572,-0.02297167479991913,0.1131565049290657
0.14766044914722443,-0.033154331147670746,0.09731964766979218
0.1532161831855774,-0.012345894239842892,0.1296980381011963
0.14042320847511292,0.026678403839468956,0.24382707476615906
0.14804333448410034,0.026803230866789818,0.23140934109687805
0.15343524515628815,0.026405094191432,0.23071493208408356
0.07822076231241226,-0.3760475814342499,0.12694591283798218
0.05177464336156845,-0.3302835524082184,0.13642701506614685
0.040335725992918015,-0.3203739821910858,0.1385708451271057
0.012872196733951569,-0.3776499629020691,0.06734113395214081
0.011672087013721466,-0.3760736286640167,0.07035978138446808
0.08663908392190933,0.19640547037124634,0.22046151757240295
0.09542907774448395,0.2075352519750595,0.21194007992744446
0.08568139374256134,0.01716354861855507,0.2748059332370758
0.1032181829214096,0.02583959884941578,0.268545925617218
0.14806628227233887,0.01975346729159355,0.21313084661960602
0.14659146964550018,0.02272855117917061,0.22255733609199524
0.13636942207813263,0.025516284629702568,0.2282716929912567
0.13574188947677612,0.022671638056635857,0.22011885046958923
0.15720337629318237,0.021322157233953476,0.20768001675605774
0.15395790338516235,0.02257530763745308,0.21849508583545685
0.05911727249622345,0.08436810970306396,0.2813350558280945
0.064934641122818,0.10012046247720718,0.2879030704498291
0.059943631291389465,0.10505296289920807,0.2802262306213379
0.054503750056028366,0.08939468115568161,0.2768534719944
0.0504193976521492,0.09190165996551514,0.26985621452331543
0.05734708905220032,0.10892844945192337,0.27286750078201294
0.05345206707715988,0.11137628555297852,0.26344701647758484
0.0447712317109108,0.0942210778594017,0.26086509227752686
0.08189330250024796,0.16614675521850586,0.2361549735069275
0.061671432107686996,0.15981589257717133,0.23771238327026367
0.04362734407186508,0.1551288664340973,0.23443907499313354
0.027135320007801056,0.15411746501922607,0.2287537008523941
0.08442776650190353,0.23484772443771362,0.13326382637023926
0.10384418070316315,0.22836337983608246,0.14959931373596191
0.10576459765434265,0.22171278297901154,0.13806813955307007
0.08901377022266388,0.22625593841075897,0.1240541934967041
0.07413589954376221,0.2316254824399948,0.11417990177869797
0.06953948736190796,0.24071992933750153,0.12433446943759918
0.07151627540588379,0.18298573791980743,0.2266201674938202
0.05448105186223984,0.17883387207984924,0.23165857791900635
0.03559461236000061,0.17123331129550934,0.22910049557685852
-0.01250728964805603,0.04811707139015198,0.3586719036102295
0.01183260977268219,0.05691999942064285,0.3493199050426483
0.10256266593933105,0.23563611507415771,0.19632457196712494
0.10152839869260788,0.22195427119731903,0.20490160584449768
-0.00541234016418457,0.03739238902926445,0.3709169924259186
0.020971909165382385,0.045647032558918,0.3615199327468872
0.08684676885604858,0.14270547032356262,0.26891329884529114
0.08888870477676392,0.14071066677570343,0.27766576409339905
0.10690818727016449,0.16082537174224854,0.26235470175743103
0.07436790317296982,0.18817338347434998,0.22776731848716736
0.05849476903676987,0.18428172171115875,0.23470282554626465
0.18865445256233215,-0.29290178418159485,0.030980397015810013
0.1862611174583435,-0.2912081182003021,0.07202820479869843
0.12911628186702728,-0.10947117209434509,0.08209947496652603
0.11842360347509384,-0.11888720840215683,0.10249661654233932
-0.041796304285526276,-0.10116878151893616,0.17346630990505219
-0.04000849649310112,-0.11959550529718399,0.1700552999973297
-0.019386013969779015,-0.12321195006370544,0.17519432306289673
-0.020866036415100098,-0.10326474159955978,0.18001265823841095
-0.0390404611825943,-0.03412162512540817,0.17624780535697937
-0.04169287532567978,-0.05812082439661026,0.17782269418239594
0.03922437131404877,0.18856652081012726,0.24663102626800537
0.008731257170438766,-0.16494372487068176,0.16815319657325745
0.003501463681459427,-0.1440306007862091,0.1719304323196411
-0.016075078397989273,-0.14414651691913605,0.17047640681266785
-0.011334972456097603,-0.16729575395584106,0.16579821705818176
-0.013017239980399609,-0.19143040478229523,0.1552615463733673
-0.010534439235925674,-0.20249493420124054,0.14912936091423035
0.01602768525481224,-0.30146968364715576,0.1355305314064026
0.004565456882119179,-0.30072906613349915,0.13242988288402557
0.055892214179039,0.08738845586776733,0.2999027371406555
0.0620756596326828,0.09091538935899734,0.31653010845184326
0.07401330769062042,0.09950067102909088,0.3134634792804718
0.06509870290756226,0.09423121809959412,0.2977098226547241
0.04849985986948013,-0.1592097133398056,0.15363162755966187
0.02868039906024933,-0.1625790297985077,0.16352467238903046
0.0924803763628006,0.04272710531949997,0.2394905537366867
0.10556638240814209,0.03706647455692291,0.22649803757667542
-0.01807112619280815,-0.011807776987552643,0.18441927433013916
0.000912688672542572,0.034030184149742126,0.22422698140144348
0.0023669935762882233,0.045631036162376404,0.22844547033309937
0.011143255978822708,0.034174688160419464,0.23110249638557434
0.012981932610273361,0.04442030191421509,0.23555999994277954
0.011753536760807037,-0.37612345814704895,0.0599980354309082
0.012117646634578705,-0.375225305557251,0.054941728711128235
0.13653983175754547,0.04032546654343605,0.3249007761478424
0.13600534200668335,0.032880764454603195,0.32024312019348145
0.15024280548095703,0.03864937275648117,0.3089674413204193
0.15051355957984924,0.046221379190683365,0.3148467242717743
0.035238415002822876,-0.4123549163341522,0.06657885760068893
0.028099775314331055,-0.39800581336021423,0.06473185122013092
0.02508670836687088,-0.3763608932495117,-0.02070222795009613
0.012021727859973907,-0.3800203800201416,-0.00358416885137558
0.007368795573711395,-0.37114688754081726,-0.017049521207809448
0.006092697381973267,-0.3663170337677002,-0.031308405101299286
0.12763290107250214,-0.4131646752357483,0.15939033031463623
0.11544334888458252,-0.38739073276519775,0.1512984335422516
0.13857577741146088,-0.44164109230041504,0.16777169704437256
0.14796790480613708,-0.4725703299045563,0.1782764047384262
0.20748668909072876,-0.6805675029754639,0.17775553464889526
0.2236184924840927,-0.7051068544387817,0.16604363918304443
0.2407352179288864,-0.7968904376029968,0.12166456878185272
0.24507266283035278,-0.8308940529823303,0.108106330037117
0.25112172961235046,-0.8661832213401794,0.09301462769508362
0.2665195167064667,-0.936654269695282,0.06389686465263367
0.25862693786621094,-0.9023211002349854,0.07655075192451477
0.0018312335014343262,0.022009573876857758,0.3770909905433655
0.006079316139221191,0.006732075475156307,0.3783644139766693
0.035272419452667236,0.014682073146104813,0.369141548871994
0.03037305176258087,0.03120720386505127,0.36709070205688477
0.03731752932071686,0.01037616841495037,0.2859365940093994
0.014774218201637268,0.0019270982593297958,0.29509732127189636
0.009959667921066284,0.015489121899008751,0.2940765917301178
0.03233318030834198,0.024614958092570305,0.2846052050590515
-0.008539408445358276,-0.007659539580345154,0.3052174746990204
0.019333213567733765,-0.011063359677791595,0.29865890741348267
-0.004299968481063843,-0.019940529018640518,0.31038686633110046
0.008381694555282593,-0.03134480491280556,0.3453938961029053
0.03466421365737915,-0.025874460116028786,0.3314593732357025
0.03940340876579285,-0.01965939626097679,0.3446224331855774
0.010892689228057861,-0.026088684797286987,0.3577764332294464
0.00980958342552185,-0.007333709392696619,0.37583163380622864
0.010754704475402832,-0.017731033265590668,0.36808639764785767
0.03909924626350403,-0.011576024815440178,0.35804978013038635
0.03698517382144928,-0.0002599423751235008,0.36624875664711
-0.02256011962890625,0.031844478100538254,0.3066115081310272
0.0015743076801300049,0.041916947811841965,0.29673296213150024
0.0058465152978897095,0.028401877731084824,0.29439663887023926
-0.01797693967819214,0.018583964556455612,0.30434107780456543
0.07329605519771576,0.08694633841514587,0.3320383131504059
0.08770795166492462,0.09712733328342438,0.3283950686454773
0.100101999938488,0.057455454021692276,0.26162010431289673
0.09897555410861969,0.05952892452478409,0.2628623843193054
0.08190064132213593,0.07033330947160721,0.27079156041145325
0.08624809980392456,0.07008173316717148,0.2745257019996643
0.02938307821750641,0.07150103896856308,0.3258691132068634
0.036894187331199646,0.06463778018951416,0.34220603108406067
0.05682879686355591,0.07544675469398499,0.3357952833175659
0.04814818501472473,0.08044524490833282,0.3200525939464569
0.024345368146896362,0.050981536507606506,0.28795522451400757
0.044198960065841675,0.059433937072753906,0.2799675166606903
0.049415454268455505,0.04557684436440468,0.276847243309021
0.02833983302116394,0.037213489413261414,0.2849566340446472
0.07786326110363007,-0.008664622902870178,0.290535569190979
0.05577312409877777,-0.02009773999452591,0.3048447370529175
0.06465564668178558,0.08282283693552017,0.2828313708305359
0.05526097118854523,0.07842564582824707,0.2850552201271057
0.09056635200977325,0.03675837814807892,0.22985351085662842
0.13339094817638397,0.01900605484843254,0.21291670203208923
0.13170716166496277,0.014634009450674057,0.2041318118572235
0.056821711361408234,0.0031717605888843536,0.2117384523153305
0.053392745554447174,0.010959595441818237,0.22088028490543365
0.11517658829689026,0.006822165101766586,0.19207975268363953
0.11377371847629547,-0.004912883043289185,0.1836085021495819
0.05854729190468788,0.010238438844680786,0.21877732872962952
0.06338351964950562,0.00645572692155838,0.21198835968971252
0.04214772209525108,-0.062444303184747696,0.18901005387306213
0.03210270404815674,0.16356749832630157,0.22730019688606262
0.04216162860393524,0.07139688730239868,0.2901754081249237
0.042907074093818665,0.07883250713348389,0.30443835258483887
0.1096353530883789,0.0026227226480841637,0.2917519211769104
0.10288386046886444,0.0016813082620501518,0.2851687967777252
0.1198861300945282,0.011417590081691742,0.27219000458717346
0.12453773617744446,0.010595843195915222,0.27829450368881226
0.18107542395591736,0.06165636330842972,0.12942492961883545
0.17922022938728333,0.046534109860658646,0.1339629590511322
0.1693391501903534,0.0477205291390419,0.10592766851186752
0.1691828817129135,0.06515343487262726,0.1005595251917839
0.12592171132564545,0.05407987907528877,0.3336171805858612
0.14016717672348022,0.061893511563539505,0.3266693353652954
0.13315466046333313,0.06886985898017883,0.3324742019176483
0.11742782592773438,0.05920873582363129,0.3381255567073822
0.12017521262168884,0.07838787138462067,0.33640530705451965
0.1037176251411438,0.08934362232685089,0.3376026451587677
0.08727183938026428,0.07823319733142853,0.340720534324646
0.10319367051124573,0.06760857254266739,0.3410898745059967
0.17627140879631042,-0.2643182873725891,-0.007552778348326683
0.1645558774471283,-0.2670087516307831,-0.040006332099437714
0.09383492916822433,-0.1902911365032196,0.0940692126750946
0.11014527827501297,-0.18125209212303162,0.07802726328372955
0.08243493735790253,-0.24260348081588745,0.10408446937799454
0.025883570313453674,-0.37644433975219727,0.09819310903549194
0.0393504872918129,-0.36147546768188477,0.12094426155090332
0.04685349017381668,-0.4403729736804962,0.06838230788707733
0.17869865894317627,-0.262184739112854,0.027558233588933945
0.08422821015119553,-0.4945722818374634,0.08391983807086945
0.06441818922758102,-0.4672965109348297,0.07532060891389847
0.12150028347969055,-0.4994205832481384,0.020179659128189087
0.10295961797237396,-0.4728390574455261,0.003407895565032959
0.1316155195236206,-0.47064676880836487,-0.0026904046535491943
0.1462673544883728,-0.49598246812820435,0.014070123434066772
0.16052117943763733,-0.4636750817298889,0.002252832055091858
0.17251628637313843,-0.48954933881759644,0.020279154181480408
0.2170669436454773,-0.5234143137931824,0.20052359998226166
0.22847279906272888,-0.7635628581047058,0.024771809577941895
0.25641077756881714,-0.7960692048072815,0.016215935349464417
0.23615150153636932,-0.7996915578842163,0.017468109726905823
0.2502131164073944,-0.7585236430168152,0.02257375419139862
0.26695603132247925,-0.7233445644378662,0.03979942202568054
0.27156132459640503,-0.7571640014648438,0.029009521007537842
0.3038441836833954,-0.8129817247390747,0.08687016367912292
0.2445940524339676,-0.8373083472251892,0.013295233249664307
0.26269519329071045,-0.8355929255485535,0.011736512184143066
0.27628207206726074,-0.794983446598053,0.02283462882041931
0.2798631191253662,-0.8344668745994568,0.015605151653289795
0.022646479308605194,-0.39042025804519653,0.06732599437236786
0.006201688200235367,-0.3618257939815521,-0.04888301342725754
0.16935455799102783,-0.29357802867889404,0.10078704357147217
0.1823776662349701,-0.31918108463287354,0.10639940947294235
0.08215553313493729,-0.3181886672973633,0.13238020241260529
0.10717692971229553,-0.29848793148994446,0.1257939338684082
0.08493301272392273,-0.13438482582569122,0.13381417095661163
0.06569433212280273,-0.1382678598165512,0.14654847979545593
0.08344931900501251,-0.09862074255943298,0.15304668247699738
0.0844673439860344,-0.11765390634536743,0.1426924169063568
0.10249514132738113,-0.11150678992271423,0.13000740110874176
0.1017245426774025,-0.09398598968982697,0.1414431929588318
0.1301715075969696,-0.08200366050004959,0.10924536734819412
0.12903182208538055,-0.09608731418848038,0.09505566209554672
0.1344897449016571,-0.08595103025436401,0.07354411482810974
0.1364980936050415,-0.07161683589220047,0.08770645409822464
0.13351425528526306,-0.08854451775550842,0.03924053907394409
0.13407620787620544,-0.09934300184249878,0.06047207489609718
0.10300692170858383,-0.0277425404638052,-0.012593278661370277
0.11038853973150253,-0.008237717673182487,0.001466384157538414
0.12180054187774658,-0.02058405429124832,0.015084931626915932
0.1145743876695633,-0.0387607142329216,0.0013653067871928215
0.02664460986852646,-0.3095523416996002,0.13962629437446594
0.017848588526248932,-0.3822505474090576,0.08110678195953369
0.10547476261854172,-0.3630949854850769,0.1419367790222168
0.1265130341053009,-0.33103689551353455,0.13563981652259827
0.157986581325531,-0.3220250606536865,0.12825965881347656
0.09726302325725555,0.03461511433124542,0.270476758480072
0.18095791339874268,0.04350815340876579,0.18876811861991882
0.18476933240890503,0.05321761220693588,0.19262973964214325
0.06982524693012238,0.06632068753242493,0.34624576568603516
0.08624197542667389,0.0560733824968338,0.34838181734085083
0.0598805695772171,0.06651312112808228,0.2741858959197998
0.08367234468460083,0.10569752752780914,0.31306350231170654
0.07830760627985,0.10205795615911484,0.29945605993270874
0.07313979417085648,0.09777077287435532,0.29773369431495667
0.11320115625858307,-0.24210244417190552,0.09689760208129883
0.12122898548841476,-0.26159152388572693,0.1071171909570694
0.1467641144990921,-0.24811621010303497,0.08807272464036942
0.010565988719463348,-0.3804459571838379,0.013602301478385925
0.009095430374145508,-0.3745199739933014,0.003596380352973938
0.05931572616100311,-0.33985570073127747,0.13273894786834717
0.11679638922214508,-0.5475113391876221,0.10673601180315018
0.10263755917549133,-0.5204246044158936,0.09693294018507004
0.1294202208518982,-0.574684202671051,0.1134197860956192
0.14141754806041718,-0.6011472344398499,0.11792779713869095
0.15224982798099518,-0.628524661064148,0.12038622796535492
0.16421936452388763,-0.6533687114715576,0.12027659267187119
0.17594411969184875,-0.674201488494873,0.11739734560251236
0.18372273445129395,-0.6971848607063293,0.10686437040567398
0.18790458142757416,-0.7599201202392578,0.09598293900489807
0.1855851411819458,-0.7241623997688293,0.09258213639259338
0.18733492493629456,-0.7544494271278381,0.07850217819213867
0.19060377776622772,-0.7862680554389954,0.06569941341876984
0.21108044683933258,-0.8528191447257996,0.044318512082099915
0.1977851837873459,-0.8189538717269897,0.05402113497257233
0.22319018840789795,-0.8884013891220093,0.035598427057266235
0.2321430742740631,-0.9244369864463806,0.026348739862442017
0.01169588416814804,-0.37694251537323,0.04670749604701996
0.012259207665920258,-0.37826186418533325,0.031694985926151276
0.0849706158041954,0.1438612937927246,0.2581479251384735
0.12223059684038162,0.03153521567583084,0.22742190957069397
0.1241547018289566,0.03343511000275612,0.23492978513240814
0.06836962699890137,0.07131612300872803,0.27006277441978455
0.003960445523262024,-0.3559061586856842,-0.06745044142007828
0.0018124617636203766,-0.3508884608745575,-0.08616459369659424
0.06408432126045227,0.00677846185863018,0.3541072905063629
0.06387421488761902,0.021905425935983658,0.35823729634284973
0.06880886852741241,0.052577778697013855,0.2722972631454468
0.11193491518497467,0.0469050295650959,0.2496732771396637
0.11068348586559296,0.05142468214035034,0.2566070556640625
-0.2105463743209839,-0.019324228167533875,0.421295166015625
-0.2316860854625702,-0.02576146088540554,0.42038559913635254
-0.22838130593299866,-0.033101484179496765,0.42944392561912537
-0.20656898617744446,-0.02815251052379608,0.4298604726791382
-0.21290743350982666,-0.015699168667197227,0.40894150733947754
-0.23349720239639282,-0.0230107381939888,0.40881139039993286
-0.20952028036117554,-0.05634651333093643,0.36337417364120483
-0.23024553060531616,-0.06425082683563232,0.36978256702423096
-0.23234066367149353,-0.0505816824734211,0.37068450450897217
-0.21137350797653198,-0.04211223125457764,0.365349680185318
-0.25438621640205383,-0.0317990779876709,0.3979562520980835
-0.2341393530368805,-0.024568434804677963,0.39671850204467773
-0.23474544286727905,-0.02960960939526558,0.3845018148422241
-0.2547018527984619,-0.03782138228416443,0.38721132278442383
-0.2017495036125183,-0.0830870121717453,0.37761589884757996
-0.18152999877929688,-0.07653583586215973,0.3693605661392212
-0.1769716739654541,-0.08305683732032776,0.38229620456695557
-0.19764485955238342,-0.08734260499477386,0.3901298940181732
-0.1220826804637909,-0.019569531083106995,0.3481539487838745
-0.1064814031124115,-0.012346940115094185,0.34670770168304443
-0.1067797839641571,-0.02455884777009487,0.3406445384025574
-0.12284266948699951,-0.0330253466963768,0.34383928775787354
-0.16595050692558289,-0.006493434309959412,0.4225197732448578
-0.18841588497161865,-0.012924997135996819,0.4216115474700928
-0.18410015106201172,-0.02291496843099594,0.4300360381603241
-0.16098886728286743,-0.018010420724749565,0.4290883243083954
-0.1686728298664093,-0.006296007428318262,0.3816221356391907
-0.14467737078666687,-8.839787915349007e-05,0.38099372386932373
-0.14325162768363953,-0.00910334475338459,0.36882299184799194
-0.1670273244380951,-0.015808288007974625,0.3692241311073303
-0.13700827956199646,-0.014555670320987701,0.42668551206588745
-0.14199915528297424,-0.0010477788746356964,0.42315584421157837
-0.21319228410720825,-0.021613631397485733,0.38363417983055115
-0.19158706068992615,-0.013308437541127205,0.3818679749965668
-0.19000932574272156,-0.023181572556495667,0.37053683400154114
-0.21182000637054443,-0.031129643321037292,0.37359318137168884
-0.24275505542755127,-0.0907420665025711,0.3917694389820099
-0.22211036086082458,-0.08737539499998093,0.3854077458381653
-0.21826747059822083,-0.0906333327293396,0.39710021018981934
-0.23936963081359863,-0.09299588203430176,0.4028695225715637
-0.2537834048271179,-0.04701140522956848,0.38045644760131836
-0.23331022262573242,-0.039100728929042816,0.37640082836151123
-0.2526490092277527,-0.058398619294166565,0.37644797563552856
-0.2427237331867218,-0.05953654646873474,0.4337085485458374
-0.2202031910419464,-0.05758095160126686,0.43325304985046387
-0.2241521179676056,-0.04450647905468941,0.4337400197982788
-0.2461685836315155,-0.04768797755241394,0.43354660272598267
-0.16550037264823914,-0.039011165499687195,0.3534436821937561
-0.18725889921188354,-0.048105448484420776,0.35817742347717285
-0.18876993656158447,-0.03458074480295181,0.36212486028671265
-0.16608020663261414,-0.026455305516719818,0.3595077395439148
-0.16862863302230835,-0.00036823004484176636,0.4097234010696411
-0.19124218821525574,-0.007840395905077457,0.409004807472229
-0.19752994179725647,-0.05535217747092247,0.4316653609275818
-0.17437830567359924,-0.052571408450603485,0.4288327991962433
-0.17904207110404968,-0.037076063454151154,0.43130865693092346
-0.20180967450141907,-0.040629610419273376,0.4329717755317688
-0.14866122603416443,-0.06408675014972687,0.41457778215408325
-0.1711992621421814,-0.06636746972799301,0.4205979108810425
-0.17093464732170105,-0.07650964707136154,0.40878555178642273
-0.14897674322128296,-0.07327144593000412,0.4019111692905426
-0.14272397756576538,-0.04380638897418976,0.34806570410728455
-0.1431722640991211,-0.029357371851801872,0.3508194386959076
-0.16068682074546814,-0.06875404715538025,0.3617646098136902
-0.14029353857040405,-0.05971098691225052,0.35363394021987915
-0.13541725277900696,-0.07068046927452087,0.3657093048095703
-0.15679699182510376,-0.07729152590036392,0.37384700775146484
-0.10633739829063416,0.015119381248950958,0.3930203318595886
-0.12357586622238159,0.012675298377871513,0.39394432306289673
-0.12246301770210266,0.01148892566561699,0.40972277522087097
-0.10397064685821533,0.01329611986875534,0.40839308500289917
-0.11888206005096436,0.0023385081440210342,0.4214826822280884
-0.09940338134765625,0.0035083163529634476,0.41822344064712524
-0.06523200869560242,-0.008773480542004108,0.4075026214122772
-0.07834947109222412,-0.010421785525977612,0.412243515253067
-0.07297539710998535,-0.022877637296915054,0.4037950336933136
-0.05948549509048462,-0.0217931866645813,0.4006339907646179
-0.10535478591918945,-0.060967106372117996,0.3993869423866272
-0.12611570954322815,-0.06260059028863907,0.40760326385498047
-0.12766757607460022,-0.07046392560005188,0.39338934421539307
-0.10738217830657959,-0.06656192243099213,0.3842807412147522
-0.09470900893211365,-0.06199749931693077,0.36132821440696716
-0.11122697591781616,-0.0676775798201561,0.36992448568344116
-0.11654508113861084,-0.062620609998703,0.3567997217178345
-0.10132530331611633,-0.055651236325502396,0.3484141230583191
-0.04359123110771179,-0.036919403821229935,0.33352604508399963
-0.057684481143951416,-0.044295649975538254,0.3418971300125122
-0.063304603099823,-0.03439567610621452,0.33449500799179077
-0.04896342754364014,-0.026600873097777367,0.32639235258102417
-0.07016059756278992,-0.006639664992690086,0.33170661330223083
-0.07396009564399719,0.005974160507321358,0.3353954553604126
-0.06194236874580383,0.013245174661278725,0.3261600434780121
-0.057440876960754395,0.0009486004710197449,0.3233282268047333
-0.05869010090827942,0.030527997761964798,0.3799614906311035
-0.07102444767951965,0.02412228286266327,0.3857435882091522
-0.06505376100540161,0.0174688883125782,0.398968368768692
-0.05146247148513794,0.01990034058690071,0.39143991470336914
-0.08941075205802917,-0.05844521149992943,0.39123398065567017
-0.08843767642974854,-0.062099456787109375,0.37492769956588745
-0.0834859311580658,-0.011947359889745712,0.33621299266815186
-0.09417831897735596,-0.018453987315297127,0.3386770188808441
-0.09505695104598999,-0.005916653200984001,0.34375980496406555
-0.08493304252624512,0.000533130019903183,0.3406568169593811
-0.08486869931221008,0.016007408499717712,0.3611305356025696
-0.09538900852203369,0.00916026346385479,0.3651108741760254
-0.09462687373161316,0.014266314916312695,0.3769852817058563
-0.08406993746757507,0.019623542204499245,0.374111533164978
-0.08151793479919434,0.02094433084130287,0.3890720009803772
-0.09314730763435364,0.017619721591472626,0.39121612906455994
-0.08963364362716675,0.014980860985815525,0.4059268534183502
-0.07643461227416992,0.0161762572824955,0.40305066108703613
-0.07789108157157898,-0.05643033981323242,0.38769853115081787
-0.06782370805740356,-0.054674115031957626,0.38364750146865845
-0.06614315509796143,-0.04591583088040352,0.3918995261192322
-0.07681038975715637,-0.046545568853616714,0.3961419463157654
-0.08863812685012817,-0.04892721772193909,0.34248727560043335
-0.08226901292800903,-0.0560288205742836,0.3538714051246643
-0.10518401861190796,0.002247308846563101,0.36721837520599365
-0.09559091925621033,0.003567725419998169,0.3531949520111084
-0.10563713312149048,-0.00422054436057806,0.3562954366207123
-0.08408302068710327,0.004699191078543663,0.41481101512908936
-0.03933170437812805,-0.042300377041101456,0.3431950807571411
-0.023408204317092896,-0.03688104450702667,0.3329378068447113
-0.01887783408164978,-0.039283476769924164,0.34448957443237305
-0.03510361909866333,-0.04463457316160202,0.3536498248577118
-0.028683125972747803,-0.030017543584108353,0.3231646716594696
-0.03246012330055237,-0.01833719201385975,0.31702089309692383
-0.04646560549736023,0.02202247828245163,0.3160543441772461
-0.04167845845222473,0.009759940207004547,0.3139347732067108
-0.04844401776790619,0.033688198775053024,0.3241017460823059
-0.06451201438903809,0.024775885045528412,0.3348366320133209
-0.06436273455619812,0.03181035816669464,0.3468741178512573
-0.046480968594551086,0.04175606742501259,0.33674827218055725
-0.03697362542152405,0.038781747221946716,0.3696901500225067
-0.029708802700042725,0.027035396546125412,0.38178592920303345
-0.044600486755371094,0.006978543009608984,0.3954387605190277
-0.02436649799346924,0.012279236689209938,0.3863641619682312
-0.06803315877914429,-0.01952527090907097,0.3308314383029938
-0.07993462681770325,-0.0267653688788414,0.33583495020866394
-0.1941142976284027,-0.0693158358335495,0.4248814582824707
-0.21706163883209229,-0.07087438553571701,0.428250253200531
-0.215372234582901,-0.08135078847408295,0.41906988620758057
-0.19312745332717896,-0.07919862866401672,0.4145790636539459
-0.21574100852012634,-0.08807282894849777,0.4086267948150635
-0.23752793669700623,-0.08961346000432968,0.4129664897918701
-0.19250690937042236,-0.007842054590582848,0.39486730098724365
-0.21372613310813904,-0.016348546370863914,0.39610230922698975
-0.25407350063323975,-0.028976086527109146,0.4090054929256439
-0.10497662425041199,0.008619572967290878,0.37936922907829285
-0.12134522199630737,0.004534111358225346,0.3802918493747711
-0.05551719665527344,-0.0342111773788929,0.3955285847187042
-0.04342043399810791,-0.03277800977230072,0.3914795517921448
-0.047171175479888916,-0.02072518691420555,0.39628252387046814
-0.08819332718849182,-0.04615931585431099,0.4024254381656647
-0.08812665939331055,-0.026861989870667458,0.40562930703163147
-0.10991743206977844,-0.02777639403939247,0.41545480489730835
-0.1060362160205841,-0.04592747986316681,0.4113304913043976
-0.05717146396636963,-0.05158085376024246,0.37783119082450867
-0.0456661581993103,-0.04781126230955124,0.37169349193573
-0.04383504390716553,-0.04169927537441254,0.3824078440666199
-0.05537572503089905,-0.044411659240722656,0.3878192901611328
-0.0614621639251709,0.0326637364923954,0.36288881301879883
-0.07377305626869202,0.025167031213641167,0.3700648546218872
-0.01580241322517395,-0.013908451423048973,0.38428765535354614
-0.01987263560295105,-0.0022724142763763666,0.386877179145813
-0.03893604874610901,-0.006269971374422312,0.39444994926452637
-0.03357851505279541,-0.018457166850566864,0.3912847936153412
-0.05239662528038025,-0.00820094719529152,0.40137577056884766
-0.01266518235206604,-0.024837244302034378,0.3780656158924103
-0.029888629913330078,-0.03002205863595009,0.38615894317626953
-0.04288986325263977,0.04379457235336304,0.3527396321296692
-0.03139016032218933,-0.04372130334377289,0.3652404844760895
-0.014443129301071167,-0.03840404003858566,0.3567918539047241
-0.012306571006774902,-0.03339633718132973,0.36866751313209534
-0.03022974729537964,-0.03795716166496277,0.3760411739349365
-0.19437965750694275,-0.08575014024972916,0.40294742584228516
-0.17299285531044006,-0.08234140276908875,0.3961235284805298
-0.10573321580886841,-0.0417340062558651,0.3404015898704529
-0.12097710371017456,-0.050491560250520706,0.34536266326904297
-0.09271365404129028,-0.033857349306344986,0.33765876293182373
-0.2059001326560974,-0.07175254076719284,0.36789387464523315
-0.22621843218803406,-0.0783902183175087,0.37552618980407715
-0.16385966539382935,-0.054662179201841354,0.35320842266082764
-0.1854720115661621,-0.06340734660625458,0.3597816526889801
-0.1511220932006836,-0.049968473613262177,0.42448073625564575
-0.06570857763290405,-0.05310146138072014,0.35704660415649414
-0.0757192075252533,-0.05862998962402344,0.36435019969940186
-0.0701407790184021,-0.05043584853410721,0.34751200675964355
-0.03639715909957886,-0.003904331475496292,0.3142848014831543
-0.05323898792266846,-0.012614767998456955,0.323515921831131
-0.07756441831588745,-0.06008891388773918,0.37885767221450806
-0.013052791357040405,0.006429756060242653,0.3043209910392761
-0.09358888864517212,-0.012111526913940907,0.416282057762146
-0.05868849158287048,0.005373483523726463,0.40365490317344666
-0.0708560049533844,0.0054471250623464584,0.4100431501865387
-0.24985143542289734,-0.037138089537620544,0.4290062189102173
-0.1698617935180664,0.00010700756683945656,0.39483314752578735
-0.12033188343048096,-0.003666685428470373,0.368511825799942
-0.12125912308692932,-0.010264640673995018,0.356645405292511
-0.05270594358444214,-0.04886164888739586,0.35142186284065247
-0.04863688349723816,-0.050391532480716705,0.36097368597984314
-0.06036147475242615,-0.05456244945526123,0.36704689264297485
-0.07658928632736206,0.01706736907362938,0.3433554768562317
-0.07580289244651794,0.023091629147529602,0.35510003566741943
-0.24647670984268188,-0.08324701339006424,0.3825082778930664
-0.08721703290939331,0.011210998520255089,0.3486751914024353
-0.11410388350486755,-0.012657573446631432,0.4217798709869385
0.09856526553630829,0.19351476430892944,0.09085029363632202
0.0794302225112915,0.19043539464473724,0.07073274999856949
0.07976924628019333,0.19896546006202698,0.07948994636535645
0.11049556732177734,-0.016792742535471916,0.1755262017250061
0.07059863209724426,-0.04124344140291214,0.18471208214759827
0.08663845807313919,-0.037078920751810074,0.17730654776096344
0.11887285113334656,0.02731999382376671,0.21945038437843323
0.11623688787221909,0.023217516019940376,0.21055644750595093
0.11784001439809799,0.04316236078739166,0.25114208459854126
0.12307564914226532,0.03806726634502411,0.242123544216156
0.099055714905262,0.015843838453292847,0.20128318667411804
0.16714200377464294,0.33774712681770325,0.2593316435813904
0.1626313477754593,0.3338322937488556,0.25278764963150024
0.17365582287311554,0.3468102514743805,0.2681710124015808
-0.018240712583065033,-0.17716333270072937,0.15952563285827637
-0.020208096131682396,-0.20325517654418945,0.14487791061401367
-0.015376416966319084,-0.21413873136043549,0.13756512105464935
0.1648205816745758,0.31442946195602417,0.256349116563797
0.1588253676891327,0.3143726885318756,0.2506573796272278
0.16483895480632782,0.3135260045528412,0.2525479793548584
0.16632679104804993,0.31414926052093506,0.2587053179740906
0.16540691256523132,0.31373468041419983,0.2581501603126526
0.17899090051651,0.3410480320453644,0.27585676312446594
0.15681689977645874,0.3275279402732849,0.24875923991203308
0.15205571055412292,0.31970059871673584,0.2455090582370758
0.17294727265834808,0.32916903495788574,0.27023211121559143
0.05359882861375809,-0.12704552710056305,-0.08742602914571762
0.05395263060927391,-0.14580224454402924,-0.09936386346817017
0.030629010871052742,-0.14681538939476013,-0.10027656704187393
0.031837984919548035,-0.12790228426456451,-0.08920931816101074
0.005479452200233936,-0.16353970766067505,-0.11241646111011505
0.007153152488172054,-0.1465637981891632,-0.10132143646478653
0.031076893210411072,-0.16546699404716492,-0.11293419450521469
0.13623131811618805,-0.20233936607837677,-0.08468569815158844
0.13371366262435913,-0.17983834445476532,-0.07943084090948105
0.1459609419107437,-0.17854848504066467,-0.05661633238196373
0.14909136295318604,-0.19853204488754272,-0.061402734369039536
0.14482566714286804,-0.16584984958171844,-0.024203866720199585
0.15225133299827576,-0.1804041564464569,-0.031094783917069435
0.13857921957969666,-0.16184625029563904,-0.04845103621482849
0.144892618060112,-0.1719304472208023,0.0010485951788723469
0.15212981402873993,-0.1851913332939148,-0.00515434704720974
0.13973619043827057,-0.17997366189956665,0.023667167872190475
0.14742211997509003,-0.19200897216796875,0.019794048741459846
0.13835635781288147,-0.19908031821250916,0.0424511581659317
0.12304417788982391,-0.20686566829681396,0.06374335289001465
0.10637427866458893,-0.22764082252979279,0.08786781877279282
0.10342473536729813,-0.21696075797080994,0.08341990411281586
0.08178291469812393,-0.2291814386844635,0.09901835769414902
0.05950365215539932,-0.24045716226100922,0.11009395867586136
0.04003342613577843,-0.2472284436225891,0.11764522641897202
0.02306470274925232,-0.25160926580429077,0.1211504265666008
0.008126520551741123,-0.2536516487598419,0.12270146608352661
-0.005962810479104519,-0.25458160042762756,0.12278132140636444
-0.005114871077239513,-0.2692239284515381,0.1234317496418953
0.06653313338756561,0.12865912914276123,0.26342129707336426
0.13475196063518524,0.21083728969097137,0.20226940512657166
0.1361980140209198,0.19841939210891724,0.230570986866951
0.14433547854423523,0.20193587243556976,0.20949889719486237
0.18556095659732819,0.15550224483013153,0.1901852786540985
0.17741939425468445,0.1644400805234909,0.1639281064271927
0.17448513209819794,0.17509020864963531,0.17616793513298035
0.18022143840789795,0.16685143113136292,0.20518305897712708
0.13484448194503784,0.21016724407672882,0.18285444378852844
0.12694856524467468,0.2156224548816681,0.17970061302185059
0.14541038870811462,0.20285384356975555,0.1861039698123932
0.13976982235908508,0.20570892095565796,0.16248638927936554
0.1270049512386322,0.2097875028848648,0.14578808844089508
0.15616130828857422,0.16525498032569885,0.2695036232471466
0.15636295080184937,0.15431052446365356,0.28393328189849854
0.17339801788330078,0.14901244640350342,0.2718502879142761
0.1738661378622055,0.1590663343667984,0.2581833004951477
0.1942313313484192,0.12641434371471405,0.21974408626556396
0.1953200101852417,0.11783517152070999,0.23720884323120117
0.19418862462043762,0.10745754837989807,0.2256474792957306
0.19270916283130646,0.11546161025762558,0.20711736381053925
0.13913355767726898,0.11994613707065582,0.32155653834342957
0.12873569130897522,0.10850459337234497,0.3289077579975128
0.14664512872695923,0.1009429544210434,0.32336434721946716
0.15682397782802582,0.11397092044353485,0.3131486773490906
0.19299456477165222,0.1271970570087433,0.24789650738239288
0.15343062579631805,0.08831308782100677,0.07453807443380356
0.16969795525074005,0.08319001644849777,0.10042708367109299
0.1821804940700531,0.07606960088014603,0.1266811490058899
0.18754437565803528,0.06327255070209503,0.19695664942264557
0.18623940646648407,0.05530748516321182,0.17367956042289734
0.18933746218681335,0.06639556586742401,0.1776522696018219
0.18439707159996033,0.05971934646368027,0.2144426703453064
0.17989054322242737,0.05236109346151352,0.22831715643405914
0.08322913199663162,0.10696898400783539,0.30122512578964233
0.07587360590696335,0.08989320695400238,0.2894771695137024
0.0731072649359703,0.08832493424415588,0.28456640243530273
0.16387562453746796,0.03245951235294342,0.2564750015735626
0.15823671221733093,0.028123551979660988,0.2545372545719147
0.16671209037303925,0.03351520746946335,0.23962858319282532
0.17068380117416382,0.039366915822029114,0.24130606651306152
0.15200236439704895,0.1752813160419464,0.25499746203422546
0.1596178561449051,0.09301239252090454,0.3148050606250763
0.16607102751731873,0.08135028183460236,0.3089626729488373
0.17798568308353424,0.09405956417322159,0.2956925332546234
0.169272780418396,0.1057300940155983,0.30306679010391235
0.17053964734077454,0.07407263666391373,0.2979714870452881
0.17530445754528046,0.06575820595026016,0.2885165214538574
0.18428687751293182,0.07644622027873993,0.274465948343277
0.18089324235916138,0.08641298115253448,0.28470534086227417
0.1658007949590683,0.03799153491854668,0.2613210678100586
0.17474791407585144,0.04659798741340637,0.24350078403949738
0.09976392984390259,0.10538388043642044,0.32713666558265686
0.13087724149227142,0.14363059401512146,0.30599555373191833
0.13419385254383087,0.153076171875,0.29277074337005615
0.11026871204376221,0.1447831094264984,0.29481956362724304
0.107785165309906,0.13631510734558105,0.3039836883544922
0.11063586175441742,0.03922856226563454,0.2607678771018982
0.11783643811941147,0.03192539140582085,0.2588220238685608
0.12462004274129868,0.025532081723213196,0.25819650292396545
0.15855476260185242,0.02696259319782257,0.2324938178062439
0.1300564408302307,0.020205706357955933,0.2587915360927582
0.07783333957195282,0.0708022490143776,0.26897522807121277
0.06926637142896652,0.08592692017555237,0.2814050018787384
0.08990933001041412,0.12981551885604858,0.2939278781414032
0.08889219164848328,0.12220025807619095,0.2995326817035675
0.11867710202932358,0.09837275743484497,0.333883672952652
0.13613024353981018,0.08848469704389572,0.33074381947517395
0.13862234354019165,0.014539964497089386,0.28383868932724
0.1489734947681427,0.02025088481605053,0.2700772285461426
0.15356391668319702,0.023945583030581474,0.27193793654441833
0.16934971511363983,0.03083065338432789,0.2180590182542801
0.16226398944854736,0.028701169416308403,0.23677392303943634
0.1521240770816803,0.14271090924739838,0.29678720235824585
0.1544322371482849,0.06963277608156204,0.3178054690361023
0.14968422055244446,0.07868808507919312,0.3250928819179535
0.18885794281959534,0.09772191941738129,0.2689375579357147
0.1930527687072754,0.10815496742725372,0.25259312987327576
0.1893894374370575,0.1192903220653534,0.2633875608444214
0.18459011614322662,0.10804715752601624,0.27941054105758667
0.16156139969825745,0.04749942198395729,0.29457300901412964
0.16230596601963043,0.05556759238243103,0.3021993041038513
0.19460639357566833,0.09709540009498596,0.24211879074573517
0.19141244888305664,0.08706006407737732,0.2587547302246094
0.1571567952632904,0.028219038620591164,0.2761859595775604
0.09066678583621979,0.13613848388195038,0.2875111997127533
0.07209370285272598,0.12250719964504242,0.28121811151504517
0.07447017729282379,0.11924558132886887,0.2894149422645569
0.07428942620754242,0.11253231018781662,0.29411613941192627
0.07578378915786743,0.10399346798658371,0.2970515489578247
0.07676658034324646,0.09469014406204224,0.295543372631073
0.06941772997379303,0.1253960132598877,0.27226948738098145
-0.070201575756073,-0.05817480385303497,0.372785359621048
0.13013432919979095,0.01252729818224907,0.2821912169456482
0.12481805682182312,0.011600522324442863,0.2953127324581146
0.11767612397670746,0.006940288469195366,0.29413506388664246
0.06614561378955841,-0.003641858696937561,0.344364732503891
0.11115583777427673,0.19893550872802734,0.33300063014030457
0.10803259909152985,0.19609835743904114,0.3280090093612671
0.12212787568569183,0.21589279174804688,0.3491387665271759
0.1206946074962616,0.21281257271766663,0.34715548157691956
-0.06834366917610168,-0.03425689786672592,0.3979707956314087
-0.07733103632926941,-0.03586030751466751,0.4001272916793823
-0.12768706679344177,-0.04813192039728165,0.4184783101081848
-0.13240781426429749,-0.030360914766788483,0.42340970039367676
-0.15574470162391663,-0.03338026627898216,0.4287792146205902
-0.14556780457496643,0.006937826983630657,0.40960755944252014
-0.14614534378051758,0.006980773061513901,0.39470216631889343
-0.142910897731781,-0.01845409721136093,0.35806381702423096
-0.1309104859828949,-0.07357654720544815,0.3793758153915405
-0.29403984546661377,-0.037468962371349335,0.42067286372184753
-0.3147827684879303,-0.041353050619363785,0.4205667972564697
-0.31217828392982483,-0.04573393985629082,0.42954719066619873
-0.2915913462638855,-0.04269886016845703,0.42967137694358826
-0.33406388759613037,-0.044433653354644775,0.4209231436252594
-0.31579989194869995,-0.04372049868106842,0.41068053245544434
-0.33459770679473877,-0.04793282225728035,0.41189756989479065
-0.31518518924713135,-0.05021090805530548,0.40247657895088196
-0.3339356482028961,-0.05496487021446228,0.4044504165649414
-0.3329724371433258,-0.06352675706148148,0.3990880846977234
-0.31409797072410583,-0.05872800946235657,0.39645248651504517
-0.3133254647254944,-0.06763254851102829,0.39344730973243713
-0.33170777559280396,-0.07264935970306396,0.3979877233505249
-0.29202523827552795,-0.07176344096660614,0.3875252604484558
-0.2897269129753113,-0.08215391635894775,0.3891392946243286
-0.3098008930683136,-0.08672460168600082,0.39552295207977295
-0.31196776032447815,-0.07725340127944946,0.3933461308479309
-0.3221419155597687,-0.10191703587770462,0.41313931345939636
-0.3038879930973053,-0.09968108683824539,0.40826910734176636
-0.30171293020248413,-0.09885654598474503,0.4171638488769531
-0.3202279508113861,-0.10019269585609436,0.42013558745384216
-0.28090888261795044,-0.08465331047773361,0.4289379119873047
-0.30124056339263916,-0.08658634126186371,0.43313658237457275
-0.30087700486183167,-0.0936543345451355,0.4255695044994354
-0.2802588939666748,-0.09235863387584686,0.4213166832923889
-0.3187997043132782,-0.08967074751853943,0.43799716234207153
-0.30339109897613525,-0.07684113085269928,0.43649786710739136
-0.3206841051578522,-0.07873581349849701,0.4405748248100281
-0.2744946777820587,-0.03420419991016388,0.40944528579711914
-0.2731631398200989,-0.034091267734766006,0.420839786529541
-0.252364844083786,-0.030688848346471786,0.41995954513549805
-0.29433345794677734,-0.052324503660202026,0.39319565892219543
-0.2950255274772644,-0.04441750794649124,0.4005979001522064
-0.27473074197769165,-0.038333650678396225,0.39891666173934937
-0.27417588233947754,-0.04560212790966034,0.39055028557777405
-0.24953892827033997,-0.07147516310214996,0.3773157298564911
-0.26969316601753235,-0.0772649347782135,0.38344258069992065
-0.27175721526145935,-0.06554320454597473,0.38233715295791626
-0.2932438850402832,-0.06170966476202011,0.38889414072036743
-0.2730650007724762,-0.05504956841468811,0.38513249158859253
-0.2867578864097595,-0.09138264507055283,0.3947502374649048
-0.30669450759887695,-0.09484370052814484,0.40080177783966064
-0.28860756754875183,-0.05265849083662033,0.4339716136455536
-0.3089502453804016,-0.055157288908958435,0.43458443880081177
-0.30603721737861633,-0.06626878678798676,0.4363188147544861
-0.2857784330844879,-0.06378874182701111,0.43493181467056274
-0.2665581703186035,-0.08760558813810349,0.3890831172466278
-0.2676306962966919,-0.050334230065345764,0.4335504472255707
-0.2645770311355591,-0.0615459643304348,0.4341825842857361
-0.28285765647888184,-0.07490979880094528,0.4338906407356262
-0.26157069206237793,-0.07337915897369385,0.4320972263813019
-0.3271316587924957,-0.05696462094783783,0.4368794560432434
-0.33130067586898804,-0.047943443059921265,0.43084317445755005
-0.27085015177726746,-0.0398298054933548,0.42972347140312195
-0.2835181951522827,-0.0973052978515625,0.40312671661376953
-0.2630559206008911,-0.09418696165084839,0.39777541160583496
-0.2602812945842743,-0.09539258480072021,0.4079500436782837
-0.2810297906398773,-0.0975617989897728,0.4126293957233429
-0.23762598633766174,-0.08252305537462234,0.4225982129573822
-0.25953415036201477,-0.08370193094015121,0.42596936225891113
-0.25893622636795044,-0.09106448292732239,0.4173409044742584
-0.3186753988265991,-0.09661812335252762,0.42974093556404114
-0.23978182673454285,-0.07173362374305725,0.43009859323501587
-0.4119871258735657,-0.08031176775693893,0.43416061997413635
-0.4196838140487671,-0.07334726303815842,0.4337061941623688
-0.41538387537002563,-0.07412184774875641,0.4240714907646179
-0.4061943292617798,-0.0807717964053154,0.4252850413322449
-0.4017440676689148,-0.06773500144481659,0.40297096967697144
-0.4121943712234497,-0.06071505695581436,0.4063248634338379
-0.4055684506893158,-0.05125955492258072,0.4034406542778015
-0.39400067925453186,-0.057043999433517456,0.39971059560775757
-0.4244665801525116,-0.06546514481306076,0.43533217906951904
-0.42125391960144043,-0.0670519769191742,0.42534470558166504
-0.423484206199646,-0.0586082860827446,0.43808525800704956
-0.4289582669734955,-0.06314919888973236,0.4435907006263733
-0.4274185299873352,-0.05652225762605667,0.44922104477882385
-0.4322589635848999,-0.05496888980269432,0.4557916820049286
-0.4276162385940552,-0.05474134907126427,0.46333420276641846
-0.418826162815094,-0.05194087699055672,0.4570792317390442
-0.40266892313957214,-0.06979313492774963,0.4687843918800354
-0.41743701696395874,-0.07163377851247787,0.4710880517959595
-0.4118998646736145,-0.08156342804431915,0.47351861000061035
-0.3974537253379822,-0.08007831126451492,0.4692574739456177
-0.4011603593826294,-0.10123658180236816,0.4688428044319153
-0.3874248266220093,-0.09749925881624222,0.46498942375183105
-0.39265140891075134,-0.08905358612537384,0.46743032336235046
-0.4077188968658447,-0.09153150022029877,0.4710797965526581
-0.39995241165161133,-0.09074801206588745,0.43709200620651245
-0.4041782021522522,-0.08604910224676132,0.4358559846878052
-0.39714276790618896,-0.08663021773099899,0.42824262380599976
-0.391962468624115,-0.09138650447130203,0.42969954013824463
-0.4240502119064331,-0.04975016042590141,0.43777942657470703
-0.4262850284576416,-0.053013790398836136,0.43593186140060425
-0.4210713505744934,-0.052934374660253525,0.4442998170852661
-0.4153231382369995,-0.04919083043932915,0.4438621997833252
-0.367755264043808,-0.10331860929727554,0.4124270975589752
-0.36925336718559265,-0.09534583985805511,0.4110296666622162
-0.3597750663757324,-0.09090474992990494,0.4068763852119446
-0.35647475719451904,-0.09958525747060776,0.4081432819366455
-0.37345531582832336,-0.06730139255523682,0.3982470631599426
-0.3674924969673157,-0.05363904684782028,0.405192494392395
-0.35976502299308777,-0.05747254192829132,0.40496593713760376
-0.364702045917511,-0.07212936878204346,0.40127286314964294
-0.38293910026550293,-0.06229671090841293,0.39794468879699707
-0.3876596689224243,-0.04679607227444649,0.40693312883377075
-0.3766358494758606,-0.049822449684143066,0.4050130248069763
-0.40034106373786926,-0.04307912662625313,0.4098849892616272
-0.35133278369903564,-0.10835106670856476,0.41268813610076904
-0.3585737645626068,-0.113507479429245,0.415679931640625
-0.4696366786956787,-0.05599343776702881,0.44458362460136414
-0.46468454599380493,-0.05570118874311447,0.44661617279052734
-0.4656243622303009,-0.061774179339408875,0.44599124789237976
-0.47074541449546814,-0.06164305657148361,0.44354403018951416
-0.34862595796585083,-0.11236440390348434,0.43418845534324646
-0.34382230043411255,-0.10968944430351257,0.4293172359466553
-0.34293943643569946,-0.10460953414440155,0.4378301799297333
-0.34876954555511475,-0.10531298816204071,0.4419780373573303
-0.35573574900627136,-0.11540815979242325,0.4402202367782593
-0.35673820972442627,-0.10680245608091354,0.4477032721042633
-0.47376343607902527,-0.05197868496179581,0.45750680565834045
-0.4682888090610504,-0.05228044092655182,0.4604528546333313
-0.46629947423934937,-0.05028856545686722,0.45503807067871094
-0.4715766906738281,-0.05060053616762161,0.45251572132110596
-0.4182935357093811,-0.07871381938457489,0.44107159972190857
-0.42526373267173767,-0.07145726680755615,0.44059956073760986
-0.43744760751724243,-0.0715431272983551,0.4487766623497009
-0.4377269744873047,-0.06503978371620178,0.44937950372695923
-0.4322411119937897,-0.06859093904495239,0.4450578987598419
-0.42732855677604675,-0.07739260792732239,0.4460950791835785
-0.4145919978618622,-0.09447278082370758,0.4478083550930023
-0.42054423689842224,-0.08801566809415817,0.44778719544410706
-0.41141754388809204,-0.08777187764644623,0.4437013268470764
-0.4054073989391327,-0.09424703568220139,0.4436928629875183
-0.40058568120002747,-0.10608870536088943,0.44189000129699707
-0.39994677901268005,-0.11238265037536621,0.44099360704421997
-0.40742430090904236,-0.11343485116958618,0.44502750039100647
-0.4091570973396301,-0.10673387348651886,0.44632068276405334
-0.4285637140274048,-0.09975407272577286,0.45014074444770813
-0.42648282647132874,-0.1051846444606781,0.45019009709358215
-0.4344668984413147,-0.10276242345571518,0.4522463083267212
-0.43664950132369995,-0.09810678660869598,0.452919065952301
-0.339103102684021,-0.10729580372571945,0.42627039551734924
-0.33733439445495605,-0.10277985781431198,0.43493422865867615
-0.3905033469200134,-0.11855820566415787,0.46200597286224365
-0.40097472071647644,-0.12231741845607758,0.463650643825531
-0.39741456508636475,-0.13034072518348694,0.4574658274650574
-0.38696610927581787,-0.12634721398353577,0.45512109994888306
-0.35147762298583984,-0.09575042128562927,0.44746339321136475
-0.3450252115726471,-0.09494809806346893,0.4439105689525604
-0.47595956921577454,-0.056982919573783875,0.4606426954269409
-0.4703373312950134,-0.05715623497962952,0.4636669158935547
-0.3982226550579071,-0.039891567081213,0.42163512110710144
-0.3842846155166626,-0.04343346506357193,0.4198542535305023
-0.37288323044776917,-0.04670100659132004,0.41798287630081177
-0.36472010612487793,-0.04946032166481018,0.4170932471752167
-0.3584338426589966,-0.049986831843853,0.4153849482536316
-0.4297826886177063,-0.08105681836605072,0.44821587204933167
-0.4108223021030426,-0.0844687670469284,0.44047510623931885
-0.3968311548233032,-0.09465315192937851,0.43723994493484497
-0.38857513666152954,-0.12373244762420654,0.4341128170490265
-0.3923491835594177,-0.11689857393503189,0.43453162908554077
-0.38692715764045715,-0.11450658738613129,0.42924702167510986
-0.3810734152793884,-0.12333284318447113,0.42968642711639404
-0.388449490070343,-0.13055060803890228,0.4463581144809723
-0.3980138897895813,-0.13273634016513824,0.4493422210216522
-0.40083062648773193,-0.13057923316955566,0.4441995918750763
-0.392840713262558,-0.12902584671974182,0.44094815850257874
-0.42241013050079346,-0.04571298509836197,0.43713757395744324
-0.4104239344596863,-0.04531097412109375,0.4396101236343384
-0.3522410988807678,-0.11534051597118378,0.42439302802085876
-0.3470041751861572,-0.1111508309841156,0.4202633202075958
-0.3418627977371216,-0.1074005737900734,0.41813144087791443
-0.3805224299430847,-0.0942075252532959,0.4198545217514038
-0.38360854983329773,-0.09064079076051712,0.41926637291908264
-0.3744761049747467,-0.08616872876882553,0.40719151496887207
-0.37072545289993286,-0.09070668369531631,0.40987926721572876
-0.39973825216293335,-0.08053821325302124,0.41356486082077026
-0.40987274050712585,-0.07337033748626709,0.41305726766586304
-0.390624076128006,-0.07508109509944916,0.402473121881485
-0.3618546724319458,-0.0833248719573021,0.40469735860824585
-0.3540368676185608,-0.07880686223506927,0.40393295884132385
-0.3519037961959839,-0.08762143552303314,0.4058959484100342
-0.348717600107193,-0.09699086844921112,0.4074382483959198
-0.3452858328819275,-0.10456734895706177,0.41159650683403015
-0.34517189860343933,-0.07633788138628006,0.40243959426879883
-0.34331363439559937,-0.08513770252466202,0.40401023626327515
-0.3406394124031067,-0.09442072361707687,0.4062559902667999
-0.3377089202404022,-0.10134189575910568,0.410452663898468
-0.3301246166229248,-0.09164547920227051,0.4404892325401306
-0.338040292263031,-0.09350116550922394,0.44133707880973816
-0.33028772473335266,-0.10040541738271713,0.4328838288784027
-0.34926193952560425,-0.05690615996718407,0.4052174687385559
-0.3476922810077667,-0.06725627183914185,0.4023817479610443
-0.35670578479766846,-0.06903986632823944,0.40274304151535034
-0.34991616010665894,-0.04995841160416603,0.4130260646343231
-0.41945916414260864,-0.05536559969186783,0.409961074590683
-0.4225810170173645,-0.06039772182703018,0.4177412986755371
-0.428912490606308,-0.056977905333042145,0.41925808787345886
-0.42724692821502686,-0.05202048644423485,0.4128103256225586
-0.4334232807159424,-0.06071704626083374,0.44942548871040344
-0.4376504123210907,-0.05820957571268082,0.45354631543159485
-0.4368329644203186,-0.054488878697156906,0.4600714147090912
-0.36587101221084595,-0.11826564371585846,0.42047053575515747
-0.3739982545375824,-0.10940194875001907,0.41795456409454346
-0.43707242608070374,-0.07541188597679138,0.4498000144958496
-0.4616301357746124,-0.052810996770858765,0.4630579650402069
-0.4499710500240326,-0.05332481116056442,0.46544012427330017
-0.4486335813999176,-0.05166827142238617,0.45957404375076294
-0.45990559458732605,-0.050404489040374756,0.4571525454521179
-0.44278472661972046,-0.074481301009655,0.4525642395019531
-0.450337678194046,-0.07201295346021652,0.45301464200019836
-0.4479473829269409,-0.06887410581111908,0.449501097202301
-0.4416026175022125,-0.07129222899675369,0.4505152106285095
-0.4241134524345398,-0.11159873008728027,0.4494471549987793
-0.43055862188339233,-0.10966840386390686,0.4511808753013611
-0.43226754665374756,-0.07384513318538666,0.4690825343132019
-0.42169642448425293,-0.0612824447453022,0.4699167311191559
-0.43275102972984314,-0.06303336471319199,0.4707844853401184
-0.4112050235271454,-0.10079091787338257,0.44721049070358276
-0.4181276559829712,-0.10661651939153671,0.4487047791481018
-0.42012834548950195,-0.1010347455739975,0.4491220712661743
-0.4314301013946533,-0.08205482363700867,0.44891446828842163
-0.42734241485595703,-0.08735787868499756,0.44921743869781494
-0.4335711896419525,-0.08449649810791016,0.4504854679107666
-0.43636149168014526,-0.07835308462381363,0.44987326860427856
-0.37779268622398376,-0.12824390828609467,0.4399443566799164
-0.3756617605686188,-0.12208779156208038,0.4508364200592041
-0.464873731136322,-0.05181504786014557,0.45022428035736084
-0.4700769782066345,-0.05219440162181854,0.44798851013183594
-0.33240705728530884,-0.1039402112364769,0.42381787300109863
-0.33502116799354553,-0.10438251495361328,0.4163545072078705
-0.4021366834640503,-0.09996630996465683,0.4430118501186371
-0.4091997742652893,-0.059353359043598175,0.4653162956237793
-0.3942371606826782,-0.09941647946834564,0.43631279468536377
-0.4212596118450165,-0.11227208375930786,0.4643552303314209
-0.42946040630340576,-0.11250593513250351,0.4648747146129608
-0.4289330840110779,-0.11528906226158142,0.458554744720459
-0.4219706058502197,-0.11704102158546448,0.45745256543159485
-0.46202215552330017,-0.0701594427227974,0.4528154730796814
-0.4692748188972473,-0.06941702216863632,0.4518907070159912
-0.46726515889167786,-0.06658830493688583,0.4476456046104431
-0.459923654794693,-0.0670827254652977,0.44893884658813477
-0.44120603799819946,-0.06744633615016937,0.4502388834953308
-0.44729921221733093,-0.0648244172334671,0.44870781898498535
-0.4473620057106018,-0.05922329053282738,0.4503677487373352
-0.44140201807022095,-0.06204122677445412,0.45172759890556335
-0.441087543964386,-0.056206513196229935,0.45555737614631653
-0.44770029187202454,-0.05414562299847603,0.45435360074043274
-0.46411991119384766,-0.06997131556272507,0.45939013361930847
-0.45266327261924744,-0.0711163803935051,0.459905743598938
-0.45233553647994995,-0.06684552878141403,0.4672670364379883
-0.46421802043914795,-0.06485482305288315,0.4649468958377838
-0.3745935559272766,-0.09306742250919342,0.4595819115638733
-0.38285118341445923,-0.10632046312093735,0.46198123693466187
-0.3704278767108917,-0.10158586502075195,0.4569602608680725
-0.41510096192359924,-0.10347697883844376,0.46932873129844666
-0.4098193347454071,-0.11354497075080872,0.46376898884773254
-0.3958342671394348,-0.11055748164653778,0.4655228853225708
-0.378757119178772,-0.11389992386102676,0.45815593004226685
-0.4405567944049835,-0.07707970589399338,0.46173256635665894
-0.4394263029098511,-0.07756786793470383,0.4682174623012543
-0.4421342611312866,-0.07076704502105713,0.4673847258090973
-0.3922029137611389,-0.10649719834327698,0.43439823389053345
-0.458705872297287,-0.05258040875196457,0.45224225521087646
-0.3608665466308594,-0.05302175134420395,0.43941545486450195
-0.36872732639312744,-0.05406146124005318,0.44279202818870544
-0.3645767569541931,-0.0647028386592865,0.45172056555747986
-0.3564923405647278,-0.06177583709359169,0.44690820574760437
-0.45898231863975525,-0.06270468235015869,0.4481137990951538
-0.45846864581108093,-0.056910015642642975,0.44842660427093506
-0.42329803109169006,-0.11730363965034485,0.4492635130882263
-0.424815833568573,-0.12011672556400299,0.4504551291465759
-0.4295346438884735,-0.11731565743684769,0.4528324007987976
-0.42906156182289124,-0.11461960524320602,0.45170700550079346
-0.36695021390914917,-0.10969915241003036,0.45334333181381226
-0.4093414843082428,-0.12602511048316956,0.46413454413414
-0.4067705273628235,-0.13308365643024445,0.4580214023590088
-0.35971227288246155,-0.09787441790103912,0.4517190456390381
-0.3550953269004822,-0.08547051250934601,0.45051878690719604
-0.36342668533325195,-0.08884434401988983,0.4544638991355896
-0.42512616515159607,-0.0929841473698616,0.4690098166465759
-0.3789469599723816,-0.08534983545541763,0.46217501163482666
-0.367213636636734,-0.0808514654636383,0.45687195658683777
-0.3584352731704712,-0.07594826817512512,0.45248711109161377
-0.35176658630371094,-0.07277245819568634,0.44887226819992065
-0.3485082685947418,-0.0835198312997818,0.44711118936538696
-0.46325987577438354,-0.05805528908967972,0.4663628935813904
-0.4715809226036072,-0.06316320598125458,0.4619322419166565
-0.3324912488460541,-0.07980731129646301,0.442646324634552
-0.3410820960998535,-0.08155201375484467,0.4441608190536499
-0.3358899652957916,-0.06873592734336853,0.44167929887771606
-0.34459972381591797,-0.0705287903547287,0.4450986087322235
-0.37629663944244385,-0.06440923362970352,0.4564141631126404
-0.3716878890991211,-0.07255483418703079,0.45775049924850464
-0.38896888494491577,-0.06767086684703827,0.46303415298461914
-0.3833495080471039,-0.07706683874130249,0.46373990178108215
-0.42642995715141296,-0.08279312402009964,0.47368744015693665
-0.4850810766220093,-0.06672805547714233,0.45254531502723694
-0.4837397634983063,-0.06880919635295868,0.4480034410953522
-0.4756822884082794,-0.06930822134017944,0.45010098814964294
-0.47726500034332275,-0.06728887557983398,0.4550189971923828
-0.4709406793117523,-0.0684129148721695,0.4573957920074463
-0.4773787260055542,-0.06328296661376953,0.4599590003490448
-0.39614859223365784,-0.057315316051244736,0.4588928818702698
-0.43954864144325256,-0.08109395951032639,0.4526422917842865
-0.3829991817474365,-0.05277686566114426,0.4481806755065918
-0.39821046590805054,-0.04578240588307381,0.44517627358436584
-0.406555712223053,-0.04939064383506775,0.4532889425754547
-0.38282281160354614,-0.04456015303730965,0.43351662158966064
-0.37094250321388245,-0.04755457118153572,0.4310116469860077
-0.35710495710372925,-0.04876059666275978,0.42592528462409973
-0.36312541365623474,-0.048922501504421234,0.4283379316329956
-0.3483870029449463,-0.04751431941986084,0.4228220283985138
-0.39662039279937744,-0.041283052414655685,0.4338197112083435
-0.4780409634113312,-0.06297126412391663,0.44113099575042725
-0.4767463803291321,-0.05699482560157776,0.4415602684020996
-0.35442590713500977,-0.051678888499736786,0.4359237253665924
-0.34554076194763184,-0.05004459619522095,0.43246009945869446
-0.4178979992866516,-0.06629857420921326,0.41524699330329895
-0.3869781494140625,-0.0984840989112854,0.4286670684814453
-0.3850707411766052,-0.10401887446641922,0.4265207052230835
-0.3810208737850189,-0.11228758096694946,0.4237116873264313
-0.37366199493408203,-0.12160899490118027,0.42530953884124756
-0.3404468894004822,-0.05803001672029495,0.4396292567253113
-0.33028462529182434,-0.08202537894248962,0.3991484045982361
-0.32775548100471497,-0.09092391282320023,0.4019259214401245
-0.32367652654647827,-0.06754345446825027,0.43931519985198975
-0.4771328568458557,-0.053061433136463165,0.4446943998336792
-0.43788814544677734,-0.09931042790412903,0.4579385817050934
-0.4395400583744049,-0.09747143089771271,0.45806166529655457
-0.4145592451095581,-0.0477730855345726,0.4069364070892334
-0.42405369877815247,-0.045491136610507965,0.41125717759132385
-0.42238128185272217,-0.03797995299100876,0.42479223012924194
-0.41034337878227234,-0.03789933770895004,0.42262953519821167
-0.41119399666786194,-0.04060467332601547,0.41235148906707764
-0.42250871658325195,-0.04013710841536522,0.4161524772644043
-0.3789520859718323,-0.09737810492515564,0.41977405548095703
-0.3775368928909302,-0.10239312052726746,0.41924047470092773
-0.36467838287353516,-0.11867337673902512,0.44615888595581055
-0.36713552474975586,-0.12442385405302048,0.4354628026485443
-0.44124338030815125,-0.053282927721738815,0.46121713519096375
-0.441175252199173,-0.0552668496966362,0.46659040451049805
-0.4349812865257263,-0.055941224098205566,0.46607595682144165
-0.45116257667541504,-0.059866614639759064,0.4690457880496979
-0.44461360573768616,-0.07335023581981659,0.4592888355255127
-0.4418316185474396,-0.07733557373285294,0.4571380615234375
-0.3899846076965332,-0.08605194091796875,0.4169158935546875
-0.3814146816730499,-0.08125018328428268,0.4043259024620056
-0.42719021439552307,-0.05723252519965172,0.428795725107193
-0.42317435145378113,-0.06105156987905502,0.42688047885894775
-0.4229930639266968,-0.09430598467588425,0.4492473900318146
-0.43774572014808655,-0.09057854861021042,0.4713284373283386
-0.4375852942466736,-0.08296771347522736,0.47402334213256836
-0.4302316904067993,-0.09287406504154205,0.45091164112091064
-0.478864848613739,-0.05133049190044403,0.4487307071685791
-0.4810963273048401,-0.05252346396446228,0.4535379111766815
-0.44162970781326294,-0.06210339441895485,0.4705432057380676
-0.41615960001945496,-0.11324867606163025,0.44737425446510315
-0.43923595547676086,-0.09460006654262543,0.4646315574645996
-0.4325275719165802,-0.0976921021938324,0.4662688970565796
-0.4051155149936676,-0.13360431790351868,0.450711727142334
-0.34963926672935486,-0.05959208309650421,0.4430413544178009
-0.4729643762111664,-0.06714043021202087,0.4454561769962311
-0.4806113839149475,-0.06802692264318466,0.4432041347026825
-0.48460355401039124,-0.06318314373493195,0.45620524883270264
-0.48306411504745483,-0.057463258504867554,0.4570583999156952
-0.3586427569389343,-0.1201210618019104,0.4300532937049866
-0.38901638984680176,-0.0947432667016983,0.42973995208740234
-0.32473722100257874,-0.09768424183130264,0.40683019161224365
-0.40917882323265076,-0.04007096216082573,0.43272045254707336
-0.422130286693573,-0.040289126336574554,0.4330369830131531
-0.43661272525787354,-0.09073404222726822,0.4524794816970825
-0.4157971143722534,-0.11998642981052399,0.4617214798927307
-0.43639862537384033,-0.09992058575153351,0.46671533584594727
-0.4326363801956177,-0.1058962419629097,0.46919649839401245
-0.4249293804168701,-0.10491618514060974,0.46941202878952026
-0.4390363097190857,-0.09912662953138351,0.4617997407913208
-0.4895170331001282,-0.05783756822347641,0.4539943039417267
-0.4910043776035309,-0.06334739923477173,0.45351117849349976
-0.4877336919307709,-0.05295269936323166,0.45058155059814453
-0.48498812317848206,-0.05209878087043762,0.44612351059913635
-0.482789546251297,-0.05373242497444153,0.44255495071411133
-0.4913530647754669,-0.06707121431827545,0.4505006670951843
-0.4899420142173767,-0.06892867386341095,0.4463462233543396
-0.4862402677536011,-0.06787317991256714,0.44164183735847473
-0.4966568350791931,-0.06743507832288742,0.4482381343841553
-0.49740323424339294,-0.06382960081100464,0.4507244825363159
-0.4996521770954132,-0.05380497872829437,0.4442025125026703
-0.5016948580741882,-0.05576454848051071,0.4461347162723541
-0.49847421050071716,-0.055877670645713806,0.4478793144226074
-0.49496224522590637,-0.053747743368148804,0.44790413975715637
-0.504272997379303,-0.054992422461509705,0.44199061393737793
-0.505977988243103,-0.05653159320354462,0.44456571340560913
-0.5028756856918335,-0.05929254740476608,0.44827914237976074
-0.49868130683898926,-0.05861889570951462,0.44976913928985596
-0.507515549659729,-0.05996185541152954,0.4467836022377014
-0.5078727006912231,-0.0639406368136406,0.44675686955451965
-0.5032987594604492,-0.0631888285279274,0.4480307102203369
-0.4996761977672577,-0.06195862591266632,0.4494689106941223
-0.4952523112297058,-0.058291055262088776,0.45140743255615234
-0.508466362953186,-0.05728910118341446,0.4409988522529602
-0.5115674138069153,-0.061415791511535645,0.44184690713882446
-0.5110485553741455,-0.06047357618808746,0.4449358880519867
-0.5089502334594727,-0.057443782687187195,0.44350665807724
-0.49100014567375183,-0.0528358593583107,0.44390562176704407
-0.4973266124725342,-0.0540999174118042,0.44124868512153625
-0.502655029296875,-0.0558413490653038,0.43909716606140137
-0.5072672367095947,-0.058502621948719025,0.43819230794906616
-0.4961772859096527,-0.05592139810323715,0.4378623962402344
-0.502024233341217,-0.057954125106334686,0.43653109669685364
-0.5059023499488831,-0.0603225901722908,0.436209112405777
-0.4961376190185547,-0.059445127844810486,0.43542447686195374
-0.5021874308586121,-0.06098059564828873,0.43511962890625
-0.4885084927082062,-0.054376453161239624,0.4404185116291046
-0.487752228975296,-0.05796696990728378,0.43788641691207886
-0.5049679279327393,-0.06192188709974289,0.4355921149253845
-0.5103118419647217,-0.0627242922782898,0.439197838306427
-0.5028123259544373,-0.06613320857286453,0.44757524132728577
-0.5075852870941162,-0.06670442968606949,0.44539302587509155
-0.5020954608917236,-0.06829424947500229,0.44561776518821716
-0.5070369839668274,-0.06834149360656738,0.44341841340065
-0.5109665393829346,-0.06400279700756073,0.4456692934036255
-0.5111963152885437,-0.06569332629442215,0.44367724657058716
-0.48195257782936096,-0.05751625448465347,0.4399026334285736
-0.48332479596138,-0.0634661465883255,0.4396398663520813
-0.48874133825302124,-0.06370220333337784,0.43761467933654785
-0.49711862206459045,-0.06493132561445236,0.4351435899734497
-0.4915827810764313,-0.06813777983188629,0.44011345505714417
-0.49530988931655884,-0.06927288323640823,0.4444371461868286
-0.501092255115509,-0.06892236322164536,0.4421388804912567
-0.49907025694847107,-0.06880530714988708,0.4383591413497925
-0.505745530128479,-0.06877550482749939,0.4404771327972412
-0.504280686378479,-0.06805313378572464,0.4374801516532898
-0.503086268901825,-0.0649745911359787,0.435429185628891
-0.5082948207855225,-0.06720089167356491,0.43881770968437195
-0.5100184679031372,-0.06684563308954239,0.44120991230010986
-0.5082141160964966,-0.06382785737514496,0.43730053305625916
-0.5060704946517944,-0.06452307105064392,0.43616583943367004
-0.5065885186195374,-0.06680644303560257,0.4372956156730652
-0.4754028916358948,-0.0843665823340416,0.44754528999328613
-0.4682700037956238,-0.08366627991199493,0.45008134841918945
-0.468207985162735,-0.08910851180553436,0.45011061429977417
-0.4755728244781494,-0.08976364135742188,0.4468873143196106
-0.4773482382297516,-0.0779721811413765,0.4605880379676819
-0.4708196520805359,-0.07781429588794708,0.4638303220272064
-0.4696434736251831,-0.07731709629297256,0.4574539065361023
-0.47626036405563354,-0.07790392637252808,0.4542624354362488
-0.4781321883201599,-0.08381465822458267,0.46455642580986023
-0.4712887108325958,-0.08357658237218857,0.4678443968296051
-0.46283531188964844,-0.07740709185600281,0.46692556142807007
-0.4493620991706848,-0.07758718729019165,0.468026340007782
-0.4488700330257416,-0.07807250320911407,0.4613434672355652
-0.4618927836418152,-0.07703685760498047,0.45996031165122986
-0.4476224482059479,-0.09677623957395554,0.45787322521209717
-0.44584599137306213,-0.09504211694002151,0.45443981885910034
-0.4688068926334381,-0.07995559275150299,0.45272934436798096
-0.475689172744751,-0.08038925379514694,0.44978171586990356
-0.4613036513328552,-0.09648821502923965,0.45639559626579285
-0.47022637724876404,-0.09646759927272797,0.4543430209159851
-0.4689243733882904,-0.09379391372203827,0.4510432481765747
-0.46009349822998047,-0.09401573985815048,0.453204870223999
-0.445472776889801,-0.08973892033100128,0.4528753161430359
-0.44646865129470825,-0.08269160240888596,0.45261847972869873
-0.4478595554828644,-0.07928338646888733,0.4562786817550659
-0.46266332268714905,-0.09561415016651154,0.46196916699409485
-0.4492291212081909,-0.09524839371442795,0.4641280770301819
-0.4494742155075073,-0.09062430262565613,0.47087377309799194
-0.46339598298072815,-0.09106334298849106,0.4681342840194702
-0.46081945300102234,-0.07941935956478119,0.4547651410102844
-0.45944106578826904,-0.08911742269992828,0.4523497223854065
-0.4598921835422516,-0.08309782296419144,0.45173949003219604
-0.4631064236164093,-0.08363000303506851,0.4710693955421448
-0.47161656618118286,-0.09085904061794281,0.4651109576225281
-0.4874086081981659,-0.0945693626999855,0.4543684422969818
-0.4870608150959015,-0.09705229848623276,0.4495968818664551
-0.4775879979133606,-0.09686418622732162,0.4518606662750244
-0.47847867012023926,-0.09489373862743378,0.45692336559295654
-0.47130703926086426,-0.09502954035997391,0.45917412638664246
-0.4784376621246338,-0.09054649621248245,0.46233394742012024
-0.48566481471061707,-0.09117667376995087,0.44334307312965393
-0.48506033420562744,-0.08546628057956696,0.4438926875591278
-0.48531705141067505,-0.08145905286073685,0.44605138897895813
-0.44940608739852905,-0.08304470777511597,0.4736725986003876
-0.4856090843677521,-0.07911224663257599,0.45014750957489014
-0.4862959086894989,-0.07892610877752304,0.456251323223114
-0.4763156771659851,-0.0946815013885498,0.4479987621307373
-0.4860854744911194,-0.09577936679124832,0.4450589716434479
-0.48726969957351685,-0.09053189307451248,0.45871102809906006
-0.4867216944694519,-0.0843564048409462,0.46053072810173035
-0.494282603263855,-0.08516473323106766,0.45669060945510864
-0.4944824278354645,-0.09083913266658783,0.4551851749420166
-0.49396005272865295,-0.07982822507619858,0.45308971405029297
-0.49252891540527344,-0.0799177959561348,0.4477185904979706
-0.49153071641921997,-0.08209310472011566,0.4441474676132202
-0.4946969449520111,-0.09448299556970596,0.4520731568336487
-0.49400585889816284,-0.09669166058301926,0.4480850100517273
-0.4923502206802368,-0.09579385071992874,0.4437156319618225
-0.5015093684196472,-0.09466054290533066,0.4496902823448181
-0.5025136470794678,-0.09146498143672943,0.45212027430534363
-0.5127240419387817,-0.08294550329446793,0.44445598125457764
-0.5137284398078918,-0.08388034254312515,0.44726642966270447
-0.5089561343193054,-0.0833166316151619,0.44883549213409424
-0.5074536204338074,-0.0813787654042244,0.44693100452423096
-0.5055575370788574,-0.08330032974481583,0.4505541920661926
-0.5020751953125,-0.08101047575473785,0.4504445493221283
-0.5095522403717041,-0.08690855652093887,0.4507645070552826
-0.5052900314331055,-0.08644832670688629,0.45181283354759216
-0.5149252414703369,-0.08757178485393524,0.44959908723831177
-0.5144978761672974,-0.09154049307107925,0.4490591287612915
-0.5088125467300415,-0.09034105390310287,0.45014768838882446
-0.5053478479385376,-0.08963564783334732,0.45118728280067444
-0.5174102783203125,-0.08507642149925232,0.4434685707092285
-0.5174271464347839,-0.08481207489967346,0.44620072841644287
-0.5012415647506714,-0.08601336181163788,0.4537283480167389
-0.4988062083721161,-0.08081099390983582,0.44601279497146606
-0.5057343244552612,-0.08164793252944946,0.44344887137413025
-0.511969804763794,-0.08367233723402023,0.4412863850593567
-0.5166046023368835,-0.08630724251270294,0.44055038690567017
-0.5043959617614746,-0.08376516401767731,0.4397978186607361
-0.5110205411911011,-0.08546239137649536,0.4384710490703583
-0.514996349811554,-0.08813711255788803,0.4385896921157837
-0.5038236379623413,-0.08782902359962463,0.4374346435070038
-0.5104961395263672,-0.08896858245134354,0.43695729970932007
-0.4969441890716553,-0.0828891396522522,0.4424123167991638
-0.4959537982940674,-0.08672098815441132,0.44014567136764526
-0.5137259364128113,-0.08984231948852539,0.437726229429245
-0.5187699794769287,-0.090231753885746,0.4419228732585907
-0.520010232925415,-0.08903361111879349,0.44473424553871155
-0.5196104049682617,-0.08794836699962616,0.4481939375400543
-0.5082277059555054,-0.09267736226320267,0.44887927174568176
-0.5141234397888184,-0.0933363288640976,0.44700199365615845
-0.508115828037262,-0.0950542464852333,0.4472902715206146
-0.51393723487854,-0.09505699574947357,0.4452970027923584
-0.5185813903808594,-0.09188809990882874,0.44826143980026245
-0.5185729265213013,-0.09282652288675308,0.4460397958755493
-0.4910540282726288,-0.08610586822032928,0.4419158101081848
-0.49133774638175964,-0.09132208675146103,0.4416344165802002
-0.4962320923805237,-0.09188362956047058,0.44005173444747925
-0.5041547417640686,-0.09313555061817169,0.43789002299308777
-0.4976101219654083,-0.09621401876211166,0.44242608547210693
-0.5001599788665771,-0.09687718749046326,0.44654470682144165
-0.5069457292556763,-0.09677256643772125,0.44471853971481323
-0.5052403211593628,-0.09669937193393707,0.4410361349582672
-0.512751579284668,-0.09602780640125275,0.44310662150382996
-0.5114269852638245,-0.09600546211004257,0.4402724802494049
-0.5106399655342102,-0.09334959089756012,0.4375113844871521
-0.5160970687866211,-0.09457559138536453,0.44171810150146484
-0.5177865624427795,-0.09389984607696533,0.44367343187332153
-0.5167259573936462,-0.09160469472408295,0.4398636221885681
-0.5143430829048157,-0.09259983152151108,0.43846842646598816
-0.5142954587936401,-0.09483624249696732,0.44005364179611206
-0.4656131863594055,-0.1060900017619133,0.4467671811580658
-0.4595847725868225,-0.10558588057756424,0.44896504282951355
-0.45797374844551086,-0.11038307100534439,0.4475727677345276
-0.46413102746009827,-0.11108793318271637,0.4449654519557953
-0.4680757522583008,-0.10416804254055023,0.45892900228500366
-0.4612535238265991,-0.1029193326830864,0.4618360996246338
-0.4616367518901825,-0.1014849990606308,0.4571647346019745
-0.4679635763168335,-0.1026526466012001,0.4550328552722931
-0.4675159454345703,-0.1088474690914154,0.46083584427833557
-0.4601430296897888,-0.10814858973026276,0.4639093279838562
-0.454102098941803,-0.10190002620220184,0.46397140622138977
-0.4439997375011444,-0.10102654993534088,0.46575888991355896
-0.44487154483795166,-0.10011685639619827,0.45991742610931396
-0.45486873388290405,-0.1005597785115242,0.45857924222946167
-0.4610191285610199,-0.10268168151378632,0.4526768922805786
-0.46717187762260437,-0.10352252423763275,0.4507726728916168
-0.4495759904384613,-0.11725666373968124,0.4520343542098999
-0.45740586519241333,-0.1175483837723732,0.4505537450313568
-0.45720434188842773,-0.11491496115922928,0.4484572410583496
-0.4493694603443146,-0.11464662104845047,0.45047393441200256
-0.43849316239356995,-0.10940008610486984,0.451043963432312
-0.4411061704158783,-0.10444237291812897,0.4522789716720581
-0.4434647858142853,-0.10178130865097046,0.4554898738861084
-0.45032668113708496,-0.11769673228263855,0.45696255564689636
-0.43824970722198486,-0.11636529117822647,0.4584001302719116
-0.43961963057518005,-0.11354485899209976,0.4645490050315857
-0.45110130310058594,-0.11427474021911621,0.46328505873680115
-0.4543675184249878,-0.10210224241018295,0.4538463056087494
-0.45052286982536316,-0.11003689467906952,0.4489423632621765
-0.45256730914115906,-0.10522634536027908,0.450358510017395
-0.4523395001888275,-0.10761341452598572,0.4661582112312317
-0.4589732885360718,-0.11422174423933029,0.4610258936882019
-0.4755783677101135,-0.11783480644226074,0.45125025510787964
-0.474633127450943,-0.11908674240112305,0.446841835975647
-0.4642682671546936,-0.11848615854978561,0.4485682547092438
-0.4652816951274872,-0.11801334470510483,0.4535512924194336
-0.45809662342071533,-0.1178324744105339,0.45521655678749084
-0.46651333570480347,-0.1143953949213028,0.45862287282943726
-0.47340959310531616,-0.11241158097982407,0.4422867000102997
-0.4743436574935913,-0.1076592355966568,0.44379472732543945
-0.4757560193538666,-0.10505960136651993,0.4476533532142639
-0.44182640314102173,-0.10682841390371323,0.4681805372238159
-0.4373551607131958,-0.11644443869590759,0.45310914516448975
-0.4766528904438019,-0.10425087809562683,0.4513233006000519
-0.4772593677043915,-0.10526720434427261,0.4549403786659241
-0.46359479427337646,-0.11568755656480789,0.4456503093242645
-0.47328296303749084,-0.11707160621881485,0.4433898329734802
-0.47626858949661255,-0.11449093371629715,0.4555704891681671
-0.47684502601623535,-0.10959891229867935,0.45751723647117615
-0.4836513102054596,-0.11007129400968552,0.45484334230422974
-0.4829411804676056,-0.1150306835770607,0.45355746150016785
-0.48424050211906433,-0.10566525906324387,0.4522870182991028
-0.48319756984710693,-0.1052650660276413,0.4486459493637085
-0.4816904664039612,-0.10623367130756378,0.44545120000839233
-0.48218461871147156,-0.11813516169786453,0.44963017106056213
-0.481380432844162,-0.11921549588441849,0.4457024335861206
-0.47933971881866455,-0.11742737144231796,0.4422938823699951
-0.4872024953365326,-0.11894006282091141,0.448080837726593
-0.48906731605529785,-0.11550472676753998,0.4509446918964386
-0.5006970167160034,-0.10759218037128448,0.4447822570800781
-0.5010908842086792,-0.10891320556402206,0.44670867919921875
-0.49669313430786133,-0.10854455828666687,0.44757139682769775
-0.49611878395080566,-0.1066589206457138,0.44647979736328125
-0.4934259057044983,-0.10827479511499405,0.4492776095867157
-0.4907301664352417,-0.10647740960121155,0.4498518109321594
-0.4966079294681549,-0.11159299314022064,0.4496763050556183
-0.49264469742774963,-0.11090314388275146,0.4508533775806427
-0.5012497901916504,-0.11260508000850677,0.44866475462913513
-0.4998197853565216,-0.11632347851991653,0.4476623237133026
-0.4952167272567749,-0.11510515213012695,0.4485164284706116
-0.4921191930770874,-0.1140548512339592,0.45034122467041016
-0.5044960379600525,-0.1096770390868187,0.44417718052864075
-0.5042221546173096,-0.11003037542104721,0.44612711668014526
-0.4889816641807556,-0.11061980575323105,0.4524199068546295
-0.48853611946105957,-0.10591239482164383,0.44678428769111633
-0.4946748614311218,-0.10650891810655594,0.4440189599990845
-0.4997633993625641,-0.10779488831758499,0.4422495663166046
-0.5034257173538208,-0.1102537140250206,0.4413095712661743
-0.4930869936943054,-0.10801874846220016,0.44129031896591187
-0.49846091866493225,-0.10928550362586975,0.4397895336151123
-0.5015254020690918,-0.11151956021785736,0.43921414017677307
-0.4915297031402588,-0.11042343080043793,0.43895575404167175
-0.49720022082328796,-0.11163447797298431,0.43816235661506653
-0.4867798984050751,-0.10727033764123917,0.4436642527580261
-0.4847599267959595,-0.1095978394150734,0.44111618399620056
-0.4998810291290283,-0.11272245645523071,0.4383936822414398
-0.5045633912086487,-0.11494320631027222,0.44166335463523865
-0.5058068633079529,-0.11416617780923843,0.44483891129493713
-0.5050193071365356,-0.1133611798286438,0.4476596713066101
-0.49395695328712463,-0.11778179556131363,0.44791480898857117
-0.4990008771419525,-0.11839001625776291,0.44601792097091675
-0.49259239435195923,-0.11941910535097122,0.4457417130470276
-0.49800118803977966,-0.11956924200057983,0.44405198097229004
-0.5030624270439148,-0.11636337637901306,0.44723212718963623
-0.5030250549316406,-0.11761848628520966,0.44550904631614685
-0.4799916446208954,-0.10853410512208939,0.442588210105896
-0.47894033789634705,-0.11284361034631729,0.44126570224761963
-0.4836950898170471,-0.11339853703975677,0.4400375783443451
-0.49077174067497253,-0.11449110507965088,0.438149094581604
-0.48396000266075134,-0.11774279922246933,0.44128677248954773
-0.48579108715057373,-0.11931249499320984,0.4445224702358246
-0.4914258122444153,-0.11858727782964706,0.4414103031158447
-0.49060407280921936,-0.11779183894395828,0.4394618272781372
-0.4970065653324127,-0.11959397047758102,0.4415220022201538
-0.49624207615852356,-0.11827707290649414,0.4391475021839142
-0.4965057075023651,-0.11515118181705475,0.4377536177635193
-0.5005320310592651,-0.11835889518260956,0.44057697057724
-0.5020064115524292,-0.11839426308870316,0.4430120885372162
-0.5022528171539307,-0.11499708890914917,0.4394156336784363
-0.4998762309551239,-0.11513742804527283,0.43832266330718994
-0.4991573989391327,-0.11766090244054794,0.43908002972602844
-0.43704840540885925,-0.1138375774025917,0.45187482237815857
-0.4456676244735718,-0.13246114552021027,0.44544434547424316
-0.4405675232410431,-0.13070613145828247,0.4469943642616272
-0.43887412548065186,-0.1339339166879654,0.4454478621482849
-0.4438701868057251,-0.1356355845928192,0.4438072144985199
-0.44795265793800354,-0.13268008828163147,0.4560714364051819
-0.44207563996315,-0.1305660903453827,0.4584188461303711
-0.44287970662117004,-0.1282663345336914,0.454551637172699
-0.44862499833106995,-0.13031381368637085,0.4526529312133789
-0.4457698166370392,-0.1371585726737976,0.45697495341300964
-0.4394336938858032,-0.13548748195171356,0.4595349431037903
-0.43471330404281616,-0.1281353235244751,0.46017733216285706
-0.42354968190193176,-0.12383780628442764,0.4618571400642395
-0.42644843459129333,-0.12237558513879776,0.4565620422363281
-0.435996413230896,-0.1259961575269699,0.4556337893009186
-0.41093340516090393,-0.13482803106307983,0.45060521364212036
-0.41851934790611267,-0.13631127774715424,0.4498247504234314
-0.4206869304180145,-0.13351808488368988,0.44738197326660156
-0.41248828172683716,-0.13229365646839142,0.44751399755477905
-0.44222480058670044,-0.12844887375831604,0.45014986395835876
-0.44751986861228943,-0.13068917393684387,0.4486854374408722
-0.42931243777275085,-0.13869774341583252,0.44861501455307007
-0.4362383484840393,-0.1404668390750885,0.4474896192550659
-0.43745309114456177,-0.13741178810596466,0.44565266370773315
-0.4310498833656311,-0.13573816418647766,0.4464246332645416
-0.416187047958374,-0.12825548648834229,0.4457685053348541
-0.4232691526412964,-0.1298128366470337,0.44667571783065796
-0.4249761402606964,-0.12627540528774261,0.44873905181884766
-0.41990914940834045,-0.12393496930599213,0.4471745491027832
-0.42653176188468933,-0.1238027811050415,0.4516032636165619
-0.4283507466316223,-0.13983064889907837,0.4529721736907959
-0.4173269271850586,-0.13693438470363617,0.4537956118583679
-0.4167605936527252,-0.13505873084068298,0.4594184160232544
-0.4293743371963501,-0.13824667036533356,0.4581024646759033
-0.4357818365097046,-0.12651896476745605,0.4512057602405548
-0.43282461166381836,-0.13235165178775787,0.4460386335849762
-0.43437129259109497,-0.128930926322937,0.44812774658203125
-0.43150049448013306,-0.1329902857542038,0.46191316843032837
-0.43717896938323975,-0.14002349972724915,0.4564158320426941
-0.44891661405563354,-0.14522433280944824,0.4474748373031616
-0.44840291142463684,-0.14430971443653107,0.4442060887813568
-0.4418371617794037,-0.14225225150585175,0.44585874676704407
-0.44198790192604065,-0.14360584318637848,0.44968071579933167
-0.4358939528465271,-0.14183378219604492,0.45163625478744507
-0.4435577988624573,-0.14165517687797546,0.45409637689590454
-0.4501541554927826,-0.13771304488182068,0.4422430694103241
-0.4522339403629303,-0.1346348524093628,0.44359010457992554
-0.4539049565792084,-0.13288959860801697,0.44669046998023987
-0.41889050602912903,-0.12887969613075256,0.46419453620910645
-0.45528993010520935,-0.13257062435150146,0.4501307010650635
-0.4551171064376831,-0.13454987108707428,0.4530152678489685
-0.442535400390625,-0.13915571570396423,0.44405847787857056
-0.44886159896850586,-0.14125031232833862,0.4425089359283447
-0.4506971538066864,-0.14322267472743988,0.4511716365814209
-0.45287078619003296,-0.13884128630161285,0.4537787437438965
-0.4586227536201477,-0.14007805287837982,0.45201244950294495
-0.45642703771591187,-0.14431598782539368,0.4494589865207672
-0.46043336391448975,-0.13585197925567627,0.4510009288787842
-0.46008455753326416,-0.13399633765220642,0.448239803314209
-0.45831426978111267,-0.1345791220664978,0.44513463973999023
-0.4541113078594208,-0.14624878764152527,0.445594847202301
-0.45338174700737,-0.1452004313468933,0.4431137144565582
-0.4534420371055603,-0.14239442348480225,0.4418306350708008
-0.45927679538726807,-0.14698192477226257,0.4444262385368347
-0.4620608389377594,-0.14512819051742554,0.44776368141174316
-0.47354212403297424,-0.13845482468605042,0.44475817680358887
-0.47325560450553894,-0.13962611556053162,0.4462531507015228
-0.47020459175109863,-0.13890402019023895,0.4470164179801941
-0.46980148553848267,-0.1371222734451294,0.44631749391555786
-0.4671225845813751,-0.13878749310970306,0.4485858678817749
-0.46525463461875916,-0.1369997262954712,0.4489741921424866
-0.46901559829711914,-0.1417604684829712,0.4482087790966034
-0.46565738320350647,-0.14115461707115173,0.4491327106952667
-0.4727705121040344,-0.14287042617797852,0.44729357957839966
-0.4710084795951843,-0.14619962871074677,0.44517600536346436
-0.46745097637176514,-0.1452958881855011,0.4464510679244995
-0.4649306833744049,-0.14407092332839966,0.4479432702064514
-0.47645094990730286,-0.1406477391719818,0.4437156021595001
-0.47588270902633667,-0.1408873200416565,0.44560834765434265
-0.4628550708293915,-0.14074471592903137,0.45038700103759766
-0.46429285407066345,-0.1351304054260254,0.44670239090919495
-0.469050794839859,-0.1362518072128296,0.4445323348045349
-0.47378599643707275,-0.13813453912734985,0.44240307807922363
-0.476195365190506,-0.14110472798347473,0.4410611689090729
-0.467397004365921,-0.13679544627666473,0.4423648715019226
-0.4719179570674896,-0.1388402283191681,0.44050487875938416
-0.47423869371414185,-0.14134642481803894,0.43935859203338623
-0.46503469347953796,-0.13818633556365967,0.4405936002731323
-0.46980366110801697,-0.13996347784996033,0.43925225734710693
-0.4622039794921875,-0.13532733917236328,0.44419941306114197
-0.45975467562675476,-0.13698646426200867,0.44234588742256165
-0.47225767374038696,-0.14150217175483704,0.4388735890388489
-0.4756960868835449,-0.1443425714969635,0.4407992959022522
-0.47643572092056274,-0.14434722065925598,0.44329312443733215
-0.4758577048778534,-0.14398211240768433,0.44611746072769165
-0.466042160987854,-0.14701680839061737,0.44496506452560425
-0.4702285826206207,-0.1476910412311554,0.4432430565357208
-0.4641549587249756,-0.14762365818023682,0.44276320934295654
-0.46955668926239014,-0.14774134755134583,0.4410449266433716
-0.4738708436489105,-0.14644774794578552,0.44488325715065
-0.473966509103775,-0.14692077040672302,0.4427139163017273
-0.45641571283340454,-0.13622820377349854,0.4426027536392212
-0.4546690881252289,-0.1388121098279953,0.44154298305511475
-0.45793360471725464,-0.13982531428337097,0.44078779220581055
-0.46315962076187134,-0.14081119000911713,0.4393315315246582
-0.4571067690849304,-0.14334866404533386,0.4407873749732971
-0.45751869678497314,-0.1460605263710022,0.44196054339408875
-0.46295738220214844,-0.14670561254024506,0.4405145049095154
-0.46241146326065063,-0.14425742626190186,0.4391959309577942
-0.4685083031654358,-0.1466417908668518,0.4392293095588684
-0.46799731254577637,-0.1446947455406189,0.4382806420326233
-0.46845611929893494,-0.14202214777469635,0.43825721740722656
-0.472260445356369,-0.14565680921077728,0.4391055703163147
-0.4733376204967499,-0.14670535922050476,0.440573126077652
-0.4740421772003174,-0.14383164048194885,0.43918097019195557
-0.4719184339046478,-0.14305925369262695,0.438405841588974
-0.47110801935195923,-0.14460456371307373,0.43838122487068176
-0.4104202389717102,-0.13537675142288208,0.4545072317123413
-0.4347377419471741,-0.045140691101551056,0.4394758939743042
-0.4354804456233978,-0.049661919474601746,0.4400602877140045
-0.43830955028533936,-0.05599842965602875,0.42825213074684143
-0.43903136253356934,-0.0547298863530159,0.4206101894378662
-0.438337504863739,-0.04947509616613388,0.4156666100025177
-0.43698763847351074,-0.04341664910316467,0.41636258363723755
-0.4359554052352905,-0.03867102786898613,0.4206728935241699
-0.4368937611579895,-0.05343951657414436,0.4357946813106537
-0.4344349503517151,-0.04032861441373825,0.43544846773147583
-0.43491852283477783,-0.03722403943538666,0.42823702096939087
-0.44653910398483276,-0.03649874031543732,0.4315658211708069
-0.4448849856853485,-0.03943904489278793,0.43911105394363403
-0.44754159450531006,-0.037965819239616394,0.4239038825035095
-0.4476016163825989,-0.04283200949430466,0.41877833008766174
-0.4470514953136444,-0.04881272464990616,0.41760802268981934
-0.4441843628883362,-0.04472093656659126,0.4429280161857605
-0.4441871643066406,-0.049705855548381805,0.442221462726593
-0.4448089003562927,-0.05345732718706131,0.4365507662296295
-0.4539445638656616,-0.044039286673069,0.44566404819488525
-0.4580075144767761,-0.03911888599395752,0.4437576234340668
-0.4721090793609619,-0.03907281905412674,0.4306270182132721
-0.47156184911727905,-0.03685251623392105,0.4343428909778595
-0.46685412526130676,-0.037213049829006195,0.4327447712421417
-0.4665798544883728,-0.038864411413669586,0.42832428216934204
-0.46350952982902527,-0.03709760308265686,0.4324350655078888
-0.45985662937164307,-0.038065340369939804,0.42807745933532715
-0.4666215181350708,-0.03613013029098511,0.4390946924686432
-0.4632149338722229,-0.03639918193221092,0.4375768303871155
-0.46646973490715027,-0.03708770126104355,0.44528788328170776
-0.4630924463272095,-0.03685120493173599,0.44261717796325684
-0.4715085029602051,-0.03515617549419403,0.4406309723854065
-0.4755393862724304,-0.03658133000135422,0.4364214539527893
-0.4760153591632843,-0.035367317497730255,0.44137251377105713
-0.47714948654174805,-0.038405194878578186,0.43462681770324707
-0.45795291662216187,-0.036799535155296326,0.43556296825408936
-0.4570770859718323,-0.04225007817149162,0.4217975437641144
-0.4656450152397156,-0.04217105358839035,0.42476868629455566
-0.4725322723388672,-0.04225821793079376,0.4286467432975769
-0.47769010066986084,-0.041940078139305115,0.43395698070526123
-0.46473386883735657,-0.047186508774757385,0.42429760098457336
-0.4722021520137787,-0.046319689601659775,0.42940109968185425
-0.4762578308582306,-0.04529234394431114,0.4346405267715454
-0.46416908502578735,-0.05154430866241455,0.42762911319732666
-0.47128328680992126,-0.04872802644968033,0.43238139152526855
-0.45530205965042114,-0.048624567687511444,0.41983717679977417
-0.4536125957965851,-0.05353965237736702,0.4231240749359131
-0.474666029214859,-0.04703390970826149,0.43566426634788513
-0.47935885190963745,-0.04147947579622269,0.4409446716308594
-0.47956812381744385,-0.037593625485897064,0.44128385186195374
-0.4653087854385376,-0.03972708433866501,0.44789019227027893
-0.47107911109924316,-0.03608788549900055,0.4462504982948303
-0.47124984860420227,-0.039016857743263245,0.4487515091896057
-0.46337318420410156,-0.0436246432363987,0.4483160376548767
-0.47104278206825256,-0.042737483978271484,0.4489043653011322
-0.47518447041511536,-0.035611629486083984,0.4457632899284363
-0.47655415534973145,-0.03813202679157257,0.44696640968322754
-0.4460374116897583,-0.05387368053197861,0.4215698838233948
-0.4453578293323517,-0.05543956905603409,0.42875105142593384
-0.45235297083854675,-0.05442075431346893,0.43066272139549255
-0.4623299539089203,-0.05197795480489731,0.4345237612724304
-0.4524158835411072,-0.05281726270914078,0.43902504444122314
-0.4526054859161377,-0.04884487763047218,0.4446549415588379
-0.4628192186355591,-0.04744362086057663,0.446341872215271
-0.4623754024505615,-0.05065988004207611,0.44167619943618774
-0.47049441933631897,-0.046131208539009094,0.44666099548339844
-0.47006064653396606,-0.048358120024204254,0.4429773688316345
-0.47043025493621826,-0.048973336815834045,0.4375690221786499
-0.47503137588500977,-0.044928427785634995,0.44447681307792664
-0.4765307307243347,-0.0418599396944046,0.44637951254844666
-0.4772392511367798,-0.04472023993730545,0.44009608030319214
-0.47459423542022705,-0.04680532589554787,0.43926340341567993
-0.4736415445804596,-0.046746619045734406,0.44262760877609253
-0.40718334913253784,-0.13137704133987427,0.44619888067245483
-0.4108634293079376,-0.12675347924232483,0.4444233477115631
-0.4038228988647461,-0.12592513859272003,0.44298863410949707
-0.39617106318473816,-0.12486882507801056,0.4390517473220825
-0.386229544878006,-0.12797825038433075,0.43715983629226685
-0.39875996112823486,-0.11870959401130676,0.4395642876625061
-0.4064493775367737,-0.12003512680530548,0.44317400455474854
-0.4154370129108429,-0.12065232545137405,0.445986807346344
-0.394896537065506,-0.11178723722696304,0.4367663860321045
0.167994424700737,0.273521363735199,0.347493976354599
0.16999077796936035,0.27471601963043213,0.3442474901676178
0.1678166687488556,0.27223706245422363,0.33785030245780945
0.16604533791542053,0.2710590064525604,0.33998119831085205
0.16374382376670837,0.27033406496047974,0.3424234986305237
0.16092346608638763,0.2701682448387146,0.3449724316596985
0.15988053381443024,0.27471643686294556,0.3533007800579071
0.16485455632209778,0.2744007110595703,0.3511063754558563
0.14878524839878082,0.2734435498714447,0.352266788482666
0.1510646939277649,0.2743387818336487,0.3521442711353302
0.14914673566818237,0.272573322057724,0.35151228308677673
0.15420308709144592,0.27130645513534546,0.3491225242614746
0.15102964639663696,0.2724387049674988,0.35045522451400757
0.17109578847885132,0.27533525228500366,0.33843398094177246
0.1709345579147339,0.27534276247024536,0.33649584650993347
0.17084217071533203,0.27482861280441284,0.34115803241729736
0.15762069821357727,0.2704314887523651,0.3472956418991089
0.17027749121189117,0.27424442768096924,0.33548983931541443
0.1692236065864563,0.2731393277645111,0.33598363399505615
0.1549684703350067,0.2749147117137909,0.35334786772727966
0.16544631123542786,0.2715514600276947,0.3438205420970917
0.16244031488895416,0.2717348635196686,0.34680595993995667
0.1597282886505127,0.2730461657047272,0.35140249133110046
0.16403239965438843,0.2725658118724823,0.3489935100078583
0.15541428327560425,0.2726712226867676,0.3506599962711334
0.15316089987754822,0.2727752923965454,0.3508559465408325
0.16727016866207123,0.27223604917526245,0.341389536857605
0.15890227258205414,0.27195924520492554,0.3493949770927429
0.16719946265220642,0.2729627192020416,0.34560808539390564
0.15280309319496155,0.2736210227012634,0.35184091329574585
0.1555667221546173,0.27383989095687866,0.3524695038795471
0.17062032222747803,0.2753395140171051,0.3372144401073456
0.17026525735855103,0.27513501048088074,0.3369026780128479
0.0033269189298152924,0.13080066442489624,0.22240710258483887
-0.003310117870569229,0.11630634218454361,0.22008439898490906
0.16899915039539337,0.2739492356777191,0.3428567051887512
0.16976197063922882,0.2738911509513855,0.33760231733322144
0.16880357265472412,0.27356401085853577,0.33941954374313354
0.1698591411113739,0.274461567401886,0.3404114842414856
0.17039309442043304,0.2750284671783447,0.33844467997550964
0.024268493056297302,0.07064372301101685,0.3097039461135864
0.022571071982383728,0.06315033882856369,0.29685160517692566
0.04772333800792694,0.054605111479759216,0.35376670956611633
0.06532570719718933,0.040634460747241974,0.3580920100212097
0.02399367466568947,-0.14281871914863586,0.16826438903808594
0.12407801300287247,-0.0505838543176651,0.015933632850646973
0.13083213567733765,-0.03390214219689369,0.029805051162838936
0.07069801539182663,-0.01203598827123642,-0.03154664859175682
0.088358074426651,-0.018884722143411636,-0.023783721029758453
0.11805173754692078,-0.08855564147233963,0.12760670483112335
0.11820758879184723,-0.1042289063334465,0.11429832875728607
0.06447535753250122,-0.10195484757423401,0.1637972891330719
0.06482917070388794,-0.12159106135368347,0.15421001613140106
0.10309606790542603,-0.12741756439208984,0.11964640766382217
0.09328675270080566,-0.06490105390548706,-0.038281261920928955
0.0964573472738266,-0.04544677585363388,-0.0252256840467453
0.10874350368976593,-0.05467427894473076,-0.011725159361958504
0.1073966771364212,-0.07207059115171432,-0.02625325135886669
0.0447593592107296,-0.028331751003861427,-0.045441292226314545
0.05065907910466194,-0.007868552580475807,-0.03534889593720436
0.1295824497938156,-0.064854696393013,0.12272985279560089
0.13846319913864136,-0.05617791414260864,0.10210265219211578
0.14410005509853363,-0.03328271955251694,0.06188610941171646
0.13867796957492828,-0.01918179541826248,0.04408518224954605
0.11896368861198425,0.011113598011434078,0.015335455536842346
0.1308911144733429,-0.0041364636272192,0.029713869094848633
0.04324878007173538,-0.0835985541343689,0.1814938336610794
0.02191835641860962,-0.06165698915719986,0.1919376701116562
0.11611586809158325,-0.07097427546977997,0.14134980738162994
-0.021199632436037064,-0.08176727592945099,0.18363244831562042
0.09572701156139374,0.06034459173679352,-0.0008160658180713654
0.11552821099758148,0.047770991921424866,0.015724465250968933
0.14489497244358063,-0.04580313712358475,0.08205047249794006
-0.009131964296102524,0.07401282340288162,0.2180735170841217
-0.01336657628417015,0.06076958030462265,0.2140544056892395
-0.003784220665693283,0.05899820476770401,0.22380796074867249
0.0010772235691547394,0.07204857468605042,0.22779881954193115
0.006229303777217865,0.057008907198905945,0.2325448989868164
0.016802597790956497,0.05497092381119728,0.24034014344215393
0.02683887630701065,0.05302901193499565,0.24620270729064941
0.0535016693174839,0.044928163290023804,0.25282973051071167
0.04509744420647621,0.04809464141726494,0.2525670826435089
0.06882498413324356,0.039221882820129395,0.24659466743469238
0.06104821711778641,0.04196678102016449,0.2512355446815491
0.0780048742890358,0.03480323404073715,0.235619455575943
0.08894804120063782,0.03061726689338684,0.2207387089729309
0.10156887024641037,0.023526620119810104,0.2067468911409378
0.1035124883055687,0.0316227450966835,0.21630927920341492
0.0866977870464325,0.023381665349006653,0.2129964530467987
0.0762777030467987,0.027012348175048828,0.22583353519439697
0.06752023100852966,0.029892772436141968,0.23596230149269104
-0.02335042506456375,0.0327167734503746,0.1940062940120697
-0.0213316660374403,0.011604741215705872,0.1887204647064209
0.009627867490053177,0.1449955254793167,0.22307729721069336
-0.1517494022846222,-0.07842203974723816,0.38826480507850647
-0.29479220509529114,-0.03945241868495941,0.41027554869651794
0.11003296822309494,0.21400415897369385,0.12823352217674255
0.09206581115722656,0.21826376020908356,0.11553636193275452
0.07813358306884766,0.2153910994529724,0.097568579018116
0.07702085375785828,0.22319075465202332,0.10533407330513
0.15427783131599426,0.19202329218387604,0.21518924832344055
0.15636664628982544,0.19563519954681396,0.18713431060314178
0.14950209856033325,0.19885197281837463,0.16042912006378174
0.13357721269130707,0.20282992720603943,0.13864335417747498
0.09488172084093094,-0.05645132437348366,0.16543206572532654
0.11925651133060455,0.19091810286045074,0.10709133744239807
0.13868455588817596,0.19604146480560303,0.13242977857589722
0.15693137049674988,0.19141726195812225,0.1564081311225891
0.1672404706478119,0.18572673201560974,0.18617619574069977
0.16735899448394775,0.1795094907283783,0.22251535952091217
0.17132633924484253,0.16868942975997925,0.24276500940322876
0.1848055124282837,0.13971608877182007,0.2601414918899536
0.18200089037418365,0.12969742715358734,0.2746659517288208
0.1699834018945694,0.13754922151565552,0.28607144951820374
0.16579380631446838,0.12570402026176453,0.30078598856925964
0.17547829449176788,0.11959471553564072,0.28971293568611145
0.10117128491401672,0.050401754677295685,0.3439640402793884
0.089376300573349,0.039093755185604095,0.34792783856391907
0.0848061591386795,0.026603084057569504,0.34720414876937866
0.08400142192840576,0.014899514615535736,0.3422454297542572
0.08676673471927643,0.00614757277071476,0.3329302668571472
0.09608694911003113,0.00046083517372608185,0.3210761547088623
0.10778848826885223,0.0015146471560001373,0.3075832724571228
0.14416618645191193,0.01749926619231701,0.27038145065307617
0.15503031015396118,0.023751182481646538,0.25457844138145447
0.1738949865102768,0.03436507284641266,0.20161722600460052
0.17692166566848755,0.03517220914363861,0.1879868507385254
0.16921737790107727,0.03251960128545761,0.11493005603551865
0.17645461857318878,0.03257156163454056,0.14029231667518616
0.16007870435714722,0.02765892632305622,0.089556485414505
0.09766766428947449,-0.16283057630062103,-0.09855102747678757
0.09304261952638626,-0.1440614014863968,-0.08760252594947815
0.10961882770061493,-0.1445542424917221,-0.07560714334249496
0.11345212906599045,-0.162114217877388,-0.0870598629117012
0.03376412019133568,-0.10286056995391846,-0.07884823530912399
0.054064370691776276,-0.10325630009174347,-0.07785278558731079
0.14141200482845306,-0.16093553602695465,0.009323298931121826
0.14105038344860077,-0.15468904376029968,-0.017198417335748672
0.13484609127044678,-0.14941458404064178,-0.03998398035764694
0.12406858056783676,-0.1461278647184372,-0.05941835418343544
0.1356893628835678,-0.16820251941680908,0.03147982433438301
0.06003611907362938,-0.21531836688518524,0.11129653453826904
0.07761195302009583,-0.20696458220481873,0.09926946461200714
0.007544439285993576,-0.22852815687656403,0.12716209888458252
0.02446766570210457,-0.22642406821250916,0.12464599311351776
0.12577904760837555,-0.17703860998153687,0.051203325390815735
0.04204053431749344,-0.22200335562229156,0.12004606425762177
0.09488371759653091,-0.19700200855731964,0.08542630821466446
0.11202686280012131,-0.1870453655719757,0.06914485991001129
0.09268346428871155,-0.1274438053369522,-0.07715937495231628
0.07350173592567444,-0.12660306692123413,-0.08389179408550262
0.07329536974430084,-0.10443054139614105,-0.07382407784461975
0.11486676335334778,0.12215881049633026,0.03886789083480835
0.13631665706634521,0.1144348680973053,0.05615582317113876
0.1533711850643158,0.10693948715925217,0.08061642944812775
0.17230123281478882,0.11136272549629211,0.11584705859422684
0.18535494804382324,0.10296523571014404,0.14057204127311707
0.18365779519081116,0.0898997038602829,0.1312406212091446
0.1691875159740448,0.09856925159692764,0.10531249642372131
0.19201719760894775,0.09028030186891556,0.18720906972885132
0.19068825244903564,0.08646656572818756,0.20677180588245392
0.19002096354961395,0.07393643260002136,0.20104995369911194
0.1913101077079773,0.07751832157373428,0.181660994887352
0.18710535764694214,0.07075215131044388,0.21800465881824493
0.18258461356163025,0.06247933954000473,0.2341012954711914
0.1758648157119751,0.053771018981933594,0.2494577318429947
0.16808944940567017,0.04316979646682739,0.26691997051239014
0.17361074686050415,0.05826403200626373,0.28089362382888794
0.18374347686767578,0.06849346309900284,0.2645617127418518
0.19142696261405945,0.10393138974905014,0.19611772894859314
0.19114062190055847,0.10974395275115967,0.17422392964363098
0.11908504366874695,0.15024635195732117,0.0644172802567482
0.09739283472299576,0.15577587485313416,0.050786081701517105
0.11554242670536041,0.015499468892812729,0.19977115094661713
0.13096395134925842,0.0090203657746315,0.19342279434204102
0.14519397914409637,0.007833115756511688,0.1855200082063675
0.15677829086780548,0.010926995426416397,0.17711786925792694
0.16584482789039612,0.016756609082221985,0.17017397284507751
0.17295333743095398,0.024194560945034027,0.16341641545295715
0.17835381627082825,0.03384609520435333,0.15812674164772034
0.1782676875591278,0.034960780292749405,0.17361746728420258
0.182300865650177,0.04443424567580223,0.15460309386253357
0.18275851011276245,0.04417581111192703,0.1722680926322937
0.18547925353050232,0.057657547295093536,0.15185575187206268
0.1885424554347992,0.07083617895841599,0.15257783234119415
0.19034817814826965,0.08293626457452774,0.15746311843395233
0.19102269411087036,0.09594442695379257,0.16512291133403778
0.17580825090408325,0.12469886243343353,0.12774276733398438
0.18704861402511597,0.11643889546394348,0.15161854028701782
0.16293160617351532,0.14682534337043762,0.11707039177417755
0.16536183655261993,0.15885458886623383,0.1282971054315567
0.15606975555419922,0.1222103089094162,0.09124800562858582
0.15969468653202057,0.13443239033222198,0.10453346371650696
0.12320679426193237,0.22013790905475616,0.19035181403160095
0.11368860304355621,0.22473150491714478,0.16926510632038116
0.11965493857860565,0.015141259878873825,0.3100343346595764
0.107884481549263,0.0096362866461277,0.3154493272304535
0.11491537094116211,0.00927538052201271,0.3055070638656616
0.1218157708644867,0.01347094401717186,0.30395835638046265
0.10299541056156158,0.01330690085887909,0.324269562959671
0.11692853271961212,0.024159252643585205,0.32305511832237244
0.10262443125247955,0.019627276808023453,0.3331788182258606
0.11873044073581696,0.018083922564983368,0.3182399570941925
0.10343191027641296,0.028470516204833984,0.33783069252967834
0.11890526115894318,0.030934438109397888,0.32943296432495117
0.10723237693309784,0.03755667805671692,0.3397522568702698
0.12065474689006805,0.03812754154205322,0.3325241208076477
0.12238207459449768,0.044235680252313614,0.3335094749927521
0.11488525569438934,0.046021755784749985,0.3385108709335327
0.16001592576503754,0.06278534978628159,0.3096901774406433
0.14624951779842377,0.05520957335829735,0.32022133469581604
0.13221599161624908,0.04886588826775551,0.3283082842826843
0.15730981528759003,0.03459940478205681,0.28134191036224365
0.14448058605194092,0.028177566826343536,0.29659387469291687
0.13124889135360718,0.023175306618213654,0.30850136280059814
0.13146422803401947,0.028321191668510437,0.3142145872116089
0.14579328894615173,0.033706095069646835,0.3023586571216583
0.15944889187812805,0.04059271514415741,0.28735390305519104
0.1162414401769638,0.1389116644859314,0.05204581096768379
0.13818736374378204,0.13110046088695526,0.06816135346889496
0.18909168243408203,0.08013007789850235,0.22422847151756287
0.1860451102256775,0.07280273735523224,0.2391292005777359
0.18027573823928833,0.06270619481801987,0.2548556327819824
0.17161482572555542,0.05073385685682297,0.2721993923187256
0.18867696821689606,0.0802982971072197,0.2486298829317093
0.19155633449554443,0.08970490843057632,0.23246434330940247
0.19196289777755737,0.09723468124866486,0.21507027745246887
0.14149245619773865,0.1437612622976303,0.08187944442033768
0.09478882700204849,0.14554591476917267,0.039115678519010544
0.08665082603693008,0.11386743932962418,0.302792489528656
0.10358407348394394,0.12650330364704132,0.3111684024333954
0.12563611567020416,0.13221189379692078,0.31692638993263245
0.1476447731256485,0.1307581067085266,0.3108661472797394
0.06311927735805511,0.2511368989944458,0.1353318989276886
-0.07596337795257568,-0.041257135570049286,0.33886784315109253
0.05752342566847801,0.0995800569653511,-0.005565661936998367
0.06477393954992294,0.12023308128118515,0.006431177258491516
0.03357453644275665,0.019322041422128677,-0.02997029758989811
0.04102661833167076,0.04694339260458946,-0.023885052651166916
0.05542299523949623,-0.07823877781629562,-0.0656081885099411
0.03593742474913597,-0.07554608583450317,-0.06748460978269577
0.039894502609968185,-0.050877876579761505,-0.05658097565174103
0.010182637721300125,-0.12636931240558624,-0.08932130038738251
0.012781864032149315,-0.10171180963516235,-0.0782301276922226
0.019286135211586952,-0.05047643929719925,-0.05477501451969147
0.023359572514891624,-0.026555601507425308,-0.04449031874537468
0.07244650274515152,0.06790661066770554,-0.012004736810922623
0.09194778650999069,0.13061051070690155,0.02633238211274147
0.07290340214967728,0.1521284431219101,0.03064670041203499
0.07531436532735825,0.16342180967330933,0.041720788925886154
0.07768289744853973,0.1733730286359787,0.05220654979348183
0.031065426766872406,0.03145172446966171,0.23747211694717407
0.03312071040272713,0.04056759178638458,0.2436685860157013
0.023482713848352432,0.04239167273044586,0.2406749129295349
0.02166096121072769,0.0329943522810936,0.23555035889148712
0.04865472763776779,0.028010457754135132,0.23685413599014282
0.051432788372039795,0.03596682846546173,0.2440844476222992
0.042589202523231506,0.0385444313287735,0.24476757645606995
0.04008408635854721,0.029923737049102783,0.23787686228752136
0.05946088209748268,0.03298651799559593,0.24142131209373474
0.0570872463285923,0.025172092020511627,0.23370972275733948
0.029842860996723175,0.02217499166727066,0.2314678132534027
0.03843793272972107,0.021407712250947952,0.23088552057743073
0.02094992622733116,0.023232877254486084,0.23025929927825928
0.05435505509376526,0.017452575266361237,0.22740072011947632
0.046833913773298264,0.019683465361595154,0.23039615154266357
0.08497976511716843,0.18637709319591522,0.28663426637649536
0.09348075836896896,0.17890450358390808,0.2989031672477722
0.11352021992206573,0.20287267863750458,0.3366779685020447
0.11487483978271484,0.20741531252861023,0.33844903111457825
0.05795813351869583,0.1958414763212204,0.27211248874664307
0.04840701073408127,0.1940993368625641,0.26465705037117004
0.10161396861076355,0.1903228461742401,0.32539576292037964
0.09531562030315399,0.18019229173660278,0.31636616587638855
0.12451069056987762,0.2213878035545349,0.35554996132850647
0.12247361242771149,0.2196957767009735,0.3526298999786377
0.11763308942317963,0.2105461061000824,0.3463696539402008
0.1154346913099289,0.20831169188022614,0.3424966633319855
0.03879600763320923,0.19281421601772308,0.2564489245414734
0.06733141839504242,0.19372901320457458,0.279752254486084
0.02148914337158203,0.18700601160526276,0.23991718888282776
0.016489792615175247,0.18249185383319855,0.2321225255727768
0.022824659943580627,0.17384225130081177,0.22697725892066956
0.019780956208705902,0.16594479978084564,0.2228967547416687
-0.023384379222989082,0.04869687557220459,0.19888445734977722
-0.014464855194091797,0.08847937732934952,0.21290482580661774
-0.01837220788002014,0.07546792179346085,0.20809388160705566
-0.009444065392017365,0.10172326117753983,0.21717889606952667
0.015331964939832687,0.15631401538848877,0.22200427949428558
0.029107041656970978,0.19092360138893127,0.24817021191120148
0.10926821082830429,0.1994801163673401,0.33438020944595337
0.10538403689861298,0.1972699761390686,0.3300163149833679
0.12056399881839752,0.21655036509037018,0.3499758839607239
0.11914119124412537,0.2135407030582428,0.34812724590301514
-0.006783513352274895,0.13430312275886536,0.21612632274627686
-0.013833673670887947,0.1198464184999466,0.21451571583747864
-0.021656442433595657,0.061869408935308456,0.2036668360233307
-0.03359968960285187,0.03509610891342163,0.18522579967975616
-0.034518562257289886,0.013507802039384842,0.17915768921375275
-0.00030496716499328613,0.14802706241607666,0.2173219919204712
-0.03620940074324608,-0.009508125483989716,0.17634540796279907
0.157552570104599,-0.31932926177978516,-0.049528904259204865
0.141482412815094,-0.3410240411758423,-0.06394694745540619
0.13019706308841705,-0.32915443181991577,-0.08429278433322906
0.1428736448287964,-0.31320706009864807,-0.07451558858156204
0.1493590772151947,-0.27145150303840637,-0.06795692443847656
0.15067237615585327,-0.247466042637825,-0.06667067110538483
0.15076971054077148,-0.22163541615009308,-0.06476274132728577
0.11132288724184036,-0.3413074314594269,-0.09547707438468933
0.08394049108028412,-0.33062314987182617,-0.11830504238605499
0.0880720391869545,-0.3487298786640167,-0.10518750548362732
0.13669505715370178,-0.2278946489095688,-0.08864576369524002
0.13638649880886078,-0.2542293965816498,-0.09089206904172897
0.13417142629623413,-0.30965542793273926,-0.08844134956598282
0.13509418070316315,-0.2976011335849762,-0.089222252368927
0.14895403385162354,-0.2955828607082367,-0.07099578529596329
0.10670842975378036,-0.32480287551879883,-0.10807600617408752
0.12368736416101456,-0.31731122732162476,-0.09729169309139252
0.05675660818815231,-0.16537567973136902,-0.11168816685676575
0.05953337997198105,-0.18642589449882507,-0.12166175991296768
0.03347346931695938,-0.18704359233379364,-0.12296983599662781
0.1290266364812851,-0.16153584420681,-0.06751906871795654
0.11884450912475586,-0.18069323897361755,-0.09583954513072968
-4.874914884567261e-05,-0.3398481011390686,-0.10336574912071228
0.12206223607063293,-0.302613765001297,-0.10388415306806564
0.08261961489915848,-0.3089888393878937,-0.1273214966058731
0.10476942360401154,-0.3061545491218567,-0.11660435795783997
0.08524522930383682,-0.23381252586841583,-0.13146398961544037
0.1054745763540268,-0.23366610705852509,-0.12047023326158524
0.10493911057710648,-0.25974199175834656,-0.12260761111974716
0.08476153761148453,-0.25968024134635925,-0.13394002616405487
0.12185531109571457,-0.2321980893611908,-0.10694792121648788
0.12042618542909622,-0.20485928654670715,-0.10243574529886246
0.08352209627628326,-0.2080046534538269,-0.12562941014766693
0.10333661735057831,-0.20706845819950104,-0.11574072390794754
0.10119002312421799,-0.18198946118354797,-0.10861470550298691
0.12116817384958267,-0.25889888405799866,-0.10970479995012283
0.08296330273151398,-0.28542444109916687,-0.13363692164421082
0.05652252957224846,-0.2878440320491791,-0.13968047499656677
0.029321985319256783,-0.28809645771980286,-0.13891641795635223
0.0015351800248026848,-0.2896459698677063,-0.13658390939235687
0.0025077094323933125,-0.26396575570106506,-0.13968989253044128
0.08273622393608093,-0.1844692975282669,-0.11602316796779633
0.07541357725858688,-0.14476390182971954,-0.09405534714460373
0.07923760265111923,-0.16334687173366547,-0.10586154460906982
0.07477919012308121,-0.08150873333215714,-0.059645600616931915
0.21093711256980896,-0.491929292678833,0.19168654084205627
0.011973462998867035,-0.3843163251876831,0.032888442277908325
0.013914398849010468,-0.3864315152168274,0.0556316077709198
0.1744457483291626,-0.2633596956729889,0.0653255432844162
0.17980660498142242,-0.29504892230033875,-0.007324498146772385
0.16351045668125153,-0.2934720814228058,-0.041991665959358215
0.02772585302591324,-0.37920549511909485,0.09264839440584183
0.042884863913059235,-0.36581286787986755,0.1119837537407875
0.15620523691177368,-0.26935380697250366,0.09572949260473251
0.11691883206367493,-0.3145161271095276,0.1295080929994583
0.018911130726337433,-0.38607844710350037,0.07351355254650116
0.13518056273460388,-0.2764703631401062,-0.09068521112203598
0.12080341577529907,-0.2816099226474762,-0.10771521925926208
0.1039329543709755,-0.28402963280677795,-0.12149868160486221
0.05606101080775261,-0.3110480308532715,-0.13262945413589478
0.02708260715007782,-0.3108188807964325,-0.13222306966781616
0.0002229376696050167,-0.31062051653862,-0.12909355759620667
0.018020130693912506,-0.3251746892929077,0.1401786208152771
0.0061821527779102325,-0.3150854706764221,0.136231929063797
0.0127028189599514,-0.3128856420516968,0.13783061504364014
-0.004160732962191105,-0.30120018124580383,0.13268357515335083
-0.001192491501569748,-0.31641465425491333,0.13397562503814697
0.008553609251976013,-0.3308996856212616,0.1351557970046997
0.00018363818526268005,-0.3309811055660248,0.1320396065711975
0.0027212798595428467,-0.3439362645149231,0.1249929815530777
0.06030559912323952,-0.2251908779144287,0.10898170620203018
0.07955499738454819,-0.21700115501880646,0.09680598974227905
0.007628736086189747,-0.23863175511360168,0.12525387108325958
0.023922130465507507,-0.23596517741680145,0.12285169959068298
0.13040746748447418,-0.18855658173561096,0.0441647544503212
0.04138413071632385,-0.23140859603881836,0.11755727976560593
0.09931308776140213,-0.20663438737392426,0.08257582038640976
0.11686768382787704,-0.19757501780986786,0.06367999315261841
0.003479110077023506,-0.21074700355529785,-0.1323750764131546
0.003446484450250864,-0.18682599067687988,-0.12200742959976196
-0.00810486450791359,-0.23976218700408936,0.12464826554059982
0.08646775037050247,0.18001070618629456,0.3036991357803345
0.07688739895820618,0.1879275143146515,0.29034438729286194
0.15452492237091064,0.327448308467865,0.40338316559791565
0.05692022293806076,0.28269463777542114,0.1830490380525589
0.14431844651699066,0.2766405940055847,0.38371938467025757
0.11318573355674744,0.20782114565372467,0.33920711278915405
0.12631799280643463,0.22080709040164948,0.3584311604499817
0.01392688974738121,0.17783121764659882,0.22397342324256897
0.011097298935055733,0.169570192694664,0.2174580693244934
0.01100911945104599,-0.37478673458099365,0.042970336973667145
0.0063417404890060425,0.1589420735836029,0.21668213605880737
0.010752417147159576,-0.3748188018798828,0.025502681732177734
0.02849428728222847,-0.00599764846265316,-0.03596607968211174
0.24919703602790833,-0.96393883228302,0.040477484464645386
0.24178923666477203,-0.9609284996986389,0.028806403279304504
0.2508026659488678,-0.990411639213562,0.02399289608001709
0.2561853528022766,-0.9932462573051453,0.03628550469875336
0.24624323844909668,-0.9494471549987793,-0.00049591064453125
0.23954901099205017,-0.9548181295394897,0.009776219725608826
0.258368581533432,-0.9458685517311096,-0.007565706968307495
0.27197879552841187,-0.9445297718048096,-0.007753461599349976
0.2715950012207031,-0.9759309887886047,-0.012102514505386353
0.2588387429714203,-0.9775717258453369,-0.013911008834838867
0.2840854227542877,-0.9443590641021729,-0.0031659305095672607
0.2941940426826477,-0.9751511216163635,-0.002751663327217102
0.293893039226532,-0.9453988075256348,0.0038038790225982666
0.30233991146087646,-0.9474564790725708,0.021244704723358154
0.30165281891822815,-0.9761110544204712,0.015005171298980713
0.30568283796310425,-0.95476895570755,0.03957366943359375
0.30714279413223267,-0.9817219376564026,0.032980307936668396
0.2987847328186035,-0.9615844488143921,0.053614526987075806
0.26137351989746094,-0.9669079184532166,0.049937859177589417
0.26731905341148376,-0.9952229261398315,0.04811900854110718
0.2485581487417221,-0.9811649918556213,-0.0076030343770980835
0.2464948296546936,-0.986099362373352,0.002552345395088196
0.24804770946502686,-0.9882458448410034,0.01364600658416748
0.23902994394302368,-0.958010733127594,0.018412664532661438
0.25718313455581665,-1.021104335784912,0.022182956337928772
0.25870344042778015,-1.0218331813812256,0.038912445306777954
0.2503376305103302,-1.0123014450073242,-0.013143375515937805
0.2543410360813141,-1.0161633491516113,-0.00027573108673095703
0.2715980112552643,-1.0064976215362549,-0.014891177415847778
0.2589842677116394,-1.007834553718567,-0.020534098148345947
0.2989331781864166,-1.0016705989837646,-0.010458126664161682
0.2855197489261627,-1.0036011934280396,-0.013871565461158752
0.28347617387771606,-0.9748404622077942,-0.008433610200881958
0.30735138058662415,-1.0024974346160889,0.00696660578250885
0.3141169548034668,-1.0053319931030273,0.02733658254146576
0.2736414074897766,-1.0203386545181274,0.0511937290430069
0.2570268511772156,-1.0194729566574097,0.010848820209503174
0.4383508563041687,-1.0683748722076416,0.1373913288116455
0.4361416697502136,-1.0640572309494019,0.13700678944587708
0.4325011372566223,-1.0640439987182617,0.14014075696468353
0.43288952112197876,-1.069221019744873,0.14238429069519043
0.41021835803985596,-1.0697938203811646,0.17068330943584442
0.407865047454834,-1.0588817596435547,0.17225097119808197
0.39951634407043457,-1.0619152784347534,0.17555077373981476
0.39945322275161743,-1.0744359493255615,0.17590239644050598
0.4231222867965698,-1.0693161487579346,0.15945470333099365
0.4231945872306824,-1.073312759399414,0.15644940733909607
0.42718636989593506,-1.0730217695236206,0.15308885276317596
0.42995792627334595,-1.0687215328216553,0.15449026226997375
0.43944743275642395,-1.069688081741333,0.09781154245138168
0.43948549032211304,-1.0747766494750977,0.09634548425674438
0.4422954320907593,-1.0744189023971558,0.09234170615673065
0.44312798976898193,-1.0703357458114624,0.09224150329828262
0.4383816123008728,-1.0699186325073242,0.12236002087593079
0.43774735927581787,-1.0748167037963867,0.12028764188289642
0.44068455696105957,-1.0740160942077637,0.11659102886915207
0.4430418312549591,-1.0704618692398071,0.11671442538499832
0.39646095037460327,-1.0594089031219482,0.15010219812393188
0.3838636875152588,-1.0598640441894531,0.1556612104177475
0.3924192488193512,-1.0617728233337402,0.1682976633310318
0.40371251106262207,-1.0583373308181763,0.16245803236961365
0.386816143989563,-1.0723389387130737,0.17029543220996857
0.3779016137123108,-1.072184443473816,0.15701046586036682
0.3837476968765259,-1.079414963722229,0.1530674695968628
0.3917197585105896,-1.0767765045166016,0.16455957293510437
0.39579492807388306,-1.0778707265853882,0.1487579047679901
0.402317076921463,-1.0755418539047241,0.15927648544311523
0.40263301134109497,-1.0699889659881592,0.1476791948080063
0.41179534792900085,-1.0666686296463013,0.15784397721290588
0.4192706048488617,-1.0670617818832397,0.13636514544487
0.4146614372730255,-1.0597834587097168,0.1384263038635254
0.42331355810165405,-1.0613126754760742,0.14859355986118317
0.42886337637901306,-1.0676263570785522,0.14489513635635376
0.4063666760921478,-1.0606837272644043,0.14611807465553284
0.4171169102191925,-1.0620077848434448,0.15392576158046722
0.4045568108558655,-1.0716851949691772,0.1491296887397766
0.40804675221443176,-1.0768799781799316,0.14365097880363464
0.41728365421295166,-1.0746989250183105,0.15265531837940216
0.4136054515838623,-1.0693719387054443,0.15821954607963562
0.41519850492477417,-1.0752222537994385,0.13776548206806183
0.4243597090244293,-1.074328064918518,0.14636436104774475
0.42597073316574097,-1.0599863529205322,0.12161301076412201
0.41858476400375366,-1.061498761177063,0.12946614623069763
0.42728590965270996,-1.0635608434677124,0.13649490475654602
0.4333145320415497,-1.0628280639648438,0.13126380741596222
0.42462554574012756,-1.0715643167495728,0.14008332788944244
0.4174022078514099,-1.071677327156067,0.13288554549217224
0.4211130738258362,-1.0758411884307861,0.1281086504459381
0.42859500646591187,-1.0745123624801636,0.13588640093803406
0.4280086159706116,-1.0743058919906616,0.121537946164608
0.4349731206893921,-1.074388027191162,0.13112157583236694
0.4312574565410614,-1.0662245750427246,0.11953339725732803
0.43825864791870117,-1.0681054592132568,0.12908616662025452
0.4366963505744934,-1.0671617984771729,0.09898578375577927
0.4325108230113983,-1.0605645179748535,0.10090324282646179
0.4386310577392578,-1.0642344951629639,0.1102384552359581
0.4420478343963623,-1.0697985887527466,0.10833706706762314
0.42809146642684937,-1.0614105463027954,0.10828962922096252
0.43423470854759216,-1.0637353658676147,0.11490903794765472
0.43119803071022034,-1.0680313110351562,0.11913473904132843
0.4275033473968506,-1.0665171146392822,0.112491175532341
0.42898768186569214,-1.0751932859420776,0.10922931134700775
0.43310847878456116,-1.0756622552871704,0.11685282737016678
0.4342310428619385,-1.0752310752868652,0.10147006064653397
0.439241886138916,-1.07576584815979,0.11089417338371277
0.4357316792011261,-1.0613512992858887,0.07819941639900208
0.43994468450546265,-1.0639493465423584,0.0863150879740715
0.44193828105926514,-1.0695850849151611,0.08451574295759201
0.4365789592266083,-1.0685824155807495,0.07532607018947601
0.4325982928276062,-1.0612244606018066,0.08624452352523804
0.43624332547187805,-1.0632225275039673,0.09186984598636627
0.4338744580745697,-1.0682953596115112,0.09494505822658539
0.4318608343601227,-1.0668625831604004,0.08986081928014755
0.43205422163009644,-1.075994849205017,0.08763004839420319
0.43506401777267456,-1.0762850046157837,0.0931784138083458
0.4354504942893982,-1.0753369331359863,0.0798395648598671
0.4406702220439911,-1.076215147972107,0.08712733536958694
0.39229559898376465,-1.0608007907867432,0.13545051217079163
0.3757856786251068,-1.05869460105896,0.14320506155490875
0.39883339405059814,-1.0749742984771729,0.17097775638103485
0.3710329234600067,-1.0732179880142212,0.14398646354675293
0.4048709571361542,-1.074281096458435,0.1677388846874237
0.39361605048179626,-1.0797271728515625,0.13512995839118958
0.37786370515823364,-1.0818901062011719,0.13937218487262726
0.3986831307411194,-1.0705996751785278,0.14270317554473877
0.4271244704723358,-1.0632808208465576,0.1543337106704712
0.40941712260246277,-1.0779918432235718,0.12172075361013412
0.41327986121177673,-1.0704721212387085,0.1286662518978119
0.4231495261192322,-1.063642144203186,0.15768907964229584
0.40709617733955383,-1.0605106353759766,0.12268558144569397
0.4175529479980469,-1.0615041255950928,0.10522367060184479
0.4336837828159332,-1.0736064910888672,0.13965237140655518
0.43698322772979736,-1.0734366178512573,0.1368017941713333
0.42129433155059814,-1.0769672393798828,0.10498304665088654
0.4261547029018402,-1.065959095954895,0.11098600178956985
0.44135311245918274,-1.0660619735717773,0.11620629578828812
0.4282166361808777,-1.076869010925293,0.08644498139619827
0.43242430686950684,-1.0664888620376587,0.08986677974462509
0.438473105430603,-1.0656836032867432,0.11910593509674072
0.425423800945282,-1.0602612495422363,0.08561825752258301
0.4408837556838989,-1.066442608833313,0.09185660630464554
0.43023407459259033,-1.0764080286026,0.0699722096323967
0.4301820695400238,-1.0680280923843384,0.06329255551099777
0.43907976150512695,-1.0657330751419067,0.09507720917463303
0.42893004417419434,-1.0599051713943481,0.06874240934848785
0.2813723683357239,-0.9944192171096802,0.05420108139514923
0.27384036779403687,-0.9677578210830688,0.057163119316101074
0.2871858477592468,-0.9662500023841858,0.05787166953086853
0.29453587532043457,-0.9920188188552856,0.05378931760787964
0.30327486991882324,-0.9879096746444702,0.04705384373664856
0.29015693068504333,-1.0169878005981445,0.056365400552749634
0.3041161894798279,-1.012650966644287,0.053868040442466736
0.31097009778022766,-1.0098689794540405,0.043849021196365356
0.311681866645813,-1.0242129564285278,-0.002399817109107971
0.30187639594078064,-1.0236479043960571,-0.01902705430984497
0.28596627712249756,-1.0271010398864746,-0.01840949058532715
0.2725840210914612,-1.0305174589157104,-0.0223638117313385
0.2599352300167084,-1.033179759979248,-0.028291426599025726
0.28400740027427673,-1.0420037508010864,0.052912481129169464
0.3017553389072418,-1.0342085361480713,0.06139487028121948
0.3151209354400635,-1.0271366834640503,0.05870562046766281
0.32357239723205566,-1.024735450744629,0.04481758922338486
0.3629976511001587,-1.058047890663147,0.13168253004550934
0.3780187964439392,-1.0529669523239136,0.1208142638206482
0.3620889186859131,-1.0503042936325073,0.10741322487592697
0.35147708654403687,-1.0642890930175781,0.11418653279542923
0.39116260409355164,-1.0557314157485962,0.10722912102937698
0.37491291761398315,-1.0497373342514038,0.0935983955860138
0.4016866087913513,-1.0572870969772339,0.09081347286701202
0.3845795691013336,-1.0521252155303955,0.077333964407444
0.40982094407081604,-1.0585825443267822,0.07301166653633118
0.39100345969200134,-1.0558620691299438,0.060688674449920654
0.4159644544124603,-1.0595126152038574,0.05699534714221954
0.3967136740684509,-1.0592447519302368,0.04477876424789429
0.41990557312965393,-1.0671093463897705,0.04859759658575058
0.40246403217315674,-1.066591501235962,0.03442324697971344
0.359172523021698,-1.0776591300964355,0.131515771150589
0.3491091728210449,-1.0811209678649902,0.11278639733791351
0.36787742376327515,-1.0872925519943237,0.12422257661819458
0.3579655885696411,-1.0922257900238037,0.10503780841827393
0.38049283623695374,-1.0845524072647095,0.1134263426065445
0.36943694949150085,-1.0892629623413086,0.09398429095745087
0.40495744347572327,-1.079358458518982,0.03817860037088394
0.420340895652771,-1.0782558917999268,0.0548553466796875
0.3937445878982544,-1.0825271606445312,0.09896636009216309
0.38122960925102234,-1.0855656862258911,0.07960589230060577
0.4053609073162079,-1.0822641849517822,0.08324910700321198
0.3916212022304535,-1.085134744644165,0.06409261375665665
0.4141696095466614,-1.0814061164855957,0.06827503442764282
0.39968207478523254,-1.0839241743087769,0.04984864592552185
0.34153228998184204,-1.051249384880066,0.09236904978752136
0.3543812930583954,-1.0426892042160034,0.08061650395393372
0.3618853986263275,-1.0454965829849243,0.06445523351430893
0.3681411147117615,-1.0494356155395508,0.04715737700462341
0.3744019865989685,-1.057077169418335,0.03063604235649109
0.3818455636501312,-1.0658293962478638,0.019604049623012543
0.3453575670719147,-1.0391005277633667,0.027763858437538147
0.35277777910232544,-1.0575590133666992,0.014569424092769623
0.36017322540283203,-1.0694252252578735,0.006546050310134888
0.34026288986206055,-1.0725780725479126,-0.0073867663741111755
0.3341462314128876,-1.059555172920227,-0.002724193036556244
0.3023965358734131,-1.0653988122940063,-0.03014158457517624
0.3167162537574768,-1.0618443489074707,-0.017856813967227936
0.3229422867298126,-1.0748341083526611,-0.023157231509685516
0.3085372745990753,-1.080021858215332,-0.03675497695803642
0.33029019832611084,-1.0420459508895874,0.005484685301780701
0.31301313638687134,-1.043078899383545,-0.010916642844676971
0.29804539680480957,-1.04474937915802,-0.02027532458305359
0.2820233702659607,-1.0888704061508179,-0.04675571620464325
0.27672290802001953,-1.070847511291504,-0.04487191140651703
0.29023951292037964,-1.0681207180023193,-0.03888629376888275
0.29594942927360535,-1.0846976041793823,-0.044527046382427216
0.2662353515625,-1.0968716144561768,-0.039265867322683334
0.259988009929657,-1.0781441926956177,-0.04034291207790375
0.25443705916404724,-1.084270715713501,-0.02020816132426262
0.25925084948539734,-1.1018884181976318,-0.020031113177537918
0.2743678689002991,-1.0499155521392822,-0.03343711793422699
0.28613823652267456,-1.0483169555664062,-0.026436977088451385
0.2598871886730194,-1.054791808128357,-0.03400050848722458
0.254364013671875,-1.060748815536499,-0.01812908798456192
0.26252493262290955,-1.084913969039917,-0.0016358643770217896
0.26158902049064636,-1.0622705221176147,-0.002241984009742737
0.2651866674423218,-1.1017879247665405,-0.0007422603666782379
0.33574017882347107,-1.0693395137786865,0.09456522017717361
0.33697694540023804,-1.0822409391403198,0.09084077179431915
0.3411342203617096,-1.033722162246704,0.052586041390895844
0.33267924189567566,-1.0356334447860718,0.06862976402044296
0.3151992857456207,-1.0493054389953613,0.07343713939189911
0.31529000401496887,-1.0730057954788208,0.07506655901670456
0.32092440128326416,-1.0858643054962158,0.06907147169113159
0.29805469512939453,-1.0776548385620117,0.05671629682183266
0.30583521723747253,-1.0893890857696533,0.05073359236121178
0.3446632921695709,-1.0910242795944214,0.08299562335014343
0.32901355624198914,-1.0909059047698975,0.06111113727092743
0.3135214149951935,-1.094043254852295,0.043474458158016205
0.2855790853500366,-1.080604076385498,0.03940580040216446
0.292205274105072,-1.0933325290679932,0.035485584288835526
0.27770018577575684,-1.0825440883636475,0.02348390221595764
0.2820580005645752,-1.096340537071228,0.022316452115774155
0.27354252338409424,-1.0993140935897827,0.011621735990047455
0.27144724130630493,-1.083733081817627,0.010698184370994568
0.27162984013557434,-1.063659906387329,0.022738680243492126
0.26627105474472046,-1.0628761053085327,0.010493941605091095
0.28010740876197815,-1.063531517982483,0.038780324161052704
0.293018639087677,-1.0595571994781494,0.056701257824897766
0.38533979654312134,-1.0798907279968262,0.02131124585866928
0.36403515934944153,-1.0816166400909424,0.006612867116928101
0.3428501784801483,-1.0836220979690552,-0.006388045847415924
0.3254297375679016,-1.0884696245193481,-0.02125737816095352
0.31030961871147156,-1.093973159790039,-0.03215641528367996
0.2987631559371948,-1.0977885723114014,-0.03758994862437248
0.28656917810440063,-1.1012372970581055,-0.038958705961704254
0.2741472125053406,-1.1056277751922607,-0.03174499049782753
0.26892244815826416,-1.1091606616973877,-0.018854506313800812
0.2739216387271881,-1.1103005409240723,-0.003609243780374527
0.2812349796295166,-1.1094427108764648,0.007610827684402466
0.29970771074295044,-1.1000521183013916,0.028898674994707108
0.2893258333206177,-1.1062263250350952,0.017782483249902725
0.2687389552593231,-1.0457208156585693,0.0398561954498291
0.26228421926498413,-1.044903039932251,0.023117735981941223
0.25980281829833984,-1.0429667234420776,0.01093919575214386
0.2539094090461731,-1.0379804372787476,-0.015719130635261536
0.2585737407207489,-1.0399316549301147,-0.00130501389503479
0.3549967408180237,-1.0913211107254028,0.07202567905187607
0.3654038608074188,-1.0882375240325928,0.05804720148444176
0.37446996569633484,-1.087369441986084,0.043715570122003555
0.3813721835613251,-1.0857211351394653,0.03109685331583023
0.36113888025283813,-1.0875111818313599,0.014510713517665863
0.35483384132385254,-1.090165138244629,0.025387562811374664
0.3463137447834015,-1.0918517112731934,0.038442984223365784
0.33744511008262634,-1.0921454429626465,0.05134299769997597
0.34103408455848694,-1.0909829139709473,0.0008525475859642029
0.33586013317108154,-1.0943228006362915,0.010745014995336533
0.32795649766921997,-1.0966242551803589,0.022331029176712036
0.3209378123283386,-1.0967506170272827,0.034261200577020645
0.3062034547328949,-1.1035346984863281,0.020512498915195465
0.31140732765197754,-1.1027110815048218,0.009306639432907104
0.3181720972061157,-1.099779725074768,-0.0013014040887355804
0.32245928049087524,-1.0960257053375244,-0.011554695665836334
0.3079555630683899,-1.1001923084259033,-0.02122969552874565
0.3042525351047516,-1.1033220291137695,-0.010665781795978546
0.29874908924102783,-1.1064378023147583,-0.0005244836211204529
0.2948223650455475,-1.1080586910247803,0.009320057928562164
0.2982662320137024,-1.1026253700256348,-0.026321060955524445
0.2809629440307617,-1.1076765060424805,-0.025413405150175095
0.28944385051727295,-1.1048836708068848,-0.02814370021224022
0.2769794762134552,-1.1106634140014648,-0.01746945083141327
0.28112077713012695,-1.1109706163406372,-0.007349494844675064
0.2874282896518707,-1.1099250316619873,0.0010470077395439148
0.2859564423561096,-1.1085751056671143,-0.012138109654188156
0.29150378704071045,-1.1077816486358643,-0.006859332323074341
0.29596182703971863,-1.104846477508545,-0.016167379915714264
0.28942254185676575,-1.1062241792678833,-0.01950700208544731
0.2823178768157959,-1.1089004278182983,-0.016953233629465103
0.28420916199684143,-1.1076393127441406,-0.020610786974430084
0.32184407114982605,-1.0263710021972656,0.02267545461654663
0.056281208992004395,0.2617556154727936,0.146908700466156
0.07972714304924011,0.20738375186920166,0.08849184215068817
0.23248329758644104,-0.6891018152236938,0.17987209558486938
0.2480514943599701,-0.6887520551681519,0.18100117146968842
0.26206129789352417,-0.6837880611419678,0.17918303608894348
0.13287311792373657,-0.2805263102054596,0.11490549892187119
0.04528817906975746,-0.14046934247016907,0.1589757353067398
0.044286295771598816,-0.10427119582891464,0.1736471951007843
0.04466746374964714,-0.12371067702770233,0.16536687314510345
0.1450023651123047,-0.30143454670906067,0.12116110324859619
0.09978528320789337,-0.07563267648220062,0.1540370136499405
-0.0003145011141896248,-0.3261871635913849,-0.11721457540988922
0.07862510532140732,0.18315798044204712,0.0622551292181015
0.036275528371334076,0.050773002207279205,0.250465452671051
0.0030163056217134,-0.23751631379127502,-0.13812562823295593
0.16909755766391754,0.3120066821575165,0.26199278235435486
0.165835440158844,0.312776118516922,0.2613149583339691
0.1637248992919922,0.3105607330799103,0.25885599851608276
0.1606215536594391,0.31322985887527466,0.2560291886329651
0.158516988158226,0.314365416765213,0.25314611196517944
0.15773946046829224,0.3144804537296295,0.25081148743629456
0.1644207239151001,0.3126084804534912,0.25718072056770325
0.16327780485153198,0.31735730171203613,0.2576301097869873
0.1653912216424942,0.3138139545917511,0.25880250334739685
0.16624116897583008,0.3125733733177185,0.25882747769355774
-0.019283989444375038,0.10505785048007965,0.21119561791419983
-0.02331281639635563,0.0911148190498352,0.2060246467590332
-0.027048328891396523,0.07800161093473434,0.2014848291873932
-0.02970748022198677,0.0646078959107399,0.19596849381923676
0.1116151511669159,0.20291221141815186,0.3377445936203003
-0.025497687980532646,-0.1896686851978302,0.15125319361686707
-0.030229901894927025,-0.1723300814628601,0.1547389179468155
0.015648342669010162,-0.075701043009758,-0.06614826619625092
-0.012179620563983917,-0.22028017044067383,0.13044676184654236
-0.03413214534521103,-0.15777260065078735,0.16057364642620087
0.04874389246106148,0.07424959540367126,-0.016099080443382263
-0.031178604811429977,0.05114206671714783,0.1912456899881363
-0.009557263925671577,-0.22806832194328308,0.12641288340091705
0.06955862790346146,0.1379016935825348,0.01846635714173317
-0.03853244706988335,-0.13829559087753296,0.16495583951473236
-0.005462499335408211,-0.2852265536785126,0.1276102513074875
-0.04267462342977524,-0.0804448276758194,0.17601408064365387
0.10523524135351181,0.31287404894828796,0.4038846492767334
0.0893157422542572,0.31406864523887634,0.3954964280128479
0.09402167797088623,0.30052104592323303,0.39634770154953003
0.10825949162244797,0.2974015176296234,0.40013009309768677
0.09688208997249603,0.2895755171775818,0.3959117829799652
0.10908189415931702,0.2868143916130066,0.3968406915664673
0.07658848166465759,0.3133210241794586,0.3863863945007324
0.0822630301117897,0.3022618889808655,0.38901644945144653
0.06291110068559647,0.28026196360588074,0.36821645498275757
0.06742095202207565,0.2870214581489563,0.37252694368362427
0.0588139146566391,0.29076382517814636,0.36712655425071716
0.053809452801942825,0.28197208046913147,0.36033618450164795
0.05435441434383392,0.25966089963912964,0.3535613417625427
0.044898711144924164,0.26008355617523193,0.34241560101509094
0.05058543011546135,0.24646833539009094,0.3429832458496094
0.05955109745264053,0.24778825044631958,0.35347259044647217
0.102074034512043,0.24387097358703613,0.3626483976840973
0.10050639510154724,0.25001993775367737,0.3661773204803467
0.09294196963310242,0.24625933170318604,0.36582890152931213
0.09468120336532593,0.2396700233221054,0.3613912761211395
0.11632221937179565,0.24826422333717346,0.36708664894104004
0.12399131804704666,0.24668453633785248,0.3711514472961426
0.12345976382493973,0.2537434995174408,0.3706297278404236
0.11531973630189896,0.25468015670776367,0.3677019476890564
0.10522741079330444,0.23805561661720276,0.3585565984249115
0.09751216322183609,0.23361161351203918,0.3569813370704651
0.110286645591259,0.24167542159557343,0.3631678521633148
0.10889841616153717,0.2474522888660431,0.36403894424438477
0.11589330434799194,0.2299880087375641,0.3661823570728302
0.12025429308414459,0.22703777253627777,0.3684147894382477
0.12179863452911377,0.2318541407585144,0.37170928716659546
0.11600202322006226,0.23505866527557373,0.36807751655578613
0.10871748626232147,0.23505154252052307,0.3609333038330078
0.1115749254822731,0.23076289892196655,0.3594300150871277
0.1126747578382492,0.23135632276535034,0.3630363941192627
0.11122792214155197,0.2360769361257553,0.36414432525634766
0.11675488948822021,0.24151572585105896,0.36722326278686523
0.12369276583194733,0.23915740847587585,0.37175253033638
0.13018473982810974,0.23565956950187683,0.37574803829193115
0.1278124302625656,0.22690507769584656,0.3745737671852112
0.07831653952598572,0.23227719962596893,0.35536253452301025
0.08217449486255646,0.22715914249420166,0.3533799350261688
0.0895027220249176,0.2300141304731369,0.35562664270401
0.08633549511432648,0.23552286624908447,0.3593074679374695
0.10782486200332642,0.23009273409843445,0.3564862906932831
0.0992598831653595,0.2160107046365738,0.3498671352863312
0.10608172416687012,0.2140999287366867,0.3505580425262451
0.10746645927429199,0.217330202460289,0.35314473509788513
0.10023410618305206,0.21928422152996063,0.352477490901947
0.06464973092079163,0.22601209580898285,0.3437884449958801
0.059716276824474335,0.22182491421699524,0.33600473403930664
0.068061962723732,0.21659442782402039,0.3388752341270447
0.07111787796020508,0.22048963606357574,0.3445386290550232
0.06682398170232773,0.211736261844635,0.33339059352874756
0.05765142664313316,0.21589085459709167,0.3286401927471161
0.06004709750413895,0.2001289427280426,0.317998468875885
0.07147353887557983,0.19840216636657715,0.3271915316581726
0.06837596744298935,0.2057487517595291,0.32967308163642883
0.05758490413427353,0.2088872194290161,0.3225533664226532
0.08700356632471085,0.19625377655029297,0.3304482102394104
0.07602196931838989,0.19116590917110443,0.32554957270622253
0.08227232098579407,0.1847270131111145,0.3230902850627899
0.09245215356349945,0.19338811933994293,0.32880035042762756
0.09612637758255005,0.2131332904100418,0.3438766896724701
0.09797418117523193,0.21412459015846252,0.3470023274421692
0.09284044057130814,0.21569907665252686,0.34636566042900085
0.09168578684329987,0.2149050086736679,0.3439888060092926
0.08670289069414139,0.2161882370710373,0.3437749743461609
0.08740890026092529,0.21632172167301178,0.34443700313568115
0.08620820939540863,0.21715036034584045,0.3453312814235687
0.08467048406600952,0.2165530025959015,0.343900203704834
0.08882449567317963,0.2155715823173523,0.3434196710586548
0.08729658275842667,0.21516576409339905,0.3427107334136963
0.08927171677350998,0.2136048823595047,0.34196531772613525
0.09293125569820404,0.21091458201408386,0.3423653542995453
0.10661058127880096,0.20378482341766357,0.3398209810256958
0.10918546468019485,0.20790444314479828,0.34098029136657715
0.10588710010051727,0.20924808084964752,0.341763436794281
0.10282756388187408,0.20531213283538818,0.3412554860115051
0.08919855952262878,0.21722115576267242,0.34693968296051025
0.09332039207220078,0.2174118459224701,0.3484075963497162
0.0935259535908699,0.21967321634292603,0.35102400183677673
0.0878935158252716,0.21967794001102448,0.34914442896842957
0.08560557663440704,0.22229859232902527,0.35131096839904785
0.08045415580272675,0.22048360109329224,0.34819287061691284
0.0839804857969284,0.21832944452762604,0.3468087613582611
0.08475176990032196,0.2150883972644806,0.3424083888530731
0.08148200064897537,0.2170974612236023,0.3443075716495514
0.08068891614675522,0.21504369378089905,0.3418004512786865
0.08183032274246216,0.2117847502231598,0.3397729992866516
0.08642436563968658,0.21237847208976746,0.3414302468299866
0.08965177088975906,0.20895034074783325,0.3407759666442871
0.08454734086990356,0.20758414268493652,0.3383316695690155
0.08883188664913177,0.2032703161239624,0.3368014097213745
0.0942087396979332,0.20497998595237732,0.34014105796813965
0.09241257607936859,0.2236080765724182,0.3536335825920105
0.07693284004926682,0.21811822056770325,0.3449621796607971
0.07619675993919373,0.22379857301712036,0.3496815860271454
0.0748555138707161,0.2152400016784668,0.340645432472229
0.07509308308362961,0.21158793568611145,0.3376126289367676
0.08148014545440674,0.20159175992012024,0.3326886296272278
0.07744821906089783,0.20666219294071198,0.3351379334926605
0.06482180953025818,0.19293874502182007,0.31492817401885986
0.07169178128242493,0.18577998876571655,0.3112396001815796
0.09875010699033737,0.2840525805950165,0.39102017879486084
0.10820787400007248,0.2827078402042389,0.3903016448020935
0.09493373334407806,0.28172916173934937,0.3841685354709625
0.09939390420913696,0.2804538905620575,0.3847252428531647
0.0998155027627945,0.2821476459503174,0.38690313696861267
0.09391337633132935,0.28343465924263,0.38586995005607605
0.07528185099363327,0.28568530082702637,0.37546485662460327
0.07154785096645355,0.2808326780796051,0.3725665509700775
0.07955858111381531,0.28165489435195923,0.375247061252594
0.08189227432012558,0.2840906083583832,0.3774890601634979
0.08622454851865768,0.270793080329895,0.373609721660614
0.09128500521183014,0.27501827478408813,0.37682318687438965
0.08800747990608215,0.27734678983688354,0.3769834041595459
0.08183084428310394,0.2739332616329193,0.3739593029022217
0.09512654691934586,0.2731531858444214,0.3763616681098938
0.09140921384096146,0.26885101199150085,0.37330538034439087
0.09685331583023071,0.26808738708496094,0.37285709381103516
0.09932689368724823,0.27210336923599243,0.375652015209198
0.10692968964576721,0.28143396973609924,0.38574498891830444
0.10501725971698761,0.2792893946170807,0.383877694606781
0.11026477813720703,0.27922797203063965,0.3805335760116577
0.11354964226484299,0.28088143467903137,0.38241952657699585
0.11606890708208084,0.2755753993988037,0.36981868743896484
0.11960037052631378,0.274069607257843,0.3695836067199707
0.12038009613752365,0.2766118347644806,0.372043639421463
0.11609561741352081,0.2765555679798126,0.3717753291130066
0.1140996664762497,0.27323031425476074,0.3699653148651123
0.11592572182416916,0.2710428833961487,0.36909306049346924
0.12011424452066422,0.3315306007862091,0.4082353115081787
0.09989254921674728,0.3313877284526825,0.4032903015613556
0.12228567898273468,0.31124812364578247,0.40432223677635193
0.0826248824596405,0.3287457227706909,0.39542606472969055
0.06889164447784424,0.3251025080680847,0.38414984941482544
0.04343846067786217,0.24434514343738556,0.3326301574707031
0.051046401262283325,0.231366366147995,0.3340262174606323
0.05744386464357376,0.23481160402297974,0.3430883288383484
0.038648851215839386,0.2400411069393158,0.3213130831718445
0.04759293049573898,0.22528837621212006,0.3243904709815979
0.0493198037147522,0.21080341935157776,0.3060086965560913
0.04709136113524437,0.21903005242347717,0.31455931067466736
0.03232978284358978,0.2587010860443115,0.31778684258461
0.03044142574071884,0.25776591897010803,0.30520179867744446
0.037117891013622284,0.23612618446350098,0.3076934814453125
0.02772165834903717,0.2768118679523468,0.3046274185180664
0.02511918544769287,0.28054264187812805,0.2940920889377594
0.026891596615314484,0.257767915725708,0.28836631774902344
0.018229752779006958,0.2291007936000824,0.26551735401153564
0.010682351887226105,0.24446286261081696,0.2620387077331543
0.0021827220916748047,0.2420324683189392,0.2490783929824829
0.007683604955673218,0.22734743356704712,0.2555025517940521
0.037283942103385925,0.2609010338783264,0.3296344578266144
0.057915546000003815,0.3052385747432709,0.3675212562084198
0.050343748182058334,0.296076238155365,0.35874253511428833
0.06575915962457657,0.2985990345478058,0.37420204281806946
0.0674077495932579,0.36296406388282776,0.38589105010032654
0.05529278516769409,0.353308767080307,0.3748638331890106
0.06259790807962418,0.33943918347358704,0.38101187348365784
0.07533039897680283,0.3461463451385498,0.39405277371406555
0.10736827552318573,0.3795934319496155,0.39605996012687683
0.08551064133644104,0.3731671869754791,0.3929673433303833
0.09328392893075943,0.3522803485393524,0.40163949131965637
0.1148463636636734,0.3549034297466278,0.4053969383239746
0.04813050478696823,0.36574751138687134,0.36561349034309387
0.05876683443784714,0.37846121191978455,0.37321698665618896
0.05045982450246811,0.3895381689071655,0.3561343550682068
0.0415768101811409,0.374316543340683,0.3517807424068451
0.07555446028709412,0.39308297634124756,0.378285676240921
0.06328298151493073,0.4080365300178528,0.35835182666778564
0.022309646010398865,0.2902502417564392,0.28644344210624695
0.017884530127048492,0.27584636211395264,0.2776889503002167
0.012965112924575806,0.26576659083366394,0.26698943972587585
0.02092854678630829,0.24936112761497498,0.274526447057724
0.08202224224805832,0.4239433705806732,0.3565489649772644
0.09623631089925766,0.40427127480506897,0.37988999485969543
0.02759428322315216,0.38349008560180664,0.3004729747772217
0.022930003702640533,0.3684486746788025,0.3073577582836151
0.028875067830085754,0.3736017048358917,0.3238790035247803
0.03300425410270691,0.3915269672870636,0.3181092441082001
0.03514067083597183,0.3979191184043884,0.2910948395729065
0.04191657155752182,0.4088139235973358,0.31165212392807007
0.025464415550231934,0.3408569097518921,0.2615712881088257
0.028900370001792908,0.3495912253856659,0.24870963394641876
0.033703841269016266,0.3312963545322418,0.24022488296031952
0.02842780202627182,0.32470452785491943,0.25151991844177246
0.08706748485565186,0.29230597615242004,0.3906211256980896
0.07924874871969223,0.29380321502685547,0.3845876455307007
0.0854383036494255,0.2880457639694214,0.3842177987098694
0.09107329696416855,0.2863601744174957,0.3885834217071533
0.06686989217996597,0.311166912317276,0.37618517875671387
0.07326322793960571,0.30114588141441345,0.38143235445022583
0.05370659753680229,0.33279654383659363,0.3680463433265686
0.047350719571113586,0.3438582420349121,0.3637167513370514
0.036522820591926575,0.362112432718277,0.3467649221420288
0.04153216630220413,0.3543242812156677,0.3568324148654938
0.021576985716819763,0.3563513159751892,0.3127393424510956
0.02512495219707489,0.3598140478134155,0.32260188460350037
0.022099249064922333,0.3063836693763733,0.27759477496147156
0.023286618292331696,0.31416937708854675,0.26462143659591675
0.023449718952178955,0.3003368079662323,0.2531444728374481
0.01919279247522354,0.2915307581424713,0.2651660740375519
0.03592914342880249,0.3144882023334503,0.2321341633796692
0.028245985507965088,0.3083328306674957,0.24230286478996277
0.009429596364498138,0.2750282883644104,0.24024668335914612
0.01514771580696106,0.2834765315055847,0.2286788374185562
0.008089683949947357,0.2789033055305481,0.21540267765522003
0.003509022295475006,0.26914480328559875,0.22683516144752502
0.015921354293823242,0.28523513674736023,0.20337344706058502
0.022703848779201508,0.2890050709247589,0.2187262773513794
0.03022441267967224,0.2927030026912689,0.20946307480335236
0.024725452065467834,0.28771552443504333,0.19366741180419922
0.024121016263961792,0.2034941017627716,0.258353054523468
0.01626136153936386,0.21431833505630493,0.25726187229156494
0.006051838397979736,0.21190187335014343,0.24747787415981293
0.0146893709897995,0.20164300501346588,0.2488812655210495
-0.0029432401061058044,0.26757070422172546,0.20871464908123016
0.002208694815635681,0.2788315415382385,0.19711846113204956
0.023437879979610443,0.3316723108291626,0.27341994643211365
0.021624252200126648,0.3257606029510498,0.2858904302120209
0.010811273008584976,0.28440430760383606,0.18550118803977966
0.02104855328798294,0.2893946170806885,0.24203065037727356
0.026654012501239777,0.29619431495666504,0.2308710515499115
0.0435195118188858,0.31811022758483887,0.22334350645542145
0.04083230346441269,0.33602216839790344,0.22827129065990448
0.10762616991996765,0.25345128774642944,0.36613985896110535
0.10687550902366638,0.2688223719596863,0.3709380030632019
0.11152775585651398,0.26983553171157837,0.36981165409088135
0.11126403510570526,0.27261948585510254,0.37125736474990845
0.10754997283220291,0.27184587717056274,0.37286433577537537
0.13608033955097198,0.2896839678287506,0.39635133743286133
0.12258115410804749,0.29370418190956116,0.4001859724521637
0.12104189395904541,0.28214725852012634,0.39376088976860046
0.1322912871837616,0.27765408158302307,0.3870243430137634
0.07155381888151169,0.25187036395072937,0.36431795358657837
0.07440908253192902,0.23994293808937073,0.35899287462234497
0.084135040640831,0.24282531440258026,0.3640068471431732
0.08401117473840714,0.2521797716617584,0.36825031042099
0.0858670026063919,0.28302285075187683,0.3788613975048065
0.08826389163732529,0.28289076685905457,0.3808848261833191
0.08537910878658295,0.2849380671977997,0.3803156018257141
0.07120953500270844,0.22983860969543457,0.3502757251262665
0.06548882275819778,0.23744314908981323,0.35159048438072205
0.04534837603569031,0.286049485206604,0.35017630457878113
0.07311956584453583,0.29235774278640747,0.378120094537735
0.13077491521835327,0.38245075941085815,0.39519158005714417
0.1360161304473877,0.3544963598251343,0.4063354730606079
0.11928987503051758,0.4087543189525604,0.3754200339317322
0.10538134723901749,0.4315689206123352,0.3509502410888672
0.05447026342153549,0.4230217933654785,0.30298885703086853
0.07467725872993469,0.4347856938838959,0.29291656613349915
0.06297291815280914,0.41996869444847107,0.26859575510025024
0.04613296687602997,0.411618709564209,0.28030380606651306
0.03703460097312927,0.35702335834503174,0.23682767152786255
0.03911176323890686,0.29601171612739563,0.20075400173664093
0.03469456732273102,0.28768226504325867,0.18800336122512817
0.13741104304790497,0.3307810425758362,0.4083234369754791
0.1383030116558075,0.30974167585372925,0.4014753997325897
0.060339514166116714,0.3208123743534088,0.37069475650787354
0.061481498181819916,0.27262264490127563,0.3652900755405426
0.0642758160829544,0.2625088691711426,0.3640349507331848
0.07304972410202026,0.2682154178619385,0.3708857297897339
0.07047863304615021,0.2747899889945984,0.3711446523666382
0.05229267105460167,0.2724161148071289,0.3554896116256714
0.042809002101421356,0.27505290508270264,0.34336617588996887
0.03354595601558685,0.2792014181613922,0.3288951814174652
0.029538843780755997,0.27639567852020264,0.31562870740890503
0.041361428797245026,0.3951074481010437,0.33702901005744934
0.03503771126270294,0.3783111572265625,0.338259756565094
0.06646539270877838,0.43097010254859924,0.329587459564209
0.050808221101760864,0.4150918126106262,0.3347803056240082
0.03204558789730072,0.36816343665122986,0.3359706699848175
0.0892474576830864,0.4412491023540497,0.3219529688358307
0.10949006676673889,0.22170910239219666,0.3547477126121521
0.11285606771707535,0.2254936397075653,0.356175035238266
0.10130922496318817,0.22579671442508698,0.3548574149608612
0.09907539933919907,0.20268294215202332,0.3392341136932373
0.09371639788150787,0.2005651891231537,0.33497244119644165
0.09847486019134521,0.19846363365650177,0.3329530656337738
0.10346762835979462,0.20048187673091888,0.3370954990386963
0.06329727172851562,0.19307245314121246,0.29693344235420227
0.05524993687868118,0.20145443081855774,0.3009973168373108
0.034890368580818176,0.20339572429656982,0.26808133721351624
0.026323936879634857,0.21487940847873688,0.2674506604671478
0.11793476343154907,0.22923380136489868,0.3632619380950928
0.11663873493671417,0.23025907576084137,0.3618299961090088
0.11854411661624908,0.22975733876228333,0.36145663261413574
0.11920095235109329,0.22857096791267395,0.3628877103328705
0.08948563039302826,0.2169160544872284,0.34530407190322876
0.11117489635944366,0.21236464381217957,0.349579393863678
0.10877867043018341,0.21068821847438812,0.34611862897872925
0.11172842979431152,0.20961573719978333,0.34479382634162903
0.1140260100364685,0.2113419771194458,0.348031610250473
0.03708226978778839,0.22822757065296173,0.2921171188354492
0.029056578874588013,0.2307717651128769,0.2766294479370117
0.0013380050659179688,0.2570986747741699,0.23888440430164337
0.007334433495998383,0.2601630985736847,0.2534922659397125
0.014909148216247559,0.2815272808074951,0.2536465525627136
0.03284183889627457,0.3021763861179352,0.2209368199110031
0.041787005960941315,0.30641883611679077,0.21279974281787872
0.05277948081493378,0.3076153099536896,0.20734313130378723
0.05334381014108658,0.32058849930763245,0.21537326276302338
0.045723430812358856,0.21043787896633148,0.28807029128074646
0.03618878126144409,0.21486376225948334,0.2775833308696747
0.04448109120130539,0.20389419794082642,0.2764776945114136
0.05455480515956879,0.20089592039585114,0.28522682189941406
0.12238369882106781,0.2248416393995285,0.36011791229248047
0.12025441974401474,0.22552314400672913,0.3586541414260864
0.12124701589345932,0.22274616360664368,0.35705995559692383
0.12371943891048431,0.22264568507671356,0.35966068506240845
0.11453255265951157,0.22964896261692047,0.3599664866924286
0.11506885290145874,0.22724616527557373,0.35727253556251526
0.11628056317567825,0.2287820279598236,0.3582870364189148
0.11491292715072632,0.22971102595329285,0.36191824078559875
0.11690135300159454,0.22881463170051575,0.363949716091156
0.12277483195066452,0.22514250874519348,0.3651263117790222
0.1251518279314041,0.2223946452140808,0.36855167150497437
0.11974698305130005,0.22708860039710999,0.36546260118484497
0.12080596387386322,0.22761665284633636,0.3610183596611023
0.1196216344833374,0.22806987166404724,0.3591960072517395
0.11759954690933228,0.23024192452430725,0.35952332615852356
0.11613866686820984,0.23049917817115784,0.36045950651168823
0.12176894396543503,0.226904034614563,0.36404943466186523
0.11973568797111511,0.22809436917304993,0.36404839158058167
0.13134099543094635,0.24459345638751984,0.37490114569664
0.041651464998722076,0.19689206779003143,0.26694440841674805
0.05215543508529663,0.19767265021800995,0.27433592081069946
0.08766428381204605,0.21640299260616302,0.3436196446418762
0.11751975119113922,0.281436562538147,0.3867289125919342
0.07908476889133453,0.26276081800460815,0.3712892234325409
0.10003376007080078,0.25682374835014343,0.3683518171310425
0.10064880549907684,0.26299625635147095,0.37020331621170044
0.09419049322605133,0.2618561089038849,0.37081044912338257
0.09278862178325653,0.2538273334503174,0.36848628520965576
0.12459307909011841,0.27902883291244507,0.3806754946708679
0.12677860260009766,0.2751254737377167,0.3739197254180908
0.1334022581577301,0.27147457003593445,0.37731027603149414
0.12473773211240768,0.27033451199531555,0.37021708488464355
0.119036465883255,0.26766538619995117,0.3681755065917969
0.12185835838317871,0.26151004433631897,0.3698676824569702
0.13054150342941284,0.26326388120651245,0.3736076354980469
0.08954128623008728,0.28464192152023315,0.3832237124443054
0.09129060804843903,0.28236299753189087,0.3827633559703827
0.11413848400115967,0.2606394290924072,0.36792850494384766
0.11292073875665665,0.26585447788238525,0.3682776391506195
0.10692459344863892,0.26437634229660034,0.3691744804382324
0.1069391593337059,0.2590141296386719,0.36773332953453064
0.08689724653959274,0.26142337918281555,0.37128034234046936
0.08019042760133743,0.28755709528923035,0.37939488887786865
0.0795256495475769,0.2773410677909851,0.37392085790634155
0.022302158176898956,0.3108699917793274,0.2938866913318634
0.020202092826366425,0.3242003321647644,0.29787516593933105
0.02514301985502243,0.2943636476993561,0.30843424797058105
0.02490963786840439,0.29836562275886536,0.30563849210739136
0.027377575635910034,0.2926505208015442,0.2993071675300598
0.02815231680870056,0.28931114077568054,0.3048548102378845
0.02600659430027008,0.34444814920425415,0.32842978835105896
0.02853788435459137,0.3417305052280426,0.33125558495521545
0.03090166300535202,0.3451828956604004,0.3359091281890869
0.02720291167497635,0.3496958613395691,0.3300187587738037
0.031801044940948486,0.339150071144104,0.3380732834339142
0.031726814806461334,0.3370632827281952,0.3355557918548584
0.03231547027826309,0.3340224623680115,0.33718156814575195
0.03407429903745651,0.339616984128952,0.34089094400405884
0.037946321070194244,0.332950621843338,0.343342661857605
0.04211137443780899,0.33657801151275635,0.3529062569141388
0.03807143121957779,0.3457106351852417,0.34789952635765076
0.04895758628845215,0.3145346939563751,0.35719969868659973
0.04697142913937569,0.3275715708732605,0.3546282947063446
0.04023069143295288,0.3250066041946411,0.3433886468410492
0.04020781069993973,0.3153828978538513,0.3406994044780731
0.02864837646484375,0.2902699410915375,0.32073915004730225
0.02692496031522751,0.28764045238494873,0.312809020280838
0.02528630942106247,0.3011409342288971,0.2951684892177582
0.029873177409172058,0.3838668465614319,0.2741471827030182
0.023067332804203033,0.3715175688266754,0.2850259244441986
0.01981665939092636,0.3593660891056061,0.29442423582077026
0.018579497933387756,0.3484175205230713,0.30252084136009216
0.041096657514572144,0.39378130435943604,0.2635120749473572
0.055735744535923004,0.40059253573417664,0.251740962266922
0.04227527230978012,0.3017538785934448,0.34726855158805847
0.03579025715589523,0.3051994740962982,0.33490827679634094
0.021341539919376373,0.3571130335330963,0.27212703227996826
0.02750595659017563,0.3683552145957947,0.25993791222572327
0.019911207258701324,0.3465327322483063,0.2830962538719177
0.019040904939174652,0.3385031223297119,0.29434478282928467
0.03705747425556183,0.37663012742996216,0.24844078719615936
0.04966825246810913,0.3803454041481018,0.23684382438659668
0.05051058530807495,0.3579436242580414,0.2265404462814331
0.021296024322509766,0.299121618270874,0.3158627450466156
0.019851550459861755,0.29457274079322815,0.31324073672294617
0.02324339747428894,0.2929407060146332,0.31214776635169983
0.02451460063457489,0.29510027170181274,0.3174382150173187
0.031186670064926147,0.29730045795440674,0.3277668356895447
0.03708033263683319,0.29130589962005615,0.3379252552986145
0.1313697099685669,0.25320446491241455,0.3747551143169403
0.08912251889705658,0.1821153461933136,0.32040348649024963
0.09712222218513489,0.19142092764377594,0.3276733458042145
0.11484667658805847,0.2189265340566635,0.35386013984680176
0.11293072253465652,0.21540042757987976,0.3520001173019409
0.11586073040962219,0.21413880586624146,0.3502366542816162
0.11773884296417236,0.21736019849777222,0.3522260785102844
0.11842317134141922,0.27979591488838196,0.3771321773529053
0.05201788246631622,0.3389836847782135,0.22070716321468353
0.04908875375986099,0.29605236649513245,0.19627970457077026
0.0453781858086586,0.2861701548099518,0.18467368185520172
0.021080099046230316,0.2844606041908264,0.17596478760242462
0.03155511990189552,0.28196048736572266,0.1719629466533661
0.11981356143951416,0.22073885798454285,0.35446491837501526
0.1170717179775238,0.22227662801742554,0.35564619302749634
0.1216319352388382,0.22731851041316986,0.36289867758750916
0.10394047200679779,0.2121378779411316,0.3470054864883423
0.11874911189079285,0.2271474301815033,0.3582017123699188
0.11847139894962311,0.2248719334602356,0.35701823234558105
0.12348763644695282,0.2217143177986145,0.35621386766433716
0.12136509269475937,0.2199537456035614,0.35353949666023254
0.10208836197853088,0.2683694064617157,0.3723125755786896
0.1035938709974289,0.27188199758529663,0.37443748116493225
0.1235661655664444,0.2248903065919876,0.36294180154800415
0.12515828013420105,0.22210261225700378,0.3633973002433777
-0.0012402981519699097,0.22516480088233948,0.2424212098121643
-0.0050237104296684265,0.24060334265232086,0.23296919465065002
0.11378011107444763,0.2092728316783905,0.34371471405029297
0.11588624119758606,0.21085795760154724,0.34695175290107727
0.03388980031013489,0.31575626134872437,0.3311077952384949
0.03454749286174774,0.3224455714225769,0.3351072669029236
0.029022790491580963,0.3223471939563751,0.3292778730392456
0.027648501098155975,0.31678399443626404,0.3267289400100708
0.03171622008085251,0.19614063203334808,0.2580639719963074
-0.00468522310256958,0.25458621978759766,0.22031839191913605
0.04177657514810562,0.2793138921260834,0.1707315742969513
0.08567860722541809,0.279776930809021,0.3772040903568268
0.08493389189243317,0.28189244866371155,0.37771981954574585
0.11414270102977753,0.2788313031196594,0.37604326009750366
0.09814399480819702,0.2074417918920517,0.34204065799713135
0.10143941640853882,0.21146388351917267,0.3429739773273468
0.06174129992723465,0.19547264277935028,0.28239452838897705
0.12555205821990967,0.2214386761188507,0.35920214653015137
0.028778553009033203,0.3346790671348572,0.3284021019935608
0.028171077370643616,0.33183497190475464,0.32644569873809814
0.025511465966701508,0.3295877277851105,0.32846683263778687
0.027098387479782104,0.3314875662326813,0.33089837431907654
0.028981834650039673,0.3309217691421509,0.33642828464508057
0.028263144195079803,0.33455029129981995,0.33830854296684265
0.025491394102573395,0.33335593342781067,0.33546268939971924
0.02615206688642502,0.33069631457328796,0.3335881233215332
0.033591628074645996,0.32946065068244934,0.33775508403778076
0.029668480157852173,0.3272150754928589,0.3340340554714203
0.02579893171787262,0.33707594871520996,0.3392890691757202
0.024731256067752838,0.33592990040779114,0.33666229248046875
0.030191659927368164,0.33870235085487366,0.3345654308795929
0.028529666364192963,0.33854156732559204,0.3380613327026367
0.026361562311649323,0.34304237365722656,0.33660340309143066
0.02215484529733658,0.3405724763870239,0.33921265602111816
0.02202071249485016,0.34724563360214233,0.332950621843338
0.017226174473762512,0.3438074588775635,0.33582839369773865
0.01783369481563568,0.3473271429538727,0.3265663683414459
0.013288415968418121,0.3444966673851013,0.3300117254257202
0.025592602789402008,0.3004341125488281,0.3218070864677429
0.02466803789138794,0.3057366907596588,0.31733423471450806
0.013967230916023254,0.34393975138664246,0.3212752342224121
0.00966886430978775,0.34257328510284424,0.32489916682243347
0.011566594243049622,0.3388424217700958,0.3153180480003357
0.007151424884796143,0.3380485773086548,0.3191859722137451
0.010011978447437286,0.33195972442626953,0.3111300468444824
0.005825452506542206,0.3318616449832916,0.31454548239707947
0.009793989360332489,0.32454559206962585,0.30769437551498413
0.006092764437198639,0.32478123903274536,0.31177905201911926
0.010653786361217499,0.3148183524608612,0.30450350046157837
0.007722526788711548,0.31664255261421204,0.3100923001766205
0.016376204788684845,0.34252122044563293,0.3276418149471283
0.019968852400779724,0.3421328663825989,0.3317960500717163
0.023863621056079865,0.34295654296875,0.32398635149002075
0.023346595466136932,0.33959323167800903,0.33513519167900085
0.02435314655303955,0.3333680331707001,0.3171811103820801
0.02408706396818161,0.32876184582710266,0.31658971309661865
0.022687122225761414,0.3269759714603424,0.3209584057331085
0.025350995361804962,0.33013635873794556,0.31942135095596313
0.023950785398483276,0.31794995069503784,0.3235042095184326
0.021662920713424683,0.31348133087158203,0.32075750827789307
0.02443024516105652,0.310433566570282,0.3233838677406311
0.02203197032213211,0.3105018734931946,0.3177066743373871
0.024209395051002502,0.3148207366466522,0.3183397650718689
0.02281537652015686,0.31238967180252075,0.31680983304977417
0.027410082519054413,0.31776878237724304,0.3195076882839203
0.02145346999168396,0.31208178400993347,0.3154933750629425
0.020914770662784576,0.3101454973220825,0.3159324526786804
0.022645898163318634,0.3130203187465668,0.314852774143219
0.02356109768152237,0.31320270895957947,0.315523624420166
0.02525237947702408,0.31466102600097656,0.3151441812515259
0.026004664599895477,0.31825846433639526,0.31492698192596436
0.028636567294597626,0.3077874779701233,0.3276132047176361
0.02151363343000412,0.3143126964569092,0.30429333448410034
0.018630892038345337,0.32223230600357056,0.3070727586746216
0.01084551215171814,0.3091292083263397,0.3102831244468689
0.012281619012355804,0.30558520555496216,0.30536460876464844
0.017679989337921143,0.2945025563240051,0.31125128269195557
0.014405578374862671,0.29846516251564026,0.30886396765708923
0.022040605545043945,0.339786559343338,0.3193557858467102
0.018884189426898956,0.33553123474121094,0.3148323893547058
0.02364831417798996,0.30605822801589966,0.3041347861289978
0.018195979297161102,0.32917726039886475,0.31094688177108765
0.011132873594760895,0.3185793459415436,0.3123840391635895
0.013334713876247406,0.3127879500389099,0.312542200088501
0.009019337594509125,0.3243451416492462,0.3141458332538605
0.02018631249666214,0.3064756989479065,0.31591299176216125
0.016124308109283447,0.3083666265010834,0.3143414556980133
0.01415165513753891,0.30397501587867737,0.3130330741405487
0.01774408668279648,0.3006584346294403,0.3153846859931946
0.016375310719013214,0.3149418234825134,0.31472235918045044
0.014115765690803528,0.3193737268447876,0.31594914197921753
0.01949893683195114,0.3170848786830902,0.31282034516334534
0.017515338957309723,0.3215530216693878,0.31427431106567383
0.020556174218654633,0.3137129843235016,0.3142204284667969
0.018609605729579926,0.31170710921287537,0.3146509528160095
0.023189745843410492,0.31814897060394287,0.31126245856285095
0.022121936082839966,0.32452675700187683,0.3125229477882385
0.022856727242469788,0.31489720940589905,0.31334778666496277
0.015967711806297302,0.32485947012901306,0.31706827878952026
0.01992131769657135,0.3281138837337494,0.31588214635849
0.018461190164089203,0.3293082118034363,0.32123956084251404
0.014861322939395905,0.32742083072662354,0.3206009268760681
0.012226268649101257,0.3240613639354706,0.31651806831359863
0.011148951947689056,0.32846206426620483,0.31890934705734253
0.009882107377052307,0.3303701877593994,0.3160651624202728
0.012216523289680481,0.33301547169685364,0.3213624954223633
0.011074192821979523,0.3358035981655121,0.31960999965667725
0.014643393456935883,0.3306714594364166,0.32237887382507324
0.017447933554649353,0.33030205965042114,0.32357507944107056
0.013281680643558502,0.3399951756000519,0.3240160644054413
0.014413230121135712,0.33677908778190613,0.3245581090450287
0.01731983572244644,0.3390258550643921,0.3273528218269348
0.015968918800354004,0.33366379141807556,0.3248319625854492
0.018306925892829895,0.3354296386241913,0.3269973695278168
0.017353281378746033,0.33193257451057434,0.3250342011451721
0.019230917096138,0.33259695768356323,0.3264247179031372
0.02651035040616989,0.3362577557563782,0.33342260122299194
0.02735908329486847,0.33374109864234924,0.33280640840530396
0.024189822375774384,0.3383658826351166,0.33236998319625854
0.024224765598773956,0.33609527349472046,0.33035343885421753
0.02639821171760559,0.33562541007995605,0.3310912847518921
0.027257710695266724,0.3344135582447052,0.33017608523368835
0.024326108396053314,0.3338560461997986,0.3289119303226471
0.025388844311237335,0.3336554765701294,0.32594195008277893
-0.0013314709067344666,0.1925356388092041,0.23042412102222443
0.00823180377483368,0.18630921840667725,0.23134726285934448
0.014440171420574188,0.1914057433605194,0.24009037017822266
0.006126835942268372,0.19832953810691833,0.2396632432937622
0.02146640419960022,0.33606597781181335,0.32876431941986084
0.02185676246881485,0.33269259333610535,0.3277062773704529
0.020797736942768097,0.3394711911678314,0.3301071226596832
0.021668002009391785,0.3327552080154419,0.3226243555545807
0.021749913692474365,0.33213937282562256,0.32514479756355286
0.019706040620803833,0.3310362696647644,0.3247382342815399
0.019853442907333374,0.33112454414367676,0.3227243423461914
0.026453249156475067,0.32147952914237976,0.32444363832473755
0.026782073080539703,0.32240912318229675,0.3202143609523773
0.024858422577381134,0.32257574796676636,0.3158681392669678
-0.026646286249160767,0.20814351737499237,0.19101867079734802
-0.01963226869702339,0.21474213898181915,0.20018097758293152
-0.0245706457644701,0.23200666904449463,0.18395093083381653
-0.032348692417144775,0.2276640385389328,0.17514464259147644
-0.04959769919514656,0.19100543856620789,0.19426870346069336
-0.06350362300872803,0.21576133370399475,0.1747492551803589
-0.07354237884283066,0.18843215703964233,0.18843910098075867
-0.05822534114122391,0.17256388068199158,0.19637110829353333
-0.07952140271663666,0.16608573496341705,0.19242927432060242
-0.0645601898431778,0.15442897379398346,0.19591087102890015
-0.0922975018620491,0.11371003836393356,0.18835027515888214
-0.079383984208107,0.10616526007652283,0.19280503690242767
-0.07465679198503494,0.12148567289113998,0.19489216804504395
-0.08810561150312424,0.12962040305137634,0.19118493795394897
-0.11890295147895813,0.05053393170237541,0.15027663111686707
-0.11650200933218002,0.032919660210609436,0.14548097550868988
-0.10826636105775833,0.032188236713409424,0.15551352500915527
-0.11191894859075546,0.0480673611164093,0.159134179353714
-0.1350162774324417,0.17160627245903015,0.15950992703437805
-0.13481980562210083,0.19139805436134338,0.16189591586589813
-0.14153394103050232,0.18752336502075195,0.1540714055299759
-0.1385165899991989,0.16794940829277039,0.14805127680301666
-0.05198437348008156,0.2715626358985901,0.13686896860599518
-0.05801450088620186,0.24674147367477417,0.1516343057155609
-0.04363984242081642,0.2458571344614029,0.15399932861328125
-0.040672071278095245,0.26996323466300964,0.1431911736726761
-0.13412585854530334,0.09074309468269348,0.10905463248491287
-0.13552698493003845,0.07290995121002197,0.1098155677318573
-0.13264603912830353,0.07913042604923248,0.12126868218183517
-0.13192597031593323,0.09479667991399765,0.12284153699874878
-0.1368890255689621,-0.02328435331583023,0.0969620868563652
-0.13945230841636658,-0.04335099831223488,0.09076780825853348
-0.13127067685127258,-0.05127986520528793,0.1093938797712326
-0.12830787897109985,-0.03120649792253971,0.11435139924287796
-0.14514009654521942,0.03199619799852371,0.03157993406057358
-0.14111864566802979,0.042145855724811554,0.007212236523628235
-0.14238841831684113,0.019713032990694046,0.0035858936607837677
-0.14734847843647003,0.009479045867919922,0.02806658297777176
-0.11387083679437637,0.12680670619010925,0.17491835355758667
-0.10371129214763641,0.12061997503042221,0.18226076662540436
-0.10104122757911682,0.13722962141036987,0.18614734709262848
-0.11289829760789871,0.14416171610355377,0.1796383112668991
-0.20596176385879517,0.1079992726445198,0.17353209853172302
-0.19395528733730316,0.09758304059505463,0.1714198887348175
-0.18064559996128082,0.11791232973337173,0.16548307240009308
-0.19215276837348938,0.1283930540084839,0.16709162294864655
-0.15406404435634613,-0.08531130105257034,0.015584096312522888
-0.1484740972518921,-0.07397008687257767,-0.0065240561962127686
-0.15170897543430328,-0.09303721785545349,-0.007514730095863342
-0.15576572716236115,-0.10500582307577133,0.015870757400989532
-0.15635356307029724,0.23261846601963043,0.13675901293754578
-0.15022388100624084,0.2430153489112854,0.13640367984771729
-0.15161992609500885,0.25756004452705383,0.11881256103515625
-0.1617089807987213,0.24549329280853271,0.11950920522212982
-0.13283957540988922,0.13818645477294922,0.13741593062877655
-0.13152781128883362,0.13845345377922058,0.14913584291934967
-0.13344120979309082,0.15486419200897217,0.155081108212471
-0.13482174277305603,0.15209566056728363,0.14267660677433014
-0.13970044255256653,0.09015551954507828,0.013493411242961884
-0.14363962411880493,0.0827627182006836,0.03383353725075722
-0.13975198566913605,0.10584194958209991,0.03785698115825653
-0.13688625395298004,0.11338093131780624,0.018974851816892624
-0.14529934525489807,0.0569610595703125,0.03157074376940727
-0.1408948302268982,0.06526292860507965,0.0093473419547081
-0.12811732292175293,0.13645535707473755,0.15866877138614655
-0.12239913642406464,0.13225257396697998,0.1671309918165207
-0.12262490391731262,0.15045654773712158,0.17231862246990204
-0.1292153298854828,0.1547604501247406,0.16481398046016693
-0.11443504691123962,0.016933754086494446,0.14220654964447021
-0.10386079549789429,0.016643915325403214,0.15411292016506195
-0.1533796191215515,-0.11810235679149628,0.039234764873981476
-0.14676439762115479,-0.13113528490066528,0.060871466994285583
-0.1485830545425415,-0.10917483270168304,0.06033122539520264
-0.15399549901485443,-0.09735485911369324,0.03853651136159897
-0.11567963659763336,-0.016644615679979324,0.134318009018898
-0.11405292898416519,0.0009074509143829346,0.13922210037708282
-0.12377053499221802,0.005071531981229782,0.12558579444885254
-0.12609034776687622,-0.011933963745832443,0.11933378875255585
-0.13539020717144012,-0.14318378269672394,0.08140699565410614
-0.12168348580598831,-0.15380895137786865,0.10102136433124542
-0.12629574537277222,-0.13103856146335602,0.10133163630962372
-0.13893532752990723,-0.12104596942663193,0.08154366910457611
-0.08373235166072845,0.1467159390449524,0.19241520762443542
-0.06971211731433868,0.13735036551952362,0.19564566016197205
-0.1279367357492447,0.05821932107210159,0.13365475833415985
-0.12803557515144348,0.04141385108232498,0.127278134226799
-0.12277330458164215,0.03677501529455185,0.135999396443367
-0.12416084110736847,0.05408176779747009,0.141830176115036
-0.13337022066116333,0.15337134897708893,0.11217985302209854
-0.13791783154010773,0.16135911643505096,0.13196757435798645
-0.14419887959957123,0.18032300472259521,0.1396094262599945
-0.13927091658115387,0.16462206840515137,0.11515113711357117
-0.15453903377056122,-0.11269185692071915,-0.009048029780387878
-0.15525788068771362,-0.12504199147224426,0.014928426593542099
-0.13007381558418274,-0.1636640429496765,0.0764608085155487
-0.11433333903551102,-0.1747349202632904,0.09556806087493896
-0.13688001036643982,0.16725389659404755,0.05333561450242996
-0.1360308676958084,0.16576644778251648,0.04870869964361191
-0.13842324912548065,0.16335320472717285,0.06416194885969162
-0.1375441551208496,0.1683140993118286,0.06871603429317474
-0.0833897516131401,0.03833722323179245,0.1757279336452484
-0.09447990357875824,0.050189290195703506,0.17385441064834595
-0.10063953697681427,0.037875548005104065,0.16511844098567963
-0.09250553697347641,0.023866020143032074,0.16556042432785034
-0.12911541759967804,0.025724634528160095,0.12069390714168549
-0.13094915449619293,0.01164989173412323,0.11243636906147003
-0.12274224311113358,0.020640961825847626,0.13088175654411316
-0.06938903033733368,0.026682574301958084,0.1766369640827179
-0.08024375885725021,0.005324944853782654,0.16489025950431824
-0.05595868080854416,0.12801915407180786,0.19919666647911072
-0.06080193445086479,0.11310140788555145,0.19815285503864288
-0.05084779113531113,0.14322510361671448,0.20028544962406158
-0.03778596222400665,0.1334870159626007,0.20556029677391052
-0.030684303492307663,0.14773952960968018,0.20783331990242004
-0.04374118149280548,0.15848886966705322,0.2024398148059845
-0.023116637021303177,0.161333829164505,0.21013328433036804
-0.035557329654693604,0.17321792244911194,0.20387980341911316
-0.017757946625351906,0.19150853157043457,0.2034320831298828
-0.011924952268600464,0.19863170385360718,0.2117304652929306
-0.133546844124794,0.14750030636787415,0.12714894115924835
-0.13174743950366974,0.13516764342784882,0.12178456038236618
-0.1428954005241394,-0.1515468955039978,0.05793536454439163
-0.03430071845650673,0.24444341659545898,0.02437806874513626
-0.03305681049823761,0.23089787364006042,0.013775859028100967
-0.052448004484176636,0.23519086837768555,0.015385337173938751
-0.05506955459713936,0.25001096725463867,0.025423482060432434
-0.061221566051244736,0.2756175398826599,0.1317632794380188
-0.07005947083234787,0.2532958388328552,0.14617353677749634
-0.11184956878423691,0.18979820609092712,0.004899829626083374
-0.10479111969470978,0.1912839710712433,-0.0015229582786560059
-0.10977974534034729,0.1839843988418579,-0.0005368571728467941
-0.1148635670542717,0.18292966485023499,0.005179684609174728
-0.1312326192855835,0.16688580811023712,0.03171688690781593
-0.13510912656784058,0.15739205479621887,0.038692034780979156
-0.13500580191612244,0.15972782671451569,0.03413902223110199
-0.128770112991333,0.16956040263175964,0.02677282504737377
-0.14293162524700165,-0.08241645246744156,-0.029293403029441833
-0.1373468041419983,-0.06417867541313171,-0.027484986931085587
-0.09608174860477448,0.07809555530548096,-0.03905472159385681
-0.11609258502721786,0.06493254750967026,-0.02780831605195999
-0.11765266954898834,0.08912599831819534,-0.02212708443403244
-0.09962240606546402,0.10416801273822784,-0.031202737241983414
0.06252609938383102,0.19171740114688873,0.052203767001628876
0.062049247324466705,0.18158407509326935,0.04224183037877083
0.044989388436079025,0.1938668191432953,0.0330665297806263
0.04535453021526337,0.20449084043502808,0.042809855192899704
0.008142143487930298,0.241744726896286,0.0374949648976326
0.007284823805093765,0.2530338764190674,0.04911137744784355
0.02941112592816353,0.23864741623401642,0.054076895117759705
0.028796229511499405,0.22831708192825317,0.04356390982866287
-0.012790221720933914,0.23831361532211304,0.024425212293863297
-0.013281311839818954,0.22562570869922638,0.013866409659385681
-0.1299528181552887,0.12304549664258957,0.0024677403271198273
-0.13138611614704132,0.1009274423122406,-0.0036776848137378693
-0.12774959206581116,0.14883673191070557,0.014571649953722954
-0.13226006925106049,0.14159826934337616,0.028986578807234764
-0.13252654671669006,0.14881202578544617,0.032967619597911835
-0.1283998042345047,0.15478400886058807,0.019255299121141434
-0.030445020645856857,0.2703862488269806,0.14970993995666504
-0.0218815915286541,0.2837323546409607,0.13600021600723267
-0.032722070813179016,0.28409135341644287,0.12740492820739746
0.024404263123869896,0.26794347167015076,0.1045791357755661
0.026303434744477272,0.2642287611961365,0.0965675562620163
0.012024115771055222,0.2725088596343994,0.09627112746238708
0.01334867998957634,0.2740428149700165,0.10621006786823273
0.027000289410352707,0.1324736624956131,-0.01646735705435276
0.04540261626243591,0.12706872820854187,-0.005099877715110779
0.03739326819777489,0.10488472878932953,-0.01564894989132881
0.015096720308065414,0.10820144414901733,-0.027571896091103554
-0.12513050436973572,0.1648557037115097,0.013806791044771671
-0.12854723632335663,0.16638076305389404,0.019933044910430908
-0.12425411492586136,0.1715376079082489,0.012639803811907768
-0.11991693079471588,0.17075519263744354,0.006734429858624935
-0.11634249240159988,0.16830861568450928,0.0019911667332053185
-0.11318621784448624,0.16350838541984558,-0.0034516509622335434
-0.12114399671554565,0.15622708201408386,0.003940952941775322
-0.12279185652732849,0.16191956400871277,0.009257564321160316
-0.10419811308383942,0.12652218341827393,-0.023724131286144257
-0.11910460889339447,0.11346333473920822,-0.015679899603128433
-0.12019574642181396,0.13376308977603912,-0.008779959753155708
-0.10786738991737366,0.14389684796333313,-0.01694922335445881
0.01447882130742073,0.02497442625463009,-0.038559578359127045
-0.006072424352169037,0.028643827885389328,-0.047922533005476
-0.0009232126176357269,0.05555330216884613,-0.042120691388845444
0.020589372143149376,0.051731519401073456,-0.03268074244260788
-0.13939957320690155,0.16927088797092438,0.10054656118154526
-0.1373969316482544,0.17065414786338806,0.11703243851661682
-0.1368863731622696,0.16389988362789154,0.1196543350815773
-0.1406530737876892,0.15926043689250946,0.1027844250202179
-0.1493959128856659,0.16580085456371307,0.03369436413049698
-0.15854927897453308,0.15828989446163177,0.03934050351381302
-0.16247941553592682,0.16316720843315125,0.03914562612771988
-0.1521911323070526,0.17147409915924072,0.03308086842298508
-0.14472894370555878,0.13833680748939514,0.09324958175420761
-0.14287644624710083,0.14598964154720306,0.10708548128604889
-0.14765292406082153,0.12736424803733826,0.11425162851810455
-0.14952689409255981,0.11970435827970505,0.09920299798250198
-0.061034590005874634,0.289019376039505,0.10412488132715225
-0.07105644792318344,0.2798387110233307,0.12730181217193604
-0.05206820368766785,0.28756749629974365,0.11185084283351898
-0.14100074768066406,0.14489684998989105,0.0631866306066513
-0.14431186020374298,0.12935854494571686,0.06854383647441864
-0.14607107639312744,0.1289295256137848,0.05938609689474106
-0.1399427354335785,0.14379583299160004,0.053417909890413284
-0.2200174331665039,0.11597372591495514,0.16627109050750732
-0.20557406544685364,0.13551169633865356,0.15936000645160675
-0.16069690883159637,0.09479839354753494,0.09413358569145203
-0.16604673862457275,0.09172800928354263,0.08303298056125641
-0.15275274217128754,0.11105772852897644,0.07565631717443466
-0.15152545273303986,0.11426981538534164,0.08563367277383804
-0.09503573179244995,0.05256827175617218,-0.042768727988004684
-0.11527537554502487,0.04164455831050873,-0.031930211931467056
-0.11036580055952072,-0.06884215027093887,-0.062483008950948715
-0.1289615035057068,-0.07411425560712814,-0.04752552881836891
-0.12181400507688522,-0.05536658316850662,-0.04412642493844032
-0.10303749144077301,-0.049028508365154266,-0.057691022753715515
-0.14776378870010376,-0.10201024264097214,-0.031249437481164932
-0.11568077653646469,-0.09103340655565262,-0.06615106016397476
-0.1333232969045639,-0.0957060307264328,-0.0510985404253006
-0.00613800436258316,0.28124770522117615,0.16035579144954681
0.00578067172318697,0.28447622060775757,0.15109559893608093
0.0017304737120866776,0.28411662578582764,0.13708734512329102
-0.012922308407723904,0.2826027274131775,0.146620512008667
-0.17584066092967987,-0.22666682302951813,-0.03546212241053581
-0.1764097362756729,-0.25892379879951477,-0.03333739936351776
-0.18414613604545593,-0.2600826621055603,-0.0015929527580738068
-0.18093150854110718,-0.22898390889167786,-0.007161297835409641
0.033649906516075134,0.2692294418811798,0.12814165651798248
0.01731741800904274,0.278820663690567,0.13119520246982574
0.01950261741876602,0.28076255321502686,0.1448269784450531
0.031033115461468697,0.2736843228340149,0.143448144197464
-0.17615461349487305,-0.20230689644813538,-0.009382562711834908
-0.17179036140441895,-0.1964799165725708,-0.03796172887086868
-0.015771370381116867,0.26793748140335083,0.17395615577697754
-0.022307315841317177,0.2696663737297058,0.1592792272567749
-0.02522180788218975,0.25070279836654663,0.17091456055641174
-0.018385358154773712,0.25138115882873535,0.18476781249046326
-0.01768713817000389,0.23500755429267883,0.1987239122390747
-0.18767774105072021,-0.26334768533706665,0.03186081722378731
-0.18195612728595734,-0.2359939068555832,0.024030951783061028
0.007608391344547272,0.28470733761787415,0.16804485023021698
0.019799601286649704,0.2827979326248169,0.16052259504795074
0.03111741691827774,0.27812647819519043,0.15661191940307617
0.042016029357910156,0.2735447287559509,0.15651383996009827
-0.150192990899086,-0.12226426601409912,-0.03195713460445404
-0.15561076998710632,-0.13203483819961548,-0.009154606610536575
-0.1162400096654892,-0.3789164125919342,-0.07565288245677948
-0.08880695700645447,-0.38063251972198486,-0.08946596086025238
-0.08553943037986755,-0.39893773198127747,-0.0690968781709671
-0.1159093976020813,-0.3989798426628113,-0.054321154952049255
-0.02429581619799137,-0.3652406632900238,-0.09618242084980011
-0.022165684029459953,-0.37298640608787537,-0.07609708607196808
-0.052871834486722946,-0.3905251920223236,-0.07537949830293655
-0.057991694658994675,-0.37648290395736694,-0.09554612636566162
-0.02801664173603058,-0.23711194097995758,-0.13608187437057495
-0.05759451910853386,-0.23695959150791168,-0.1352403610944748
-0.05581481382250786,-0.2091119885444641,-0.12775522470474243
-0.02745685540139675,-0.2108696550130844,-0.13035336136817932
-0.12000815570354462,-0.112446129322052,-0.06764934957027435
-0.13678278028964996,-0.11618104577064514,-0.05242171883583069
-0.15280622243881226,-0.14321686327457428,0.013824159279465675
-0.16377496719360352,-0.39440760016441345,0.09732352197170258
-0.16874393820762634,-0.3977428078651428,0.057345449924468994
-0.15893107652664185,-0.43062010407447815,0.06826933473348618
-0.1549413651227951,-0.428437203168869,0.10698127001523972
-0.12876351177692413,-0.4420161843299866,0.001820683479309082
-0.13839150965213776,-0.41415175795555115,-0.012633487582206726
-0.1093580424785614,-0.4197899103164673,-0.03518331050872803
-0.10174611210823059,-0.44249460101127625,-0.020969390869140625
-0.0978228822350502,-0.1854223757982254,0.11321085691452026
-0.1069597452878952,-0.1905393898487091,0.08840398490428925
-0.09024251252412796,-0.20123755931854248,0.10462410748004913
-0.03890049457550049,-0.2087167203426361,0.14047065377235413
-0.06090613454580307,-0.20294001698493958,0.13666000962257385
-0.05236421525478363,-0.21635034680366516,0.126087948679924
-0.0325552299618721,-0.2204616665840149,0.12955795228481293
-0.03056645393371582,-0.2822440564632416,0.12576836347579956
-0.017911216244101524,-0.28399673104286194,0.1256885975599289
-0.018478184938430786,-0.26860126852989197,0.12210771441459656
-0.03519890829920769,-0.26697951555252075,0.11964522302150726
-0.17466583847999573,-0.2425881177186966,0.05292455106973648
-0.15680880844593048,-0.24834337830543518,0.07853643596172333
-0.1526796668767929,-0.22952821850776672,0.06678584963083267
-0.16890063881874084,-0.22149816155433655,0.04408509284257889
-0.0193402711302042,-0.37778615951538086,-0.0549837201833725
-0.04526650533080101,-0.39903324842453003,-0.05730598419904709
-0.13858088850975037,-0.4224591851234436,0.14211678504943848
-0.14666077494621277,-0.3878943622112274,0.13010242581367493
-0.10927101969718933,-0.41427892446517944,0.16389092803001404
-0.0739060714840889,-0.4065980017185211,0.16627535223960876
-0.08307504653930664,-0.37679165601730347,0.15586023032665253
-0.11725994944572449,-0.38283678889274597,0.15130500495433807
-0.004179902374744415,-0.36266690492630005,0.10577750205993652
-0.018867626786231995,-0.3404354453086853,0.1254599243402481
-0.022331612184643745,-0.34857213497161865,0.11739987879991531
-0.005851637572050095,-0.36237311363220215,0.09510964900255203
-0.02752567082643509,-0.33146941661834717,-0.1255045086145401
-0.02636488899588585,-0.3488229513168335,-0.11387327313423157
-0.05830841138958931,-0.3597470819950104,-0.11354440450668335
-0.05827321857213974,-0.338670015335083,-0.1262979954481125
-0.0954321101307869,-0.08926545083522797,-0.07623934000730515
-0.10059840232133865,-0.11221709102392197,-0.07849869132041931
-0.07455100864171982,-0.0897669717669487,-0.08215037733316422
-0.08905313909053802,-0.06720467656850815,-0.07272616773843765
-0.0682145282626152,-0.06624594330787659,-0.07802005857229233
-0.04884979873895645,0.07485365867614746,-0.04619329422712326
-0.07311752438545227,0.06358856707811356,-0.04661863297224045
-0.0735873132944107,0.08878935128450394,-0.04408799856901169
-0.04817422106862068,0.10070428252220154,-0.04330246150493622
0.026648595929145813,0.20682856440544128,0.025012250989675522
0.027502238750457764,0.21794617176055908,0.03437235578894615
-0.06873837858438492,-0.4347066581249237,-0.03783580660820007
-0.031232230365276337,-0.4163159728050232,-0.03647184371948242
-0.038104817271232605,-0.4529334306716919,-0.02020847797393799
-0.06856821477413177,-0.46408984065055847,-0.019559726119041443
-0.12130113691091537,-0.4711951017379761,0.01425430178642273
-0.14019456505775452,-0.46752646565437317,0.042512208223342896
-0.15054015815258026,-0.4358220100402832,0.030613869428634644
-0.14861160516738892,-0.463265061378479,0.07913871109485626
-0.1456870287656784,-0.46070584654808044,0.11951306462287903
-0.09794829785823822,-0.444815069437027,0.1754891574382782
-0.06292235851287842,-0.4356439411640167,0.17624805867671967
-0.0020784251391887665,-0.40125003457069397,0.1060037761926651
-0.018384620547294617,-0.40051203966140747,0.1304069459438324
-0.013053789734840393,-0.4250379204750061,0.13536551594734192
0.002144061028957367,-0.4246762990951538,0.10825266689062119
-0.06897337734699249,-0.28578153252601624,0.12548965215682983
-0.10444830358028412,-0.26934748888015747,0.11149612069129944
-0.10398432612419128,-0.2886783480644226,0.11947803199291229
-0.07220382988452911,-0.30443790555000305,0.12697407603263855
-0.05138096213340759,-0.18691086769104004,0.15143150091171265
-0.07141482084989548,-0.1803050935268402,0.1470915526151657
-0.07997770607471466,-0.19504934549331665,0.12837837636470795
-0.08909495174884796,-0.1727440059185028,0.13702401518821716
-0.10638905316591263,-0.16348272562026978,0.12005090713500977
-0.08680738508701324,-0.09147385507822037,0.15751221776008606
-0.10575548559427261,-0.08580474555492401,0.14281177520751953
-0.10300855338573456,-0.10576683282852173,0.14077678322792053
-0.08440618216991425,-0.11207763105630875,0.15553879737854004
-0.08732017129659653,-0.06897157430648804,0.15960998833179474
-0.10601826757192612,-0.06388796865940094,0.14471961557865143
-0.08268347382545471,-0.020695917308330536,0.16044287383556366
-0.09975030273199081,0.0001387558877468109,0.1520063579082489
-0.10104408115148544,-0.01930636540055275,0.1485593467950821
-0.04317379742860794,0.11914671957492828,0.20329302549362183
-0.04765665903687477,0.1048397496342659,0.2009200155735016
-0.1773151159286499,-0.26863446831703186,0.0630444586277008
-0.006056256592273712,-0.41247063875198364,-0.008623063564300537
0.00769946351647377,-0.4119742810726166,0.021700218319892883
0.004096526652574539,-0.4380786418914795,0.024450570344924927
-0.011900894343852997,-0.4443835914134979,-0.0031172633171081543
-0.175719752907753,-0.2123982310295105,0.018346423283219337
-0.151315838098526,-0.13857997953891754,0.03759082406759262
-0.14641253650188446,-0.1554884910583496,0.034597836434841156
-0.14523011445999146,0.026118721812963486,0.062156520783901215
-0.1471216082572937,-0.00045092031359672546,0.053754400461912155
-0.10398690402507782,0.059188202023506165,0.17030896246433258
-0.10589401423931122,0.04877038672566414,0.16509248316287994
-0.16054795682430267,-0.4044039249420166,0.01805352419614792
-0.08587135374546051,-0.4736698269844055,0.18452736735343933
-0.07498881220817566,-0.5023416876792908,0.1926540732383728
-0.042885616421699524,-0.49289751052856445,0.19180330634117126
-0.052847664803266525,-0.46414920687675476,0.18431980907917023
0.008342090994119644,-0.45601704716682434,0.08545857667922974
0.003576386719942093,-0.45403215289115906,0.11156732589006424
0.00555974617600441,-0.4845944344997406,0.11764703691005707
0.007223408669233322,-0.4890458583831787,0.09091982245445251
0.009126201272010803,-0.5195004940032959,0.10034522414207458
0.010374374687671661,-0.5160155296325684,0.12694767117500305
0.015391521155834198,-0.5459564924240112,0.13348063826560974
0.01168825849890709,-0.5499768257141113,0.1077573150396347
-0.12953267991542816,-0.45587849617004395,0.15499815344810486
-0.12398187071084976,-0.5180602669715881,0.14715902507305145
-0.10638000071048737,-0.5125137567520142,0.17660528421401978
-0.11900652945041656,-0.4847123920917511,0.16560232639312744
-0.136367529630661,-0.4901615381240845,0.13428112864494324
-0.09759531170129776,-0.47091323137283325,-0.006782948970794678
0.008698739111423492,-0.4291918873786926,0.0805310308933258
0.008505802601575851,-0.4053284227848053,0.08009865134954453
-0.0032523609697818756,-0.5029555559158325,0.044426873326301575
-0.019847191870212555,-0.5110968351364136,0.0261869877576828
-0.015618160367012024,-0.47943440079689026,0.008624076843261719
0.001079518347978592,-0.47011932730674744,0.032308727502822876
-0.11118850111961365,-0.525592029094696,0.04939715564250946
-0.1236603856086731,-0.5218386650085449,0.07777519524097443
-0.13192534446716309,-0.49605700373649597,0.060612499713897705
-0.11666196584701538,-0.49947136640548706,0.03169463574886322
-0.1385551393032074,-0.49238622188568115,0.09666737914085388
-0.12617070972919464,-0.5194087624549866,0.11155685782432556
-0.09859979152679443,-0.5725399255752563,0.17326529324054718
-0.07738025486469269,-0.5662956237792969,0.1971999704837799
-0.09241779148578644,-0.5403394103050232,0.18759866058826447
-0.1114358901977539,-0.546237587928772,0.16140010952949524
-0.104963019490242,-0.5735064744949341,0.14223536849021912
-0.11562642455101013,-0.5469081401824951,0.12754301726818085
-0.11473304033279419,-0.5484514832496643,0.094822958111763
-0.10659633576869965,-0.5745053887367249,0.11233843863010406
-0.09800770878791809,-0.5757205486297607,0.08603903651237488
-0.10609444975852966,-0.551253080368042,0.06798483431339264
-0.08843599259853363,-0.5523133277893066,0.04777601361274719
-0.08382133394479752,-0.5764787793159485,0.06635993719100952
-0.0666528195142746,-0.5502619743347168,0.035884976387023926
-0.043766867369413376,-0.5441243052482605,0.035340070724487305
-0.045105572789907455,-0.5697280168533325,0.053866371512413025
-0.0649573802947998,-0.5753844380378723,0.055048421025276184
-0.007264494895935059,-0.5595704317092896,0.0702400803565979
-0.024665918201208115,-0.5646217465400696,0.05884595215320587
-0.022256210446357727,-0.5377593636512756,0.04337698221206665
-0.005782078951597214,-0.5323335528373718,0.0583442747592926
-0.014275003224611282,-0.6694782376289368,0.10749034583568573
-0.030904609709978104,-0.6695969700813293,0.10752731561660767
-0.02922288328409195,-0.6420159339904785,0.09638671576976776
-0.011364731937646866,-0.6416094303131104,0.09732876718044281
-0.04790538549423218,-0.6713203191757202,0.10693376511335373
-0.06363391876220703,-0.671735405921936,0.1132231056690216
-0.06107597425580025,-0.6443720459938049,0.10460293292999268
-0.04564971104264259,-0.6435301303863525,0.09884290397167206
-0.08186455816030502,-0.6467778086662292,0.13341069221496582
-0.07371972501277924,-0.6462326049804688,0.11581946164369583
-0.07602903991937637,-0.6729541420936584,0.12478367984294891
-0.08285311609506607,-0.673388659954071,0.14349934458732605
-0.0886213406920433,-0.6740446090698242,0.16576629877090454
-0.08984965831041336,-0.647977352142334,0.15651604533195496
-0.07739844918251038,-0.6742526888847351,0.1911260187625885
-0.08437153697013855,-0.6492796540260315,0.18223971128463745
-0.06262106448411942,-0.6471512913703918,0.2056272178888321
-0.05648046359419823,-0.6719200015068054,0.21275247633457184
0.021494951099157333,-0.6384158730506897,0.1387123167514801
0.022444196045398712,-0.6692816019058228,0.14044784009456635
0.015187494456768036,-0.6704047918319702,0.1225670576095581
0.016640301793813705,-0.6399015188217163,0.11871068179607391
0.01595175266265869,-0.6356678009033203,0.1881256401538849
0.0114249587059021,-0.6328387260437012,0.21807560324668884
0.012975014746189117,-0.6616933941841125,0.21277454495429993
0.01857995241880417,-0.6662106513977051,0.18521204590797424
-0.09603354334831238,-0.5986647605895996,0.15653735399246216
-0.0846547782421112,-0.5971056818962097,0.18527889251708984
-0.09107432514429092,-0.5988518595695496,0.10404728353023529
-0.09849299490451813,-0.5985773801803589,0.12835700809955597
-0.007927745580673218,-0.587275505065918,0.07972490787506104
-0.025907885283231735,-0.5909243226051331,0.07226762175559998
0.017979934811592102,-0.5761684775352478,0.13732677698135376
0.014634214341640472,-0.5791954398155212,0.11401504278182983
-0.02470727637410164,-0.6087984442710876,0.2300352156162262
-0.037054602056741714,-0.5835225582122803,0.2188458889722824
-0.0635906308889389,-0.590919554233551,0.20827800035476685
-0.051490262150764465,-0.6156989336013794,0.22190125286579132
-0.08885625004768372,-0.6237826347351074,0.16978317499160767
-0.09294083714485168,-0.6230568289756775,0.14305660128593445
-0.08552636951208115,-0.6222471594810486,0.11986954510211945
-0.07635824382305145,-0.6218392848968506,0.10140271484851837
-0.062291376292705536,-0.6207057237625122,0.09055215120315552
-0.04514516144990921,-0.6186575293540955,0.08548061549663544
-0.027400076389312744,-0.6161587238311768,0.08422711491584778
-0.010203845798969269,-0.6139968633651733,0.08900046348571777
0.015761863440275192,-0.6090330481529236,0.1168292686343193
0.019215721637010574,-0.6077924370765686,0.13779237866401672
-0.007542695850133896,-0.6628962755203247,0.23197050392627716
-0.01317928358912468,-0.6359574198722839,0.23572562634944916
-0.042339056730270386,-0.6427077054977417,0.23113363981246948
-0.03497090935707092,-0.6674119234085083,0.23261727392673492
-0.0058675967156887054,-0.6886343955993652,0.22514542937278748
0.008596029132604599,-0.6882050037384033,0.2071852684020996
-0.050702136009931564,-0.6965731382369995,0.11376374214887619
-0.06745356321334839,-0.6972581148147583,0.12029966711997986
-0.07815596461296082,-0.697992742061615,0.13365258276462555
-0.08483044058084488,-0.6996584534645081,0.1766897439956665
-0.0709030032157898,-0.7004536390304565,0.19956588745117188
-0.04908366873860359,-0.6977666020393372,0.21929773688316345
-0.028665121644735336,-0.6907819509506226,0.2296244353055954
0.004832558333873749,-0.7246383428573608,0.13016055524349213
0.009112484753131866,-0.6959657073020935,0.12772350013256073
0.01608099415898323,-0.6953566074371338,0.1439209282398224
0.011020943522453308,-0.7233089804649353,0.14673465490341187
-0.02204163745045662,-0.7259799838066101,0.11319605261087418
-0.03934178501367569,-0.7256782054901123,0.10947167128324509
-0.03380747511982918,-0.6966373324394226,0.11243230104446411
-0.017469432204961777,-0.6963099837303162,0.11544851958751678
-0.055801764130592346,-0.7262726426124573,0.11440210044384003
-0.07162516564130783,-0.7266005873680115,0.12436284124851227
-0.08348417282104492,-0.7260516881942749,0.13981743156909943
-0.08502771705389023,-0.7282965183258057,0.18484988808631897
-0.08492279052734375,-0.6981953382492065,0.15337997674942017
-0.09046794474124908,-0.7269267439842224,0.16029705107212067
-0.06527356803417206,-0.7291486859321594,0.2095530927181244
-0.03240913897752762,-0.7602308988571167,0.22566890716552734
-0.0362541601061821,-0.727157473564148,0.22395944595336914
-0.06279206275939941,-0.7602623701095581,0.21667110919952393
0.0008004270493984222,-0.8616510033607483,0.21295693516731262
-0.0222870372235775,-0.8615784645080566,0.22597089409828186
-0.017139393836259842,-0.8985589146614075,0.22218690812587738
0.0026337169110774994,-0.8990077376365662,0.21093401312828064
0.011124365031719208,-0.7542088627815247,0.14600437879562378
0.005533359944820404,-0.7565129995346069,0.1278267800807953
-0.02277342975139618,-0.7590267658233643,0.1081029549241066
-0.042250119149684906,-0.7582621574401855,0.10610966384410858
-0.08544617891311646,-0.7922466397285461,0.19550466537475586
-0.08523187786340714,-0.7592728734016418,0.19225116074085236
-0.09487281739711761,-0.7582235932350159,0.16677933931350708
-0.09584610164165497,-0.7915023565292358,0.1694410741329193
0.02315252274274826,-0.8571829199790955,0.14311300218105316
0.01422988623380661,-0.8599414229393005,0.12593963742256165
0.012596562504768372,-0.8240600824356079,0.12321103364229202
0.02134682983160019,-0.8216103315353394,0.14216269552707672
-0.04196765646338463,-0.7924363017082214,0.10440559685230255
-0.021769002079963684,-0.7919942140579224,0.10539720952510834
-0.019503846764564514,-0.82708740234375,0.1053721159696579
-0.040293991565704346,-0.8274564743041992,0.10585689544677734
-0.07431381940841675,-0.8635424971580505,0.19656018912792206
-0.0825359970331192,-0.8270999193191528,0.1961129605770111
-0.09288688004016876,-0.8267985582351685,0.17114102840423584
-0.08391585201025009,-0.8643014430999756,0.1735730767250061
-0.029899317771196365,-0.7919047474861145,0.2279914915561676
-0.06267331540584564,-0.7928221821784973,0.2182619571685791
-0.05912613496184349,-0.8264238834381104,0.2187829613685608
-0.027618002146482468,-0.8262079954147339,0.22786709666252136
-0.004361096769571304,-0.7909197211265564,0.21392273902893066
-0.002498053014278412,-0.8249430060386658,0.21475835144519806
0.010714076459407806,-0.9348044991493225,0.142578125
0.01149652898311615,-0.8962363600730896,0.13424329459667206
0.02086964249610901,-0.8959987759590149,0.14898526668548584
0.018458738923072815,-0.9356861710548401,0.15548177063465118
-0.03718399628996849,-0.8638003468513489,0.11261771619319916
-0.0178571417927742,-0.8630049228668213,0.11090674996376038
-0.015791356563568115,-0.8992390632629395,0.12167325615882874
-0.03257162868976593,-0.9003801941871643,0.12310630828142166
-0.05160154774785042,-0.9422606825828552,0.19908465445041656
-0.06264402717351913,-0.9017191529273987,0.1979399174451828
-0.07116259634494781,-0.9033664464950562,0.17670542001724243
-0.058385659009218216,-0.9430860877037048,0.17905698716640472
-0.011660415679216385,-0.9383786916732788,0.21875064074993134
-0.0433722659945488,-0.9004408717155457,0.2176591455936432
-0.0349896177649498,-0.9405482411384583,0.21526369452476501
-0.003018401563167572,-0.9778488874435425,0.2181205153465271
0.011776380240917206,-0.9780299663543701,0.21058179438114166
0.005895264446735382,-0.9380720257759094,0.20915158092975616
0.0192672461271286,-0.9742279648780823,0.16256242990493774
0.013203524053096771,-0.9734303951263428,0.1497592180967331
-0.005595825612545013,-0.9742722511291504,0.13818004727363586
-0.019234314560890198,-0.9746728539466858,0.13758642971515656
-0.02612713724374771,-0.9378593564033508,0.13136780261993408
-0.011168129742145538,-0.9370121955871582,0.1310882568359375
-0.05256753787398338,-0.9431537389755249,0.14858399331569672
-0.040873873978853226,-0.9400501251220703,0.13755637407302856
-0.03283286839723587,-0.9767892956733704,0.1433267891407013
-0.04236021637916565,-0.9796364307403564,0.1541244387626648
-0.046844977885484695,-0.979656457901001,0.18114277720451355
-0.058753639459609985,-0.9436208605766296,0.1623167097568512
-0.047122228890657425,-0.980276346206665,0.16660508513450623
-0.040664251893758774,-0.9790314435958862,0.1991233229637146
-0.02480337768793106,-0.9788165092468262,0.21540379524230957
0.0054247379302978516,-0.3810877203941345,0.008135765790939331
0.0072539448738098145,-0.3805766701698303,0.03577703982591629
0.007060449570417404,-0.3921046555042267,0.026217564940452576
0.0011995397508144379,-0.39013466238975525,-0.0057930052280426025
-0.0022663772106170654,-0.4829772710800171,0.14750303328037262
-0.008196275681257248,-0.45273318886756897,0.14097712934017181
0.011340562254190445,-0.5445330142974854,0.16157415509223938
0.005061402916908264,-0.51470547914505,0.15620502829551697
0.01675495132803917,-0.5761240124702454,0.1648293137550354
0.01836823672056198,-0.6074250936508179,0.16367129981517792
0.02174513041973114,-0.6392821669578552,0.16157810389995575
0.022560380399227142,-0.6688482761383057,0.16180835664272308
0.017115171998739243,-0.6953943371772766,0.16349849104881287
0.01271183043718338,-0.7236565351486206,0.16694118082523346
0.01595691591501236,-0.7855491042137146,0.1674576997756958
0.016771502792835236,-0.7873625755310059,0.14387956261634827
0.01087230071425438,-0.7537621855735779,0.16827087104320526
0.024584300816059113,-0.857087254524231,0.16810476779937744
0.022049952298402786,-0.8202923536300659,0.16767609119415283
0.023630447685718536,-0.8970447182655334,0.1694996953010559
0.021073609590530396,-0.937237024307251,0.1734483391046524
0.021356597542762756,-0.9756258130073547,0.1791686713695526
-0.06040976569056511,-0.3534175455570221,0.1383134424686432
-0.033548951148986816,-0.3612896800041199,0.12242496013641357
-0.03937559574842453,-0.34830915927886963,0.12210451811552048
-0.06592527776956558,-0.3359101414680481,0.13241268694400787
0.006659451872110367,-0.372593492269516,0.0765364021062851
0.0033075660467147827,-0.3696090281009674,0.08821362257003784
0.0018229223787784576,-0.3675343692302704,0.07947707176208496
0.005843218415975571,-0.3697235882282257,0.06677669286727905
-0.07044735550880432,-0.6208689212799072,0.19609619677066803
-0.07973699271678925,-0.5987728834152222,0.08504270017147064
-0.0635221004486084,-0.5973905324935913,0.0747448205947876
-0.045730672776699066,-0.5941094160079956,0.07190385460853577
0.015036121010780334,-0.604706346988678,0.191847562789917
0.007738791406154633,-0.5762200951576233,0.19091492891311646
-0.009924124926328659,-0.5781561732292175,0.21129411458969116
0.001573994755744934,-0.6052824258804321,0.21802368760108948
-0.006860632449388504,-0.7614447474479675,0.21406561136245728
0.00641699880361557,-0.7882818579673767,0.19033244252204895
0.0049137696623802185,-0.757205069065094,0.1915447860956192
-0.007641356438398361,-0.7343535423278809,0.21678514778614044
-0.07818874716758728,-0.7576413154602051,0.12610842287540436
-0.09059269726276398,-0.7573640942573547,0.14355409145355225
-0.0631803423166275,-0.7913950085639954,0.1120946854352951
-0.08135376125574112,-0.7910753488540649,0.12577691674232483
-0.06191521883010864,-0.7570111155509949,0.11434677988290787
-0.00819643959403038,-0.5180663466453552,0.18229109048843384
-0.03155849128961563,-0.5226619839668274,0.19823168218135834
-0.02106384001672268,-0.5509335994720459,0.20369848608970642
7.445365190505981e-05,-0.5471965074539185,0.18727925419807434
-0.1160217821598053,-0.038318850100040436,-0.0412745401263237
-0.09688250720500946,-0.031283505260944366,-0.05308256670832634
-0.13832156360149384,0.04615621641278267,0.10226941108703613
-0.14165367186069489,0.03649851679801941,0.08612063527107239
-0.1370774656534195,0.021500766277313232,0.09919141232967377
-0.13461215794086456,0.03397878631949425,0.11083755642175674
-0.14333389699459076,0.05656220018863678,0.07930714637041092
-0.13955344259738922,0.06285140663385391,0.09627705812454224
-0.1377355456352234,0.08298031240701675,0.09385456889867783
-0.14122237265110016,0.07846012711524963,0.07643763720989227
-0.13215376436710358,0.15118488669395447,0.09173792600631714
-0.1353009045124054,0.15958023071289062,0.09313134849071503
-0.08580157905817032,-0.0451640710234642,0.1604701429605484
-0.06450024992227554,-0.05135051906108856,0.17131921648979187
-0.06210660561919212,-0.026951715350151062,0.1704864650964737
-0.07180575281381607,-0.2100726068019867,0.11765039712190628
-0.07720165699720383,-0.26057782769203186,0.11243920773267746
-0.0473109632730484,-0.28332117199897766,0.1255282461643219
-0.05507949739694595,-0.26458123326301575,0.11789838969707489
-0.004554474726319313,-0.3438449501991272,0.12259591370820999
-0.028028927743434906,0.027163244783878326,-0.05382591858506203
-0.025099489837884903,0.054080985486507416,-0.04760048910975456
0.046688005328178406,0.21433119475841522,0.05178786814212799
0.06290295720100403,0.20117434859275818,0.061494506895542145
0.04809527471661568,0.2321605384349823,0.0715956911444664
0.047368984669446945,0.23990954458713531,0.08141402900218964
0.06311982870101929,0.22661294043064117,0.08883597701787949
0.0636637955904007,0.21843929588794708,0.0797547772526741
0.044540032744407654,0.2670372426509857,0.1438520848751068
0.04778318852186203,0.260467529296875,0.1311597377061844
0.007814772427082062,-0.37153589725494385,0.05367618799209595
0.00608183816075325,-0.37009674310684204,0.05780622363090515
0.00771896168589592,-0.37239688634872437,0.04193424433469772
-0.0066233426332473755,-0.3819349408149719,0.10459931194782257
0.0049933940172195435,-0.38690248131752014,0.08107349276542664
0.0009946078062057495,-0.3744877278804779,0.08279646933078766
-0.012736476957798004,-0.36778926849365234,0.10403210669755936
-0.1703476756811142,-0.36194074153900146,0.08843249082565308
-0.17758066952228546,-0.3619433343410492,0.046947479248046875
-0.07839135825634003,-0.41516709327697754,-0.04954780638217926
-0.20019954442977905,0.053514957427978516,0.10070943832397461
-0.2099168747663498,0.055372610688209534,0.09345352649688721
-0.1929272562265396,0.07429677248001099,0.08222901821136475
-0.18330219388008118,0.07367725670337677,0.09082897007465363
0.0030596815049648285,0.14228451251983643,-0.023865822702646255
-0.016570407897233963,0.11499865353107452,-0.035964686423540115
-0.03280647471547127,0.24893638491630554,0.160963773727417
-0.09608544409275055,0.2819506824016571,0.12093912065029144
-0.10385993123054504,0.26420778036117554,0.1416415274143219
-0.09160847216844559,0.2632180452346802,0.14199738204479218
-0.0827963799238205,0.2819784879684448,0.1236640214920044
-0.0767722949385643,0.26773208379745483,0.0366966612637043
-0.07975219935178757,0.2786397337913513,0.052239228039979935
-0.0627729743719101,0.27654749155044556,0.053153421729803085
-0.05892319604754448,0.2646031081676483,0.037255410104990005
-0.027506008744239807,-0.2634635269641876,-0.1393914818763733
-0.057523228228092194,-0.26274216175079346,-0.14148658514022827
-0.019086917862296104,-0.04425942897796631,-0.06928728520870209
-0.04078144580125809,-0.04310546815395355,-0.07315368950366974
-0.034741826355457306,-0.02054882049560547,-0.06676670908927917
-0.013467308133840561,-0.021055404096841812,-0.06117163598537445
-0.0349946990609169,0.1392287015914917,-0.03249281272292137
-0.058454204350709915,0.12487320601940155,-0.03700411692261696
-0.06319446861743927,0.046723999083042145,0.18418997526168823
-0.0593174546957016,0.0629168301820755,0.1889004111289978
-0.07403647899627686,0.07009540498256683,0.18825288116931915
-0.07778866589069366,0.05494273081421852,0.183402881026268
-0.1937982738018036,0.11287028342485428,0.05997297912836075
-0.17216622829437256,0.12588819861412048,0.0511036291718483
-0.16594961285591125,0.11618230491876602,0.057263754308223724
-0.18616998195648193,0.09809139370918274,0.06533882021903992
-0.1680416315793991,-0.36719226837158203,-0.001066461205482483
-0.14325353503227234,-0.387081116437912,-0.0328918918967247
-0.1306770145893097,-0.011053561232984066,-0.02105272002518177
-0.11277781426906586,-0.0013461692724376917,-0.03578072041273117
-0.11320789903402328,-0.020391369238495827,-0.038374755531549454
-0.13070428371429443,-0.02983434870839119,-0.022900942713022232
-0.1309923231601715,0.05277368426322937,-0.012069672346115112
-0.13136929273605347,0.030302923172712326,-0.017384696751832962
-0.13190165162086487,0.07643087208271027,-0.00856000930070877
-0.12835663557052612,0.17082491517066956,0.0277071762830019
-0.13159233331680298,0.16769297420978546,0.035752274096012115
-0.1335485428571701,0.16644775867462158,0.04136161878705025
-0.026405762881040573,-0.37874099612236023,0.12645304203033447
-0.0460568442940712,-0.32697793841362,0.1289254128932953
-0.04239017516374588,-0.3149753510951996,0.13422447443008423
0.008634191006422043,-0.37293335795402527,0.06421393156051636
-0.011944320052862167,0.25267356634140015,0.20168697834014893
-0.011950045824050903,0.23874008655548096,0.21524304151535034
-0.1425926685333252,0.14834651350975037,0.07512571662664413
-0.1448584944009781,0.13233114778995514,0.08022841066122055
-0.13393372297286987,0.15449488162994385,0.037153180688619614
-0.13501374423503876,0.15093597769737244,0.05373665317893028
-0.13798753917217255,0.15613695979118347,0.057960063219070435
-0.13613566756248474,0.15883994102478027,0.04188147559762001
-0.13287904858589172,0.16263797879219055,0.029647396877408028
-0.13027605414390564,0.15915128588676453,0.023552820086479187
-0.12928524613380432,0.17282205820083618,0.16827258467674255
-0.12169498205184937,0.17006227374076843,0.17551279067993164
-0.11831316351890564,0.18988746404647827,0.17354604601860046
-0.12673360109329224,0.19236798584461212,0.16799086332321167
-0.11131256818771362,0.16364994645118713,0.18213725090026855
-0.09796978533267975,0.15547102689743042,0.18797817826271057
-0.09451183676719666,0.17638733983039856,0.1873449683189392
-0.10784158110618591,0.18448184430599213,0.18093810975551605
-0.04475703090429306,0.2232626974582672,0.17279143631458282
-0.03781593590974808,0.20255938172340393,0.19117999076843262
-0.026068706065416336,0.18402034044265747,0.2022387683391571
-0.016148293390870094,0.1711602360010147,0.21093672513961792
0.05380904674530029,0.25184476375579834,0.11754997819662094
0.05750403553247452,0.2430706024169922,0.10737431794404984
0.04029931128025055,0.25566741824150085,0.10102155804634094
0.03436899557709694,0.2645813226699829,0.11229506134986877
-0.013636104762554169,0.21991391479969025,0.21297895908355713
-0.007671065628528595,0.20446620881557465,0.22365345060825348
-0.006798263639211655,0.18609197437763214,0.22162532806396484
-0.23405221104621887,0.11802422255277634,0.15418609976768494
-0.21813194453716278,0.13715405762195587,0.14559225738048553
-0.0026155486702919006,0.27955275774002075,0.17901571094989777
-0.009552005678415298,0.2674591541290283,0.19068312644958496
-0.22939501702785492,0.13612303137779236,0.1289035826921463
-0.24410666525363922,0.11584348976612091,0.1380825638771057
-0.09238021820783615,0.23401100933551788,0.15751725435256958
-0.08078958094120026,0.25930702686309814,0.14314833283424377
-0.10131283849477768,0.23939552903175354,0.15396684408187866
-0.007995255291461945,0.22328342497348785,0.2268264889717102
-0.0028733089566230774,0.20856863260269165,0.23605583608150482
-0.18261602520942688,-0.32775864005088806,0.04223962873220444
-0.17327004671096802,-0.32873785495758057,0.07983436435461044
-0.15321534872055054,-0.07894018292427063,0.038408275693655014
-0.15172266960144043,-0.06733019649982452,0.01679324358701706
-0.06523361802101135,-0.09716697037220001,0.16794940829277039
-0.06227272003889084,-0.11695169657468796,0.16511639952659607
0.022480346262454987,0.19451993703842163,0.24914632737636566
-0.07718364894390106,-0.15475425124168396,0.1523030549287796
-0.053458068519830704,-0.16190099716186523,0.15762096643447876
-0.05908143147826195,-0.1376359611749649,0.16268733143806458
-0.08125212788581848,-0.13161715865135193,0.1541774421930313
-0.03843497484922409,-0.18915331363677979,0.15157532691955566
-0.033186085522174835,-0.20121228694915771,0.14663830399513245
-0.024593617767095566,-0.2978675961494446,0.13040490448474884
-0.0138351209461689,-0.2978970408439636,0.13187570869922638
-0.16233806312084198,0.17838911712169647,0.1480221152305603
-0.1562509387731552,0.19220274686813354,0.14597070217132568
-0.16538074612617493,0.20552752912044525,0.13808442652225494
-0.17252399027347565,0.1886001080274582,0.13950885832309723
-0.09635312855243683,-0.14688366651535034,0.13956773281097412
-0.11217837035655975,-0.13917246460914612,0.12128352373838425
-0.13024641573429108,0.1432836502790451,0.1080586314201355
-0.12990257143974304,0.14188778400421143,0.08869674801826477
-0.0584849938750267,-0.0025739073753356934,0.17082569003105164
-0.09029717743396759,0.06396543979644775,0.17981049418449402
-0.08707679808139801,0.0776568204164505,0.1847652792930603
-0.09893159568309784,0.08528362959623337,0.17990362644195557
-0.10147279500961304,0.07175059616565704,0.17505164444446564
0.008725259453058243,-0.3712599277496338,0.05241771787405014
-0.17562638223171234,0.19266030192375183,0.047063298523426056
-0.16440463066101074,0.20405928790569305,0.039311811327934265
-0.16180342435836792,0.1951473504304886,0.035539478063583374
-0.17379650473594666,0.18425253033638,0.04383907467126846
0.010107643902301788,-0.3902996778488159,0.05486993491649628
0.010615967214107513,-0.4079199731349945,0.05272321403026581
-0.011062465608119965,-0.38149359822273254,-0.03193758428096771
0.002530202269554138,-0.37800225615501404,-0.010699436068534851
-0.03391456604003906,-0.4296559691429138,0.16012194752693176
-0.043469421565532684,-0.4012792110443115,0.1533530354499817
-0.02543681673705578,-0.4588661789894104,0.1682738959789276
-0.01661718264222145,-0.48814940452575684,0.1751026064157486
0.014109041541814804,-0.6941269040107727,0.18474972248077393
0.007597718387842178,-0.7239971160888672,0.1928257942199707
0.008928228169679642,-0.822998046875,0.1907660961151123
0.012480154633522034,-0.8596754670143127,0.19102488458156586
0.013442054390907288,-0.8986058235168457,0.19106705486774445
0.015968114137649536,-0.9392053484916687,0.19194547832012177
0.018938802182674408,-0.9774816036224365,0.19589512050151825
-0.24885036051273346,0.10838384926319122,0.12256017327308655
-0.23558086156845093,0.13120560348033905,0.11068624258041382
-0.2365000694990158,0.11983383446931839,0.09723623096942902
-0.2515309453010559,0.09805332124233246,0.1096414253115654
-0.1602725386619568,0.10127154737710953,0.1052759438753128
-0.1591411978006363,0.10925282537937164,0.11987273395061493
-0.17272408306598663,0.09091035276651382,0.12657901644706726
-0.17371584475040436,0.08333532512187958,0.11291419714689255
-0.18863175809383392,0.06407615542411804,0.12132584303617477
-0.19274628162384033,0.057486653327941895,0.11030013114213943
-0.1769169718027115,0.07741597294807434,0.10142631828784943
-0.22108584642410278,0.06193190813064575,0.08891882747411728
-0.23211072385311127,0.0698813945055008,0.08804357796907425
-0.21442776918411255,0.09022843092679977,0.07549877464771271
-0.20430536568164825,0.07987433671951294,0.07711734622716904
-0.2488047182559967,0.08819537609815598,0.09867256879806519
-0.23370537161827087,0.10861922055482864,0.08756514638662338
-0.22612367570400238,0.0991973876953125,0.08034712821245193
-0.24207159876823425,0.0781732127070427,0.09146711975336075
-0.18648450076580048,0.0872860997915268,0.16167129576206207
-0.1849534958600998,0.07934747636318207,0.14770852029323578
-0.17048388719558716,0.09903658926486969,0.14167223870754242
-0.1739213466644287,0.10809781402349472,0.15538926422595978
-0.1759968250989914,0.21561199426651,0.12352480739355087
-0.18304769694805145,0.1954454630613327,0.12579995393753052
-0.13871395587921143,0.17508681118488312,0.11683730036020279
-0.14234182238578796,0.1835240125656128,0.13378237187862396
-0.13906443119049072,0.18092548847198486,0.13287892937660217
-0.1368768960237503,0.17690345644950867,0.11575832217931747
-0.19158430397510529,0.15375471115112305,0.15115465223789215
-0.1810501366853714,0.17090319097042084,0.14389629662036896
-0.19160743057727814,0.17464447021484375,0.12950864434242249
-0.20344196259975433,0.1553640365600586,0.13693241775035858
-0.16137593984603882,0.1277899295091629,0.14918144047260284
-0.1590922623872757,0.11879658699035645,0.134842187166214
-0.14875063300132751,0.13753396272659302,0.12836886942386627
-0.15013663470745087,0.14538520574569702,0.14325635135173798
-0.1758209466934204,0.09324474632740021,0.07195521891117096
-0.1580086350440979,0.11159950494766235,0.06558743119239807
-0.1461576670408249,0.17827798426151276,0.14565321803092957
-0.15193571150302887,0.16746479272842407,0.14779305458068848
-0.129647895693779,0.13197648525238037,0.10292224586009979
-0.13333547115325928,0.13556934893131256,0.04754619672894478
-0.13333402574062347,0.1445111483335495,0.05102526396512985
-0.1318936049938202,0.04798104241490364,0.11953867971897125
-0.13105033338069916,0.06291894614696503,0.12649203836917877
-0.14396603405475616,0.07826158404350281,0.05575805902481079
-0.13931691646575928,0.10106808692216873,0.05758054554462433
-0.13495425879955292,0.058120422065258026,0.11353316158056259
-0.1329403817653656,0.06727055460214615,0.12073859572410583
-0.11748629808425903,-0.036105796694755554,0.13066942989826202
-0.010081160813570023,0.1788145899772644,0.21457409858703613
-0.16978757083415985,0.1636206954717636,0.15246182680130005
-0.1577899307012558,0.15400394797325134,0.15278911590576172
-0.15450447797775269,0.13796910643577576,0.0463637113571167
-0.1427340805530548,0.14951248466968536,0.04157291352748871
-0.14050695300102234,0.14583788812160492,0.046064212918281555
-0.15054748952388763,0.13213154673576355,0.05192263796925545
-0.06661515682935715,0.17339587211608887,-0.023576978594064713
-0.051352374255657196,0.15814852714538574,-0.02881588041782379
-0.06912821531295776,0.1461988091468811,-0.030699554830789566
-0.0808112621307373,0.1635623425245285,-0.023619428277015686
-0.18287625908851624,0.20178034901618958,0.05988291651010513
-0.18764641880989075,0.20206063985824585,0.07198518514633179
-0.17642848193645477,0.21897083520889282,0.066532202064991
-0.17227664589881897,0.21535280346870422,0.05409681051969528
-0.1805710792541504,0.22133249044418335,0.08255406469106674
-0.19056475162506104,0.20122508704662323,0.08795997500419617
-0.18988323211669922,0.19891901314258575,0.10651996731758118
-0.18111300468444824,0.22026950120925903,0.10315663367509842
-0.173948734998703,-0.28986695408821106,-0.03139086067676544
-0.18266580998897552,-0.29162847995758057,0.0028068237006664276
-0.13665001094341278,-0.1673051118850708,0.053443361073732376
-0.1224517971277237,-0.17883214354515076,0.07040034234523773
-0.10300105810165405,-0.2500492334365845,0.09920264780521393
-0.02060132659971714,-0.35382819175720215,0.10944884270429611
-0.004374604672193527,-0.36431819200515747,0.08814829587936401
0.010669346898794174,-0.4329598546028137,0.0534026175737381
-0.1861150562763214,-0.2950000762939453,0.0389244370162487
0.008697323501110077,-0.46236252784729004,0.059993043541908264
0.005487892776727676,-0.4945148825645447,0.0682353675365448
-0.04251973330974579,-0.5175555348396301,0.01631404459476471
-0.06767407804727554,-0.5236033201217651,0.01696692407131195
-0.06875834614038467,-0.495306134223938,-0.0020362883806228638
-0.041118547320365906,-0.4888683557510376,-0.003150045871734619
-0.09190985560417175,-0.5262835025787354,0.02915477752685547
-0.09544476121664047,-0.4990885257720947,0.010333091020584106
-0.04924127832055092,-0.5572812557220459,0.2071109116077423
-0.06151651218533516,-0.8277735114097595,0.11328823864459991
-0.07255773991346359,-0.8654229044914246,0.13344749808311462
-0.07936649024486542,-0.8274882435798645,0.12742991745471954
-0.056685347110033035,-0.8648233413696289,0.11994944512844086
-0.09058085083961487,-0.8267313838005066,0.14774219691753387
-0.09385206550359726,-0.7909356951713562,0.1452605128288269
-0.051518067717552185,-0.8617403507232666,0.21930110454559326
-0.049352772533893585,-0.9019773602485657,0.12946893274784088
-0.06247640773653984,-0.9040750861167908,0.14182311296463013
-0.08217315375804901,-0.8646718859672546,0.15225325524806976
-0.07054935395717621,-0.9040043950080872,0.1581588089466095
0.0076711662113666534,-0.3788932263851166,0.05976414680480957
-0.1516963094472885,-0.3573397994041443,0.12112702429294586
-0.1544368863105774,-0.327619731426239,0.10999014228582382
-0.10063862800598145,-0.3079300820827484,0.12782606482505798
-0.07031414657831192,-0.3204330801963806,0.12896311283111572
-0.1292485147714615,-0.11053157597780228,0.1005382239818573
-0.14112013578414917,-0.1015859916806221,0.08093665540218353
-0.14150306582450867,-0.06350449472665787,0.08556871116161346
-0.14805860817432404,-0.054014574736356735,0.0650387853384018
-0.1490386426448822,-0.07251525670289993,0.061607446521520615
-0.14167658984661102,-0.08298113942146301,0.08238808810710907
-0.1503421813249588,-0.03294358402490616,0.02133222669363022
-0.14285586774349213,-0.021934479475021362,-0.001509208232164383
-0.14288641512393951,-0.04008947312831879,-0.0030217021703720093
-0.14987757802009583,-0.05095025151968002,0.019128404557704926
-0.14493435621261597,-0.05683242529630661,-0.004990324378013611
-0.1326570212841034,-0.04735521227121353,-0.025396451354026794
-0.05270686745643616,-0.0003950092941522598,-0.06031682342290878
-0.07418102771043777,-0.0052225347608327866,-0.0564006008207798
-0.07197625935077667,0.015809617936611176,-0.05186590924859047
-0.050427328795194626,0.02235940657556057,-0.0543411523103714
-0.034901902079582214,-0.3032268285751343,0.1312301754951477
0.0031163059175014496,-0.36788809299468994,0.07207007706165314
-0.05186188220977783,-0.3746909201145172,0.14595136046409607
-0.08947142958641052,-0.35016074776649475,0.14629799127578735
-0.12282273173332214,-0.3535067141056061,0.13984441757202148
-0.1426086723804474,0.15354037284851074,0.08829797804355621
-0.09840802103281021,0.19181588292121887,-0.006098354235291481
-0.10406900942325592,0.1830253005027771,-0.005361051298677921
-0.20249079167842865,0.18057294189929962,0.09256893396377563
-0.20057566463947296,0.17680075764656067,0.11186955124139786
-0.14213474094867706,0.15809990465641022,0.14016637206077576
-0.16015338897705078,0.22007708251476288,0.13747823238372803
-0.1515835076570511,0.20425936579704285,0.1445605456829071
-0.14961732923984528,0.214554563164711,0.14704416692256927
-0.13224518299102783,-0.25867003202438354,0.09633064270019531
-0.1586921215057373,-0.27416250109672546,0.0892241820693016
-0.13434338569641113,-0.2802891731262207,0.10861307382583618
0.0068766288459300995,-0.3761475682258606,0.010407254099845886
-0.04362377151846886,-0.33767691254615784,0.1235797181725502
0.004883863031864166,-0.5249789953231812,0.07806611061096191
0.005134295672178268,-0.5543144345283508,0.08724583685398102
0.005915667861700058,-0.583490788936615,0.093889519572258
0.005868181586265564,-0.6121575236320496,0.09974326193332672
0.005107544362545013,-0.6409657597541809,0.10470013320446014
0.0015552863478660583,-0.669680655002594,0.11136384308338165
-0.0022924616932868958,-0.6970695853233337,0.11860420554876328
-0.0070056915283203125,-0.7253785133361816,0.11924685537815094
0.009167134761810303,-0.7894210815429688,0.12488561868667603
-0.004329420626163483,-0.7908772230148315,0.11206351220607758
-0.007035993039608002,-0.757143497467041,0.11580780148506165
-0.00125160813331604,-0.8263679146766663,0.11102151870727539
-0.0005029588937759399,-0.861998975276947,0.11538198590278625
-0.0008321255445480347,-0.89769047498703,0.1255706250667572
0.0007818043231964111,-0.9353979229927063,0.13509723544120789
0.004849568009376526,-0.9735051393508911,0.1422986388206482
0.008757099509239197,-0.3727964758872986,0.04474106431007385
0.008056506514549255,-0.37391984462738037,0.02963334321975708
-0.08070489019155502,0.22566424310207367,0.16282276809215546
-0.13322466611862183,0.15012535452842712,0.07236644625663757
-0.13630327582359314,0.15649934113025665,0.07450205832719803
-0.1376246213912964,0.1683378666639328,0.1366996020078659
-0.21887356042861938,0.12806373834609985,0.07438334822654724
-0.22077882289886475,0.1402999460697174,0.08370386064052582
-0.1413005292415619,0.15347504615783691,0.12271730601787567
-0.13884152472019196,0.16940870881080627,0.10020555555820465
-0.1377517282962799,0.1762688159942627,0.10176687687635422
-0.34977543354034424,0.021930469200015068,0.256808876991272
-0.35771867632865906,0.015069958753883839,0.2467450201511383
-0.36488258838653564,0.006850113160908222,0.2661328911781311
-0.3565208911895752,0.012890744023025036,0.2751695215702057
-0.3386186957359314,0.0234699510037899,0.26549822092056274
-0.3461856245994568,0.013636189512908459,0.28277692198753357
-0.30235055088996887,-0.029826680198311806,0.2672206163406372
-0.30262231826782227,-0.014949901960790157,0.2713581919670105
-0.31510281562805176,-0.02386953867971897,0.28710460662841797
-0.31556418538093567,-0.0379861518740654,0.28244978189468384
-0.3434734344482422,-0.0004701279103755951,0.3045545220375061
-0.33521461486816406,-0.008717101067304611,0.30613502860069275
-0.32497936487197876,0.0006350260227918625,0.29001808166503906
-0.33500897884368896,0.00910542719066143,0.28785550594329834
-0.31711581349372864,-0.04981124401092529,0.24942101538181305
-0.32811519503593445,-0.05031292885541916,0.23959700763225555
-0.31460854411125183,-0.04568954557180405,0.22348979115486145
-0.3033744990825653,-0.04391731321811676,0.23406283557415009
-0.2532639503479004,0.008675698190927505,0.20122745633125305
-0.25331804156303406,-0.006083603948354721,0.19740621745586395
-0.24335122108459473,0.0032343193888664246,0.1855672150850296
-0.2443636953830719,0.017014581710100174,0.19013288617134094
-0.3332238495349884,0.03975576162338257,0.2205137014389038
-0.33926650881767273,0.029973266646265984,0.20914551615715027
-0.3493729531764984,0.022570012137293816,0.22792044281959534
-0.3421228229999542,0.030981548130512238,0.2388749122619629
-0.294771283864975,0.03167551010847092,0.23999924957752228
-0.2849291265010834,0.018818818032741547,0.2393946647644043
-0.2742123603820801,0.02763872779905796,0.2211732715368271
-0.28430017828941345,0.040334440767765045,0.22218307852745056
-0.32454386353492737,0.04631854593753815,0.2021894007921219
-0.32814159989356995,0.035729072988033295,0.19085197150707245
-0.3148619532585144,0.010821438394486904,0.2742399573326111
-0.3066696226596832,-0.001184660941362381,0.27348679304122925
-0.29554668068885803,0.008636504411697388,0.25677168369293213
-0.3049423396587372,0.021567093208432198,0.2574671804904938
-0.34238186478614807,-0.05943895876407623,0.28190362453460693
-0.35199934244155884,-0.05879725143313408,0.2740834951400757
-0.3404707908630371,-0.05453599616885185,0.2567034363746643
-0.33024507761001587,-0.05480530112981796,0.2653532922267914
-0.3298417031764984,-0.019242597743868828,0.3054683208465576
-0.3274124264717102,-0.031742800027132034,0.3029993176460266
-0.31838276982307434,-0.010560611262917519,0.289523184299469
-0.3776664733886719,-0.02139364741742611,0.2705203592777252
-0.37647131085395813,-0.010112235322594643,0.2771666646003723
-0.36904993653297424,-0.003040115348994732,0.25712311267852783
-0.3695771098136902,-0.015361019410192966,0.25020700693130493
-0.27665749192237854,-0.0110635319724679,0.23469138145446777
-0.27877169847488403,0.0040412042289972305,0.23745442926883698
-0.2900468409061432,-0.005526505410671234,0.25513914227485657
-0.28900253772735596,-0.0210065059363842,0.25116586685180664
-0.321296364068985,0.04354250058531761,0.23072797060012817
-0.3303295075893402,0.03357357159256935,0.2483270764350891
-0.3603733479976654,-0.009556933306157589,0.230397567152977
-0.3608630895614624,0.003818236291408539,0.23750834167003632
-0.35095667839050293,0.01024453341960907,0.21806538105010986
-0.3497104346752167,-0.004114355891942978,0.21111781895160675
-0.3325241804122925,-0.015065651386976242,0.19098904728889465
-0.3232373595237732,-0.027764134109020233,0.19307495653629303
-0.3365013003349304,-0.03180815279483795,0.21020638942718506
-0.3444291353225708,-0.01906929537653923,0.20869681239128113
-0.26435354351997375,-0.0018371250480413437,0.21638913452625275
-0.2657860517501831,-0.016837920993566513,0.21225835382938385
-0.28976869583129883,-0.03682941198348999,0.2190316766500473
-0.3009016811847687,-0.040179647505283356,0.20804086327552795
-0.28608158230781555,-0.03294052928686142,0.1930692493915558
-0.2742599546909332,-0.028493106365203857,0.2044307440519333
-0.2837054133415222,0.06402405351400375,0.1909341663122177
-0.29729199409484863,0.06506873667240143,0.18231292068958282
-0.3047085404396057,0.05964258313179016,0.1957613229751587
-0.28937390446662903,0.057993147522211075,0.20269104838371277
-0.3141326308250427,0.052957482635974884,0.18433818221092224
-0.3057418167591095,0.05749525502324104,0.17034919559955597
-0.291130006313324,0.05433891713619232,0.14081186056137085
-0.2868996262550354,0.04287659376859665,0.13335299491882324
-0.2933906316757202,0.03792927786707878,0.1429809331893921
-0.29724809527397156,0.04969794675707817,0.1508413702249527
-0.30679386854171753,-0.0075464751571416855,0.15699215233325958
-0.29462721943855286,-0.01832353137433529,0.15942639112472534
-0.30901509523391724,-0.02333524078130722,0.17603452503681183
-0.31963661313056946,-0.011615299619734287,0.17357826232910156
-0.2676500678062439,-0.019108369946479797,0.15414723753929138
-0.25694403052330017,-0.019185524433851242,0.16643081605434418
-0.27098432183265686,-0.026609892025589943,0.17832839488983154
-0.28265538811683655,-0.02507592737674713,0.16731587052345276
-0.21993571519851685,0.02341379225254059,0.12661299109458923
-0.21487341821193695,0.028051987290382385,0.1367434859275818
-0.22593387961387634,0.013238683342933655,0.14373059570789337
-0.2317332923412323,0.008356824517250061,0.13346460461616516
-0.22057083249092102,0.03197740018367767,0.16433045268058777
-0.2098662555217743,0.0448070764541626,0.15821917355060577
-0.21230490505695343,0.05410219728946686,0.1694374978542328
-0.22295063734054565,0.04269702732563019,0.1734631359577179
-0.2624877691268921,0.0842222273349762,0.1658669263124466
-0.27324914932250977,0.08276783674955368,0.15125368535518646
-0.2819060683250427,0.07643971592187881,0.1568412184715271
-0.2707093358039856,0.07770377397537231,0.16957902908325195
-0.29447513818740845,-0.003116089850664139,0.14269733428955078
-0.2798534631729126,-0.012829631567001343,0.1432923525571823
-0.22889520227909088,0.021482817828655243,0.17034393548965454
-0.23061503469944,0.03378041833639145,0.17773360013961792
-0.23731419444084167,0.024799145758152008,0.18278387188911438
-0.23530183732509613,0.012008525431156158,0.17661696672439575
-0.24942398071289062,0.055614449083805084,0.18193766474723816
-0.26163148880004883,0.06564739346504211,0.18011656403541565
-0.26687806844711304,0.060543615370988846,0.18589678406715393
-0.2545291781425476,0.048516981303691864,0.18650200963020325
-0.27613595128059387,0.07410801947116852,0.1746886968612671
-0.2879953682422638,0.07399456948041916,0.1634717881679535
-0.2932542860507965,0.06978544592857361,0.172525092959404
-0.2802692651748657,0.06936436891555786,0.18252187967300415
-0.2865178883075714,0.0011858753859996796,0.1319684535264969
-0.2930002510547638,0.012367557734251022,0.13503795862197876
-0.2852959632873535,0.01523524522781372,0.12696553766727448
-0.27863073348999023,0.004742808640003204,0.12434710562229156
-0.2540093958377838,-0.012167297303676605,0.14578785002231598
-0.2451947033405304,-0.01064155250787735,0.15753428637981415
-0.259338915348053,0.04118170961737633,0.19276294112205505
-0.250241756439209,0.029544640332460403,0.19245845079421997
-0.24421130120754242,0.03698015958070755,0.1864212453365326
-0.3001416325569153,0.0619833767414093,0.160051628947258
-0.2287127524614334,0.022503674030303955,0.11837656050920486
-0.23753464221954346,0.02455778419971466,0.11205726861953735
-0.2251284420490265,0.0383213609457016,0.10416312515735626
-0.21611440181732178,0.03608919680118561,0.11040636897087097
-0.20895835757255554,0.0376296192407608,0.1191716343164444
-0.20482972264289856,0.04280160367488861,0.12985718250274658
-0.1995057761669159,0.06032365560531616,0.15350079536437988
-0.20090441405773163,0.06858992576599121,0.1663222461938858
-0.2075633406639099,0.07857592403888702,0.17587368190288544
-0.21923662722110748,0.08848375082015991,0.17787513136863708
-0.23209409415721893,0.0731368362903595,0.179993137717247
-0.21963536739349365,0.06454913318157196,0.17699018120765686
-0.24825268983840942,0.09911177307367325,0.16063760221004486
-0.2587735652923584,0.09684821963310242,0.14556504786014557
-0.27639591693878174,0.07546503841876984,0.13773633539676666
-0.2635385990142822,0.0884225144982338,0.1314203441143036
-0.23033757507801056,0.01033012568950653,0.16107243299484253
-0.2220989316701889,0.022273987531661987,0.15420293807983398
-0.3560320734977722,-0.02366403490304947,0.2269805520772934
-0.3480573892593384,-0.03582387417554855,0.22790215909481049
-0.35908886790275574,-0.04032973200082779,0.24628928303718567
-0.3660563826560974,-0.028470026329159737,0.24619008600711823
-0.36117589473724365,-0.053790535777807236,0.26812559366226196
-0.3504251539707184,-0.04949571192264557,0.24969853460788727
-0.3265396058559418,0.019496165215969086,0.2713663578033447
-0.3172232508659363,0.029761027544736862,0.2548232674598694
-0.3531791567802429,0.004948203917592764,0.30051517486572266
-0.2700342535972595,0.05402916669845581,0.19382306933403015
-0.2759227454662323,0.048020780086517334,0.20484685897827148
-0.2833661437034607,0.030950471758842468,0.12488210201263428
-0.2804951071739197,0.04831867665052414,0.12443999946117401
-0.2761995792388916,0.03749483823776245,0.11687477678060532
-0.3027024269104004,0.010966213420033455,0.1457865834236145
-0.3141322731971741,0.008555716834962368,0.1600133180618286
-0.31388890743255615,0.02559519186615944,0.16688360273838043
-0.30161648988723755,0.028796551749110222,0.15092208981513977
-0.2691659927368164,0.009828947484493256,0.1191009134054184
-0.2771396338939667,0.01976703107357025,0.12024638056755066
-0.2683362364768982,0.027230657637119293,0.11362700164318085
-0.25893503427505493,0.01862400770187378,0.11427569389343262
-0.24701736867427826,0.07993577420711517,0.17437846958637238
-0.2555634379386902,0.07124821841716766,0.1761208176612854
-0.26274794340133667,0.06915444135665894,0.10832781344652176
-0.27220675349235535,0.056954123079776764,0.11656777560710907
-0.27487248182296753,0.0658239796757698,0.12672169506549835
-0.26494768261909485,0.07756324857473373,0.11930075287818909
-0.28332430124282837,0.058594658970832825,0.13321387767791748
-0.25596028566360474,0.0600111186504364,0.10135921090841293
-0.26678264141082764,0.0473429411649704,0.10932628065347672
-0.23375266790390015,0.09600740671157837,0.1725335717201233
-0.24774008989334106,0.030309632420539856,0.10779992491006851
-0.2582533359527588,0.03806905448436737,0.10630878806114197
-0.24647502601146698,0.051464542746543884,0.09854637086391449
-0.23537586629390717,0.04414531588554382,0.09994645416736603
-0.3387208580970764,-0.045225679874420166,0.23212912678718567
-0.3256406784057617,-0.0407051257789135,0.2154344618320465
-0.2474813163280487,-0.010947145521640778,0.17768101394176483
-0.2594326138496399,-0.020176269114017487,0.18962113559246063
-0.23805665969848633,-0.0007882416248321533,0.16797411441802979
-0.30770501494407654,-0.043061092495918274,0.25921201705932617
-0.32109907269477844,-0.04908648133277893,0.2746824622154236
-0.27976667881011963,-0.026524372398853302,0.22849750518798828
-0.29352816939353943,-0.03555901348590851,0.244331955909729
-0.33842477202415466,0.0007878122851252556,0.1933751404285431
-0.25136107206344604,-0.002457268536090851,0.13040244579315186
-0.24249064922332764,-0.003926090896129608,0.13950985670089722
-0.2638269364833832,-0.00960039347410202,0.13547316193580627
-0.20004229247570038,0.05158020555973053,0.14139600098133087
-0.2110190987586975,0.03643043339252472,0.14666900038719177
-0.2789832055568695,-0.005797646939754486,0.13283564150333405
-0.18503504991531372,0.07119952142238617,0.1341879516839981
-0.30414819717407227,0.04465308040380478,0.16063198447227478
-0.2926463484764099,0.06604936718940735,0.15091219544410706
-0.28541651368141174,0.06952687352895737,0.1436312198638916
-0.3714800477027893,-0.000507781864143908,0.28554919362068176
-0.307461142539978,0.04014815017580986,0.23761048913002014
-0.2655305564403534,0.035125575959682465,0.20390662550926208
-0.2572254240512848,0.02216460555791855,0.20362916588783264
-0.26000845432281494,0.0020904839038848877,0.12273924052715302
-0.24870999157428741,0.012074336409568787,0.11824708431959152
-0.2397449016571045,0.008890613913536072,0.12536436319351196
-0.2423366904258728,0.06303499639034271,0.17966535687446594
-0.2308553159236908,0.053470104932785034,0.17946857213974
-0.3341692388057709,-0.05424216017127037,0.29054057598114014
-0.23790860176086426,0.04528272897005081,0.18230204284191132
-0.315673291683197,0.0403146855533123,0.17454832792282104
0.06409679353237152,0.20968429744243622,0.07049213349819183
-0.14634928107261658,0.05288420617580414,0.05637899786233902
-0.13398957252502441,-0.0036604925990104675,0.102995365858078
-0.1405429095029831,0.0079718716442585,0.0851367861032486
-0.13195285201072693,0.13166002929210663,0.06614282727241516
-0.13156047463417053,0.1424104869365692,0.0699586570262909
-0.13881748914718628,0.16508574783802032,0.0818672627210617
-0.13741089403629303,0.17276929318904877,0.08565385639667511
-0.13682635128498077,0.09822073578834534,0.0766366645693779
0.024499528110027313,0.35046157240867615,0.32311728596687317
0.02254054695367813,0.34699517488479614,0.31598296761512756
0.02918064594268799,0.35896769165992737,0.33252477645874023
-0.04091290012001991,-0.1737726628780365,0.155004620552063
0.02598925679922104,0.33507734537124634,0.3224342465400696
0.023613564670085907,0.3292119801044464,0.31437161564826965
0.020852722227573395,0.3319488763809204,0.3200356960296631
0.02742151916027069,0.33454692363739014,0.32424354553222656
0.02798996865749359,0.3350364565849304,0.32550227642059326
0.03311142325401306,0.35286858677864075,0.34113800525665283
0.020169027149677277,0.3408506512641907,0.3093325197696686
0.018955133855342865,0.3327491879463196,0.3036218285560608
0.031294770538806915,0.34081822633743286,0.3363840579986572
-0.03806241229176521,-0.12133640795946121,-0.08976970613002777
-0.015031477436423302,-0.12382151186466217,-0.09058510512113571
-0.019319571554660797,-0.14531578123569489,-0.10119304060935974
-0.044555678963661194,-0.14222145080566406,-0.09831137955188751
-0.021768467500805855,-0.16468335688114166,-0.11146348714828491
-0.143820121884346,-0.19990944862365723,-0.08527778834104538
-0.16084319353103638,-0.1967310905456543,-0.06337631493806839
-0.15339668095111847,-0.17230884730815887,-0.059578053653240204
-0.1387670487165451,-0.17424869537353516,-0.08104526996612549
-0.1563325822353363,-0.15646962821483612,-0.03373340889811516
-0.14553508162498474,-0.15209777653217316,-0.05534448102116585
-0.1633470058441162,-0.1746726930141449,-0.0352230966091156
-0.16784313321113586,-0.18107722699642181,-0.0088896993547678
-0.16022495925426483,-0.16411353647708893,-0.009187468327581882
-0.1678812950849533,-0.1915305256843567,0.015706943348050117
-0.1594211310148239,-0.17429038882255554,0.014330261386930943
-0.162397563457489,-0.20169945061206818,0.03907882422208786
-0.15000039339065552,-0.2119835764169693,0.05991159379482269
-0.13004805147647858,-0.24021729826927185,0.0849195048213005
-0.10476373136043549,-0.2330499142408371,0.09294614940881729
-0.12862755358219147,-0.22207531332969666,0.07705986499786377
-0.05882507562637329,-0.24889962375164032,0.11268234997987747
-0.08115900307893753,-0.2427978813648224,0.10536202043294907
-0.020989393815398216,-0.2540150582790375,0.12096093595027924
-0.03880472853779793,-0.2519446015357971,0.11742348968982697
-0.08901776373386383,0.20004981756210327,0.17961442470550537
-0.017826706171035767,0.28445199131965637,0.1124156191945076
-0.02781776711344719,0.28522706031799316,0.10346159338951111
-0.043279603123664856,0.2856908440589905,0.11967869102954865
-0.03873404487967491,0.2602635324001312,0.03643634170293808
-0.042175229638814926,0.2711843252182007,0.05218920484185219
-0.018842846155166626,0.2656487226486206,0.04970396310091019
-0.015311922878026962,0.25187385082244873,0.0367184579372406
-0.003354813903570175,0.2793145179748535,0.10171030461788177
0.0016276724636554718,0.27924013137817383,0.10905621945858002
-0.00894557312130928,0.27892351150512695,0.09166097640991211
0.026473892852663994,0.2602543830871582,0.08656187355518341
0.009981393814086914,0.2709375023841858,0.08604179322719574
-0.08866089582443237,0.29020121693611145,0.0970192551612854
-0.08303843438625336,0.2867044508457184,0.07272632420063019
-0.09807245433330536,0.28510481119155884,0.0725172758102417
-0.1046757623553276,0.28875410556793213,0.09578875452280045
-0.0741957277059555,0.25470587611198425,0.025039009749889374
-0.07205963134765625,0.24105162918567657,0.016271531581878662
-0.0855211541056633,0.24378876388072968,0.016272682696580887
-0.08780843764543533,0.25673702359199524,0.024556640535593033
-0.14837032556533813,0.26548776030540466,0.09674863517284393
-0.14180096983909607,0.26535046100616455,0.07397276163101196
-0.15636712312698364,0.2528073191642761,0.07565829157829285
-0.16138792037963867,0.2525118589401245,0.09728901833295822
-0.08936706185340881,0.26753389835357666,0.03655358776450157
-0.01718664914369583,0.15749016404151917,-0.023299239575862885
-0.03562656044960022,0.17191281914710999,-0.02326415851712227
-0.05332590267062187,0.1835792064666748,-0.020634304732084274
-0.09272012859582901,0.20015524327754974,-0.005135113373398781
-0.08447776734828949,0.19869469106197357,-0.008889720775187016
-0.0904044583439827,0.1889818012714386,-0.010900666937232018
-0.09932529181241989,0.20021475851535797,-0.0002643205225467682
-0.10800670087337494,0.1974468231201172,0.005257397890090942
-0.14448943734169006,0.1960594654083252,0.1448718011379242
-0.14632481336593628,0.1999267339706421,0.14908133447170258
-0.1472349464893341,0.2223360538482666,0.14674429595470428
-0.12675713002681732,0.1838097870349884,0.018671203404664993
-0.11707347631454468,0.19041311740875244,0.011986561119556427
-0.118791364133358,0.18377786874771118,0.013012737035751343
-0.12712779641151428,0.17805907130241394,0.020328465849161148
-0.07406308501958847,0.28961268067359924,0.0997905433177948
-0.1512407660484314,0.24954897165298462,0.057370807975530624
-0.13625705242156982,0.2616990804672241,0.0552309975028038
-0.1338425874710083,0.25295940041542053,0.03991496190428734
-0.1489429473876953,0.24114897847175598,0.04374368488788605
-0.14474725723266602,0.23477846384048462,0.03199021890759468
-0.13009361922740936,0.2448597252368927,0.027401402592658997
-0.1253710687160492,0.23577368259429932,0.01967594027519226
-0.13967378437519073,0.2276063710451126,0.02370167151093483
-0.12643156945705414,0.18941034376621246,0.018200725317001343
-0.11698853224515915,0.19803567230701447,0.011838078498840332
-0.16938209533691406,0.23243770003318787,0.12087522447109222
-0.12471281737089157,0.2755938172340393,0.11930770426988602
-0.12861128151416779,0.2586001753807068,0.13978658616542816
-0.1160833090543747,0.26259028911590576,0.14093202352523804
-0.1099337488412857,0.2803889214992523,0.12024825811386108
-0.14164841175079346,0.16063031554222107,0.06993205845355988
-0.14160093665122986,0.16507995128631592,0.08495571464300156
-0.13976836204528809,0.15788191556930542,0.05611386522650719
-0.12480293214321136,0.17461150884628296,0.020060893148183823
-0.13652095198631287,0.1566292941570282,0.04562938213348389
-0.13641402125358582,0.17604106664657593,0.13251203298568726
-0.1433839052915573,0.18853217363357544,0.14275720715522766
-0.13167428970336914,0.23466277122497559,0.14964254200458527
-0.12152600288391113,0.2387050837278366,0.15150828659534454
-0.1721213161945343,0.23809954524040222,0.09875783324241638
-0.16916297376155853,0.23825213313102722,0.0776691660284996
-0.1376679241657257,0.17378613352775574,0.0267401784658432
-0.13660046458244324,0.16836893558502197,0.028743550181388855
-0.14728696644306183,0.1596410870552063,0.03550184890627861
-0.11927973479032516,0.17674599587917328,0.00789027102291584
-0.12138590216636658,0.17716270685195923,0.014758847653865814
-0.11913146078586578,0.28442683815956116,0.09586067497730255
-0.16486988961696625,0.23452016711235046,0.06035257875919342
-0.1616693139076233,0.2278868556022644,0.047567903995513916
-0.11537297815084457,0.25238171219825745,0.02522372454404831
-0.1187465563416481,0.26196300983428955,0.03760558366775513
-0.10453000664710999,0.2672315239906311,0.0365668386220932
-0.10159178823232651,0.25626328587532043,0.024325791746377945
-0.15357056260108948,0.21572047472000122,0.029834963381290436
-0.14844556152820587,0.2063060700893402,0.027187637984752655
-0.09725802391767502,0.24239395558834076,0.01673249527812004
-0.11007950454950333,0.23972217738628387,0.017663784325122833
-0.13961873948574066,0.18063730001449585,0.025784708559513092
-0.11115054786205292,0.24096593260765076,0.15273794531822205
-0.11981943994760513,0.21666085720062256,0.16208168864250183
-0.1107783168554306,0.21453754603862762,0.16553962230682373
-0.13767077028751373,0.21052083373069763,0.15648186206817627
-0.12877938151359558,0.21458473801612854,0.15946058928966522
-0.14442911744117737,0.20462942123413086,0.15287302434444427
-0.1015629991889,0.20843848586082458,0.17215406894683838
-0.270586758852005,-0.003960058093070984,0.12685000896453857
-0.145631805062294,0.15403242409229279,0.03815869614481926
-0.15705692768096924,0.14525066316127777,0.043082937598228455
-0.15852653980255127,0.15259315073490143,0.040356867015361786
-0.2089313566684723,0.118142269551754,0.06755536794662476
0.10240544378757477,0.19664736092090607,0.33134445548057556
0.10649815201759338,0.19960567355155945,0.3359208405017853
0.11752976477146149,0.2133360207080841,0.3490733504295349
0.11920174956321716,0.21634551882743835,0.3509741425514221
-0.29008325934410095,0.026502586901187897,0.13311147689819336
-0.2954394817352295,0.02265314944088459,0.13931570947170258
-0.32641151547431946,0.0048164138570427895,0.17650380730628967
-0.3398899435997009,0.016497688367962837,0.1998656839132309
-0.3272465765476227,0.021414652466773987,0.1821959763765335
-0.3126886785030365,0.05261849984526634,0.21235515177249908
-0.29786792397499084,0.04985569044947624,0.21951985359191895
-0.26741933822631836,0.013289136812090874,0.21928352117538452
-0.29756319522857666,-0.03062629885971546,0.18322375416755676
-0.3764573037624359,-0.0063466886058449745,0.33268114924430847
-0.3846898078918457,-0.01131779421120882,0.3252888321876526
-0.39128661155700684,-0.016513193026185036,0.34441298246383667
-0.3834016025066376,-0.012600976973772049,0.35132715106010437
-0.391363263130188,-0.018252478912472725,0.36724260449409485
-0.38390690088272095,-0.022091666236519814,0.37201717495918274
-0.37529128789901733,-0.016125328838825226,0.3562232255935669
-0.3783596158027649,-0.030328473076224327,0.37371954321861267
-0.3688533902168274,-0.02375776693224907,0.3573608100414276
-0.37513265013694763,-0.039827942848205566,0.3726199269294739
-0.37470191717147827,-0.04858553037047386,0.371866911649704
-0.36308977007865906,-0.04228500649333,0.355848491191864
-0.364835649728775,-0.03299562633037567,0.35640043020248413
-0.35109153389930725,-0.04581707343459129,0.3363758325576782
-0.36332041025161743,-0.052300021052360535,0.35381048917770386
-0.36596810817718506,-0.061686065047979355,0.3496670126914978
-0.35303372144699097,-0.056404851377010345,0.3318779468536377
-0.3878442645072937,-0.0774882435798645,0.35465794801712036
-0.39366966485977173,-0.07684624940156937,0.348834365606308
-0.38440629839897156,-0.07202253490686417,0.33120059967041016
-0.37711143493652344,-0.07301842421293259,0.337058961391449
-0.3876858353614807,-0.05422034487128258,0.30584776401519775
-0.3816226124763489,-0.06254130601882935,0.30728575587272644
-0.39085057377815247,-0.06700126826763153,0.32678988575935364
-0.39656126499176025,-0.05870918929576874,0.324751615524292
-0.40578287839889526,-0.06317288428544998,0.3398735523223877
-0.4071360230445862,-0.05315479263663292,0.3419891595840454
-0.3993171453475952,-0.04911121726036072,0.3260582685470581
-0.36300331354141235,0.005109621211886406,0.2937326431274414
-0.36997002363204956,-0.0014411131851375103,0.3129987418651581
-0.36059287190437317,-0.002919224090874195,0.31887340545654297
-0.3546048104763031,-0.02504540979862213,0.33997970819473267
-0.3447609841823578,-0.01676732301712036,0.323099821805954
-0.35159194469451904,-0.008432638831436634,0.3223613500595093
-0.36002808809280396,-0.01631297543644905,0.3399873375892639
-0.32846710085868835,-0.04470684379339218,0.29785239696502686
-0.3392155170440674,-0.03904446214437485,0.31918802857398987
-0.34080442786216736,-0.05075433850288391,0.3143967390060425
-0.35193657875061035,-0.03494434803724289,0.3384917080402374
-0.3410094380378723,-0.027080455794930458,0.3217434883117676
-0.3583696782588959,-0.06436485052108765,0.32528334856033325
-0.3707292079925537,-0.06880003213882446,0.343532919883728
-0.38947832584381104,-0.02164573036134243,0.31821608543395996
-0.3917379379272461,-0.03301145136356354,0.3118778467178345
-0.3983553647994995,-0.03815853223204613,0.3313777446746826
-0.39614835381507874,-0.026608377695083618,0.33733826875686646
-0.3461509048938751,-0.05932241305708885,0.3074578642845154
-0.38508176803588867,-0.027284305542707443,0.2912171483039856
-0.383139967918396,-0.01631121337413788,0.2976233959197998
-0.3916856348514557,-0.04410213977098465,0.30718326568603516
-0.3835255205631256,-0.03889450430870056,0.28700023889541626
-0.4037013649940491,-0.030938567593693733,0.3529272973537445
-0.3989422023296356,-0.02143111452460289,0.3604404628276825
-0.3782745897769928,-0.006418882869184017,0.30542880296707153
-0.36539989709854126,-0.06877152621746063,0.3175980746746063
-0.37385863065719604,-0.06789068877696991,0.3113076686859131
-0.3629807233810425,-0.06328840553760529,0.2922918200492859
-0.3539624512195587,-0.06414742022752762,0.2993391156196594
-0.3689415752887726,-0.04500601440668106,0.26579299569129944
-0.3713839650154114,-0.05795932933688164,0.2876948118209839
-0.3785029351711273,-0.04974747449159622,0.2858387529850006
-0.39959731698036194,-0.07152915000915527,0.3434285521507263
-0.37486618757247925,-0.033625528216362,0.26674818992614746
-0.45972368121147156,-0.049174681305885315,0.40992167592048645
-0.44937649369239807,-0.051009126007556915,0.4123791456222534
-0.45373353362083435,-0.04345608502626419,0.4198310971260071
-0.46384483575820923,-0.041830264031887054,0.41651806235313416
-0.4298831820487976,-0.041407182812690735,0.4268679618835449
-0.420819491147995,-0.0319925993680954,0.42452484369277954
-0.4316053092479706,-0.024675175547599792,0.43030092120170593
-0.43854084610939026,-0.03299693763256073,0.43192723393440247
-0.4673042893409729,-0.03407639265060425,0.41997262835502625
-0.45767295360565186,-0.03590165078639984,0.42370933294296265
-0.46726858615875244,-0.027421824634075165,0.41900351643562317
-0.4787539541721344,-0.02394353598356247,0.4155440330505371
-0.4766302704811096,-0.03093043714761734,0.4181993007659912
-0.48766228556632996,-0.022729018703103065,0.41586601734161377
-0.4772220849990845,-0.020735308527946472,0.4044427275657654
-0.48981577157974243,-0.022279037162661552,0.40761762857437134
-0.4780031144618988,-0.0374109223484993,0.38318976759910583
-0.4763825237751007,-0.04759166017174721,0.37750518321990967
-0.48992401361465454,-0.0482245497405529,0.3850916922092438
-0.4904932975769043,-0.03845491260290146,0.3926593065261841
-0.4819217920303345,-0.06895256042480469,0.37610068917274475
-0.4867650270462036,-0.058585915714502335,0.3815438747406006
-0.47342321276664734,-0.05670072138309479,0.3734576106071472
-0.4689616560935974,-0.06593502312898636,0.3702132999897003
-0.4544989764690399,-0.060251280665397644,0.399474561214447
-0.4433481693267822,-0.06265839189291,0.39946243166923523
-0.44552651047706604,-0.057453714311122894,0.4040122628211975
-0.4561532139778137,-0.05537176877260208,0.4030364453792572
-0.4646105468273163,-0.018819116055965424,0.42084577679634094
-0.4639616012573242,-0.018544666469097137,0.4104989171028137
-0.46878692507743835,-0.02164021134376526,0.414082795381546
-0.46555930376052856,-0.02204889804124832,0.42315539717674255
-0.41655704379081726,-0.07948438823223114,0.39499497413635254
-0.4048578441143036,-0.07703652232885361,0.3896922469139099
-0.403858482837677,-0.06839663535356522,0.393289715051651
-0.4148740768432617,-0.07203049212694168,0.39725711941719055
-0.4048604965209961,-0.04448980093002319,0.4103235602378845
-0.4001498520374298,-0.0496608167886734,0.40154168009757996
-0.39601925015449524,-0.03531097620725632,0.39620858430862427
-0.40294477343559265,-0.03104957938194275,0.40305086970329285
-0.4115973711013794,-0.03870768845081329,0.4179709255695343
-0.41044071316719055,-0.026881761848926544,0.4096919894218445
-0.4202849268913269,-0.02227044105529785,0.41659316420555115
-0.431154727935791,-0.016913510859012604,0.4238782227039337
-0.40640944242477417,-0.08542442321777344,0.38315752148628235
-0.41460373997688293,-0.08935456722974777,0.38599762320518494
-0.5045299530029297,-0.042476750910282135,0.4561811089515686
-0.5033794045448303,-0.04814988374710083,0.4556528627872467
-0.5022246241569519,-0.045059263706207275,0.4502737522125244
-0.5028961896896362,-0.03933754563331604,0.4510601758956909
-0.42140498757362366,-0.08720798045396805,0.36614468693733215
-0.4261927902698517,-0.07974830269813538,0.3610558807849884
-0.41902270913124084,-0.07999017834663391,0.3613693118095398
-0.41434770822525024,-0.08595147728919983,0.36738336086273193
-0.4308883845806122,-0.08905453979969025,0.36555343866348267
-0.43568354845046997,-0.0795322060585022,0.36135807633399963
-0.5162255167961121,-0.03980586677789688,0.4530499577522278
-0.5118414759635925,-0.037553802132606506,0.45492446422576904
-0.5105082988739014,-0.03494337946176529,0.4492141604423523
-0.515067994594574,-0.037397779524326324,0.4466918110847473
-0.4731423556804657,-0.03927847743034363,0.41603145003318787
-0.4693278968334198,-0.04675433784723282,0.4101046025753021
-0.48877638578414917,-0.039387669414281845,0.4209664762020111
-0.4797646701335907,-0.044829241931438446,0.41394752264022827
-0.4818037450313568,-0.03603515774011612,0.4191283583641052
-0.48900771141052246,-0.032640207558870316,0.42199981212615967
-0.47383931279182434,-0.06213489919900894,0.40206313133239746
-0.4638470411300659,-0.06263888627290726,0.39874017238616943
-0.4675409197807312,-0.05556152015924454,0.40265437960624695
-0.4773779809474945,-0.05545127019286156,0.4069295823574066
-0.46084386110305786,-0.07569614797830582,0.39600101113319397
-0.4703918695449829,-0.07543978095054626,0.39806318283081055
-0.46875497698783875,-0.08247999846935272,0.3971068859100342
-0.46049416065216064,-0.0819653794169426,0.3955254852771759
-0.48591017723083496,-0.07048046588897705,0.4086343050003052
-0.4924386143684387,-0.07140044867992401,0.41228073835372925
-0.4912199378013611,-0.07657583057880402,0.40977954864501953
-0.4848170876502991,-0.07592655718326569,0.40612685680389404
-0.41323477029800415,-0.07892659306526184,0.3592488169670105
-0.40797802805900574,-0.08388327062129974,0.3654388189315796
-0.47090011835098267,-0.08747482299804688,0.3709033727645874
-0.46394655108451843,-0.09521926939487457,0.37347641587257385
-0.472275048494339,-0.09890194982290268,0.37779200077056885
-0.479131817817688,-0.09107044339179993,0.3761458396911621
-0.4303407371044159,-0.06994704902172089,0.3594578504562378
-0.4231163263320923,-0.07003340870141983,0.3584609925746918
-0.5189604759216309,-0.04498550295829773,0.45105090737342834
-0.5175692439079285,-0.04259514808654785,0.4447864890098572
-0.42569562792778015,-0.0186360701918602,0.40587490797042847
-0.4358920454978943,-0.013491205871105194,0.41477611660957336
-0.41627469658851624,-0.022992722690105438,0.398742139339447
-0.4086431562900543,-0.025706611573696136,0.3935699760913849
-0.4011593163013458,-0.026503078639507294,0.38893598318099976
-0.4837902784347534,-0.04872575402259827,0.41432103514671326
-0.46420085430145264,-0.05279689282178879,0.4044533669948578
-0.4528108537197113,-0.06469162553548813,0.39765313267707825
-0.45015278458595276,-0.09377947449684143,0.39138877391815186
-0.442220538854599,-0.09435625374317169,0.38947632908821106
-0.44433045387268066,-0.0861576497554779,0.3952893614768982
-0.4515710175037384,-0.08723869919776917,0.3947789669036865
-0.4593816101551056,-0.09918472170829773,0.3806508183479309
-0.45855364203453064,-0.09782083332538605,0.3876979947090149
-0.46564310789108276,-0.09927932173013687,0.3898460865020752
-0.46703511476516724,-0.10156174749135971,0.38378214836120605
-0.4626079201698303,-0.01453825831413269,0.4200561046600342
-0.4568031132221222,-0.015622228384017944,0.41002026200294495
-0.4174191951751709,-0.09089163690805435,0.37535417079925537
-0.41005611419677734,-0.08807995915412903,0.3749053478240967
-0.40344101190567017,-0.08439497649669647,0.3723743259906769
-0.4285474419593811,-0.06839105486869812,0.39894014596939087
-0.41391751170158386,-0.06699511408805847,0.3991449475288391
-0.41384580731391907,-0.06170596927404404,0.40373650193214417
-0.42967936396598816,-0.06420920044183731,0.40161389112472534
-0.4364404082298279,-0.052834562957286835,0.4169536530971527
-0.42135119438171387,-0.04974900931119919,0.4194165766239166
-0.44247016310691833,-0.0448843315243721,0.4245765805244446
-0.40216559171676636,-0.06069834902882576,0.3965599536895752
-0.39573943614959717,-0.06492696702480316,0.38785862922668457
-0.39393889904022217,-0.056429311633110046,0.3913114368915558
-0.3974672555923462,-0.0743287205696106,0.3838367760181427
-0.39993011951446533,-0.0813497006893158,0.3788258731365204
-0.3871760368347168,-0.061891671270132065,0.38097864389419556
-0.38529205322265625,-0.05304908752441406,0.38359153270721436
-0.38961857557296753,-0.07099157571792603,0.37682050466537476
-0.39281225204467773,-0.0778188407421112,0.3718473017215729
-0.4123028516769409,-0.06652479618787766,0.3491570055484772
-0.4064943194389343,-0.07561258226633072,0.3534681499004364
-0.41719281673431396,-0.06917372345924377,0.3554614186286926
-0.3878467082977295,-0.033804651349782944,0.3864554762840271
-0.3929184675216675,-0.046316880732774734,0.39413028955459595
-0.384934663772583,-0.04433223605155945,0.3857212960720062
-0.3931941092014313,-0.025514286011457443,0.3828805685043335
-0.44541627168655396,-0.02718813717365265,0.43498390913009644
-0.4519263803958893,-0.02318582683801651,0.4383726716041565
-0.4578840732574463,-0.02641340345144272,0.4349208176136017
-0.4528645873069763,-0.030276723206043243,0.4313275218009949
-0.49521756172180176,-0.023414358496665955,0.41787081956863403
-0.49144628643989563,-0.026144057512283325,0.42172229290008545
-0.48477187752723694,-0.027909070253372192,0.4194195866584778
-0.42634186148643494,-0.08412595093250275,0.395395427942276
-0.4242680072784424,-0.0925278440117836,0.3872264325618744
-0.4895034432411194,-0.04459870606660843,0.4202706813812256
-0.5129654407501221,-0.0343874990940094,0.43940600752830505
-0.5082988739013672,-0.03189004212617874,0.4423902630805969
-0.5034732222557068,-0.02754703164100647,0.4312661290168762
-0.5081387162208557,-0.03020547330379486,0.4287867546081543
-0.4947492182254791,-0.04813539609313011,0.42407089471817017
-0.49245911836624146,-0.04327905923128128,0.42528265714645386
-0.49482646584510803,-0.044854357838630676,0.4327072501182556
-0.49859774112701416,-0.04898817092180252,0.4310644268989563
-0.4874613881111145,-0.08267097175121307,0.40663599967956543
-0.4825969934463501,-0.08258213102817535,0.40388602018356323
-0.49925798177719116,-0.043244682252407074,0.40576255321502686
-0.5000844597816467,-0.03125377744436264,0.4068804383277893
-0.49087539315223694,-0.027515793219208717,0.3974235951900482
-0.47185635566711426,-0.0690176784992218,0.399546355009079
-0.47976553440093994,-0.06964989006519318,0.4039355516433716
-0.47849172353744507,-0.07563863694667816,0.4020340144634247
-0.4854894280433655,-0.05114321410655975,0.4153623580932617
-0.48906466364860535,-0.04932195320725441,0.41947829723358154
-0.4880351126194,-0.054988548159599304,0.41564175486564636
-0.4832576811313629,-0.055796585977077484,0.4112270474433899
-0.4530045986175537,-0.09258635342121124,0.3693031966686249
-0.44777771830558777,-0.09825614839792252,0.37890926003456116
-0.5076311826705933,-0.03866809606552124,0.4558810591697693
-0.5061240792274475,-0.03565302491188049,0.45070719718933105
-0.4009615182876587,-0.08031917363405228,0.3599177896976471
-0.39640480279922485,-0.08095557242631912,0.36643463373184204
-0.4618755877017975,-0.0689016804099083,0.3969210982322693
-0.47812527418136597,-0.027177833020687103,0.3910578489303589
-0.4512580633163452,-0.06987818330526352,0.3967418968677521
-0.4915632903575897,-0.08308504521846771,0.39102333784103394
-0.4866199791431427,-0.0894121378660202,0.39453402161598206
-0.49135664105415344,-0.08849088102579117,0.3990662395954132
-0.49650105834007263,-0.08522021770477295,0.3961716592311859
-0.504429280757904,-0.05174329876899719,0.44049763679504395
-0.5006869435310364,-0.04770788550376892,0.442554771900177
-0.5036557912826538,-0.05070924758911133,0.4489365220069885
-0.5076581835746765,-0.054245948791503906,0.44682466983795166
-0.49202632904052734,-0.037716060876846313,0.42553168535232544
-0.49328017234802246,-0.03136418014764786,0.4255486726760864
-0.4959622621536255,-0.03276378661394119,0.43327605724334717
-0.4943946897983551,-0.03907770290970802,0.4333232343196869
-0.49578285217285156,-0.026709917932748795,0.42507126927375793
-0.49905750155448914,-0.028581105172634125,0.43281155824661255
-0.5103262662887573,-0.05227451026439667,0.4381026029586792
-0.5146158337593079,-0.047272250056266785,0.4367660880088806
-0.5098547339439392,-0.043819405138492584,0.42535829544067383
-0.5047946572303772,-0.048952244222164154,0.4286388158798218
-0.45543381571769714,-0.06343043595552444,0.36524608731269836
-0.4514733552932739,-0.07216507941484451,0.3636302947998047
-0.4645034372806549,-0.07526660710573196,0.36756816506385803
-0.47669684886932373,-0.07888062298297882,0.372898668050766
-0.4848974943161011,-0.08291853964328766,0.3832031488418579
-0.49157631397247314,-0.07218272238969803,0.38512206077575684
-0.4595697820186615,-0.08343008160591125,0.36669546365737915
-0.5007414221763611,-0.05022319033741951,0.4165530800819397
-0.5043087005615234,-0.042874641716480255,0.4157611131668091
-0.5046979784965515,-0.049376532435417175,0.4112364947795868
-0.4498588740825653,-0.07764988392591476,0.3959450423717499
-0.5040690898895264,-0.03251573443412781,0.4438932538032532
-0.4222666919231415,-0.028862595558166504,0.3762698471546173
-0.42595958709716797,-0.03742293268442154,0.36811330914497375
-0.43689706921577454,-0.03889232128858566,0.3698141276836395
-0.4315841495990753,-0.02864556759595871,0.37901514768600464
-0.5000075101852417,-0.04205141216516495,0.4434497356414795
-0.5006171464920044,-0.036425404250621796,0.4445059299468994
-0.4813726842403412,-0.08870925009250641,0.40192875266075134
-0.4864408075809479,-0.0875243991613388,0.40424713492393494
-0.48724794387817383,-0.09079461544752121,0.4025903344154358
-0.4825482666492462,-0.09283846616744995,0.4003617763519287
-0.44738465547561646,-0.08044964075088501,0.363097220659256
-0.47670239210128784,-0.10187461227178574,0.3820468783378601
-0.48417967557907104,-0.09533344954252243,0.3805828094482422
-0.43965068459510803,-0.07042095810174942,0.3609914481639862
-0.4430084824562073,-0.061246953904628754,0.36255860328674316
-0.4334051311016083,-0.05942188948392868,0.3609248697757721
-0.4969785809516907,-0.06277603656053543,0.395138680934906
-0.4591921865940094,-0.055220551788806915,0.3681783676147461
-0.4461000859737396,-0.053196653723716736,0.36500775814056396
-0.4352402687072754,-0.050030700862407684,0.3633883595466614
-0.42659252882003784,-0.04799506813287735,0.36252647638320923
-0.4256443381309509,-0.05819292366504669,0.35969120264053345
-0.5157149434089661,-0.04009830206632614,0.43729257583618164
-0.5169671773910522,-0.049531951546669006,0.4441348910331726
-0.4188382923603058,-0.05681903660297394,0.35732632875442505
-0.41355985403060913,-0.0550469309091568,0.3517676293849945
-0.41223740577697754,-0.04455351084470749,0.35652291774749756
-0.4186750650405884,-0.0465426929295063,0.3607577681541443
-0.44819122552871704,-0.04493331164121628,0.36895161867141724
-0.4492315948009491,-0.03663018345832825,0.3735828399658203
-0.46186885237693787,-0.046953193843364716,0.3721054494380951
-0.4638974368572235,-0.037454016506671906,0.3774850070476532
-0.500062108039856,-0.051069021224975586,0.39571279287338257
-0.518107533454895,-0.05904170870780945,0.4585796296596527
-0.5150324106216431,-0.05621553957462311,0.450980544090271
-0.5100933909416199,-0.05715321749448776,0.45240190625190735
-0.5138568878173828,-0.06054435670375824,0.4597209095954895
-0.5128637552261353,-0.054156504571437836,0.4449625313282013
-0.5188426375389099,-0.05166907608509064,0.45020389556884766
-0.4634994864463806,-0.027478843927383423,0.38588303327560425
-0.4936845600605011,-0.0540560819208622,0.41904881596565247
-0.44548481702804565,-0.02552606165409088,0.3843236267566681
-0.4648953378200531,-0.01948239654302597,0.397648423910141
-0.4523136019706726,-0.017194822430610657,0.39722004532814026
-0.4237869381904602,-0.022479847073554993,0.3885102868080139
-0.43309658765792847,-0.01901809126138687,0.3950338661670685
-0.4080233871936798,-0.02450162172317505,0.38123786449432373
-0.41555240750312805,-0.024461157619953156,0.3846067190170288
-0.4001109004020691,-0.02288956567645073,0.3762001395225525
-0.44255951046943665,-0.014028012752532959,0.40484267473220825
-0.5067441463470459,-0.04668581485748291,0.46300819516181946
-0.5059281587600708,-0.05250222235918045,0.462272047996521
-0.4141187071800232,-0.02794615924358368,0.3738447427749634
-0.4065670669078827,-0.025884896516799927,0.3698456287384033
-0.4485231935977936,-0.03656353801488876,0.4288104474544525
-0.4391171932220459,-0.07703404873609543,0.39678409695625305
-0.4404487609863281,-0.07102653384208679,0.39702069759368896
-0.4340279698371887,-0.09421932697296143,0.38819023966789246
-0.4363968074321747,-0.08535957336425781,0.39551281929016113
-0.41069501638412476,-0.03411160036921501,0.36250796914100647
-0.3757452368736267,-0.05800098925828934,0.36982762813568115
-0.3785078525543213,-0.06680730730295181,0.36554890871047974
-0.4056452512741089,-0.04243428632616997,0.347369909286499
-0.5097832679748535,-0.04279596358537674,0.4632524251937866
-0.4981234669685364,-0.07247139513492584,0.4110710024833679
-0.4976292550563812,-0.07442493736743927,0.40972283482551575
-0.4399324357509613,-0.020168595016002655,0.43449831008911133
-0.44851773977279663,-0.017404794692993164,0.4378577172756195
-0.4531165361404419,-0.009863801300525665,0.42859506607055664
-0.4495455324649811,-0.012562908232212067,0.4342997372150421
-0.44024965167045593,-0.013792894780635834,0.42962685227394104
-0.44438743591308594,-0.010889433324337006,0.42222481966018677
-0.4283013641834259,-0.07221636921167374,0.3979323208332062
-0.4282700717449188,-0.07727327942848206,0.397121787071228
-0.44167494773864746,-0.09059833735227585,0.36644071340560913
-0.43679359555244446,-0.09662513434886932,0.3757307827472687
-0.5003024339675903,-0.024665942415595055,0.4228679835796356
-0.49845266342163086,-0.025390582159161568,0.4129721522331238
-0.5037010312080383,-0.027974773198366165,0.4197324216365814
-0.5106474161148071,-0.03614286333322525,0.4256458580493927
-0.4983064830303192,-0.05149463564157486,0.4197235107421875
-0.5005024075508118,-0.047784473747015,0.4220712184906006
-0.41635000705718994,-0.05626086890697479,0.4108947515487671
-0.432218462228775,-0.05920930206775665,0.40796270966529846
-0.45954516530036926,-0.030047006905078888,0.4255467653274536
-0.4629897475242615,-0.025901339948177338,0.42764243483543396
-0.4810641407966614,-0.06258253753185272,0.4069340229034424
-0.5059832334518433,-0.06333711743354797,0.4040214419364929
-0.5077160596847534,-0.054268598556518555,0.40428054332733154
-0.4869549870491028,-0.06267452239990234,0.41115954518318176
-0.5183762907981873,-0.043637894093990326,0.46109503507614136
-0.513920783996582,-0.04154697060585022,0.4628136157989502
-0.50607830286026,-0.033969298005104065,0.41585126519203186
-0.4762893319129944,-0.08281449228525162,0.40054312348365784
-0.500468373298645,-0.0704386755824089,0.4012773036956787
-0.5028489828109741,-0.06939439475536346,0.40765824913978577
-0.47058185935020447,-0.10300744324922562,0.3863263726234436
-0.417832612991333,-0.036168087273836136,0.3668072819709778
-0.5053293108940125,-0.05411714315414429,0.45419323444366455
-0.5083850026130676,-0.05836208909749985,0.46089765429496765
-0.5207890272140503,-0.05485007166862488,0.4580199122428894
-0.520957887172699,-0.048629991710186005,0.45884183049201965
-0.42655786871910095,-0.09417551010847092,0.3750435709953308
-0.4417576193809509,-0.06659523397684097,0.3977404832839966
-0.38293763995170593,-0.07381846010684967,0.36028656363487244
-0.45008599758148193,-0.011736512184143066,0.41448187828063965
-0.45826441049575806,-0.01055964082479477,0.4227573573589325
-0.49187660217285156,-0.06274263560771942,0.41474011540412903
-0.486408531665802,-0.09067440032958984,0.38731178641319275
-0.49774715304374695,-0.07565435767173767,0.3918841779232025
-0.5020777583122253,-0.07902765274047852,0.397269070148468
-0.5037316083908081,-0.07424752414226532,0.40335148572921753
-0.5017411708831787,-0.07447726279497147,0.40851619839668274
-0.5228337049484253,-0.05766977369785309,0.463867723941803
-0.5229758024215698,-0.05166022479534149,0.4650360345840454
-0.5206307768821716,-0.04682120680809021,0.4674552083015442
-0.5159732699394226,-0.0448872447013855,0.4687054753303528
-0.5117390751838684,-0.045912399888038635,0.46840226650238037
-0.5203633308410645,-0.061525002121925354,0.46421903371810913
-0.5160612463951111,-0.06284224987030029,0.46496647596359253
-0.5107875466346741,-0.06071236729621887,0.46580934524536133
-0.5218208432197571,-0.0639236718416214,0.4691143035888672
-0.524735152721405,-0.06043842434883118,0.4698368310928345
-0.5228818655014038,-0.05204419046640396,0.479303777217865
-0.5227981805801392,-0.05025826394557953,0.4736826717853546
-0.524594783782959,-0.05354747921228409,0.47543013095855713
-0.5252124071121216,-0.05465798079967499,0.4787786304950714
-0.5265296101570129,-0.05670277774333954,0.4823119044303894
-0.5238131284713745,-0.05485272407531738,0.48326435685157776
-0.5254769325256348,-0.056068673729896545,0.47340214252471924
-0.5269567370414734,-0.058137692511081696,0.4768342077732086
-0.5263242721557617,-0.06195051968097687,0.47577154636383057
-0.5281756520271301,-0.06385396420955658,0.4790598750114441
-0.5286369323730469,-0.060230009257793427,0.48033636808395386
-0.5255056023597717,-0.05958278477191925,0.4729246497154236
-0.5247896313667297,-0.05417148768901825,0.4700113534927368
-0.5253511071205139,-0.05837349593639374,0.48578718304634094
-0.5272651314735413,-0.05857054889202118,0.4846414625644684
-0.5289360284805298,-0.061789579689502716,0.4841115474700928
-0.5269435048103333,-0.06295909732580185,0.4861181378364563
-0.5181294679641724,-0.04782915115356445,0.47343480587005615
-0.5194944143295288,-0.051516711711883545,0.4791109263896942
-0.5207329988479614,-0.055177174508571625,0.48364344239234924
-0.5223070383071899,-0.05914635956287384,0.48648232221603394
-0.5162857174873352,-0.05310638248920441,0.47919684648513794
-0.5183234810829163,-0.057088494300842285,0.4834668040275574
-0.5199122428894043,-0.060588106513023376,0.48573800921440125
-0.5140523314476013,-0.056630805134773254,0.47919660806655884
-0.516985297203064,-0.05989983677864075,0.4830949604511261
-0.5108408331871033,-0.052367933094501495,0.4726031422615051
-0.5139158368110657,-0.048819415271282196,0.47304272651672363
-0.5187392234802246,-0.06171400845050812,0.4847637712955475
-0.5242629647254944,-0.06386540830135345,0.4862616956233978
-0.5251591801643372,-0.06440582871437073,0.47453680634498596
-0.5262806415557861,-0.06633655726909637,0.4790674149990082
-0.5229775905609131,-0.06636674702167511,0.4744611978530884
-0.5240441560745239,-0.06803900003433228,0.4793705940246582
-0.5272113680839539,-0.06651833653450012,0.4832887053489685
-0.5286930203437805,-0.06470631808042526,0.4824483394622803
-0.508781909942627,-0.04966607689857483,0.4676922857761383
-0.5084825158119202,-0.055505551397800446,0.4667932987213135
-0.5105692148208618,-0.05809600651264191,0.47165510058403015
-0.5136435031890869,-0.0618106871843338,0.47809210419654846
-0.5128910541534424,-0.06285306066274643,0.470274955034256
-0.5176964998245239,-0.06502428650856018,0.4696722626686096
-0.5197367668151855,-0.06707452237606049,0.4749525785446167
-0.5159122943878174,-0.0658382922410965,0.476140558719635
-0.521135151386261,-0.06815989315509796,0.47990477085113525
-0.5184562802314758,-0.06684483587741852,0.48094189167022705
-0.5168414115905762,-0.06361262500286102,0.4825037717819214
-0.5218145847320557,-0.0674419179558754,0.4836866855621338
-0.5246379375457764,-0.06750694662332535,0.4838366210460663
-0.5212429761886597,-0.06428414583206177,0.4857972264289856
-0.5198572874069214,-0.06651969254016876,0.4833551049232483
-0.5191581845283508,-0.0641498863697052,0.4844813346862793
-0.5111130475997925,-0.07347968220710754,0.4480263590812683
-0.5099644064903259,-0.07902906835079193,0.4464573860168457
-0.5083234310150146,-0.07488326728343964,0.43975454568862915
-0.5090144872665405,-0.06961791217327118,0.44162920117378235
-0.522471010684967,-0.06706852465867996,0.4442296326160431
-0.5175414085388184,-0.06650000810623169,0.44746190309524536
-0.5160952210426331,-0.06253856420516968,0.44109678268432617
-0.5210562348365784,-0.06356233358383179,0.4373931884765625
-0.524537980556488,-0.07249660044908524,0.44019579887390137
-0.5231528878211975,-0.06935309618711472,0.4331497550010681
-0.5186892151832581,-0.059123195707798004,0.42961740493774414
-0.5134590268135071,-0.058343105018138885,0.4336751103401184
-0.5063351392745972,-0.05388679355382919,0.4225006103515625
-0.511534571647644,-0.05329051986336708,0.4184166491031647
-0.4980236887931824,-0.0716356486082077,0.41928014159202576
-0.5018253326416016,-0.07430040836334229,0.41736704111099243
-0.5135445594787598,-0.06923918426036835,0.4487319588661194
-0.511699914932251,-0.06546374410390854,0.44226282835006714
-0.5083461403846741,-0.07882404327392578,0.42840149998664856
-0.5054664015769958,-0.07602100819349289,0.43071138858795166
-0.5089036822319031,-0.07970057427883148,0.43796804547309875
-0.5118608474731445,-0.08241415023803711,0.4355953633785248
-0.49823522567749023,-0.05921809747815132,0.42406630516052246
-0.4972091615200043,-0.0654178261756897,0.421506404876709
-0.501863420009613,-0.05612083896994591,0.42430222034454346
-0.5134674310684204,-0.07852159440517426,0.42566490173339844
-0.5184783935546875,-0.07395931333303452,0.4242406487464905
-0.51258385181427,-0.06742891669273376,0.4125184416770935
-0.5076665878295898,-0.07307302951812744,0.41465121507644653
-0.5086733102798462,-0.06133882701396942,0.435116171836853
-0.5049325823783875,-0.07065782696008682,0.4323829412460327
-0.505533754825592,-0.06549215316772461,0.4346991181373596
-0.5207361578941345,-0.06543208658695221,0.4252258539199829
-0.520860493183136,-0.07769408822059631,0.43196535110473633
-0.5218566656112671,-0.08804857730865479,0.44818219542503357
-0.5187485814094543,-0.08475400507450104,0.4397323727607727
-0.5143224000930786,-0.08608739078044891,0.44175082445144653
-0.517779529094696,-0.09007510542869568,0.45011377334594727
-0.5163333415985107,-0.08194869756698608,0.43341362476348877
-0.5226783156394958,-0.08020634949207306,0.4387749135494232
-0.5139967799186707,-0.07856173068284988,0.45701903104782104
-0.5129678249359131,-0.08419984579086304,0.45522165298461914
-0.5164486765861511,-0.07426241040229797,0.457478404045105
-0.5148460865020752,-0.0589054711163044,0.4133876860141754
-0.5247572064399719,-0.07183144986629486,0.4531018137931824
-0.520071268081665,-0.07176181674003601,0.45619985461235046
-0.510699987411499,-0.08381745219230652,0.44444164633750916
-0.5137940645217896,-0.08873344957828522,0.4526675343513489
-0.5252821445465088,-0.08356879651546478,0.4475081264972687
-0.5265771150588989,-0.0765683501958847,0.449054479598999
-0.5271422863006592,-0.08683072775602341,0.45463401079177856
-0.5283846259117126,-0.08054785430431366,0.4563596844673157
-0.5270906090736389,-0.07599756866693497,0.45987147092819214
-0.5223473310470581,-0.07567588984966278,0.4621344804763794
-0.5187225937843323,-0.07784345746040344,0.4626510739326477
-0.523972749710083,-0.09085682034492493,0.4547678232192993
-0.5201719999313354,-0.09249566495418549,0.4558406472206116
-0.5161912441253662,-0.09128391742706299,0.45771005749702454
-0.5259758234024048,-0.09411509335041046,0.460862934589386
-0.5293251872062683,-0.09067437797784805,0.46151942014694214
-0.5303449034690857,-0.08611337840557098,0.477234810590744
-0.5294448733329773,-0.08267822861671448,0.4725032448768616
-0.5317894816398621,-0.08529224991798401,0.4712437689304352
-0.5333269238471985,-0.08738766610622406,0.47559434175491333
-0.5295326113700867,-0.0802980363368988,0.46637052297592163
-0.5311888456344604,-0.08402323722839355,0.46773791313171387
-0.5313411951065063,-0.08672253042459488,0.4659509062767029
-0.5331344604492188,-0.08883512020111084,0.46927958726882935
-0.5317887663841248,-0.09284677356481552,0.4679774045944214
-0.5335409045219421,-0.09502129256725311,0.4718326926231384
-0.5351800918579102,-0.09106320887804031,0.47349512577056885
-0.5307679772377014,-0.09027303755283356,0.464971661567688
-0.5343376994132996,-0.08974841237068176,0.4784374237060547
-0.532085120677948,-0.09035804867744446,0.47976478934288025
-0.5302981734275818,-0.08425331115722656,0.46222496032714844
-0.5244664549827576,-0.07896694540977478,0.467315673828125
-0.5259225964546204,-0.0825873464345932,0.4730170667171478
-0.5272991061210632,-0.0870547890663147,0.47768640518188477
-0.5288995504379272,-0.0918358713388443,0.4802299737930298
-0.5224637389183044,-0.08503343909978867,0.4733615517616272
-0.524533212184906,-0.08937129378318787,0.47778528928756714
-0.5264715552330017,-0.09324301034212112,0.4797190725803375
-0.5198585987091064,-0.08900748193264008,0.4728730320930481
-0.5225937962532043,-0.09244939684867859,0.477416068315506
-0.5176634788513184,-0.08468069136142731,0.4662016034126282
-0.5203695893287659,-0.0807817354798317,0.46719035506248474
-0.524694561958313,-0.09428584575653076,0.478891521692276
-0.5340229272842407,-0.09483280777931213,0.47948557138442993
-0.530587911605835,-0.0960763618350029,0.47999221086502075
-0.5365210771560669,-0.09301874041557312,0.4777316749095917
-0.5300073623657227,-0.09492632746696472,0.467079758644104
-0.5315779447555542,-0.09731364250183105,0.4714861810207367
-0.5279768109321594,-0.09718656539916992,0.4664967656135559
-0.5297982692718506,-0.09946447610855103,0.471576064825058
-0.5334889888763428,-0.09796832501888275,0.4759291708469391
-0.5350635647773743,-0.09614259004592896,0.47523123025894165
-0.516150176525116,-0.08178175985813141,0.4618985652923584
-0.5149843692779541,-0.08696509897708893,0.46004819869995117
-0.5165562033653259,-0.08990609645843506,0.4643828272819519
-0.5187839269638062,-0.09408518671989441,0.4712684154510498
-0.5177794098854065,-0.09370988607406616,0.4620681405067444
-0.5221502780914307,-0.09515281766653061,0.46111199259757996
-0.5245893001556396,-0.09819300472736359,0.4670538008213043
-0.5207467079162598,-0.09743465483188629,0.46875250339508057
-0.5267724990844727,-0.10003327578306198,0.4722442030906677
-0.5235320925712585,-0.09928179532289505,0.47361642122268677
-0.5221388339996338,-0.09640955924987793,0.47572875022888184
-0.5278896689414978,-0.0997684895992279,0.4766155481338501
-0.5309954285621643,-0.0995008796453476,0.4765018820762634
-0.5276053547859192,-0.09676829725503922,0.47923293709754944
-0.5253614783287048,-0.09922530502080917,0.4765497148036957
-0.5250775814056396,-0.09699039161205292,0.4780203700065613
-0.5049018263816833,-0.09372127801179886,0.434709370136261
-0.5017784237861633,-0.09805856645107269,0.43302419781684875
-0.5005351305007935,-0.09486338496208191,0.4271372854709625
-0.5034216046333313,-0.09064221382141113,0.42923325300216675
-0.5157179236412048,-0.09108619391918182,0.43024346232414246
-0.5132966041564941,-0.09012964367866516,0.4328496754169464
-0.5114198327064514,-0.08656564354896545,0.4275253415107727
-0.514236330986023,-0.08697449415922165,0.4239898920059204
-0.5160872340202332,-0.09525646269321442,0.4267978072166443
-0.5140569806098938,-0.09144476801156998,0.41986072063446045
-0.5120300650596619,-0.08315984904766083,0.41788995265960693
-0.5087429285049438,-0.08304733037948608,0.42222362756729126
-0.5036823153495789,-0.07838910818099976,0.41376253962516785
-0.5075161457061768,-0.07808464765548706,0.4092302620410919
-0.5092946290969849,-0.0913233533501625,0.4345521032810211
-0.5074452757835388,-0.08801409602165222,0.42928546667099
-0.4976360499858856,-0.09739790111780167,0.4170123338699341
-0.4967763423919678,-0.0951666384935379,0.41884684562683105
-0.4996821880340576,-0.09870954602956772,0.42487913370132446
-0.5008956789970398,-0.10066826641559601,0.4229286313056946
-0.4949749708175659,-0.08170680701732635,0.4138246774673462
-0.4918063282966614,-0.08577985316514969,0.4118500351905823
-0.499204158782959,-0.07964816689491272,0.41464507579803467
-0.501907229423523,-0.09753367304801941,0.4141659736633301
-0.507564902305603,-0.09432622045278549,0.411774218082428
-0.5016623139381409,-0.0892251506447792,0.40300485491752625
-0.4961206614971161,-0.09192147105932236,0.40530896186828613
-0.5046600103378296,-0.08470892906188965,0.42390406131744385
-0.49751055240631104,-0.091337651014328,0.4214147925376892
-0.5005350708961487,-0.08715780079364777,0.4235347807407379
-0.5115987062454224,-0.08794562518596649,0.4131200313568115
-0.5103427171707153,-0.09755095839500427,0.418270468711853
-0.5112358331680298,-0.10838524997234344,0.4348085820674896
-0.5072761178016663,-0.1040005087852478,0.4259340763092041
-0.5026819705963135,-0.10443297773599625,0.42839109897613525
-0.5068035125732422,-0.10925645381212234,0.43673163652420044
-0.5048561096191406,-0.10088428854942322,0.42017263174057007
-0.5126942992210388,-0.10080497711896896,0.4250440001487732
-0.5075626373291016,-0.09869328886270523,0.4427716135978699
-0.5045257806777954,-0.10302026569843292,0.4412413239479065
-0.5116642713546753,-0.09634731709957123,0.44264188408851624
-0.5067633390426636,-0.08307202905416489,0.40426307916641235
-0.4914120137691498,-0.09248936176300049,0.40815943479537964
-0.5180939435958862,-0.09616381675004959,0.4392629861831665
-0.5156294703483582,-0.09524615108966827,0.4414229989051819
-0.5006623268127441,-0.102327860891819,0.4306343197822571
-0.5038164258003235,-0.10730958729982376,0.43889451026916504
-0.5159645080566406,-0.10515351593494415,0.4342173635959625
-0.5189028978347778,-0.09984979778528214,0.43583062291145325
-0.5179735422134399,-0.10826072841882706,0.44048044085502625
-0.5206379294395447,-0.10313036292791367,0.4422905445098877
-0.5202078819274902,-0.09947165846824646,0.44571229815483093
-0.5171360373497009,-0.09873488545417786,0.44753336906433105
-0.5131418108940125,-0.09986671805381775,0.4480830430984497
-0.5135932564735413,-0.11131302267313004,0.4412187933921814
-0.5096886157989502,-0.11176104098558426,0.4425933361053467
-0.5062801837921143,-0.10980954766273499,0.44400227069854736
-0.5151475071907043,-0.1136852577328682,0.44585925340652466
-0.5194199681282043,-0.11094662547111511,0.44628840684890747
-0.5235390067100525,-0.10765068978071213,0.4619736075401306
-0.5223521590232849,-0.10491449385881424,0.45788484811782837
-0.5230915546417236,-0.10688655078411102,0.45664650201797485
-0.5248057246208191,-0.1089262068271637,0.46031928062438965
-0.521816611289978,-0.10272316634654999,0.45176538825035095
-0.5225419402122498,-0.10545215010643005,0.45316851139068604
-0.5224571228027344,-0.107700414955616,0.45068228244781494
-0.5238206386566162,-0.10972332954406738,0.45420944690704346
-0.5213539004325867,-0.11300936341285706,0.4521995782852173
-0.5229055881500244,-0.11508046090602875,0.4557620882987976
-0.5253046154975891,-0.11187001317739487,0.45795419812202454
-0.5212600827217102,-0.11070839315652847,0.44944697618484497
-0.5256935358047485,-0.11089827120304108,0.4624103903770447
-0.5245633721351624,-0.11088854819536209,0.46409910917282104
-0.5217969417572021,-0.10585423558950424,0.44740283489227295
-0.5183368921279907,-0.10129586607217789,0.45286762714385986
-0.5194676518440247,-0.10405652225017548,0.45855003595352173
-0.5207293629646301,-0.10755433887243271,0.4631264805793762
-0.5215389728546143,-0.11124862730503082,0.4649342894554138
-0.515646755695343,-0.10525869578123093,0.4585101008415222
-0.5171877145767212,-0.10860919207334518,0.46295806765556335
-0.5182442665100098,-0.11178410053253174,0.4646040201187134
-0.5122904181480408,-0.10756868124008179,0.457578182220459
-0.5144867300987244,-0.11054150760173798,0.4620547294616699
-0.5106440186500549,-0.10462356358766556,0.4518672227859497
-0.5142743587493896,-0.10229972749948502,0.45276573300361633
-0.5161723494529724,-0.11232957988977432,0.46352580189704895
-0.5246751308441162,-0.11470939218997955,0.4629274606704712
-0.5214060544967651,-0.11564363539218903,0.4637376666069031
-0.5262947678565979,-0.1136537566781044,0.46108150482177734
-0.5194999575614929,-0.11465489864349365,0.4510380029678345
-0.5208340883255005,-0.1166720762848854,0.4552276134490967
-0.5164647102355957,-0.115858294069767,0.45101413130760193
-0.5183643102645874,-0.117710180580616,0.4556979835033417
-0.5226748585700989,-0.11720660328865051,0.45909804105758667
-0.5242984294891357,-0.11595230549573898,0.4586748480796814
-0.5093846917152405,-0.10209532827138901,0.4475429058074951
-0.5065842270851135,-0.10572034120559692,0.4458652138710022
-0.5080822110176086,-0.10798746347427368,0.4502166509628296
-0.5099570155143738,-0.11120741069316864,0.45623332262039185
-0.507799506187439,-0.11166137456893921,0.4482981562614441
-0.5113261342048645,-0.11357320100069046,0.4471467137336731
-0.5133484601974487,-0.11590307205915451,0.4521552622318268
-0.5103065371513367,-0.11454517394304276,0.45386382937431335
-0.5156325697898865,-0.11771969497203827,0.45665842294692993
-0.5130404829978943,-0.11671951413154602,0.458342581987381
-0.5127453804016113,-0.11373130232095718,0.4606839120388031
-0.5174265503883362,-0.11783286184072495,0.4604231119155884
-0.5201828479766846,-0.11800447106361389,0.45982885360717773
-0.5182415246963501,-0.11544082313776016,0.4634473919868469
-0.515205442905426,-0.11698638647794724,0.46068626642227173
-0.515576183795929,-0.11482926458120346,0.4626137614250183
-0.4908047914505005,-0.08981629461050034,0.4096471071243286
-0.48741990327835083,-0.11225196719169617,0.41398075222969055
-0.4841824471950531,-0.11447131633758545,0.4125669300556183
-0.48331719636917114,-0.11135263741016388,0.4086649715900421
-0.48631948232650757,-0.10923086106777191,0.4097471237182617
-0.4978678822517395,-0.11172614246606827,0.40923038125038147
-0.4956776201725006,-0.11027117818593979,0.4124796986579895
-0.4945617914199829,-0.10651291906833649,0.40798187255859375
-0.49699074029922485,-0.10793086141347885,0.4040910005569458
-0.49613648653030396,-0.11552005261182785,0.40523844957351685
-0.49517104029655457,-0.11192627251148224,0.3999153673648834
-0.4948665201663971,-0.10311365127563477,0.3988805115222931
-0.4924124777317047,-0.1021365076303482,0.4033036231994629
-0.48819658160209656,-0.09569742530584335,0.3965659737586975
-0.4905601739883423,-0.09596309065818787,0.39142924547195435
-0.4726641774177551,-0.10408558696508408,0.3888218104839325
-0.4721301198005676,-0.10178998857736588,0.3929654061794281
-0.4751955270767212,-0.10518825799226761,0.3966214954853058
-0.4754185676574707,-0.1073867455124855,0.3929217457771301
-0.49163877964019775,-0.11088617891073227,0.41397249698638916
-0.4903329014778137,-0.10758281499147415,0.40977346897125244
-0.4796140491962433,-0.11286074668169022,0.3997834026813507
-0.47945812344551086,-0.1106988713145256,0.4030393362045288
-0.4815409779548645,-0.11391080170869827,0.4065772294998169
-0.481710821390152,-0.11614372581243515,0.403774619102478
-0.472961962223053,-0.09895061701536179,0.39680904150009155
-0.47726887464523315,-0.09565162658691406,0.3997177481651306
-0.4807378649711609,-0.09934835135936737,0.39988240599632263
-0.47695884108543396,-0.10249011963605881,0.39925551414489746
-0.4841344356536865,-0.09766387194395065,0.39923545718193054
-0.48253920674324036,-0.11341437697410583,0.39633476734161377
-0.48768746852874756,-0.11171986907720566,0.3941519558429718
-0.4825214743614197,-0.105343297123909,0.38632890582084656
-0.4779638350009918,-0.10753323137760162,0.3893963694572449
-0.4883854389190674,-0.10370439291000366,0.4054409861564636
-0.4812730550765991,-0.1081077829003334,0.40514951944351196
-0.48490065336227417,-0.10524212568998337,0.4059256911277771
-0.4931705594062805,-0.1073097288608551,0.3944963812828064
-0.49000611901283264,-0.11570750176906586,0.39910709857940674
-0.48723509907722473,-0.12414652854204178,0.41103559732437134
-0.4857109785079956,-0.12017848342657089,0.4048612415790558
-0.48215252161026,-0.1194952130317688,0.4074056148529053
-0.4836246967315674,-0.12373844534158707,0.4129192531108856
-0.48474204540252686,-0.11698039621114731,0.4007807672023773
-0.49099886417388916,-0.11892400681972504,0.40389424562454224
-0.48914745450019836,-0.1162070631980896,0.4197012782096863
-0.48558998107910156,-0.11854685097932816,0.4178181290626526
-0.49318259954452515,-0.11486158519983292,0.41967204213142395
-0.4889656901359558,-0.10007186233997345,0.38639548420906067
-0.4991797208786011,-0.11588827520608902,0.4157017469406128
-0.49691295623779297,-0.11463277041912079,0.4185168743133545
-0.48245084285736084,-0.11712846904993057,0.4103128910064697
-0.4835472106933594,-0.1214233860373497,0.4153441786766052
-0.4924507439136505,-0.12273453921079636,0.4104126989841461
-0.497448205947876,-0.1193220466375351,0.41191190481185913
-0.4937726557254791,-0.12578436732292175,0.41578391194343567
-0.49887949228286743,-0.12237604707479477,0.4171321988105774
-0.5004799962043762,-0.11882344633340836,0.42083895206451416
-0.49817779660224915,-0.11727514863014221,0.423214316368103
-0.4944308400154114,-0.11745021492242813,0.4235202670097351
-0.48864296078681946,-0.12724648416042328,0.4162852168083191
-0.48553916811943054,-0.1264859437942505,0.417626291513443
-0.485160231590271,-0.12398331612348557,0.4193267822265625
-0.49039772152900696,-0.12931373715400696,0.42070937156677246
-0.49565184116363525,-0.12823480367660522,0.42096084356307983
-0.502335250377655,-0.12645521759986877,0.43489405512809753
-0.5016075372695923,-0.12375933676958084,0.43151941895484924
-0.5018890500068665,-0.12544046342372894,0.43013447523117065
-0.503129780292511,-0.1273619383573532,0.4332277178764343
-0.5011780858039856,-0.1217498630285263,0.42586320638656616
-0.5014414191246033,-0.12408289313316345,0.42680513858795166
-0.500286877155304,-0.12588965892791748,0.42436879873275757
-0.5014209747314453,-0.12758219242095947,0.4275447130203247
-0.4983484148979187,-0.13015909492969513,0.4261378347873688
-0.49928778409957886,-0.13239479064941406,0.4294623136520386
-0.5029706358909607,-0.12963779270648956,0.43086135387420654
-0.4982500374317169,-0.12819567322731018,0.42354726791381836
-0.5038140416145325,-0.12920214235782623,0.43512213230133057
-0.5028058886528015,-0.12944646179676056,0.4368756413459778
-0.4997899532318115,-0.12447842955589294,0.4214692711830139
-0.49887150526046753,-0.11985769122838974,0.42739784717559814
-0.49972203373908997,-0.12276215851306915,0.43255093693733215
-0.5005358457565308,-0.12639623880386353,0.43625664710998535
-0.5001466274261475,-0.12995049357414246,0.4379562735557556
-0.4968282878398895,-0.12272479385137558,0.4321463108062744
-0.4978322982788086,-0.12646391987800598,0.43628713488578796
-0.49774661660194397,-0.12984590232372284,0.4375394582748413
-0.4929153323173523,-0.12369555234909058,0.4312679171562195
-0.4950513541698456,-0.12723931670188904,0.4353190064430237
-0.4914739727973938,-0.12101048976182938,0.4265010952949524
-0.4954271912574768,-0.11976607888936996,0.42738866806030273
-0.4959437847137451,-0.12951800227165222,0.43676480650901794
-0.5015356540679932,-0.1328440010547638,0.43573030829429626
-0.49883759021759033,-0.13296125829219818,0.43688464164733887
-0.5033353567123413,-0.13179656863212585,0.4334404468536377
-0.49553218483924866,-0.13135987520217896,0.42535197734832764
-0.4969780147075653,-0.1338214874267578,0.4297865927219391
-0.4919903874397278,-0.13162824511528015,0.4253043532371521
-0.4941053092479706,-0.13400226831436157,0.4304606318473816
-0.4989023506641388,-0.1345270276069641,0.43312767148017883
-0.5006211400032043,-0.13356095552444458,0.431861937046051
-0.4905407130718231,-0.11886496841907501,0.422920286655426
-0.4870087802410126,-0.12123715877532959,0.4212818741798401
-0.48799195885658264,-0.12331799417734146,0.4247819185256958
-0.4898313283920288,-0.12596848607063293,0.4294603765010834
-0.48622116446495056,-0.1261063516139984,0.42312583327293396
-0.48706841468811035,-0.12855017185211182,0.42157766222953796
-0.4891887903213501,-0.13116300106048584,0.4265357255935669
-0.4880722165107727,-0.12891030311584473,0.42814964056015015
-0.49199166893959045,-0.13319222629070282,0.4315726161003113
-0.4910629391670227,-0.13140501081943512,0.4329301118850708
-0.49214673042297363,-0.1289616823196411,0.4341564178466797
-0.49474552273750305,-0.13342984020709991,0.43505150079727173
-0.49660149216651917,-0.13444256782531738,0.43438953161239624
-0.4965690076351166,-0.13215622305870056,0.4370095133781433
-0.49351561069488525,-0.13225027918815613,0.43524491786956787
-0.4945496618747711,-0.1310533881187439,0.4363551139831543
-0.4754020571708679,-0.10435406863689423,0.38599759340286255
-0.47180941700935364,-0.012278363108634949,0.42677533626556396
-0.4739692211151123,-0.016637928783893585,0.42713719606399536
-0.46480700373649597,-0.023260176181793213,0.44022852182388306
-0.4698173701763153,-0.023309707641601562,0.4354102313518524
-0.4602568745613098,-0.01978394389152527,0.442736953496933
-0.4590984880924225,-0.01032208651304245,0.4397589862346649
-0.45864421129226685,-0.014718934893608093,0.4423333406448364
-0.47347915172576904,-0.02072691172361374,0.43017953634262085
-0.467903733253479,-0.008300691843032837,0.4293043911457062
-0.4624481201171875,-0.007605940103530884,0.43459126353263855
-0.4770331382751465,-0.0054436251521110535,0.43444210290908813
-0.47136828303337097,-0.0045560672879219055,0.44018426537513733
-0.46752169728279114,-0.007875770330429077,0.4456641972064972
-0.46610593795776367,-0.012953750789165497,0.4475204646587372
-0.4667689800262451,-0.018112272024154663,0.447225958108902
-0.48053884506225586,-0.009858593344688416,0.4309409260749817
-0.4814669191837311,-0.01497623324394226,0.43098530173301697
-0.4791543781757355,-0.019171349704265594,0.43476754426956177
-0.48867228627204895,-0.007495075464248657,0.4357031285762787
-0.48782941699028015,-0.0030799806118011475,0.4408216178417206
-0.4888988733291626,-0.004631660878658295,0.4580346643924713
-0.483760803937912,-0.006221547722816467,0.45524826645851135
-0.4861374795436859,-0.003427177667617798,0.4533483684062958
-0.4895857572555542,-0.0016761422157287598,0.4558064043521881
-0.47832638025283813,-0.0062239766120910645,0.4512627124786377
-0.48371729254722595,-0.00400368869304657,0.45106425881385803
-0.48658230900764465,-0.002249874174594879,0.44776806235313416
-0.48937809467315674,-0.0008236467838287354,0.4495537281036377
-0.4897066652774811,-0.0015029534697532654,0.44478505849838257
-0.4931119978427887,-0.0002405121922492981,0.4456380009651184
-0.4924578368663788,0.0011162906885147095,0.45224514603614807
-0.4929383397102356,-0.0002918913960456848,0.4576188921928406
-0.49577394127845764,0.0014200583100318909,0.4549911320209503
-0.49365878105163574,-0.0023949816823005676,0.4593852162361145
-0.48183462023735046,-0.003247380256652832,0.44548314809799194
-0.4742676317691803,-0.01129748672246933,0.45217904448509216
-0.48211124539375305,-0.009883582592010498,0.4560122787952423
-0.48908188939094543,-0.008016146719455719,0.4591074585914612
-0.4960772693157196,-0.005502276122570038,0.45974063873291016
-0.48272407054901123,-0.014160268008708954,0.4554418921470642
-0.49059203267097473,-0.011629082262516022,0.4580806493759155
-0.49548786878585815,-0.008761607110500336,0.4577127993106842
-0.48583054542541504,-0.01702745258808136,0.4525938332080841
-0.4926196336746216,-0.013391338288784027,0.4552179276943207
-0.4761165380477905,-0.019994579255580902,0.4481622576713562
-0.47370871901512146,-0.016374439001083374,0.4514075815677643
-0.4955710470676422,-0.010728903114795685,0.45587050914764404
-0.4986793100833893,-0.00016029924154281616,0.4570002555847168
-0.49949127435684204,-0.003934748470783234,0.4564145803451538
-0.49491941928863525,-0.002231694757938385,0.44295960664749146
-0.49614793062210083,0.0010532140731811523,0.44823288917541504
-0.4990907609462738,-0.001024983823299408,0.4466519057750702
-0.49599114060401917,-0.005759522318840027,0.44077280163764954
-0.5003809928894043,-0.004386439919471741,0.4459802806377411
-0.5006870031356812,1.7173588275909424e-05,0.4511716067790985
-0.4981728196144104,0.001965627074241638,0.45132288336753845
-0.46974125504493713,-0.021659284830093384,0.4445851147174835
-0.47461560368537903,-0.021504536271095276,0.44001030921936035
-0.4810694456100464,-0.01982668787240982,0.4431016445159912
-0.48962336778640747,-0.017351314425468445,0.4480401575565338
-0.48593103885650635,-0.01771777868270874,0.43794527649879456
-0.48921626806259155,-0.012842021882534027,0.4346683919429779
-0.4959646463394165,-0.010339468717575073,0.440836101770401
-0.4936470091342926,-0.014728598296642303,0.44331344962120056
-0.5002713799476624,-0.008033089339733124,0.44658493995666504
-0.49786925315856934,-0.01127433031797409,0.44834595918655396
-0.4950365424156189,-0.013103656470775604,0.451713889837265
-0.5009753704071045,-0.006885811686515808,0.4513511061668396
-0.5018013715744019,-0.0034288689494132996,0.45127421617507935
-0.4988744258880615,-0.007209420204162598,0.4551278054714203
-0.4991329312324524,-0.009249970316886902,0.4512576162815094
-0.4974372088909149,-0.009927600622177124,0.4537228047847748
-0.4696285128593445,-0.10080175846815109,0.391848623752594
-0.4705900549888611,-0.09659114480018616,0.3961922526359558
-0.46630364656448364,-0.09494246542453766,0.3936353325843811
-0.45871520042419434,-0.094110868871212,0.3921259045600891
-0.4515407979488373,-0.09745126962661743,0.3865918815135956
-0.4596376419067383,-0.08814738690853119,0.39454033970832825
-0.46738165616989136,-0.08927592635154724,0.3960963189601898
-0.4745118319988251,-0.09086839109659195,0.39940589666366577
-0.45384839177131653,-0.08213430643081665,0.3953997492790222
0.09532380849123001,0.28043264150619507,0.3820720911026001
0.09895697981119156,0.279850572347641,0.3828306198120117
0.09354084730148315,0.2763402760028839,0.37819576263427734
0.09077780693769455,0.27793049812316895,0.3781674802303314
0.10069482773542404,0.2739256024360657,0.3766559362411499
0.09727022051811218,0.27576175332069397,0.37697312235832214
0.10365176945924759,0.2784756124019623,0.3817484974861145
0.10818108171224594,0.2779916524887085,0.3789851665496826
0.11303723603487015,0.2765125632286072,0.37131813168525696
0.11442094296216965,0.2753366231918335,0.3699873089790344
0.11326459795236588,0.2750469148159027,0.3701964318752289
0.11111913621425629,0.27504369616508484,0.3712899684906006
0.10779337584972382,0.2742921710014343,0.3734225332736969
0.08813817799091339,0.28234338760375977,0.37928828597068787
0.0897359549999237,0.2823949456214905,0.3802861273288727
0.09224142134189606,0.2819215655326843,0.3814171254634857
0.10431332141160965,0.27403348684310913,0.3752700090408325
0.08871140331029892,0.2802780866622925,0.3784666061401367
0.08780227601528168,0.2815813720226288,0.378638356924057
0.11136937141418457,0.27834853529930115,0.37539374828338623
0.1012512743473053,0.2760452330112457,0.3783232867717743
0.09731639176607132,0.27696025371551514,0.3792951703071594
0.10222940146923065,0.27765825390815735,0.38024356961250305
0.10636827349662781,0.2770777940750122,0.3782237470149994
0.11010875552892685,0.27563023567199707,0.3730327785015106
0.10810086876153946,0.275418758392334,0.3747912049293518
0.09402643144130707,0.2782098352909088,0.3794708251953125
0.10496987402439117,0.2755129039287567,0.3767096698284149
0.0980064868927002,0.27858996391296387,0.3810061514377594
0.10947039723396301,0.27671897411346436,0.3755120038986206
0.11102353781461716,0.2766134440898895,0.37331438064575195
0.08899258822202682,0.281800776720047,0.37921860814094543
0.08884818106889725,0.2814537286758423,0.37899157404899597
-0.018183572217822075,0.13975238800048828,0.21217292547225952
-0.025182995945215225,0.12526801228523254,0.21031425893306732
0.09464620798826218,0.2795890271663666,0.3808337450027466
0.08989016711711884,0.280659019947052,0.3791784942150116
0.09156794846057892,0.27959367632865906,0.3793472945690155
0.09209204465150833,0.28076812624931335,0.38028743863105774
0.09017308801412582,0.2814749479293823,0.3797127902507782
-0.16796579957008362,0.137063130736351,0.15907007455825806
-0.17918337881565094,0.14731615781784058,0.1593957245349884
-0.21405941247940063,0.1563611924648285,0.11930902302265167
-0.21781139075756073,0.1562459021806717,0.09603442996740341
-0.10043102502822876,-0.1247950866818428,0.13979573547840118
-0.09369104355573654,-0.012200040742754936,-0.04941118136048317
-0.09265997260808945,0.00804089941084385,-0.046372685581445694
-0.008886799216270447,0.0024275649338960648,-0.05472619831562042
-0.030231058597564697,0.002766575664281845,-0.06049014627933502
-0.15242695808410645,-0.06164148077368736,0.040396418422460556
-0.15158934891223907,-0.043524786829948425,0.04374697804450989
-0.13153894245624542,-0.09227596968412399,0.10218887031078339
-0.1330437958240509,-0.07226401567459106,0.10526739060878754
-0.14909252524375916,-0.09046752750873566,0.060085613280534744
-0.06282998621463776,-0.042334865778684616,-0.07270900905132294
-0.08344237506389618,-0.04468552768230438,-0.06726425886154175
-0.07812219858169556,-0.02457454800605774,-0.062043506652116776
-0.057473234832286835,-0.020736096426844597,-0.06695397198200226
0.010467622429132462,-0.001045847311615944,-0.044868916273117065
0.004835480824112892,-0.02225654385983944,-0.05333058536052704
-0.15002217888832092,-0.012766238301992416,0.024245604872703552
-0.14291581511497498,-0.001955674961209297,0.0006471686065196991
-0.11349499225616455,0.01945333741605282,-0.034189287573099136
-0.0932503417134285,0.029189210385084152,-0.04411150887608528
-0.07225500047206879,0.039051055908203125,-0.04875454306602478
-0.049644771963357925,0.04748907312750816,-0.04926944524049759
-0.12024601548910141,-0.05810571834445,0.12730081379413605
-0.10332456976175308,-0.04093015566468239,0.14618028700351715
-0.149935781955719,-0.02355780266225338,0.04869401082396507
-0.06580379605293274,-0.0748758465051651,0.16975188255310059
-0.021794721484184265,0.08394401520490646,-0.041711173951625824
0.004669003188610077,0.08337503671646118,-0.03564411401748657
-0.13108065724372864,0.009225599467754364,-0.01911000721156597
-0.051567114889621735,0.09058753401041031,0.19758188724517822
-0.0655396580696106,0.09847743809223175,0.1959916651248932
-0.06999685615301132,0.08412571996450424,0.19257362186908722
-0.055802009999752045,0.0766039490699768,0.19349785149097443
-0.08346493542194366,0.09163227677345276,0.18933269381523132
-0.09601342678070068,0.09903579950332642,0.18432220816612244
-0.10669606178998947,0.10572071373462677,0.17758339643478394
-0.12725016474723816,0.12021508067846298,0.1529013216495514
-0.12219520658254623,0.11610373854637146,0.16168354451656342
-0.13177034258842468,0.12446959316730499,0.1319657266139984
-0.13061578571796417,0.12326399981975555,0.14338839054107666
-0.13131557404994965,0.12231568992137909,0.11643210053443909
-0.13066929578781128,0.11863797158002853,0.09829142689704895
-0.12956774234771729,0.1298963725566864,0.08375292271375656
-0.13221338391304016,0.11462174355983734,0.07924583554267883
-0.1337929219007492,0.1023750752210617,0.09459902346134186
-0.1321694254875183,0.10813381522893906,0.11207102984189987
-0.1318608671426773,0.1104300320148468,0.12702471017837524
-0.052559446543455124,0.019152238965034485,0.17667606472969055
-0.04756529629230499,0.03998640552163124,0.1833789348602295
-0.011036433279514313,0.1535957306623459,0.21331679821014404
-0.3121439814567566,-0.035943739116191864,0.19919364154338837
-0.3675108253955841,-0.009507069364190102,0.3378046452999115
0.061142049729824066,0.23438073694705963,0.09788431227207184
0.044352155178785324,0.2477276623249054,0.0909656211733818
-0.01563781499862671,0.27796000242233276,0.08064311742782593
-0.03603829815983772,0.28508976101875305,0.09245553612709045
0.0067525021731853485,0.26851555705070496,0.07452119886875153
0.027557482942938805,0.2545645833015442,0.07590825855731964
-0.14382754266262054,-0.012665342539548874,0.07747229933738708
0.04638565331697464,0.22501030564308167,0.06249834969639778
0.027899552136659622,0.24785102903842926,0.06494858860969543
0.006988387554883957,0.26127293705940247,0.06092749908566475
-0.01857656240463257,0.27256539463996887,0.06450474262237549
-0.046716559678316116,0.28295275568962097,0.07582509517669678
-0.06726894527673721,0.28513821959495544,0.07424987852573395
-0.09394517540931702,0.2786065936088562,0.052185989916324615
-0.10753375291824341,0.2756560742855072,0.0526932030916214
-0.12190817296504974,0.26993024349212646,0.05333029106259346
-0.12702688574790955,0.27623820304870605,0.07268127799034119
-0.11203540861606598,0.28198960423469543,0.0722385048866272
-0.19816854596138,0.1851513832807541,0.07541733235120773
-0.20649152994155884,0.16816651821136475,0.07552836835384369
-0.20804430544376373,0.15394636988639832,0.07119368016719818
-0.20552334189414978,0.14224082231521606,0.06508126109838486
-0.19750632345676422,0.1349225491285324,0.05850408226251602
-0.1852554827928543,0.1333472579717636,0.05240747332572937
-0.1697687953710556,0.13757352530956268,0.04818813130259514
-0.13584394752979279,0.16394172608852386,0.03228730708360672
-0.12746483087539673,0.17276591062545776,0.02415155991911888
-0.11532806605100632,0.17742061614990234,0.002866733353585005
-0.11009946465492249,0.17515656352043152,-0.0027794605121016502
-0.09518618881702423,0.15401321649551392,-0.021740609779953957
-0.0870332270860672,0.13606494665145874,-0.029105355963110924
-0.07962673902511597,0.11359095573425293,-0.03660302236676216
-0.09186863154172897,-0.15721803903579712,-0.09645933657884598
-0.11148419976234436,-0.15445329248905182,-0.08717478066682816
-0.10634918510913849,-0.13314981758594513,-0.08257701992988586
-0.08489526808261871,-0.13672924041748047,-0.08834106475114822
-0.0323394276201725,-0.09477798640727997,-0.08424645662307739
-0.010584257543087006,-0.09843683242797852,-0.08193992078304291
-0.15125788748264313,-0.14069649577140808,-0.03175817057490349
-0.15554682910442352,-0.149733766913414,-0.009196355007588863
-0.12298770993947983,-0.1327129453420639,-0.06926438957452774
-0.1395288109779358,-0.13456104695796967,-0.05199257284402847
-0.15283939242362976,-0.15964530408382416,0.013415124267339706
-0.10304389894008636,-0.202068030834198,0.08546698093414307
-0.08530642092227936,-0.21150600910186768,0.09978780150413513
-0.04640492424368858,-0.22553254663944244,0.11917521059513092
-0.027322333306074142,-0.22817140817642212,0.12381221354007721
-0.14740024507045746,-0.16923575103282928,0.034039899706840515
-0.06586911529302597,-0.21944545209407806,0.11111393570899963
-0.13639263808727264,-0.18047784268856049,0.05198337137699127
-0.12020164728164673,-0.19147822260856628,0.0683986246585846
-0.05332322418689728,-0.09233691543340683,-0.08477109670639038
-0.0596492625772953,-0.11732500791549683,-0.08840656280517578
-0.08007925003767014,-0.11377768218517303,-0.08536098152399063
0.03643834963440895,0.1527431458234787,-0.003203112632036209
0.01587022840976715,0.16275060176849365,-0.010918620973825455
-0.006367146968841553,0.1737457513809204,-0.01205202005803585
-0.017820283770561218,0.20031112432479858,-0.004492662847042084
-0.024277351796627045,0.18623653054237366,-0.0142164696007967
-0.04359257221221924,0.1962369978427887,-0.013999566435813904
-0.037527620792388916,0.20769362151622772,-0.005088323727250099
-0.07228340208530426,0.2160636931657791,0.0008702147752046585
-0.07784142345190048,0.2074170708656311,-0.005446918308734894
-0.08715023100376129,0.209152951836586,-0.001499217003583908
-0.08488838374614716,0.2200133502483368,0.003981534391641617
-0.0970131978392601,0.21096555888652802,0.002821149304509163
-0.10699187964200974,0.20887193083763123,0.007100258022546768
-0.11692433804273605,0.20488472282886505,0.012555480003356934
-0.12979760766029358,0.19823506474494934,0.016997043043375015
-0.13584548234939575,0.21788235008716583,0.019014213234186172
-0.12024958431720734,0.22350379824638367,0.014927670359611511
-0.07130135595798492,0.22846868634223938,0.008560001850128174
-0.05268203467130661,0.22280409932136536,0.006502997130155563
0.04425487294793129,0.18321043252944946,0.02307126298546791
0.06110282614827156,0.17068935930728912,0.03173784911632538
-0.13517901301383972,0.11736442148685455,0.061510633677244186
-0.13612961769104004,0.12227475643157959,0.04228660464286804
-0.13395294547080994,0.12927372753620148,0.0238454882055521
-0.1285754293203354,0.13693591952323914,0.0088789202272892
-0.12046563625335693,0.14662259817123413,-0.0024490132927894592
-0.11042274534702301,0.1553787887096405,-0.01018906943500042
-0.10507506132125854,0.17109274864196777,-0.008519256487488747
-0.10042025148868561,0.16420972347259521,-0.014642372727394104
-0.0972934141755104,0.17991647124290466,-0.010480755008757114
-0.0904858261346817,0.1738893985748291,-0.016354328021407127
-0.0810103714466095,0.18362458050251007,-0.0160964522510767
-0.07074893265962601,0.19321992993354797,-0.014307323843240738
-0.06190333887934685,0.20316769182682037,-0.009599559009075165
-0.056131474673748016,0.2124929279088974,-0.0021841656416654587
-0.03433004021644592,0.2188718169927597,0.004092808812856674
-0.014696106314659119,0.21333865821361542,0.004796650260686874
0.006406400352716446,0.21827289462089539,0.01906023547053337
0.007779516279697418,0.22966283559799194,0.02744796872138977
0.0049126036465168,0.20474471151828766,0.009268943220376968
0.0022736191749572754,0.18940672278404236,-0.0014611631631851196
-0.004027839750051498,0.28344693779945374,0.12121562659740448
0.015227872878313065,0.27642732858657837,0.11762414872646332
-0.1722090244293213,0.15532074868679047,0.04370439425110817
-0.16747413575649261,0.1535942703485489,0.041825518012046814
-0.16947877407073975,0.14736296236515045,0.04412059858441353
-0.17859512567520142,0.14599232375621796,0.04810425266623497
-0.1874963790178299,0.14861640334129333,0.05207236856222153
-0.1831195056438446,0.16597923636436462,0.04836617410182953
-0.17911943793296814,0.15810057520866394,0.04593953490257263
-0.19303111732006073,0.15504103899002075,0.056779664009809494
-0.19594046473503113,0.16485771536827087,0.06040734425187111
-0.18587423861026764,0.17436657845973969,0.05085698515176773
-0.19547705352306366,0.17631685733795166,0.06295803189277649
-0.18664638698101044,0.18351027369499207,0.053465746343135834
-0.19112689793109894,0.18884673714637756,0.06303037703037262
-0.18585044145584106,0.19097264111042023,0.055219948291778564
-0.15695542097091675,0.22305256128311157,0.03715158998966217
-0.16846075654029846,0.21156571805477142,0.04380250722169876
-0.1788572371006012,0.19961273670196533,0.05041901767253876
-0.14344719052314758,0.18830443918704987,0.02432304620742798
-0.15694105625152588,0.1783311516046524,0.03206995502114296
-0.16865062713623047,0.16893531382083893,0.039385102689266205
-0.17228849232196808,0.17646074295043945,0.04050375521183014
-0.1603483110666275,0.18641947209835052,0.03256876394152641
-0.14659483730793,0.19714686274528503,0.02431098371744156
0.04241986572742462,0.17026087641716003,0.011060331016778946
0.023362603038549423,0.180122971534729,0.0032853037118911743
-0.09611616283655167,0.22093096375465393,0.006364617496728897
-0.10606537759304047,0.21988743543624878,0.00958961620926857
-0.11768126487731934,0.21560969948768616,0.0128619484603405
-0.13226577639579773,0.20800241827964783,0.017037369310855865
-0.10872340202331543,0.23012864589691162,0.012571211904287338
-0.09690055251121521,0.23227809369564056,0.010840192437171936
-0.08432133495807648,0.23137179017066956,0.009634703397750854
0.025868810713291168,0.19393408298492432,0.014112994074821472
0.057969845831394196,0.1605246216058731,0.020565487444400787
-0.14059840142726898,0.22921323776245117,0.14784565567970276
-0.14038541913032532,0.251750111579895,0.13773801922798157
-0.13907437026500702,0.2676563858985901,0.11907303333282471
-0.13393299281597137,0.27622929215431213,0.09602399170398712
-0.23471976816654205,0.0002492070198059082,0.15066072344779968
0.0005220361053943634,-0.04610713943839073,-0.06240323930978775
-0.004927387461066246,-0.07121406495571136,-0.07286162674427032
-0.026064544916152954,-0.06792604178190231,-0.07787475734949112
0.028364147990942,0.07902298867702484,-0.02548765391111374
0.05190902203321457,0.1458493173122406,0.007516592741012573
-0.11849427223205566,0.0821707621216774,0.16010713577270508
-0.11105841398239136,0.0776231437921524,0.16814090311527252
-0.10936865955591202,0.0915452390909195,0.17291617393493652
-0.11698444932699203,0.09668199717998505,0.16486285626888275
-0.12769168615341187,0.09065708518028259,0.14325568079948425
-0.1238502711057663,0.08664967119693756,0.15195591747760773
-0.12298231571912766,0.10143624991178513,0.15652035176753998
-0.12729880213737488,0.10554245859384537,0.1477629542350769
-0.130350723862648,0.09375793486833572,0.1338474005460739
-0.1302955448627472,0.1087607890367508,0.13831497728824615
-0.12467248737812042,0.07077834755182266,0.14786846935749054
-0.12011069059371948,0.06696530431509018,0.1560833603143692
-0.11280081421136856,0.06338489055633545,0.16414661705493927
-0.13077101111412048,0.07795223593711853,0.13048003613948822
-0.12799060344696045,0.07481361925601959,0.13919766247272491
0.0707596093416214,0.18881648778915405,0.2934556007385254
0.07900454103946686,0.18166746199131012,0.30745071172714233
0.10950179398059845,0.20335322618484497,0.3386850953102112
0.1112947016954422,0.20778939127922058,0.3401162028312683
0.00017013773322105408,0.1731356680393219,0.2170937955379486
0.003974061459302902,0.1807519495487213,0.2232578843832016
-0.04442203417420387,0.055661946535110474,0.18862491846084595
-0.038495004177093506,0.08327344059944153,0.19853821396827698
-0.035056356340646744,0.09684622287750244,0.20257490873336792
-0.030859246850013733,0.11088608205318451,0.20691704750061035
-0.005160607397556305,0.1644255816936493,0.21535465121269226
-0.04198475927114487,0.0694534182548523,0.1936274766921997
-0.15880358219146729,-0.34850773215293884,-0.040746673941612244
-0.14098183810710907,-0.36822742223739624,-0.05806075036525726
-0.14844918251037598,-0.3368900716304779,-0.06856025755405426
-0.13412781059741974,-0.3511204123497009,-0.0801270380616188
-0.16369730234146118,-0.2576940059661865,-0.06296052783727646
-0.16035768389701843,-0.288057416677475,-0.06156547740101814
-0.16508638858795166,-0.22615735232830048,-0.06396650522947311
-0.11364427953958511,-0.3592741787433624,-0.09390085190534592
-0.08786463737487793,-0.36136677861213684,-0.1055690348148346
-0.08686789125204086,-0.3408149480819702,-0.11960209906101227
-0.14789102971553802,-0.22914385795593262,-0.0876309871673584
-0.1483919471502304,-0.25970348715782166,-0.08895312249660492
-0.14017409086227417,-0.32899683713912964,-0.0830068364739418
-0.15636497735977173,-0.3158051073551178,-0.06284526735544205
-0.1431884467601776,-0.31270164251327515,-0.08448351174592972
-0.11076471954584122,-0.3394233286380768,-0.1080566942691803
-0.12911973893642426,-0.3345133364200592,-0.09422854334115982
-0.04933110252022743,-0.16285724937915802,-0.1086810901761055
-0.02648232877254486,-0.18665578961372375,-0.12138050049543381
-0.05393005535006523,-0.18599840998649597,-0.11905298382043839
-0.13090257346630096,-0.15154984593391418,-0.07418898493051529
-0.11996401846408844,-0.1769876778125763,-0.09619081020355225
-0.12831908464431763,-0.3147529363632202,-0.10105256736278534
-0.1093510314822197,-0.316177636384964,-0.11764489114284515
-0.08562852442264557,-0.3164662718772888,-0.13044758141040802
-0.08416698127985,-0.23516380786895752,-0.13058115541934967
-0.08523231744766235,-0.26142826676368713,-0.13615109026432037
-0.10942899435758591,-0.2625119686126709,-0.1249883621931076
-0.10760612785816193,-0.2338927835226059,-0.12033382058143616
-0.1248246505856514,-0.2024882435798645,-0.10202527046203613
-0.12849749624729156,-0.23215563595294952,-0.10634803026914597
-0.08152638375759125,-0.20737722516059875,-0.12278182804584503
-0.10409156233072281,-0.20483921468257904,-0.11413326859474182
-0.09929177910089493,-0.18008098006248474,-0.10704642534255981
-0.1307498663663864,-0.2624863386154175,-0.10883155465126038
-0.05556868016719818,-0.28971368074417114,-0.14048771560192108
-0.08469758927822113,-0.28986942768096924,-0.1349692940711975
-0.026684045791625977,-0.2891964316368103,-0.1385461390018463
-0.07599934935569763,-0.1832859069108963,-0.11326190084218979
-0.07057876884937286,-0.16021978855133057,-0.10292232781648636
-0.0647449642419815,-0.13895867764949799,-0.09306661784648895
-0.04702650383114815,-0.06748085469007492,-0.07938172668218613
-0.0619727298617363,-0.5302180647850037,0.19960539042949677
0.0068438127636909485,-0.37327587604522705,0.04771563410758972
0.0075062476098537445,-0.37569910287857056,0.026496000587940216
-0.17847207188606262,-0.2962329685688019,0.07263477146625519
-0.17972302436828613,-0.32528287172317505,0.00433698296546936
-0.1684088557958603,-0.319252073764801,-0.03236406296491623
-0.017425235360860825,-0.3592838644981384,0.10565853118896484
-0.0029283612966537476,-0.3672679662704468,0.08398863673210144
-0.16006383299827576,-0.3005219101905823,0.10199081897735596
-0.09637968242168427,-0.32794278860092163,0.1355360448360443
0.004290677607059479,-0.37094923853874207,0.06541954725980759
-0.14386624097824097,-0.28841713070869446,-0.08651727437973022
-0.12868313491344452,-0.2902558743953705,-0.10622256994247437
-0.1093209758400917,-0.2906220555305481,-0.12327945977449417
-0.057274673134088516,-0.3151387572288513,-0.1365993469953537
-0.02735486440360546,-0.3117637038230896,-0.13462185859680176
-0.020687274634838104,-0.31990739703178406,0.1315551996231079
-0.01918623223900795,-0.3088832497596741,0.131822407245636
-0.011083877645432949,-0.31210383772850037,0.1326107382774353
-0.008863251656293869,-0.327609658241272,0.13039743900299072
-0.10279018431901932,-0.21569745242595673,0.08669638633728027
-0.08142244815826416,-0.22458931803703308,0.09957553446292877
-0.04251714423298836,-0.23713645339012146,0.11733615398406982
-0.02406885474920273,-0.23931150138378143,0.12142876535654068
-0.15457531809806824,-0.18457944691181183,0.0356539748609066
-0.061807915568351746,-0.2316991537809372,0.11047792434692383
-0.14405152201652527,-0.1961096227169037,0.054522305727005005
-0.12501242756843567,-0.20619866251945496,0.0715477243065834
0.02044536918401718,-1.0063313245773315,0.17158839106559753
0.02766960859298706,-1.0345003604888916,0.17834913730621338
0.01912809908390045,-1.0351064205169678,0.165947824716568
0.014800727367401123,-1.006432056427002,0.15804794430732727
-0.012801095843315125,-1.0075194835662842,0.1424819529056549
0.0009738653898239136,-1.0076372623443604,0.1438448429107666
-0.02512361854314804,-1.0092103481292725,0.1477777361869812
-0.017409726977348328,-1.0403016805648804,0.15058310329914093
-0.023560896515846252,-1.0422395467758179,0.16240203380584717
-0.03357017785310745,-1.0114006996154785,0.1583079993724823
-0.03726043552160263,-1.0123668909072876,0.17065414786338806
-0.027377553284168243,-1.0439701080322266,0.1871807724237442
-0.01892867684364319,-1.0407296419143677,0.20339049398899078
-0.028795108199119568,-1.01045823097229,0.20060235261917114
-0.03632771223783493,-1.011955738067627,0.18401770293712616
-0.014309793710708618,-1.012114405632019,0.21659211814403534
-0.00521358847618103,-1.041085958480835,0.2195044457912445
0.004992038011550903,-1.0120973587036133,0.2193702757358551
0.024584367871284485,-1.0079431533813477,0.18771904706954956
0.03416481614112854,-1.0344836711883545,0.19502682983875275
-0.005324035882949829,-1.038266658782959,0.1443062573671341
0.007064834237098694,-1.0370819568634033,0.1492604911327362
0.009923100471496582,-1.007287621498108,0.14926230907440186
0.013537794351577759,-1.0360654592514038,0.15736986696720123
0.0287112295627594,-1.061913013458252,0.17207545042037964
0.04029199481010437,-1.0588432550430298,0.183690145611763
0.0010991543531417847,-1.065727949142456,0.14593133330345154
0.012259826064109802,-1.064511775970459,0.15528607368469238
-0.013457730412483215,-1.0706425905227661,0.1645226776599884
-0.01062096655368805,-1.0686488151550293,0.14981059730052948
-0.02186867594718933,-1.0743212699890137,0.19087380170822144
-0.02776499092578888,-1.0436354875564575,0.1741122007369995
-0.020107850432395935,-1.0737961530685425,0.17704394459724426
-0.014373242855072021,-1.0699068307876587,0.2084098756313324
0.0021128952503204346,-1.0678603649139404,0.22493389248847961
0.04594676196575165,-1.0574108362197876,0.20202167332172394
0.020882487297058105,-1.0640437602996826,0.16340294480323792
0.09645530581474304,-1.1578670740127563,0.36849188804626465
0.10289207100868225,-1.1559128761291504,0.36778509616851807
0.10017994046211243,-1.1513128280639648,0.36745044589042664
0.09590551257133484,-1.1532176733016968,0.3679206967353821
0.13361167907714844,-1.1423240900039673,0.36716651916503906
0.14518648386001587,-1.1409680843353271,0.3601452112197876
0.14007294178009033,-1.1302456855773926,0.3645564913749695
0.13265489041805267,-1.1322025060653687,0.368746817111969
0.11939728260040283,-1.150248646736145,0.3704678416252136
0.11306516826152802,-1.1530640125274658,0.3725053668022156
0.11370542645454407,-1.1557817459106445,0.36836177110671997
0.11812670528888702,-1.1537903547286987,0.3671022057533264
0.0642499029636383,-1.166154384613037,0.34574928879737854
0.05852434039115906,-1.1684023141860962,0.3449046015739441
0.0603787899017334,-1.1717948913574219,0.3426884114742279
0.06447967886924744,-1.170627474784851,0.34266477823257446
0.08517324924468994,-1.1616146564483643,0.3591867685317993
0.07816490530967712,-1.1647515296936035,0.35825514793395996
0.08097739517688751,-1.1671620607376099,0.35551488399505615
0.0849417895078659,-1.1663280725479126,0.3558705449104309
0.11997222900390625,-1.1300735473632812,0.34797781705856323
0.1260974109172821,-1.1305863857269287,0.36199891567230225
0.13773474097251892,-1.1273688077926636,0.354927122592926
0.13200832903385162,-1.123224139213562,0.3409114480018616
0.14561083912849426,-1.1343706846237183,0.34794217348098755
0.13890528678894043,-1.1423474550247192,0.3476260006427765
0.134749174118042,-1.1431965827941895,0.3329489529132843
0.14037466049194336,-1.132614016532898,0.3319207429885864
0.12851013243198395,-1.1470320224761963,0.3537033200263977
0.12319457530975342,-1.1481932401657104,0.3405817151069641
0.11552205681800842,-1.1434556245803833,0.3477891683578491
0.12068900465965271,-1.1428253650665283,0.3634618818759918
0.10026934742927551,-1.1500377655029297,0.3547522723674774
0.10460910201072693,-1.1530499458312988,0.366853803396225
0.10769355297088623,-1.145169734954834,0.3671294152736664
0.10220213234424591,-1.1411986351013184,0.3550032377243042
0.11457802355289459,-1.1424884796142578,0.3653925061225891
0.11278527975082397,-1.1371793746948242,0.3523895740509033
0.117847740650177,-1.1455638408660889,0.34847360849380493
0.12228941917419434,-1.145918846130371,0.36227357387542725
0.11814264953136444,-1.1525427103042603,0.35930386185646057
0.11421959102153778,-1.1522942781448364,0.34611010551452637
0.10664868354797363,-1.1550184488296509,0.3492136001586914
0.11012408137321472,-1.1564427614212036,0.361442506313324
0.08534553647041321,-1.1478331089019775,0.3532337546348572
0.09215417504310608,-1.1517419815063477,0.36299070715904236
0.09903424978256226,-1.14893639087677,0.36152976751327515
0.09559492766857147,-1.1443877220153809,0.35196825861930847
0.10536344349384308,-1.1546586751937866,0.3592582046985626
0.10053619742393494,-1.1601126194000244,0.3586719036102295
0.09759849309921265,-1.1589269638061523,0.34810009598731995
0.10130627453327179,-1.1528342962265015,0.34970343112945557
0.08858887851238251,-1.1617367267608643,0.350186288356781
0.09395524859428406,-1.16318941116333,0.36014601588249207
0.08333821594715118,-1.1557868719100952,0.35478925704956055
0.08945757150650024,-1.158961296081543,0.3633340001106262
0.06437236070632935,-1.162665843963623,0.3456343114376068
0.07222539186477661,-1.1651129722595215,0.3532058298587799
0.07334193587303162,-1.1587592363357544,0.35423219203948975
0.06482172012329102,-1.1547842025756836,0.3460729718208313
0.07918328046798706,-1.1554172039031982,0.35435056686401367
0.07403677701950073,-1.151861548423767,0.34726718068122864
0.08483922481536865,-1.1584069728851318,0.35303473472595215
0.08322902023792267,-1.1661486625671387,0.35051429271698
0.07889217138290405,-1.1651567220687866,0.3431909382343292
0.08048021793365479,-1.1564254760742188,0.3476315140724182
0.07671520113945007,-1.1690813302993774,0.35079699754714966
0.07033488154411316,-1.1681849956512451,0.3424825668334961
0.04683074355125427,-1.1608357429504395,0.3341255486011505
0.04652634263038635,-1.1677950620651245,0.33153247833251953
0.052347034215927124,-1.1689587831497192,0.33989524841308594
0.0526769757270813,-1.1630821228027344,0.34102416038513184
0.058128684759140015,-1.1603236198425293,0.34187832474708557
0.05407238006591797,-1.1576341390609741,0.3368905484676361
0.06336811184883118,-1.1636340618133545,0.3403416574001312
0.06404706835746765,-1.1706891059875488,0.3374362885951996
0.06072470545768738,-1.1700176000595093,0.33239808678627014
0.05916818976402283,-1.162426233291626,0.3368220627307892
0.057425081729888916,-1.1729531288146973,0.3379560112953186
0.053083837032318115,-1.1715549230575562,0.330699622631073
0.1250368058681488,-1.1203442811965942,0.32671821117401123
0.11105853319168091,-1.1312745809555054,0.3354298770427704
0.14053747057914734,-1.142194151878357,0.35726121068000793
0.13279405236244202,-1.1318244934082031,0.31736594438552856
0.13468164205551147,-1.1450951099395752,0.36053895950317383
0.114747554063797,-1.1502901315689087,0.3296271562576294
0.127511665225029,-1.1439836025238037,0.3185763955116272
0.1143617331981659,-1.143627643585205,0.34036338329315186
0.11202114820480347,-1.1476948261260986,0.37229493260383606
0.09868437051773071,-1.150720238685608,0.34455305337905884
0.097292959690094,-1.1573188304901123,0.33490243554115295
0.11545687913894653,-1.1462808847427368,0.37134411931037903
0.09387199580669403,-1.1386407613754272,0.34002041816711426
0.07473275065422058,-1.1467337608337402,0.337053120136261
0.10160377621650696,-1.1605229377746582,0.36506766080856323
0.09809404611587524,-1.162175178527832,0.36564305424690247
0.0788518488407135,-1.164454698562622,0.33475348353385925
0.07801192998886108,-1.155458927154541,0.34627825021743774
0.0773792415857315,-1.1605192422866821,0.35852473974227905
0.05847778916358948,-1.1615345478057861,0.3375232219696045
0.06147491931915283,-1.1697522401809692,0.3289318382740021
0.08113090693950653,-1.158426284790039,0.35854610800743103
0.054881751537323,-1.15264093875885,0.33203190565109253
0.05771583318710327,-1.164671778678894,0.34414446353912354
0.039314597845077515,-1.1668015718460083,0.3218957483768463
0.04760029911994934,-1.1728578805923462,0.32179662585258484
0.06063726544380188,-1.162962794303894,0.3448701500892639
0.04030203819274902,-1.1577905416488647,0.325296550989151
0.024749286472797394,-1.009191632270813,0.20285646617412567
0.03160952031612396,-1.0350773334503174,0.21143564581871033
0.017592787742614746,-1.0113530158996582,0.2145131230354309
0.01204293966293335,-1.040131688117981,0.2241959571838379
0.02445162832736969,-1.0387178659439087,0.22123262286186218
0.03967985510826111,-1.0577632188796997,0.2212483137845993
0.01934361457824707,-1.0654364824295044,0.23184777796268463
0.029890596866607666,-1.061033010482788,0.23185224831104279
-0.021009117364883423,-1.0974198579788208,0.18868334591388702
-0.011205971240997314,-1.0961008071899414,0.20734594762325287
-0.014226645231246948,-1.0949018001556396,0.17524181306362152
-0.006134986877441406,-1.090398907661438,0.1465124636888504
-0.008305802941322327,-1.0926642417907715,0.16116183996200562
0.05092687904834747,-1.0757237672805786,0.2317335456609726
0.052830085158348083,-1.0786947011947632,0.20901180803775787
0.040580689907073975,-1.078124761581421,0.2443152219057083
0.02578619122505188,-1.0842695236206055,0.24477410316467285
0.1204327940940857,-1.1143604516983032,0.30841028690338135
0.1102888286113739,-1.1133755445480347,0.2869151830673218
0.09520459175109863,-1.1074655055999756,0.2981545627117157
0.10322603583335876,-1.119105577468872,0.3177005350589752
0.07569330930709839,-1.1161775588989258,0.3005545735359192
0.08616048097610474,-1.1296088695526123,0.3191855251789093
0.057047098875045776,-1.1258172988891602,0.29980212450027466
0.06732934713363647,-1.137797474861145,0.3176746666431427
0.040481239557266235,-1.1358387470245361,0.2971702814102173
0.04865139722824097,-1.1454168558120728,0.31449705362319946
0.02763676643371582,-1.147909164428711,0.2935321629047394
0.03359183669090271,-1.1532191038131714,0.31171637773513794
0.02214828133583069,-1.1623436212539673,0.29173845052719116
0.029604941606521606,-1.1658802032470703,0.30970528721809387
0.12868016958236694,-1.1303259134292603,0.29911452531814575
0.11836552619934082,-1.1288244724273682,0.27901607751846313
0.12209159135818481,-1.1460007429122925,0.29993104934692383
0.11339065432548523,-1.1465535163879395,0.27929064631462097
0.10595756769180298,-1.1529630422592163,0.30590149760246277
0.09772887825965881,-1.153611660003662,0.28433477878570557
0.03294536471366882,-1.17335844039917,0.2896500527858734
0.04069375991821289,-1.1748895645141602,0.3079353868961334
0.08776834607124329,-1.1597764492034912,0.3088376522064209
0.07947352528572083,-1.159326434135437,0.2875085473060608
0.07038864493370056,-1.166925072669983,0.30907171964645386
0.06229895353317261,-1.1663017272949219,0.28841933608055115
0.05485150218009949,-1.1724485158920288,0.30811405181884766
0.04698386788368225,-1.1720682382583618,0.28868192434310913
0.0834302008152008,-1.0991601943969727,0.27356189489364624
0.06362566351890564,-1.100618600845337,0.281627357006073
0.04490974545478821,-1.1114519834518433,0.28050696849823
0.030480235815048218,-1.1251903772354126,0.2757040560245514
0.02089729905128479,-1.141987681388855,0.27027392387390137
0.0140303373336792,-1.157814383506775,0.2695453464984894
0.013758659362792969,-1.1140978336334229,0.2510438561439514
0.012192130088806152,-1.1393539905548096,0.24474206566810608
0.009073615074157715,-1.155396580696106,0.24431461095809937
0.0027847588062286377,-1.1384555101394653,0.21889512240886688
0.003115713596343994,-1.1537439823150635,0.21934060752391815
-0.009198904037475586,-1.1380611658096313,0.17640377581119537
-0.010073214769363403,-1.154453992843628,0.17565825581550598
-0.005110502243041992,-1.1526960134506226,0.19561275839805603
-0.0042286217212677,-1.137564778327942,0.19523188471794128
0.0023481398820877075,-1.116567611694336,0.22342868149280548
-0.006106153130531311,-1.1173714399337769,0.19910281896591187
-0.009823977947235107,-1.1168334484100342,0.18115559220314026
-0.006848633289337158,-1.1513452529907227,0.14661800861358643
-0.010886788368225098,-1.1541650295257568,0.16030432283878326
-0.011423051357269287,-1.1374915838241577,0.1622469425201416
-0.011518746614456177,-1.1348072290420532,0.14776656031608582
-0.0015916824340820312,-1.1310120820999146,0.13366957008838654
0.005102097988128662,-1.1474964618682861,0.1344880759716034
0.018716901540756226,-1.1265639066696167,0.13603778183460236
0.02362963557243347,-1.1425836086273193,0.13466590642929077
-0.009103387594223022,-1.113610863685608,0.1548106074333191
-0.008772879838943481,-1.1160019636154175,0.1675851196050644
-0.004180729389190674,-1.1101552248001099,0.14102280139923096
0.013016879558563232,-1.1066982746124268,0.1422269493341446
0.023279577493667603,-1.1064189672470093,0.15683899819850922
0.03223395347595215,-1.1254621744155884,0.15143254399299622
0.03767743706703186,-1.1397942304611206,0.14748305082321167
0.09644994139671326,-1.1122870445251465,0.2635723650455475
0.10022252798080444,-1.1258213520050049,0.2580738961696625
0.03249001502990723,-1.0974725484848022,0.26229536533355713
0.05212682485580444,-1.0877611637115479,0.26167187094688416
0.06763657927513123,-1.0908609628677368,0.2448309063911438
0.08147874474525452,-1.1102259159088135,0.2374979555606842
0.08117213845252991,-1.1266103982925415,0.23499563336372375
0.06692767143249512,-1.1294381618499756,0.21299125254154205
0.06872478127479553,-1.1146860122680664,0.21300551295280457
0.0960196852684021,-1.1401053667068481,0.2574775516986847
0.07560059428215027,-1.1374143362045288,0.23559650778770447
0.06190100312232971,-1.1386982202529907,0.21374021470546722
0.05891492962837219,-1.132449746131897,0.19206789135932922
0.058505237102508545,-1.1183996200561523,0.19229060411453247
0.051815807819366455,-1.1349862813949585,0.17600476741790771
0.04891312122344971,-1.1209690570831299,0.17690765857696533
0.040808141231536865,-1.1235061883926392,0.1650906503200531
0.045731037855148315,-1.1370967626571655,0.162460595369339
0.041816920042037964,-1.102950930595398,0.17760568857192993
0.03245645761489868,-1.1047570705413818,0.16803589463233948
0.051558464765548706,-1.1002528667449951,0.19295166432857513
0.062082141637802124,-1.0954949855804443,0.21393300592899323
0.023599982261657715,-1.1696295738220215,0.26752322912216187
0.016025960445404053,-1.1659122705459595,0.24334214627742767
0.008923262357711792,-1.1631577014923096,0.21883413195610046
0.0022087395191192627,-1.1632716655731201,0.19471001625061035
-0.0002509951591491699,-1.163278579711914,0.17494052648544312
-0.00018256902694702148,-1.1626862287521362,0.1615719199180603
0.013169258832931519,-1.1557585000991821,0.14121496677398682
0.0030498504638671875,-1.1602213382720947,0.14975832402706146
0.0258978009223938,-1.1526376008987427,0.14100214838981628
0.037286460399627686,-1.1507856845855713,0.15154936909675598
0.04484272003173828,-1.150120496749878,0.16330966353416443
0.055142760276794434,-1.1430727243423462,0.19281308352947235
0.05014157295227051,-1.1473376750946045,0.1765415519475937
0.04759913682937622,-1.0811723470687866,0.1882755160331726
0.036190614104270935,-1.0834800004959106,0.17426788806915283
0.02611386775970459,-1.0852229595184326,0.16647185385227203
0.00701904296875,-1.08709716796875,0.1461707353591919
0.016537070274353027,-1.0864142179489136,0.1585942953824997
0.08393576741218567,-1.1497665643692017,0.2606324255466461
0.06715446710586548,-1.1561193466186523,0.2638130486011505
0.051160603761672974,-1.163523554801941,0.2651277184486389
0.03670850396156311,-1.1689598560333252,0.2661774158477783
0.026950567960739136,-1.1664241552352905,0.2421351820230484
0.03918236494064331,-1.1617213487625122,0.24067579209804535
0.053321272134780884,-1.1548930406570435,0.23856277763843536
0.0665946900844574,-1.1461631059646606,0.23704937100410461
0.019645512104034424,-1.164655327796936,0.21777008473873138
0.030956387519836426,-1.1613495349884033,0.2166425585746765
0.04339563846588135,-1.155809998512268,0.214566171169281
0.0545097291469574,-1.1477789878845215,0.21420440077781677
0.04861879348754883,-1.152337908744812,0.19269156455993652
0.0376514196395874,-1.1581213474273682,0.19207632541656494
0.02593103051185608,-1.1620851755142212,0.19396018981933594
0.014509111642837524,-1.1642749309539795,0.19434213638305664
0.011431246995925903,-1.163608431816101,0.17584992945194244
0.022449910640716553,-1.1615716218948364,0.17650598287582397
0.03326326608657837,-1.1581324338912964,0.17565637826919556
0.042732954025268555,-1.154665231704712,0.17629486322402954
0.010906487703323364,-1.1630626916885376,0.164237380027771
0.017348527908325195,-1.159358024597168,0.14847278594970703
0.012259036302566528,-1.1616624593734741,0.15525822341442108
0.025386512279510498,-1.1574954986572266,0.1477903127670288
0.03256002068519592,-1.1564995050430298,0.15548554062843323
0.03795310854911804,-1.1558736562728882,0.16519583761692047
0.02998492121696472,-1.1585484743118286,0.16575297713279724
0.026856034994125366,-1.1585289239883423,0.15819227695465088
0.02016863226890564,-1.1608173847198486,0.16637960076332092
0.01940774917602539,-1.1602561473846436,0.1586233377456665
0.023919105529785156,-1.1584452390670776,0.1529378592967987
0.02014639973640442,-1.1593024730682373,0.15327425301074982
0.008421972393989563,-1.0932759046554565,0.23045124113559723
-0.007269877940416336,-0.7106741070747375,0.2192046344280243
0.00287831574678421,-0.7073577046394348,0.20587217807769775
-0.022641273215413094,-0.7098331451416016,0.22591730952262878
-0.13115310668945312,-0.3026646673679352,0.12057386338710785
-0.11621034890413284,-0.11758355796337128,0.12093846499919891
-0.1211613118648529,-0.07948539406061172,0.12429864704608917
-0.11886680126190186,-0.09876368194818497,0.12152154743671417
-0.12780308723449707,-0.3270692527294159,0.13050930202007294
-0.1459217220544815,-0.03393358364701271,0.07110937684774399
-0.11538209021091461,0.11134137213230133,0.17005395889282227
0.02640177309513092,0.32763978838920593,0.33144959807395935
0.02631337195634842,0.3251243829727173,0.32778608798980713
0.025357909500598907,0.3244056701660156,0.3243984282016754
0.02371063083410263,0.32369884848594666,0.32090556621551514
0.022617101669311523,0.3245086967945099,0.317159503698349
0.023828111588954926,0.3271450102329254,0.31387242674827576
0.023688390851020813,0.32748666405677795,0.3238942325115204
0.02628140151500702,0.33149078488349915,0.3225095272064209
0.027279511094093323,0.33215010166168213,0.3248039782047272
0.024785123765468597,0.3281574547290802,0.3264971077442169
