0.047829627990722656,0.514979898929596,0.09369523078203201
0.04262586683034897,0.5025635957717896,0.10402213037014008
0.05335109308362007,0.4972084164619446,0.09528248757123947
0.05892829969525337,0.5058155655860901,0.08408069610595703
0.05008308216929436,0.48963087797164917,0.10355230420827866
0.03989071771502495,0.49220526218414307,0.11015663295984268
0.06040308251976967,0.48934757709503174,0.08620304614305496
0.06543529033660889,0.49406760931015015,0.07467000186443329
0.06678611785173416,0.451862633228302,0.08225133270025253
0.07100404798984528,0.44539088010787964,0.07356398552656174
0.07049431651830673,0.4579785168170929,0.07256297022104263
0.06516112387180328,0.46119558811187744,0.08113055676221848
0.06613874435424805,0.42495250701904297,0.08452901989221573
0.05997908115386963,0.41765499114990234,0.09441008418798447
0.06288495659828186,0.4064726233482361,0.08662665635347366
0.06807339936494827,0.41356760263442993,0.07535125315189362
0.026344548910856247,0.4368058741092682,0.11516588926315308
0.03187916427850723,0.42981064319610596,0.11540920287370682
0.03589484095573425,0.436475932598114,0.11288608610630035
0.029702408239245415,0.4425557255744934,0.11263611167669296
0.017220549285411835,0.4484196603298187,0.11967683583498001
0.018390443176031113,0.4529987871646881,0.11507302522659302
0.013607451692223549,0.4581066071987152,0.11977674067020416
0.013349219225347042,0.4529942274093628,0.12566272914409637
0.02090143971145153,0.43154242634773254,0.11698808521032333
0.026858828961849213,0.4240826666355133,0.11714693158864975
0.021625639870762825,0.44308173656463623,0.11568626016378403
0.019707826897501945,0.43917182087898254,0.11926591396331787
0.01701890304684639,0.43544384837150574,0.13178451359272003
0.018572134897112846,0.4399935007095337,0.12923333048820496
0.015301643870770931,0.4424302279949188,0.13597731292247772
0.013953765854239464,0.4367963671684265,0.13655619323253632
0.01978154107928276,0.4324074983596802,0.12221881747245789
0.02032889612019062,0.43621718883514404,0.12446746230125427
0.01788010261952877,0.4328971803188324,0.12772388756275177
0.01630394719541073,0.42986202239990234,0.12509384751319885
0.016823451966047287,0.44457826018333435,0.12401895970106125
0.013882423751056194,0.44819530844688416,0.1308719962835312
0.00999829638749361,0.45112842321395874,0.13798801600933075
0.010913054458796978,0.4434450566768646,0.14326994121074677
0.04307820647954941,0.4145315885543823,0.11197351664304733
0.0378737598657608,0.42242440581321716,0.11454149335622787
0.03281283378601074,0.4174535870552063,0.11662622541189194
0.037771742790937424,0.4110446274280548,0.11499737948179245
0.017426813021302223,0.42575016617774963,0.12231992185115814
0.02111774869263172,0.40890589356422424,0.12632544338703156
0.021587582305073738,0.4131923317909241,0.12569481134414673
0.015517236664891243,0.4149373173713684,0.12973588705062866
0.01566302217543125,0.4107917547225952,0.13012853264808655
0.048819996416568756,0.39775657653808594,0.1059718206524849
0.04308975115418434,0.3973686099052429,0.11161302775144577
0.043594859540462494,0.3896186947822571,0.11042842268943787
0.048999663442373276,0.38836658000946045,0.10373090952634811
0.041378118097782135,0.3830825388431549,0.11079584807157516
0.04762140288949013,0.3793880045413971,0.10275605320930481
0.03754246607422829,0.36452004313468933,0.10705272108316422
0.04294278100132942,0.37112322449684143,0.10445525497198105
0.03719598427414894,0.3773084580898285,0.11290214955806732
0.03174253925681114,0.3724542260169983,0.11737947165966034
0.019095150753855705,0.37896353006362915,0.1252083033323288
0.0130070885643363,0.3782561719417572,0.1285620927810669
0.018003186210989952,0.36507168412208557,0.1287735402584076
0.024947505444288254,0.3679550290107727,0.1238606721162796
0.02029402181506157,0.4017990231513977,0.12292755395174026
0.024288615211844444,0.4012065827846527,0.1200946569442749
0.024722833186388016,0.4033797085285187,0.12204596400260925
0.02060789428651333,0.40508100390434265,0.12525391578674316
0.028390266001224518,0.40047112107276917,0.11805221438407898
0.030214229598641396,0.4001242220401764,0.11732969433069229
0.029914531856775284,0.40190377831459045,0.11840219050645828
0.028259944170713425,0.40137672424316406,0.11854548007249832
0.026240505278110504,0.40099775791168213,0.11912102997303009
0.02500190958380699,0.39897623658180237,0.11989729851484299
0.02737605571746826,0.3996269106864929,0.11860398203134537
0.021391622722148895,0.39857420325279236,0.12299831211566925
0.008647537790238857,0.39820531010627747,0.13185547292232513
0.012541648000478745,0.39822155237197876,0.13030056655406952
0.011034027673304081,0.40286991000175476,0.1284925788640976
0.00776325911283493,0.40306106209754944,0.12963540852069855
0.028196444734930992,0.4041379392147064,0.11991267651319504
0.030823690816760063,0.40589889883995056,0.1193244606256485
0.027071725577116013,0.40949270129203796,0.12218866497278214
0.025631984695792198,0.40634259581565857,0.12227152287960052
0.03373557701706886,0.4079178273677826,0.11799047887325287
0.032419294118881226,0.4029361605644226,0.11745020002126694
0.035755228251218796,0.4036719799041748,0.11608921736478806
0.029453182592988014,0.39813321828842163,0.11753938347101212
0.03252511844038963,0.39610525965690613,0.11624610424041748
0.03316551074385643,0.39930301904678345,0.1167493537068367
0.030247611925005913,0.39277446269989014,0.11739639192819595
0.026828309521079063,0.3962853252887726,0.11897444725036621
0.02324022352695465,0.39478951692581177,0.12223213165998459
0.018623370677232742,0.39375001192092896,0.1262620985507965
0.02110896073281765,0.38813671469688416,0.12388545274734497
0.02625858224928379,0.39009344577789307,0.1201973557472229
0.029105423018336296,0.41341495513916016,0.12009415030479431
0.03752404823899269,0.3982996642589569,0.1147661954164505
0.040804922580718994,0.404920756816864,0.112979456782341
0.03744467720389366,0.3929865062236786,0.11445856839418411
0.0352524071931839,0.38814467191696167,0.11514849960803986
0.0308916587382555,0.3841498792171478,0.11748570948839188
0.02513290010392666,0.38114553689956665,0.12125542014837265
0.020222729071974754,0.35424351692199707,0.11828506737947464
0.028673294931650162,0.3586837351322174,0.11351904273033142
0.03726916015148163,0.4846722185611725,0.10862833261489868
0.046055868268013,0.48306170105934143,0.10547615587711334
0.04606984928250313,0.47469693422317505,0.10184014588594437
0.04801648110151291,0.47680267691612244,0.10133926570415497
0.04283781349658966,0.47904497385025024,0.10455606877803802
0.041969772428274155,0.47621631622314453,0.10419311374425888
0.0592871755361557,0.4643092453479767,0.08669957518577576
0.05440390855073929,0.4670393764972687,0.09119339287281036
0.0547654815018177,0.46300092339515686,0.09041470289230347
0.060888875275850296,0.4575906991958618,0.0872114822268486
0.047416552901268005,0.4566090404987335,0.09941038489341736
0.051647789776325226,0.45724448561668396,0.09564734250307083
0.047975797206163406,0.46441805362701416,0.09746535867452621
0.044901713728904724,0.4640359580516815,0.10021659731864929
0.04112283140420914,0.46404752135276794,0.10236187279224396
0.03687749430537224,0.4645952582359314,0.10376386344432831
0.037294093519449234,0.45894476771354675,0.10406229645013809
0.042394258081912994,0.45744049549102783,0.10227984935045242
0.03610909357666969,0.4805386960506439,0.10589075088500977
0.02869669906795025,0.4801974296569824,0.10578425228595734
0.03016115538775921,0.4769436717033386,0.10508806258440018
0.036329496651887894,0.47730204463005066,0.10549543797969818
0.019658658653497696,0.46995991468429565,0.10138799250125885
0.02085953950881958,0.47262057662010193,0.1018446609377861
0.017228543758392334,0.4743366539478302,0.10297183692455292
0.01639631763100624,0.46971267461776733,0.10301685333251953
0.018901707604527473,0.46653103828430176,0.10371243208646774
0.02101815864443779,0.46825850009918213,0.10221991688013077
0.03922217711806297,0.5362415313720703,0.08907127380371094
0.0340854786336422,0.5209240913391113,0.10067842900753021
0.0541851744055748,0.5272878408432007,0.07881350815296173
0.06403371691703796,0.514341413974762,0.06965222209692001
0.07132400572299957,0.49911871552467346,0.06199067458510399
0.055998530238866806,0.40099841356277466,0.09746938943862915
0.05701330676674843,0.3905715346336365,0.09268665313720703
0.06464122980833054,0.39602258801460266,0.0791078507900238
0.0628584772348404,0.3844722509384155,0.07590147107839584
0.05511089786887169,0.37927815318107605,0.09112928807735443
0.040963657200336456,0.35982319712638855,0.09293697029352188
0.049944549798965454,0.36844420433044434,0.09124788641929626
0.05829811096191406,0.3727777898311615,0.07246918976306915
0.06601930409669876,0.38285571336746216,0.05388801544904709
0.06901627779006958,0.3923121392726898,0.06041078269481659
0.06946162134408951,0.39637914299964905,0.03847040608525276
0.061915796250104904,0.3730408549308777,0.04403494670987129
0.06681802123785019,0.3935520648956299,0.02952117659151554
0.04546569287776947,0.33687853813171387,0.05277109146118164
0.047906745225191116,0.3240971565246582,0.04917366802692413
0.0595032200217247,0.3299051523208618,0.033685293048620224
0.05797300115227699,0.3421621024608612,0.037598565220832825
0.06991110742092133,0.4025273025035858,0.06683149933815002
0.07219745963811874,0.46743959188461304,0.06320362538099289
0.06811726093292236,0.46935173869132996,0.07454106211662292
0.0744159072637558,0.4536042809486389,0.06184776499867439
0.0744042918086052,0.5235052704811096,0.036392323672771454
0.06985880434513092,0.5212395191192627,0.05430576950311661
0.07678277045488358,0.5042639970779419,0.049440521746873856
0.08090372383594513,0.5082405209541321,0.03338021785020828
0.04606686905026436,0.5588923692703247,0.04093452915549278
0.04456224665045738,0.5499476194381714,0.0674169659614563
0.05761012062430382,0.5379350781440735,0.06117088347673416
0.060813698917627335,0.5443246960639954,0.03944482281804085
0.08228988945484161,0.5079402923583984,0.018934020772576332
0.08304101228713989,0.5058829188346863,0.0007384461932815611
0.07909015566110611,0.5221031308174133,-0.007146837655454874
0.07704943418502808,0.525208055973053,0.01538884174078703
0.06767277419567108,0.5415024161338806,-0.01694674603641033
0.06508313119411469,0.5466710329055786,0.010863073170185089
0.0645734965801239,0.37823593616485596,0.020854882895946503
0.06573869287967682,0.3970015347003937,0.015480691567063332
0.05696098133921623,0.3566322922706604,0.04236220940947533
0.06364088505506516,0.3614473044872284,0.023219263181090355
0.049689337611198425,0.5580691695213318,-0.024635737761855125
0.04695974662899971,0.5637551546096802,0.008964159525930882
0.07227645069360733,0.47622600197792053,-0.04620702192187309
0.07550837844610214,0.4952934682369232,-0.03906011953949928
0.0810689926147461,0.4843558073043823,-0.022031856700778008
0.07857973128557205,0.4683477282524109,-0.030359741300344467
0.06238017976284027,0.48345983028411865,-0.06244124844670296
0.06531862169504166,0.5062503814697266,-0.05508309230208397
0.05913713574409485,0.4196389615535736,-0.04054150730371475
0.05198123678565025,0.40306898951530457,-0.03211609274148941
0.04319704696536064,0.4032391309738159,-0.045048054307699203
0.04957541078329086,0.41949769854545593,-0.055681660771369934
0.05695659667253494,0.48444682359695435,0.09593980759382248
0.05225084722042084,0.4796726107597351,0.10060416907072067
0.055811990052461624,0.47559812664985657,0.09498590975999832
0.06071079522371292,0.47803187370300293,0.08898225426673889
0.0648692399263382,0.4798020124435425,0.07936868071556091
0.0692148506641388,0.4814836382865906,0.06751400232315063
0.07855592668056488,0.489327073097229,0.04350057244300842
0.08245457708835602,0.4945952296257019,0.029763562604784966
0.08465668559074402,0.49244579672813416,0.004436354618519545
0.084296815097332,0.49443987011909485,0.01865956000983715
0.08273419737815857,0.4728328585624695,-0.013120551593601704
0.08096836507320404,0.46268707513809204,-0.018280483782291412
0.06472831219434738,0.4054197072982788,-0.002546133240684867
0.0620361752808094,0.38323459029197693,0.0016907894751057029
0.05565342679619789,0.38513681292533875,-0.013733207248151302
0.05867518112063408,0.4044435918331146,-0.018623607233166695
0.03776251897215843,0.38632598519325256,-0.036407917737960815
0.04693888500332832,0.3858620226383209,-0.025785451754927635
0.06057771295309067,0.3496136963367462,0.003342672483995557
0.060878533869981766,0.3354765474796295,-0.0005904299905523658
0.05533973500132561,0.3382793068885803,-0.017033087089657784
0.053950194269418716,0.351510614156723,-0.012532917782664299
0.047301460057497025,0.33807507157325745,-0.03039516508579254
0.03662572801113129,0.33722972869873047,-0.03964795172214508
0.0360063798725605,0.352395236492157,-0.03602460399270058
0.04514041543006897,0.3528888523578644,-0.025965480133891106
0.023502470925450325,0.31632208824157715,0.06898219138383865
0.02478923462331295,0.3056912422180176,0.06486987322568893
0.03756444528698921,0.30870333313941956,0.05728653073310852
0.034752655774354935,0.3199045956134796,0.060519855469465256
0.06300745904445648,0.32415062189102173,-0.006337393075227737
0.058344703167676926,0.32835114002227783,-0.02313072420656681
0.06564310938119888,0.4202129542827606,-0.024968938902020454
0.06968296319246292,0.42300358414649963,-0.012863574549555779
0.05079709365963936,0.32727178931236267,-0.036839187145233154
0.04555733501911163,0.3681428134441376,-0.023786485195159912
0.05440786853432655,0.3665761947631836,-0.011893448419868946
0.02752167358994484,0.3868825137615204,-0.04530653357505798
0.03154250606894493,0.40304234623908997,-0.0558994896709919
0.02385668270289898,0.44790908694267273,0.11267726868391037
0.027129678055644035,0.46255767345428467,0.10477878153324127
0.02776002697646618,0.4663999080657959,0.1040114089846611
0.023818891495466232,0.4673979878425598,0.10318372398614883
0.02262916974723339,0.46433550119400024,0.10428734123706818
0.016668086871504784,0.504522979259491,0.11402184516191483
0.014467929489910603,0.4881308376789093,0.11551931500434875
0.027925793081521988,0.4917330741882324,0.11451279371976852
0.030117783695459366,0.5049698948860168,0.11088825017213821
0.05460734665393829,0.43153294920921326,0.10172943770885468
0.04534495621919632,0.4384351968765259,0.1077178493142128
0.042467597872018814,0.4293944835662842,0.11163856834173203
0.048707835376262665,0.4210539758205414,0.10778288543224335
0.05146883800625801,0.46878862380981445,0.09415136277675629
0.053139470517635345,0.47090086340904236,0.09397728741168976
0.05053621530532837,0.4708567261695862,0.09647386521100998
0.04627390205860138,0.4066867530345917,0.10925190150737762
0.05298546329140663,0.4110819101333618,0.10290420800447464
0.07436201721429825,0.4385421872138977,0.0625530555844307
0.06298018246889114,0.4703961908817291,0.08352480828762054
0.02454894594848156,0.5705000758171082,0.043951839208602905
0.024350909516215324,0.5587117075920105,0.07390814274549484
0.027955813333392143,0.5704950094223022,-0.029457487165927887
0.02568807266652584,0.5744130611419678,0.007988586090505123
0.050064146518707275,0.5162108540534973,-0.06932775676250458
0.04675634950399399,0.4902549982070923,-0.07715769857168198
0.02666124328970909,0.4946152865886688,-0.08718644827604294
0.02820056490600109,0.5241091847419739,-0.07868294417858124
0.03647623211145401,0.4195299744606018,-0.06707411259412766
0.025610262528061867,0.33668702840805054,-0.04476258531212807
0.024786358699202538,0.35329556465148926,-0.04313187673687935
0.023122908547520638,0.5407322645187378,0.09380769729614258
0.019302353262901306,0.5217499136924744,0.10583005100488663
0.07415959984064102,0.4844752848148346,0.05502445623278618
0.0658530667424202,0.44309917092323303,0.08630821853876114
0.061033573001623154,0.4514104425907135,0.09061627089977264
0.05853870511054993,0.44754523038864136,0.09556351602077484
0.06282541900873184,0.43663209676742554,0.09208022058010101
0.06913428753614426,0.4334743916988373,0.07815614342689514
0.07197125256061554,0.4241360127925873,0.06668446958065033
0.07454491406679153,0.41480880975723267,0.05252892151474953
0.07193735241889954,0.40310734510421753,0.045047126710414886
0.08198913186788559,0.4985691010951996,-0.01434602402150631
0.07737009972333908,0.5116773843765259,-0.026794444769620895
0.06729565560817719,0.5269798636436462,-0.04052933678030968
0.05129407346248627,0.5410873293876648,-0.05222423002123833
0.08363837003707886,0.48813700675964355,-0.008426115848124027
0.02881043776869774,0.5520216822624207,-0.060013145208358765
0.0147810447961092,0.4196757674217224,0.12812931835651398
0.021880095824599266,0.41902968287467957,0.12281344830989838
0.012920998968183994,0.4243070185184479,0.12731607258319855
0.01376417838037014,0.39307889342308044,0.12935680150985718
0.009315747767686844,0.39282840490341187,0.13110817968845367
0.0102474894374609,0.38670745491981506,0.1281476467847824
0.015444383956491947,0.3871372938156128,0.12659427523612976
0.020432105287909508,0.34877386689186096,0.10281367599964142
0.030252238735556602,0.3533175587654114,0.09780911356210709
0.022577384486794472,0.3265964686870575,0.07466240972280502
0.033065617084503174,0.33075636625289917,0.06536643952131271
0.012680331245064735,0.43407678604125977,0.13057106733322144
0.010964944958686829,0.43436959385871887,0.13103309273719788
0.010709633119404316,0.4332851469516754,0.12887811660766602
0.012894164770841599,0.43315720558166504,0.12839223444461823
0.02666613832116127,0.40247586369514465,0.12002583593130112
0.010629616677761078,0.4111659526824951,0.13240693509578705
0.007307698484510183,0.410905122756958,0.1330326497554779
0.00746174855157733,0.4070335626602173,0.13156622648239136
0.010779401287436485,0.4071406424045563,0.13083314895629883
0.047619983553886414,0.35973992943763733,0.07007932662963867
0.04491517320275307,0.3490307629108429,0.05868275836110115
0.06340828537940979,0.331587553024292,0.01819424517452717
0.06320273131132126,0.3457741141319275,0.02147616818547249
0.06088097020983696,0.36518552899360657,0.004122467711567879
0.03540661558508873,0.370105117559433,-0.035066794604063034
0.026328526437282562,0.3696167767047882,-0.043708574026823044
-0.00033614333369769156,0.3724236488342285,-0.05020849406719208
-0.00022242291015572846,0.38811710476875305,-0.05371851474046707
0.014276876114308834,0.3872200846672058,-0.051859401166439056
0.012689637020230293,0.3711641728878021,-0.04829678684473038
0.032502539455890656,0.34855759143829346,0.08248668909072876
0.021641431376338005,0.3439030349254608,0.08921132981777191
0.022484274581074715,0.33675798773765564,0.080324187874794
0.032706163823604584,0.3413379490375519,0.07169472426176071
0.007114320993423462,0.4309926927089691,0.13244163990020752
0.005764544941484928,0.4299626350402832,0.13417571783065796
0.006226566154509783,0.42741841077804565,0.13150285184383392
0.008043773472309113,0.42972174286842346,0.1304488182067871
0.01375734992325306,0.4309696853160858,0.12662625312805176
0.011361351236701012,0.429924339056015,0.1269226223230362
0.011826003901660442,0.42773929238319397,0.12698021531105042
0.014286186546087265,0.43399903178215027,0.13114739954471588
0.014725232496857643,0.4324139356613159,0.12838056683540344
0.0094345323741436,0.43497124314308167,0.13621081411838531
0.012391116470098495,0.43479102849960327,0.1344170868396759
0.009606188163161278,0.4354025423526764,0.14138153195381165
0.008703373372554779,0.4321284294128418,0.1308155208826065
0.009247495792806149,0.4307588040828705,0.12918436527252197
0.012589942663908005,0.4320463240146637,0.12712912261486053
0.010820354335010052,0.43174147605895996,0.12743549048900604
0.00964764878153801,0.43485894799232483,0.13403113186359406
0.011542947962880135,0.4346078932285309,0.1326531320810318
0.00922425091266632,0.45716530084609985,0.13165578246116638
0.0029852993320673704,0.4585123658180237,0.13463246822357178
0.0030563336331397295,0.4519667625427246,0.1410302221775055
0.003182269399985671,0.44398394227027893,0.14677198231220245
0.003189654089510441,0.43526899814605713,0.14473684132099152
0.012862401083111763,0.33389103412628174,0.08485614508390427
0.013100451789796352,0.3238879144191742,0.0796327069401741
0.003370131365954876,0.521447479724884,0.10625782608985901
0.003256747964769602,0.5032922625541687,0.11387992650270462
0.027558347210288048,0.4008890986442566,0.11845128238201141
0.02791484259068966,0.48428240418434143,0.1086982861161232
0.05230998620390892,0.44623175263404846,0.1012524664402008
0.03132752701640129,0.4484902024269104,0.10931020975112915
0.03785330429673195,0.4438720643520355,0.1091402992606163
0.03793346509337425,0.4515664875507355,0.10605737566947937
0.03182784095406532,0.4546717703342438,0.10664999485015869
0.018613189458847046,0.4814468324184418,0.1088404655456543
0.009474351070821285,0.4779551327228546,0.11454315483570099
0.01307095866650343,0.475972980260849,0.1076669692993164
0.012630315497517586,0.46934807300567627,0.10816416889429092
0.009921828284859657,0.4691948890686035,0.11728202551603317
0.014265279285609722,0.46182844042778015,0.11350516974925995
0.01585359498858452,0.4640767574310303,0.10717085003852844
0.04873253405094147,0.4729057550430298,0.09905823320150375
0.051099155098199844,0.4741990864276886,0.09752197563648224
0.01945428177714348,0.45690256357192993,0.11056814342737198
0.025122731924057007,0.4526544511318207,0.10927917063236237
0.026008984073996544,0.4575706720352173,0.10636170953512192
0.020683763548731804,0.46043598651885986,0.10649650543928146
0.044652167707681656,0.4484558701515198,0.10438728332519531
0.057721097022295,0.4706989824771881,0.08982785791158676
0.05404754728078842,0.4594932198524475,0.09226938337087631
0.07301010936498642,0.4289390444755554,-0.003790125949308276
0.06939706206321716,0.4177117645740509,0.003396970685571432
0.07599181681871414,0.4083924889564514,0.025362642481923103
0.07387422770261765,0.4042760133743286,0.028453750535845757
0.0688101276755333,0.4065169095993042,0.023288998752832413
0.07376296818256378,0.4107622802257538,0.020535748451948166
0.08447478711605072,0.46281173825263977,0.004250694997608662
0.0838765949010849,0.47007647156715393,0.0007532594026997685
0.08446240425109863,0.47131630778312683,0.00837157666683197
0.08382813632488251,0.46361806988716125,0.007354154251515865
0.0834960862994194,0.4672573208808899,0.013972770422697067
0.08334679156541824,0.4706021547317505,0.01650530844926834
0.08292964845895767,0.46235185861587524,0.01791440322995186
0.08293946087360382,0.4626132547855377,0.014272396452724934
0.08435726910829544,0.48165076971054077,0.01755298487842083
0.08199631422758102,0.47970664501190186,0.027727428823709488
0.0811932310461998,0.4677599370479584,0.024295756593346596
0.07646661251783371,0.46572673320770264,0.0484769381582737
0.07709950953722,0.4538689851760864,0.03576550632715225
0.07862859219312668,0.4622443914413452,0.030662264674901962
0.07873902469873428,0.47445034980773926,0.03756533935666084
0.07458187639713287,0.4096623361110687,0.03279520198702812
0.0744832381606102,0.41775017976760864,0.0362221784889698
0.0676264613866806,0.4103447496891022,0.014005163684487343
0.001459725433960557,0.49682581424713135,-0.08962687849998474
0.001749856979586184,0.5285884737968445,-0.08087443560361862
0.06919010728597641,0.45650219917297363,-0.04814108461141586
0.05868852511048317,0.46086087822914124,-0.06375719606876373
0.07600293308496475,0.4522695243358612,-0.03312785178422928
0.07835140079259872,0.4500672221183777,-0.019781436771154404
0.04392460733652115,0.46464720368385315,-0.07750868797302246
0.024309862405061722,0.46704936027526855,-0.08757242560386658
0.07708220183849335,0.4480462074279785,0.04942416772246361
0.07624133676290512,0.44161614775657654,0.037509240210056305
0.06538520753383636,0.4371076226234436,-0.04646064341068268
0.054029643535614014,0.43949323892593384,-0.06159840151667595
0.07183858007192612,0.43570539355278015,-0.031244011595845222
0.07492945343255997,0.43694207072257996,-0.018038475885987282
0.03970428556203842,0.44107452034950256,-0.07414351403713226
0.01922513172030449,0.41827884316444397,-0.07344254106283188
0.022402266040444374,0.44061753153800964,-0.08200053870677948
0.07817548513412476,0.41935116052627563,0.02415653131902218
0.07628185302019119,0.4182431697845459,0.028947656974196434
0.07610902190208435,0.41181325912475586,0.02790667861700058
0.0794878676533699,0.41356590390205383,0.026107238605618477
0.0764937624335289,0.4322909116744995,0.049785979092121124
0.07593069970607758,0.42926025390625,0.03700192645192146
0.009659793227910995,0.4630248248577118,0.125441312789917
0.0028140780050307512,0.47165796160697937,0.12239794433116913
0.0029563496354967356,0.4650305509567261,0.12856708467006683
0.00280560995452106,0.479050874710083,0.11765225231647491
0.0021307761780917645,0.5776102542877197,0.008392645046114922
0.002159268595278263,0.5736681818962097,0.04557402804493904
0.001947847194969654,0.5561016798019409,-0.06165982410311699
0.0021033184602856636,0.5733145475387573,-0.030336223542690277
0.007796821184456348,0.37820273637771606,0.1303107887506485
0.010451170615851879,0.3639393448829651,0.13131800293922424
0.009709375910460949,0.41988319158554077,0.13092242181301117
0.0064754667691886425,0.41912761330604553,0.13156530261039734
0.006991719361394644,0.41487956047058105,0.1326616406440735
0.010349846445024014,0.41544997692108154,0.13209332525730133
0.021885963156819344,0.4780334234237671,0.10434488952159882
0.01644059270620346,0.40275976061820984,-0.06217173486948013
0.011735900305211544,0.3544186055660248,-0.04669278487563133
0.012441744096577168,0.33773961663246155,-0.047379132360219955
0.03935976326465607,0.3254896104335785,-0.045927852392196655
0.026446916162967682,0.3235456347465515,-0.050822481513023376
0.006084669381380081,0.4233376681804657,0.13105171918869019
0.008940900675952435,0.42397579550743103,0.13000115752220154
0.008806873112916946,0.4341248571872711,0.13263438642024994
0.01540690939873457,0.40659481287002563,0.12876462936401367
0.008716764859855175,0.42715945839881897,0.12944695353507996
0.009383175522089005,0.42943501472473145,0.1288895457983017
0.004113456699997187,0.42677414417266846,0.1322336345911026
0.00437177112326026,0.4229147434234619,0.13117538392543793
0.032110925763845444,0.46075931191444397,0.10491485893726349
0.03231234848499298,0.46544840931892395,0.10429805517196655
0.00670854514464736,0.4319940507411957,0.1377735286951065
0.007429711055010557,0.4330134689807892,0.13503649830818176
0.00317364651709795,0.4311152696609497,0.13853135704994202
0.05071604624390602,0.3125878572463989,0.04556189849972725
0.061190564185380936,0.31702783703804016,0.029437564313411713
0.005018248688429594,0.4107127785682678,0.13308227062225342
0.005072873551398516,0.4067911207675934,0.13175489008426666
0.0021656479220837355,0.5612233281135559,0.07575112581253052
-0.0013878681929782033,0.4181719720363617,-0.07325063645839691
0.0006779402028769255,0.43977993726730347,-0.0829019770026207
0.07795914262533188,0.44604191184043884,0.028004370629787445
0.0797719657421112,0.4415663480758667,0.022558480501174927
0.08113032579421997,0.44864368438720703,0.02026883140206337
0.079681895673275,0.45373302698135376,0.02549951896071434
0.01365951169282198,0.31389161944389343,0.07400164008140564
0.06457077711820602,0.32018837332725525,0.011534145101904869
0.012669626623392105,0.3236370086669922,-0.053309760987758636
0.05126344412565231,0.4669174551963806,0.09377963840961456
0.05004907771945,0.4654136598110199,0.09506188333034515
0.02465023472905159,0.4753437638282776,0.10330310463905334
0.0014711101539433002,0.4674598276615143,-0.09001322835683823
0.017044968903064728,0.3983016014099121,0.12717022001743317
0.015339123085141182,0.40250158309936523,0.12626482546329498
-0.0008350658463314176,0.3562197685241699,-0.047947295010089874
0.012411980889737606,0.3412148654460907,0.09275328367948532
0.004169797524809837,0.4294078052043915,0.1350490003824234
-0.00019981439982075244,0.40235042572021484,-0.06336286664009094
0.08357469737529755,0.4552847445011139,0.011797062121331692
0.08527596294879913,0.4536997675895691,0.01506812684237957
0.08467207849025726,0.45031219720840454,0.014784252271056175
0.08297671377658844,0.4511597156524658,0.013269620947539806
0.08619725704193115,0.4574016034603119,0.01957782171666622
0.0873289704322815,0.4537218511104584,0.017489071935415268
0.08903612196445465,0.4567412734031677,0.016238393262028694
0.08762095123529434,0.46080338954925537,0.017345264554023743
0.08174218237400055,0.459393709897995,0.021978508681058884
0.08400968462228775,0.45343828201293945,0.020595300942659378
0.09004174917936325,0.4588302969932556,0.014241018332540989
0.08994963765144348,0.46182361245155334,0.015263594686985016
0.08722037076950073,0.46349167823791504,0.014082338660955429
0.08357904106378555,0.4634423851966858,0.010809119790792465
0.09245076030492783,0.46260422468185425,0.011708889156579971
0.08871503174304962,0.4647969901561737,0.009603925980627537
0.0954122319817543,0.4615984261035919,0.006782181560993195
0.09068253636360168,0.46418339014053345,0.004233716055750847
0.09679849445819855,0.45814719796180725,0.001277400879189372
0.09111156314611435,0.4601888954639435,-0.0013932599686086178
0.0772198811173439,0.42598068714141846,0.029084064066410065
0.07756099104881287,0.4260844588279724,0.02181670442223549
0.0974670797586441,0.45247882604599,-0.0019258284009993076
0.09072627127170563,0.45332038402557373,-0.003988141659647226
0.09688249230384827,0.4451678991317749,-0.003370953258126974
0.09031128883361816,0.4456593096256256,-0.004851813893765211
0.09504023939371109,0.43788519501686096,-0.0025713478680700064
0.0896766185760498,0.43765711784362793,-0.003989559598267078
0.09346959739923477,0.4305976629257202,-0.0003887861967086792
0.08808698505163193,0.42939767241477966,-0.0015495464904233813
0.09122714400291443,0.42374783754348755,0.003983192145824432
0.0855342298746109,0.4202044606208801,0.0028574042953550816
0.09190001338720322,0.45959779620170593,0.0057831439189612865
0.0931464210152626,0.45615965127944946,0.001973331905901432
0.08255638182163239,0.4588940143585205,0.0022559647914022207
0.0906158909201622,0.46064838767051697,0.010527440346777439
0.08267968893051147,0.4451018273830414,0.0077534629963338375
0.08088904619216919,0.44759541749954224,0.00745379040017724
0.08195438235998154,0.44553855061531067,0.008456132374703884
0.08057985454797745,0.44422656297683716,0.005813827272504568
0.07886190712451935,0.4337370991706848,0.02278977818787098
0.08000081032514572,0.4334687292575836,0.01873392052948475
0.08040816336870193,0.4391496479511261,0.01866704225540161
0.07840725779533386,0.42923304438591003,0.01841287687420845
0.07737217098474503,0.43062546849250793,0.017116079106926918
0.07703955471515656,0.43424591422080994,0.017207171767950058
0.07657400518655777,0.4389147460460663,0.01669737510383129
0.07787728309631348,0.4290198087692261,0.015283409506082535
0.07931693643331528,0.42722517251968384,0.016200222074985504
0.07666163146495819,0.43028223514556885,0.014718914404511452
0.07622908800840378,0.43117472529411316,0.01574413664638996
0.07520682364702225,0.4334159195423126,0.014697065576910973
0.07604193687438965,0.4368821382522583,0.012265754863619804
0.07759267836809158,0.43624821305274963,0.029116354882717133
0.07755212485790253,0.43268027901649475,0.0032041086815297604
0.07487303018569946,0.4237830936908722,0.007302063517272472
0.08806801587343216,0.41870182752609253,0.009933033026754856
0.08420875668525696,0.4126618802547455,0.009864985942840576
0.08246572315692902,0.41002488136291504,0.023715641349554062
0.08406873792409897,0.40833187103271484,0.01751917600631714
0.08107983320951462,0.4534321427345276,0.00043510584509931505
0.08094042539596558,0.446797639131546,-0.000825144408736378
0.0734330490231514,0.41728174686431885,0.014244744554162025
0.08009763807058334,0.4399605691432953,-0.0002698709722608328
0.0895269587635994,0.4279206097126007,0.005230430513620377
0.0864076018333435,0.42459166049957275,0.009330869652330875
0.09193166345357895,0.4327530860900879,0.001793706207536161
0.08058758080005646,0.42376628518104553,0.018146978691220284
0.08207938075065613,0.4175063669681549,0.02065758965909481
0.08548077940940857,0.4169469177722931,0.015754802152514458
0.08311215043067932,0.42310792207717896,0.013586263172328472
0.08816223591566086,0.4312078058719635,0.00747033953666687
0.08430544286966324,0.42864885926246643,0.009682320058345795
0.08472039550542831,0.4341285824775696,0.007377877365797758
0.08110396564006805,0.43175312876701355,0.00919694546610117
0.07888539135456085,0.42964625358581543,0.012329261749982834
0.08096570521593094,0.42721283435821533,0.012772238813340664
0.0769411250948906,0.4340257942676544,0.008564567193388939
0.08069328963756561,0.43749168515205383,0.006681604776531458
0.07636543363332748,0.43138647079467773,0.012288080528378487
0.08769650012254715,0.43703487515449524,0.0066799321211874485
0.08993708342313766,0.4408895969390869,0.005647892132401466
0.08751789480447769,0.4435347616672516,0.008047051727771759
0.0842280313372612,0.440378338098526,0.006850180681794882
0.09276033937931061,0.4387471377849579,-0.00047644710866734385
0.09238757938146591,0.43939247727394104,0.002999363001435995
0.09062179923057556,0.434845894575119,0.004833677317947149
0.09310583025217056,0.44497230648994446,0.001838182215578854
0.09340815991163254,0.4454205334186554,-0.0012896379921585321
0.09110211580991745,0.4451092481613159,0.004318337421864271
0.08946423977613449,0.4461946487426758,0.006553062703460455
0.09229431301355362,0.45414042472839355,0.0040235333144664764
0.09307917952537537,0.4500337839126587,0.0023501880932599306
0.09386274963617325,0.4516163170337677,-0.0005444971611723304
0.09173396229743958,0.4488760530948639,0.004906648304313421
0.09089978039264679,0.4520939588546753,0.006029292941093445
0.08934035152196884,0.4501713514328003,0.007214907556772232
0.09022672474384308,0.44853025674819946,0.005985762923955917
0.08787895739078522,0.45843982696533203,0.012841754592955112
0.08653875440359116,0.4566596448421478,0.01452882681041956
0.08916568756103516,0.45843422412872314,0.00997170526534319
0.08691858500242233,0.45868775248527527,0.010897924192249775
0.0876651257276535,0.45611533522605896,0.010017859749495983
0.08542456477880478,0.45767971873283386,0.011283264495432377
0.08661302924156189,0.45394858717918396,0.010813548229634762
0.08457715064287186,0.45107290148735046,0.011067407205700874
0.028634455054998398,0.2824092209339142,0.06052953004837036
0.026770094409585,0.29373592138290405,0.061942413449287415
0.014601743780076504,0.2908271551132202,0.06607352197170258
0.015258883126080036,0.28029701113700867,0.06337784975767136
0.08814757317304611,0.4518977403640747,0.009373331442475319
0.08933449536561966,0.45432808995246887,0.008000528439879417
0.09078679233789444,0.4571225047111511,0.006707773543894291
0.08562490344047546,0.44739800691604614,0.00902058370411396
0.08720064163208008,0.44635510444641113,0.008658578619360924
0.08820470422506332,0.44798049330711365,0.00830407440662384
0.08654743432998657,0.44946688413619995,0.009640096686780453
0.0805075466632843,0.4435228705406189,0.017752770334482193
0.07874505966901779,0.4418296813964844,0.014282957650721073
0.07916278392076492,0.43934375047683716,0.010435366071760654
0.06419427692890167,0.2714881896972656,0.0387275256216526
0.07842958718538284,0.2801847755908966,0.023936405777931213
0.07330651581287384,0.28780391812324524,0.021183297038078308
0.05992201343178749,0.28053179383277893,0.03597510978579521
0.07509458065032959,0.2508440911769867,0.05732697248458862
0.07782097160816193,0.23376919329166412,0.06786531209945679
0.09768032282590866,0.2386830449104309,0.05964549630880356
0.09681035578250885,0.25871193408966064,0.039109863340854645
0.09730496257543564,0.22021876275539398,0.07319705188274384
0.07812418043613434,0.21664339303970337,0.07817472517490387
0.0913231372833252,0.17004679143428802,0.10461293905973434
0.09379124641418457,0.18609561026096344,0.09491287171840668
0.07533974945545197,0.1846465766429901,0.09845007210969925
0.07338263839483261,0.16891101002693176,0.10804318636655807
0.10994569212198257,0.09281133115291595,0.1280670166015625
0.09806559234857559,0.09467054903507233,0.13181084394454956
0.09076859056949615,0.07890389859676361,0.13246719539165497
0.10387300699949265,0.07545696943998337,0.1271166354417801
0.16664668917655945,0.19389601051807404,0.0679301768541336
0.17788754403591156,0.18318231403827667,0.06391149759292603
0.18100424110889435,0.2031717151403427,0.058834075927734375
0.16825932264328003,0.21310052275657654,0.060783501714468
0.1048591360449791,0.2932802736759186,-0.01339177880436182
0.0967765673995018,0.2968372702598572,-0.015665512531995773
0.09364145249128342,0.28267475962638855,0.0070898281410336494
0.10240163654088974,0.2778509259223938,0.01174810528755188
0.15496619045734406,0.10436136275529861,0.0801570937037468
0.15055571496486664,0.11385302245616913,0.09023378789424896
0.14539490640163422,0.10210759937763214,0.09715300798416138
0.14934304356575012,0.09263445436954498,0.08914157748222351
0.1302102953195572,0.0056409891694784164,0.09733004122972488
0.11476649343967438,0.005300733260810375,0.11460349708795547
0.11324673891067505,-0.016493134200572968,0.11583291739225388
0.12934911251068115,-0.016058558598160744,0.09783580899238586
0.1681658923625946,0.027933409437537193,0.02177753485739231
0.16559594869613647,0.007865993306040764,0.02370814047753811
0.16486817598342896,0.007616340648382902,-0.005743287969380617
0.16786274313926697,0.025433726608753204,-0.007702416740357876
0.1232815533876419,0.16998107731342316,0.09583614766597748
0.1266554594039917,0.18651621043682098,0.08637937903404236
0.11103416979312897,0.18672211468219757,0.09084376692771912
0.10809046775102615,0.17054621875286102,0.1003839522600174
0.3606167137622833,0.23298059403896332,0.018486442044377327
0.3339691460132599,0.23243437707424164,0.01949921064078808
0.33477282524108887,0.21564023196697235,0.020532647147774696
0.3614805042743683,0.2162161022424698,0.018909959122538567
0.15971732139587402,-0.09048169106245041,0.037562016397714615
0.1617954671382904,-0.10913386195898056,0.040414437651634216
0.16307762265205383,-0.10446730256080627,0.011112593114376068
0.15972261130809784,-0.0864463746547699,0.009929920546710491
0.2201002687215805,0.2619653642177582,0.02930022031068802
0.21933884918689728,0.2792399823665619,0.009774669073522091
0.20534276962280273,0.28363844752311707,0.00946645624935627
0.20556771755218506,0.26722776889801025,0.030695298686623573
0.16652727127075195,0.15454259514808655,0.07246291637420654
0.17206697165966034,0.16758064925670624,0.06833046674728394
0.16344483196735382,0.17730478942394257,0.07398512214422226
0.1586378961801529,0.16223470866680145,0.07959304749965668
0.1741694211959839,0.05874476954340935,-0.01447972096502781
0.1772218644618988,0.07649493217468262,-0.018622687086462975
0.17579036951065063,0.07942599803209305,0.0023155694361776114
0.17393650114536285,0.06178337335586548,0.009454072453081608
0.1714448481798172,0.04480138421058655,0.01577799767255783
0.17110788822174072,0.041938964277505875,-0.010787923820316792
0.14868730306625366,0.166169673204422,0.08539722859859467
0.15197667479515076,0.18358945846557617,0.07815193384885788
0.14031164348125458,0.1855698674917221,0.08213858306407928
0.13674508035182953,0.16851463913917542,0.09090179949998856
0.08271236717700958,0.06388136744499207,0.13217292726039886
0.09896259754896164,0.059588730335235596,0.12527327239513397
0.15294300019741058,-0.11489880084991455,0.06818170100450516
0.15248650312423706,-0.09522265940904617,0.06470689922571182
0.1395592987537384,-0.10032087564468384,0.08844640851020813
0.13867448270320892,-0.12092457711696625,0.09178293496370316
0.09817618876695633,0.02607228234410286,0.1256086826324463
0.11496920138597488,0.02509375475347042,0.11352238059043884
0.11310092359781265,0.04306205362081528,0.11462435871362686
0.09736078232526779,0.04421098157763481,0.12470526248216629
0.12053382396697998,-0.12595555186271667,0.11190254241228104
0.1221119686961174,-0.10473757237195969,0.10891110450029373
0.10227729380130768,-0.107547827064991,0.12705056369304657
0.10055781900882721,-0.1305965632200241,0.1302925944328308
0.09601036459207535,0.20265017449855804,0.08439689874649048
0.07702688872814178,0.2003292441368103,0.08832388371229172
0.12926539778709412,0.09243994206190109,0.11517868936061859
0.1206381693482399,0.09213824570178986,0.12240143865346909
0.11583700776100159,0.07466398179531097,0.1206122413277626
0.12591342628002167,0.07563687860965729,0.11326000094413757
0.1833658516407013,0.15178601443767548,0.040652766823768616
0.19260196387767792,0.16344799101352692,0.03634113073348999
0.19351732730865479,0.18721726536750793,0.05126258358359337
0.18496073782444,0.1682068258523941,0.0550764799118042
0.1655842661857605,-0.12262475490570068,0.013420825824141502
0.16294747591018677,-0.1279321014881134,0.043378375470638275
0.11884600669145584,-0.14828062057495117,0.1131015345454216
0.09949515759944916,-0.15418124198913574,0.13126550614833832
0.2287060022354126,0.15155667066574097,-0.032966647297143936
0.2264624834060669,0.1551474630832672,-0.018992409110069275
0.21453051269054413,0.1428426057100296,-0.017407894134521484
0.21849533915519714,0.13988491892814636,-0.03135302662849426
0.058456338942050934,0.0957384705543518,0.13686269521713257
0.06765414774417877,0.07542899996042252,0.13618509471416473
0.07990188151597977,0.08852238953113556,0.1356041580438614
0.0738455206155777,0.10472670197486877,0.13528189063072205
0.1242767721414566,0.059543486684560776,0.10798751562833786
0.11279041320085526,0.0585712306201458,0.11688701063394547
0.12639692425727844,0.0443381704390049,0.10328960418701172
0.041936129331588745,0.08546025305986404,0.13569912314414978
0.05348517373204231,0.05833343788981438,0.13697406649589539
0.057280074805021286,0.19809678196907043,0.0925832986831665
0.056038998067379,0.18287912011146545,0.10182562470436096
0.0580773763358593,0.21343380212783813,0.0839102640748024
0.057173699140548706,0.22928056120872498,0.07525084167718887
0.03747468814253807,0.22624067962169647,0.08076855540275574
0.03804551437497139,0.21062621474266052,0.08847581595182419
0.054958295077085495,0.24466709792613983,0.06734275072813034
0.03563850000500679,0.2410707324743271,0.07342161983251572
0.046926867216825485,0.2649548649787903,0.05046737566590309
0.0440342091023922,0.2751729488372803,0.048204243183135986
0.17733433842658997,0.15505199134349823,0.0587073378264904
0.17058420181274414,0.14364229142665863,0.06214480847120285
0.13734230399131775,-0.14183257520198822,0.09358599781990051
0.11614500731229782,0.22224590182304382,-0.10880474001169205
0.13538581132888794,0.22865092754364014,-0.10147590190172195
0.13375471532344818,0.21022111177444458,-0.10623489320278168
0.11451637744903564,0.2031126618385315,-0.11418720334768295
0.11577647924423218,0.2791502773761749,0.01321878470480442
0.1144358217716217,0.2935165464878082,-0.012289395555853844
0.19655942916870117,0.16143277287483215,-0.07720933109521866
0.19755569100379944,0.15084369480609894,-0.07299245148897171
0.18692006170749664,0.14177466928958893,-0.07751776278018951
0.18461477756500244,0.15450263023376465,-0.08162248134613037
0.22772394120693207,0.15506020188331604,-0.05480954051017761
0.22548282146453857,0.1616029143333435,-0.06136573851108551
0.24112866818904877,0.16978631913661957,-0.0640546903014183
0.24316464364528656,0.1634436696767807,-0.05701281875371933
0.15771444141864777,-0.10082749277353287,-0.01582113839685917
0.1535237580537796,-0.08301408588886261,-0.01682407781481743
0.14032801985740662,0.038477253168821335,-0.0772610455751419
0.14808672666549683,0.05647842213511467,-0.07488664239645004
0.1593121737241745,0.04858624190092087,-0.056841492652893066
0.15376396477222443,0.030937474220991135,-0.05746069177985191
0.015503795817494392,0.190249502658844,-0.11022789031267166
0.03406188264489174,0.19393236935138702,-0.1159927025437355
0.03422197699546814,0.17802615463733673,-0.1185758039355278
0.015419135801494122,0.17497782409191132,-0.1124773919582367
0.07397744059562683,0.22362317144870758,-0.11390328407287598
0.052547600120306015,0.21550559997558594,-0.11595194786787033
0.0515880212187767,0.23057438433170319,-0.11088439077138901
0.07390271127223969,0.23970292508602142,-0.10764183104038239
0.09502191841602325,0.2143825888633728,-0.11537568271160126
0.09407046437263489,0.19521695375442505,-0.12051377445459366
0.1711610108613968,0.06074126064777374,-0.03644002228975296
0.17554467916488647,0.07741861045360565,-0.03843306377530098
0.1839330792427063,0.10118857026100159,-0.041275642812252045
0.18948200345039368,0.10951564460992813,-0.042123157531023026
0.1893833428621292,0.11012512445449829,-0.026241522282361984
0.18435412645339966,0.10163932293653488,-0.024576831609010696
0.08937370777130127,0.3018400967121124,-0.017795687541365623
0.09524332731962204,0.3043263554573059,-0.039571043103933334
0.08615576475858688,0.3077894151210785,-0.04190588369965553
0.049526918679475784,0.28105390071868896,-0.08509637415409088
0.060803357511758804,0.28592827916145325,-0.08081939071416855
0.06256214529275894,0.27994656562805176,-0.08491300046443939
0.0489843524992466,0.2743261456489563,-0.08981086313724518
0.04097023233771324,0.1039835512638092,-0.12043488025665283
0.04430656135082245,0.08194021880626678,-0.11735587567090988
0.019934264943003654,0.08263468742370605,-0.1128053292632103
0.01870882138609886,0.10362062603235245,-0.11564197391271591
0.19522784650325775,0.11916625499725342,-0.055196795612573624
0.1923055350780487,0.12392532080411911,-0.0646820068359375
0.2027149200439453,0.1330411285161972,-0.0622178353369236
0.20541340112686157,0.12733091413974762,-0.054259516298770905
0.18432775139808655,0.11626489460468292,-0.06614471226930618
0.1873154193162918,0.11175722628831863,-0.05517522618174553
0.18126554787158966,0.10330003499984741,-0.05522828921675682
0.1772671937942505,0.10802267491817474,-0.06756148487329483
0.15618015825748444,0.07282230257987976,-0.07240322977304459
0.1648835390806198,0.08774236589670181,-0.07029759883880615
0.1715248078107834,0.08173582702875137,-0.05532710254192352
0.1652776002883911,0.06582499295473099,-0.05558362603187561
0.021427109837532043,0.008957769721746445,-0.10008382797241211
0.020913871005177498,0.03489390015602112,-0.10547780990600586
0.04328404739499092,0.031901583075523376,-0.10939062386751175
0.04267079010605812,0.005852125119417906,-0.10405176132917404
0.23515592515468597,0.17341308295726776,0.0024727103300392628
0.25241973996162415,0.17667600512504578,-0.0018629074329510331
0.2486986368894577,0.18500478565692902,0.01298974547535181
0.2333754599094391,0.18196693062782288,0.016549333930015564
0.24691364169120789,0.19211430847644806,-0.07662375271320343
0.24514073133468628,0.199007049202919,-0.07824341952800751
0.25690460205078125,0.2041207253932953,-0.07880433648824692
0.25820136070251465,0.19757191836833954,-0.07791638374328613
0.27605578303337097,0.170670747756958,-0.019068559631705284
0.296842098236084,0.16998757421970367,-0.022061318159103394
0.29258230328559875,0.17750665545463562,-0.0072980825789272785
0.27089008688926697,0.1774476319551468,-0.004935719072818756
0.12295636534690857,0.2958584129810333,-0.04038494452834129
0.11314401775598526,0.29858484864234924,-0.039369434118270874
0.12446136772632599,0.2954839766025543,-0.011435763910412788
0.2611958086490631,0.16284221410751343,-0.040631163865327835
0.2601149082183838,0.16409708559513092,-0.0518556647002697
0.27786052227020264,0.16639873385429382,-0.05674954876303673
0.27893683314323425,0.16422705352306366,-0.04508569464087486
0.36023804545402527,0.24868114292621613,0.009934710338711739
0.33371099829673767,0.24821071326732635,0.010190505534410477
0.3215997815132141,0.16728323698043823,-0.03842809796333313
0.29933688044548035,0.16546699404716492,-0.03606192022562027
0.299998015165329,0.16499477624893188,-0.04923439770936966
0.3230510652065277,0.16900086402893066,-0.05220901221036911
0.14856065809726715,0.013195564970374107,-0.05696573108434677
0.1334446370601654,0.02005416713654995,-0.07701259106397629
0.1290048360824585,-0.09703380614519119,-0.05739801004528999
0.12484730780124664,-0.07771936058998108,-0.05840972065925598
0.14102895557880402,-0.07998298853635788,-0.03996041789650917
0.145708829164505,-0.0983610600233078,-0.03908742964267731
0.16065308451652527,-0.11897890269756317,-0.014610445126891136
0.13225208222866058,-0.11658018827438354,-0.05612362548708916
0.14896617829799652,-0.11714264005422592,-0.03794093057513237
0.07059429585933685,0.31418561935424805,-0.036304183304309845
0.07788088172674179,0.3113195300102234,-0.04042794555425644
0.06646024435758591,0.30784523487091064,-0.057854704558849335
0.06065258011221886,0.3137204051017761,-0.051850125193595886
0.17138567566871643,-0.23415468633174896,-0.011988978832960129
0.17602558434009552,-0.23821943998336792,0.019092923030257225
0.17665068805217743,-0.2632470726966858,0.011822891421616077
0.17021992802619934,-0.26158809661865234,-0.01772444136440754
0.03307954594492912,0.29507121443748474,-0.07394728064537048
0.03007267229259014,0.3044334352016449,-0.06631067395210266
0.046002503484487534,0.3089735507965088,-0.06093911454081535
0.05107232928276062,0.3011557161808014,-0.0677374005317688
0.17022451758384705,-0.20934802293777466,-0.00941876508295536
0.1736173927783966,-0.21355442702770233,0.02054121345281601
0.07447626441717148,0.3089936375617981,-0.015838950872421265
0.08192731440067291,0.30518996715545654,-0.017763592302799225
0.0739702433347702,0.30158644914627075,0.003356105415150523
0.08104127645492554,0.29596146941185,0.0021853868383914232
0.06784547865390778,0.295990526676178,0.021599994972348213
0.17501819133758545,-0.24541984498500824,0.046901918947696686
0.17847387492656708,-0.2724885046482086,0.04303592070937157
0.05513008311390877,0.3193560242652893,-0.04434952884912491
0.04249396547675133,0.3161400556564331,-0.05383596196770668
0.028327206149697304,0.31334108114242554,-0.05881573259830475
0.013427803292870522,0.31217795610427856,-0.06115373596549034
-0.0020854754839092493,0.31193989515304565,-0.061594944447278976
-0.0016714357770979404,0.3236062824726105,-0.05412778630852699
0.16482630372047424,-0.14064988493919373,0.01595819927752018
0.1613285392522812,-0.13743956387043,-0.012614622712135315
0.1173277422785759,-0.36482128500938416,-0.08797064423561096
0.11800051480531693,-0.38154956698417664,-0.07807490974664688
0.08679881691932678,-0.3797815442085266,-0.08784764260053635
0.09043186157941818,-0.3685080409049988,-0.09549975395202637
0.024616293609142303,-0.3530220687389374,-0.10043257474899292
0.058958131819963455,-0.3642612397670746,-0.100868821144104
0.05415811017155647,-0.3737475574016571,-0.09005490690469742
0.020755533128976822,-0.3616436719894409,-0.08723492175340652
0.03399960696697235,-0.2414422631263733,-0.118560291826725
0.03430264815688133,-0.2191600352525711,-0.11258597671985626
0.06314525753259659,-0.2186478227376938,-0.11114717274904251
0.06333130598068237,-0.24104785919189453,-0.11797276884317398
0.1504363715648651,-0.13580042123794556,-0.03641718253493309
0.13447357714176178,-0.13558770716190338,-0.05492864549160004
0.16084091365337372,-0.14630135893821716,0.04518193379044533
0.17522145807743073,-0.4161691963672638,0.05739498883485794
0.17395438253879547,-0.45381563901901245,0.05554702505469322
0.17627187073230743,-0.444281667470932,0.015670109540224075
0.18072254955768585,-0.40587908029556274,0.015114781446754932
0.143013596534729,-0.4350598454475403,-0.046736717224121094
0.11298298090696335,-0.4318394362926483,-0.06378227472305298
0.11591915786266327,-0.40446001291275024,-0.06990025192499161
0.14666616916656494,-0.40309590101242065,-0.05173604562878609
0.08024421334266663,-0.15902511775493622,0.1483081877231598
0.07792332023382187,-0.1825060099363327,0.14468926191329956
0.0976959690451622,-0.17618900537490845,0.12932100892066956
0.017789261415600777,-0.17018236219882965,0.17160654067993164
0.01538099069148302,-0.1938120573759079,0.1656637340784073
0.036378391087055206,-0.19109565019607544,0.16347157955169678
0.04029829055070877,-0.1669623702764511,0.16964735090732574
0.02085447683930397,-0.31005993485450745,0.14961911737918854
0.025062793865799904,-0.2835586965084076,0.14653483033180237
0.00972604937851429,-0.28685370087623596,0.15018782019615173
0.00824623554944992,-0.31171533465385437,0.15206626057624817
0.16654355823993683,-0.2540416419506073,0.07231119275093079
0.1614537239074707,-0.23165680468082428,0.07379083335399628
0.14310117065906525,-0.240450918674469,0.09390626847743988
0.14619678258895874,-0.26258981227874756,0.09365453571081161
0.04799826070666313,-0.38489240407943726,-0.07645769417285919
0.01858110912144184,-0.3691679537296295,-0.06988002359867096
0.15853837132453918,-0.42373016476631165,0.09596805274486542
0.15832951664924622,-0.46141621470451355,0.09299053996801376
0.13028255105018616,-0.4670791029930115,0.12067250162363052
0.13114744424819946,-0.4309103488922119,0.12369604408740997
0.09840529412031174,-0.43325671553611755,0.13373270630836487
0.09645536541938782,-0.46556779742240906,0.12997430562973022
0.0052023460157215595,-0.38719895482063293,0.0987512543797493
0.005038334988057613,-0.3948501646518707,0.0954107716679573
0.020328715443611145,-0.38148435950279236,0.12116452306509018
0.01622186228632927,-0.3694124221801758,0.12781593203544617
0.02887735702097416,-0.32723966240882874,-0.11524268984794617
0.060613881796598434,-0.33196374773979187,-0.1167052835226059
0.06009499728679657,-0.3490654230117798,-0.11085242033004761
0.027531901374459267,-0.34306102991104126,-0.10799290984869003
0.11494050920009613,-0.13656900823116302,-0.06857635080814362
0.11237361282110214,-0.11677832156419754,-0.06902475655078888
0.09148512780666351,-0.1172780767083168,-0.07752280682325363
0.08893004059791565,-0.09561572968959808,-0.07832887768745422
0.10972645878791809,-0.09639792144298553,-0.07022739201784134
0.09227699786424637,0.04071119427680969,-0.10271580517292023
0.10066967457532883,0.060537852346897125,-0.10563606768846512
0.12229971587657928,0.04765250161290169,-0.0932360291481018
0.11434069275856018,0.029539037495851517,-0.09186485409736633
0.053328778594732285,0.19941918551921844,-0.12031949311494827
0.05389389768242836,0.18281634151935577,-0.12341473251581192
0.07721877098083496,-0.4217844009399414,-0.0708458423614502
0.08008065819740295,-0.4572030305862427,-0.0640772208571434
0.04520484060049057,-0.44971373677253723,-0.05799100548028946
0.03475479036569595,-0.40560322999954224,-0.06302816420793533
0.14015302062034607,-0.46797648072242737,-0.043124008923769
0.16619758307933807,-0.43737155199050903,-0.02006295695900917
0.1602867841720581,-0.4727845788002014,-0.01877029798924923
0.1705780029296875,-0.48982223868370056,0.054154474288225174
0.17197763919830322,-0.4807960093021393,0.015592812560498714
0.12705959379673004,-0.5015883445739746,0.11727147549390793
0.0932525023818016,-0.49848294258117676,0.1246100440621376
0.013533971272408962,-0.4548936188220978,0.08713830262422562
0.013292184099555016,-0.4795803725719452,0.07667030394077301
0.03405163809657097,-0.48588377237319946,0.09828908741474152
0.03516840934753418,-0.45876625180244446,0.10716048628091812
0.05710376054048538,-0.3070954382419586,0.13147813081741333
0.06609401106834412,-0.3349340856075287,0.1335599273443222
0.0948060005903244,-0.31375226378440857,0.12414323538541794
0.09183570742607117,-0.2866003215312958,0.12015043944120407
0.04228147864341736,-0.1402570903301239,0.17195412516593933
0.023417558521032333,-0.14431819319725037,0.1744341403245926
0.08108721673488617,-0.13375219702720642,0.1481187343597412
0.06145718693733215,-0.13671886920928955,0.1631530374288559
0.06026138365268707,-0.16337324678897858,0.16205982863903046
0.04746090620756149,-0.03821345418691635,0.16194598376750946
0.04415736719965935,-0.06243867427110672,0.1658325493335724
0.06741179525852203,-0.06234733387827873,0.1553463488817215
0.07131125032901764,-0.03881284222006798,0.15131328999996185
0.07492686063051224,-0.014878606423735619,0.14664936065673828
0.05083157494664192,-0.014141019433736801,0.15656189620494843
0.05356743186712265,0.03194526210427284,0.14152000844478607
0.07755684107542038,0.02871035225689411,0.13501186668872833
0.07750537246465683,0.048120204359292984,0.13298232853412628
0.0373532697558403,0.19518712162971497,0.09650468826293945
0.03647034242749214,0.1798323541879654,0.10431533306837082
0.16953705251216888,-0.28002554178237915,0.06971137970685959
0.005939532537013292,-0.4167560040950775,-0.032729364931583405
0.01556624285876751,-0.45068350434303284,-0.03707798570394516
0.0004844779032282531,-0.4577856659889221,-0.007482931949198246
-0.003180477302521467,-0.4302556812763214,0.0010740149300545454
0.17071302235126495,-0.22234821319580078,0.04878734052181244
0.15255674719810486,-0.1347041130065918,0.07066032290458679
0.14976269006729126,-0.15365102887153625,0.0711912289261818
0.159385085105896,0.03466399759054184,0.05478299781680107
0.15817131102085114,0.00961611233651638,0.0526973158121109
0.08891882747411728,0.0979696735739708,0.13374236226081848
0.08777350187301636,0.11008717119693756,0.1321665346622467
0.17056891322135925,-0.4009052515029907,-0.02293715626001358
0.12266115844249725,-0.5335446000099182,0.11160576343536377
0.08925393223762512,-0.5308064818382263,0.11708644032478333
0.08413228392601013,-0.5610619783401489,0.10918105393648148
0.11698169261217117,-0.563122034072876,0.10483971238136292
0.0043070195242762566,-0.5018081665039062,0.04064345359802246
0.00956033170223236,-0.5320717692375183,0.03035913035273552
0.01721906289458275,-0.5367146730422974,0.05556032806634903
0.014721350744366646,-0.5075626373291016,0.06549510359764099
0.013987943530082703,-0.5628451108932495,0.023041941225528717
0.016641218215227127,-0.5928202271461487,0.016197601333260536
0.020058035850524902,-0.5989494323730469,0.03960605710744858
0.01956314407289028,-0.5686612725257874,0.04773811623454094
0.15519769489765167,-0.49927234649658203,0.09124622493982315
0.1597338169813156,-0.5556370615959167,0.05294664949178696
0.16557475924491882,-0.5248772501945496,0.05433688312768936
0.15019860863685608,-0.5318624377250671,0.08808482438325882
0.14491696655750275,-0.5620819926261902,0.08429610729217529
0.1121697947382927,-0.4642275273799896,-0.0577288456261158
6.954800483072177e-05,-0.45014774799346924,0.06345450133085251
0.0012802513083443046,-0.4736039936542511,0.052184250205755234
0.016863754019141197,-0.5250464081764221,-0.01882147789001465
0.008352703414857388,-0.4915770888328552,-0.013837940990924835
0.024946440011262894,-0.488481730222702,-0.039498843252658844
0.03332729637622833,-0.5228356122970581,-0.04149846360087395
0.13715039193630219,-0.5308140516281128,-0.03814927861094475
0.13831846415996552,-0.5001652836799622,-0.040058527141809464
0.15713059902191162,-0.5057299733161926,-0.014912913553416729
0.15398092567920685,-0.5369914174079895,-0.013313996605575085
0.1665690690279007,-0.5146685242652893,0.01823282055556774
0.16117359697818756,-0.5458125472068787,0.018700342625379562
0.1478983461856842,-0.6143688559532166,0.04947986453771591
0.1538068801164627,-0.5853708982467651,0.05107205733656883
0.13806186616420746,-0.5912327766418457,0.08028630912303925
0.13065996766090393,-0.6197331547737122,0.0761895552277565
0.15059629082679749,-0.6048451066017151,0.01736987940967083
0.155568465590477,-0.5752614140510559,0.018144957721233368
0.14755617082118988,-0.5955992341041565,-0.011215734295547009
0.1505657285451889,-0.5662412047386169,-0.012233013287186623
0.1335306465625763,-0.5887115597724915,-0.03304915130138397
0.13575458526611328,-0.5597543716430664,-0.03592641279101372
0.1144903302192688,-0.5841269493103027,-0.04819370433688164
0.11436361074447632,-0.5557712316513062,-0.05161963030695915
0.08934029936790466,-0.5530823469161987,-0.05775287374854088
0.09209339320659637,-0.5817927718162537,-0.05453432723879814
0.06890468299388885,-0.5809996128082275,-0.05172396078705788
0.06349802762269974,-0.5521022081375122,-0.05447113513946533
0.03031710907816887,-0.5849916934967041,-0.026525231078267097
0.024455023929476738,-0.5559771656990051,-0.02269076183438301
0.04050860181450844,-0.5533148050308228,-0.04275967553257942
0.04685233533382416,-0.5823960304260254,-0.042913421988487244
0.05365949869155884,-0.6987298727035522,-0.03826525807380676
0.04613783210515976,-0.6688554883003235,-0.03694864735007286
0.06478237360715866,-0.6663334965705872,-0.042885489761829376
0.07060070335865021,-0.6959991455078125,-0.04307740181684494
0.08725814521312714,-0.6939448118209839,-0.048816267400979996
0.08253795653581619,-0.6651291847229004,-0.046832624822854996
0.10018616169691086,-0.6652563214302063,-0.0478321798145771
0.10463058203458786,-0.6937008500099182,-0.049726102501153946
0.13129088282585144,-0.6722559928894043,-0.026590151712298393
0.13494287431240082,-0.7006273865699768,-0.0282188318669796
0.12110204249620438,-0.6956278681755066,-0.04288117215037346
0.11699903756380081,-0.6672791838645935,-0.04106471315026283
0.14647218585014343,-0.6792302131652832,-0.009151278994977474
0.1473398506641388,-0.7070183753967285,-0.009824307635426521
0.14692747592926025,-0.6876527070999146,0.016218727454543114
0.14383985102176666,-0.7149563431739807,0.015658197924494743
0.13326139748096466,-0.6953034996986389,0.044675566256046295
0.13345643877983093,-0.7218897938728333,0.04456573352217674
0.023385213688015938,-0.6848767995834351,0.012064822018146515
0.022467946633696556,-0.6788991093635559,-0.00687854690477252
0.029231367632746696,-0.7076910138130188,-0.013362294062972069
0.028431382030248642,-0.7141727805137634,0.005991836544126272
0.051042500883340836,-0.6951524019241333,0.05212949216365814
0.05327257141470909,-0.7226693034172058,0.04322967678308487
0.0682605728507042,-0.7247520685195923,0.06613705307245255
0.06737226992845535,-0.698146402835846,0.07562286406755447
0.14204160869121552,-0.6417673826217651,0.04776131361722946
0.14687903225421906,-0.6325400471687317,0.017065290361642838
0.14496120810508728,-0.6237742900848389,-0.010161994025111198
0.13093021512031555,-0.6167083978652954,-0.029571138322353363
0.03546976298093796,-0.6126781702041626,-0.030695153400301933
0.053048137575387955,-0.6098851561546326,-0.043587587773799896
0.020623313263058662,-0.6283400654792786,0.03084612637758255
0.017957985401153564,-0.6219489574432373,0.008772783912718296
0.09583792090415955,-0.67518550157547,0.0879819467663765
0.12144841253757477,-0.6743035912513733,0.072958804666996
0.12434151768684387,-0.6470596194267273,0.07372705638408661
0.09891927987337112,-0.6483563184738159,0.08907171338796616
0.14722806215286255,-0.6603191494941711,0.016332438215613365
0.14470988512039185,-0.6513550877571106,-0.009449862875044346
0.12995238602161407,-0.6443167328834534,-0.026926271617412567
0.09707141667604446,-0.6373587250709534,-0.0486808605492115
0.11503055691719055,-0.6393889784812927,-0.04173939675092697
0.07828174531459808,-0.6370401382446289,-0.04770837351679802
0.040584199130535126,-0.640363335609436,-0.034440767019987106
0.05881926417350769,-0.6376989483833313,-0.043982308357954025
0.022282378748059273,-0.6570796370506287,0.02113882638514042
0.019563011825084686,-0.6505939364433289,0.0007345533231273293
0.09407062828540802,-0.7262531518936157,0.07658719271421432
0.12055923789739609,-0.7257717251777649,0.06800168752670288
0.12077842652797699,-0.7004309892654419,0.07153172045946121
0.09447313845157623,-0.7016046047210693,0.08453381806612015
0.09424085170030594,-0.7479782700538635,0.06416343152523041
0.07279829680919647,-0.746624767780304,0.05383441224694252
0.10963801294565201,-0.7231397032737732,-0.053008511662483215
0.09212392568588257,-0.723152756690979,-0.05383043736219406
0.12561416625976562,-0.7250754833221436,-0.04607725143432617
0.14302118122577667,-0.7428454160690308,0.017485156655311584
0.14767538011074066,-0.7349007725715637,-0.010797441937029362
0.13000792264938354,-0.7488781213760376,0.04320764169096947
0.11515974998474121,-0.7479751110076904,0.060224585235118866
0.04438566043972969,-0.7661619186401367,-0.021544547751545906
0.04288921132683754,-0.7701398134231567,-0.003722480498254299
0.036212481558322906,-0.7414382100105286,0.0007929118000902236
0.03884168341755867,-0.7364214658737183,-0.016787318512797356
0.06325853615999222,-0.7597171068191528,-0.04936114326119423
0.06092701107263565,-0.7287970781326294,-0.039154332131147385
0.07563766092061996,-0.7255716323852539,-0.047688864171504974
0.07800174504518509,-0.7559563517570496,-0.060698240995407104
0.11525005102157593,-0.7537223696708679,-0.0619712769985199
0.0964912623167038,-0.753747820854187,-0.06457047164440155
0.13257621228694916,-0.7547032237052917,-0.053415387868881226
0.14978548884391785,-0.7647581696510315,-0.011090655811131
0.14656956493854523,-0.7580563426017761,-0.03662661835551262
0.14043524861335754,-0.7287126183509827,-0.032255224883556366
0.1449984759092331,-0.7718064785003662,0.020328378304839134
0.12426328659057617,-0.8090804219245911,0.038742780685424805
0.14735350012779236,-0.8027728199958801,0.019627247005701065
0.12283207476139069,-0.7781755924224854,0.042829133570194244
0.09831351786851883,-0.9116145968437195,0.02609952725470066
0.09816966950893402,-0.9480894207954407,0.01991969905793667
0.12057618796825409,-0.9458096027374268,0.02016877382993698
0.123766228556633,-0.9095835089683533,0.026630856096744537
0.043870847672224045,-0.7978976368904114,-0.028765033930540085
0.044596292078495026,-0.8003638982772827,-0.008375524543225765
0.07960934191942215,-0.7881986498832703,-0.07126088440418243
0.062281519174575806,-0.7919851541519165,-0.060336384922266006
0.1596032977104187,-0.8282468318939209,-0.0163127351552248
0.15696975588798523,-0.8230620622634888,-0.0445878729224205
0.1529502272605896,-0.789652943611145,-0.039924561977386475
0.15585677325725555,-0.7957074642181396,-0.01236380822956562
0.04217122122645378,-0.9026421904563904,-0.0208977609872818
0.03917578235268593,-0.867763102054596,-0.01712419092655182
0.03968353196978569,-0.8657413721084595,-0.03971357271075249
0.04236733168363571,-0.9010016918182373,-0.041683800518512726
0.07848714292049408,-0.8224436044692993,-0.07886368781328201
0.07882353663444519,-0.8579599857330322,-0.08283775299787521
0.060262780636548996,-0.8607982993125916,-0.07276050746440887
0.06012960895895958,-0.8259499669075012,-0.06801436841487885
0.1551133245229721,-0.900721549987793,-0.021156076341867447
0.1534281224012375,-0.8972532153129578,-0.04723585024476051
0.15718483924865723,-0.8588385581970215,-0.04752552509307861
0.15917983651161194,-0.8633464574813843,-0.019309479743242264
0.12577761709690094,-0.8405160903930664,0.03581668436527252
0.1264576017856598,-0.8743762969970703,0.03122972883284092
0.14909927546977997,-0.868728518486023,0.011168050579726696
0.14975538849830627,-0.834876537322998,0.015433466993272305
0.0982617735862732,-0.8423041105270386,0.035360947251319885
0.09876976162195206,-0.8759419322013855,0.031629759818315506
0.05780668556690216,-0.9774172306060791,-0.04064483195543289
0.05690036341547966,-0.981224000453949,-0.02465970627963543
0.049805961549282074,-0.9412245750427246,-0.022823674604296684
0.05062878504395485,-0.9381875991821289,-0.04112357273697853
0.08129002898931503,-0.8950813412666321,-0.08161790668964386
0.08429194241762161,-0.9338599443435669,-0.07604625821113586
0.06812950223684311,-0.935246467590332,-0.06812559813261032
0.06276960670948029,-0.8972182273864746,-0.07290203124284744
0.1433173567056656,-0.9806193113327026,-0.02410709112882614
0.140487402677536,-0.9782297015190125,-0.04531746357679367
0.1474146693944931,-0.9375531673431396,-0.04641233757138252
0.14937558770179749,-0.9399107694625854,-0.023275772109627724
0.11740697920322418,-0.9850457906723022,0.013023707084357738
0.13642247021198273,-0.9829939007759094,-0.0011642505414783955
0.14180134236812592,-0.9427461624145508,0.0039027584716677666
0.09735844284296036,-0.9868679046630859,0.013585861772298813
0.09645920246839523,-1.0255820751190186,0.010021986439824104
0.11349204927682877,-1.0239940881729126,0.009462316520512104
0.06253902614116669,-1.0157907009124756,-0.04023496061563492
0.06325460225343704,-1.0187033414840698,-0.025134291499853134
0.07298746705055237,-1.0128412246704102,-0.06130411475896835
0.07226165384054184,-0.9744828343391418,-0.06367835402488708
0.08577791601419449,-0.9729341864585876,-0.07142277806997299
0.08526226878166199,-1.010936975479126,-0.06889824569225311
0.11948838084936142,-0.9759320020675659,-0.06966786831617355
0.11631477624177933,-1.0136796236038208,-0.06613118946552277
0.10087916254997253,-1.0112807750701904,-0.07088084518909454
0.10257109254598618,-0.9735654592514038,-0.07365907728672028
0.13391444087028503,-1.0157066583633423,-0.04379818215966225
0.12637634575366974,-1.0145469903945923,-0.05707509443163872
0.13226096332073212,-0.9768498539924622,-0.060588739812374115
0.1371915638446808,-1.0177491903305054,-0.02443172223865986
0.13058021664619446,-1.0212428569793701,-0.002874501282349229
-0.0037757072132080793,-0.3915306031703949,-0.005205354653298855
0.0011046817526221275,-0.39609095454216003,-0.02004348672926426
-0.005077512934803963,-0.41348740458488464,0.01373958308249712
-0.007331631146371365,-0.40636536478996277,0.028259526938199997
0.033178046345710754,-0.5463078022003174,0.07983102649450302
0.033563174307346344,-0.5152598023414612,0.08958076685667038
0.031056715175509453,-0.6069068312644958,0.06230997294187546
0.032578643411397934,-0.5776398777961731,0.07175537198781967
0.031874965876340866,-0.6355451345443726,0.05292056128382683
0.03514556586742401,-0.6921072602272034,0.03235379606485367
0.03362153470516205,-0.6636094450950623,0.0426069051027298
0.03754713758826256,-0.7195931673049927,0.024165868759155273
0.04395498335361481,-0.746643602848053,0.018759002909064293
0.0509425550699234,-0.7746504545211792,0.015430878847837448
0.05372597277164459,-0.8351080417633057,0.007931957021355629
0.05515057221055031,-0.8035221695899963,0.01081803161650896
0.04164662957191467,-0.8334951400756836,-0.012741385959088802
0.05371927097439766,-0.9057513475418091,0.0009189867414534092
0.0521077997982502,-0.8693450689315796,0.004831674508750439
0.06488453596830368,-0.9848707318305969,-0.008153269998729229
0.05865311995148659,-0.9449920654296875,-0.003564228070899844
0.07103339582681656,-1.0222560167312622,-0.010081946849822998
0.0675998106598854,-0.40696972608566284,0.13258761167526245
0.06901278346776962,-0.38297873735427856,0.13491809368133545
0.04152538999915123,-0.39501410722732544,0.12900474667549133
0.03945522382855415,-0.41265249252319336,0.12224438786506653
-0.0030270267743617296,-0.38981950283050537,0.05772873014211655
-0.0053557720966637135,-0.3937837481498718,0.05526372045278549
-0.0018243688391521573,-0.3969666659832001,0.07455427199602127
-0.00030108983628451824,-0.39263540506362915,0.0766582265496254
0.13728511333465576,-0.6684830188751221,0.04614764824509621
0.11475375294685364,-0.6118566989898682,-0.0444905087351799
0.0739300325512886,-0.6088224053382874,-0.04920471832156181
0.09451714903116226,-0.6096070408821106,-0.05088585987687111
0.0463903583586216,-0.6700586080551147,0.0655621662735939
0.06846833229064941,-0.672713041305542,0.0823594331741333
0.07028059661388397,-0.64663165807724,0.08880160003900528
0.048290036618709564,-0.642358660697937,0.0740974172949791
0.09701156616210938,-0.8132966756820679,0.039541274309158325
0.07367365062236786,-0.8086212873458862,0.027167174965143204
0.07499179244041443,-0.8391858339309692,0.022016212344169617
0.09656552970409393,-0.7876652479171753,0.04610266536474228
0.139454185962677,-0.7858934998512268,-0.0604720339179039
0.12108132243156433,-0.78473961353302,-0.07184168696403503
0.10110864788293839,-0.8194233775138855,-0.08324500918388367
0.10024518519639969,-0.7856306433677673,-0.07499568909406662
0.12402089685201645,-0.8183784484863281,-0.0795496329665184
0.05198395997285843,-0.5862116813659668,0.09156113117933273
0.04942316561937332,-0.6142621040344238,0.0827190950512886
0.07464991509914398,-0.6188201308250427,0.09419136494398117
0.07885804772377014,-0.5904413461685181,0.10171549022197723
0.12136522680521011,-0.05849239230155945,-0.06005597859621048
0.13699275255203247,-0.06182195991277695,-0.041991639882326126
0.14507097005844116,0.07000080496072769,0.0882909893989563
0.13507871329784393,0.06333624571561813,0.09851277619600296
0.13925078511238098,0.04780540242791176,0.09012135863304138
0.15112179517745972,0.054661717265844345,0.07515016198158264
0.1591745764017105,0.06603538990020752,0.06329312920570374
0.15311086177825928,0.07994260638952255,0.07848283648490906
0.163966566324234,0.07965053617954254,0.05301717668771744
0.15869829058647156,0.09228736907243729,0.06851401180028915
0.18238958716392517,0.14142319560050964,0.023363256826996803
0.19213683903217316,0.14970692992210388,0.01895200088620186
0.028219468891620636,0.03091675415635109,0.1455942541360855
0.02706783078610897,0.008564166724681854,0.15377764403820038
0.053078316152095795,0.009262565523386002,0.14941908419132233
0.05711706727743149,-0.18752817809581757,0.1567111760377884
0.0644412562251091,-0.2728946805000305,0.13144005835056305
0.04254143685102463,-0.27914878726005554,0.13989797234535217
0.03581754490733147,-0.30988144874572754,0.1436777561903
0.003077505622059107,-0.37532079219818115,0.1265893429517746
-0.0028112761210650206,-0.3842015266418457,0.10829395055770874
-0.002894624602049589,-0.3913894295692444,0.08008389919996262
-0.0032781632617115974,-0.38971441984176636,0.05863191559910774
0.06453306972980499,0.0009029053617268801,-0.10197924822568893
0.06599248945713043,0.026789210736751556,-0.1069677472114563
0.015441971831023693,0.2046932429075241,-0.10749884694814682
0.03361424803733826,0.20882423222064972,-0.11263921856880188
0.031461793929338455,0.236792653799057,-0.10448886454105377
0.01452319510281086,0.23199118673801422,-0.1007794588804245
0.01382120605558157,0.24450190365314484,-0.09674712270498276
0.03020298294723034,0.24916405975818634,-0.09976780414581299
0.014179070480167866,0.30160650610923767,-0.06892817467451096
0.015357284806668758,0.29099366068840027,-0.07623623311519623
-0.00643855519592762,-0.38740330934524536,0.03477971628308296
-0.006900819484144449,-0.3884083330631256,0.024525772780179977
-0.007012376096099615,-0.3974986970424652,0.0504954569041729
0.014662359841167927,-0.43378791213035583,0.09687714278697968
0.01651058718562126,-0.417986661195755,0.10574770718812943
0.0014274065615609288,-0.4194318950176239,0.08386461436748505
0.0005139049608260393,-0.4321543574333191,0.07461284846067429
0.18217262625694275,-0.36908698081970215,0.01823127083480358
0.17592020332813263,-0.3787452280521393,0.059826940298080444
0.08231820166110992,-0.3987492620944977,-0.07874784618616104
0.372360497713089,0.17962051928043365,-0.0534321554005146
0.3471437692642212,0.17409391701221466,-0.05351060628890991
0.3486991822719574,0.18255028128623962,-0.06531499326229095
0.37372928857803345,0.18851056694984436,-0.06387298554182053
0.06524299830198288,0.10588829219341278,-0.12229839712381363
0.0748353898525238,0.07886479049921036,-0.11572208255529404
0.08696506917476654,0.29007914662361145,0.004000477027148008
0.1491641253232956,0.29644498229026794,-0.006104553118348122
0.1359589844942093,0.2962406277656555,-0.009479896165430546
0.13980509340763092,0.28532975912094116,0.01684272475540638
0.15137764811515808,0.28641951084136963,0.020215386524796486
0.15105916559696198,0.24950918555259705,-0.08739256858825684
0.13664260506629944,0.2464578002691269,-0.09388087689876556
0.13654984533786774,0.26397883892059326,-0.08144254237413406
0.1494893580675125,0.265287846326828,-0.07431260496377945
0.062223561108112335,-0.2646554410457611,-0.12280809134244919
0.03245839476585388,-0.2646133303642273,-0.12290133535861969
0.043058399111032486,-0.06967180967330933,-0.08797604590654373
0.042222362011671066,-0.04551872983574867,-0.09299136698246002
0.06342976540327072,-0.04883452132344246,-0.09122545272111893
0.06510019302368164,-0.0718919187784195,-0.08640925586223602
0.09935492277145386,0.09312208741903305,-0.1143520325422287
0.11612100154161453,0.0770685151219368,-0.1035308986902237
0.03744316101074219,0.11022315919399261,0.13164184987545013
0.05481218546628952,0.11693204194307327,0.13255979120731354
0.053803641349077225,0.1347779780626297,0.12555167078971863
0.035910893231630325,0.1304151713848114,0.12500500679016113
0.31381094455718994,0.2040775716304779,-0.07886219769716263
0.32209131121635437,0.188765749335289,-0.07443439960479736
0.297953337430954,0.18074804544448853,-0.07141435146331787
0.2915525436401367,0.19036263227462769,-0.07639823108911514
0.14821471273899078,-0.37436389923095703,-0.06019870191812515
0.1736213117837906,-0.35884007811546326,-0.028417745605111122
0.15265706181526184,-0.028118830174207687,-0.02738332934677601
0.14982914924621582,-0.04726644605398178,-0.023213433101773262
0.13663329184055328,-0.04318970441818237,-0.04620616137981415
0.13963867723941803,-0.023973744362592697,-0.05129794776439667
0.16298145055770874,0.02678532525897026,-0.03410724177956581
0.15913112461566925,0.009393845684826374,-0.03295046463608742
0.1669677495956421,0.04365937039256096,-0.03533342108130455
0.22846807539463043,0.15107648074626923,-0.04597615450620651
0.21799330413341522,0.13928751647472382,-0.04409852623939514
0.2158060520887375,0.14256171882152557,-0.053342144936323166
0.037288177758455276,-0.43393218517303467,0.11500109732151031
0.041331853717565536,-0.35988178849220276,0.13521285355091095
0.03501926362514496,-0.344049334526062,0.13843902945518494
-0.00461337435990572,-0.38345617055892944,0.03919629007577896
-0.0033749088179320097,-0.3836480677127838,0.040388818830251694
0.06369132548570633,0.30590030550956726,0.024760203436017036
0.06789463758468628,0.309635192155838,0.0065790386870503426
0.2785912752151489,0.16578708589076996,-0.03235197067260742
0.26008015871047974,0.16493786871433258,-0.028395073488354683
0.19665616750717163,0.11747069656848907,-0.028016090393066406
0.2072516679763794,0.12623240053653717,-0.030150188133120537
0.20311835408210754,0.13037531077861786,-0.014668741263449192
0.1929890364408493,0.12173431366682053,-0.011120692826807499
0.19710233807563782,0.11688633263111115,-0.04283441975712776
0.20758819580078125,0.12536436319351196,-0.043425850570201874
0.15468356013298035,0.20068320631980896,0.07007499039173126
0.1552368402481079,0.2184428572654724,0.0615706704556942
0.14237643778324127,0.2210589051246643,0.06287182867527008
0.14173980057239532,0.20369026064872742,0.0728115513920784
0.12857861816883087,0.20415039360523224,0.07612230628728867
0.1292513906955719,0.2222561091184616,0.06481727957725525
0.11451602727174759,0.2220805585384369,0.06829360127449036
0.11329725384712219,0.2039494663476944,0.08023301512002945
0.08498574048280716,0.2719326615333557,0.029878458008170128
0.06963391602039337,0.2636033892631531,0.04736432805657387
0.051026638597249985,0.2565351128578186,0.058598726987838745
0.03329245001077652,0.25246092677116394,0.06629399955272675
0.015647850930690765,0.2797037661075592,-0.08279937505722046
0.03681599721312523,0.28425920009613037,-0.08253014832735062
0.031058384105563164,0.2717738449573517,-0.08971912413835526
0.014203434810042381,0.26794108748435974,-0.08811098337173462
-0.0016264485893771052,0.26563772559165955,-0.08591746538877487
-0.0018846653401851654,0.27758902311325073,-0.08118687570095062
0.056514136493206024,0.29106274247169495,0.03693321719765663
0.04233846440911293,0.28624963760375977,0.050624798983335495
0.029660586267709732,0.2715916931629181,0.059262990951538086
0.3616807460784912,0.2599736750125885,-0.004607131704688072
0.3358461558818817,0.25945112109184265,-0.005174652207642794
0.06376229226589203,0.31967663764953613,-0.029728131368756294
0.06794420629739761,0.31505489349365234,-0.011718063615262508
0.36342060565948486,0.2657701373100281,-0.022436434403061867
0.3372024595737457,0.2654394507408142,-0.023085884749889374
0.1307339072227478,0.2618352472782135,0.03485656529664993
0.14274518191814423,0.2653197944164276,0.036155201494693756
0.12812325358390808,0.28227499127388,0.014427599497139454
0.053736817091703415,0.30182987451553345,0.040751863270998
0.040682706981897354,0.29716596007347107,0.05407082661986351
0.1825297623872757,-0.3317430019378662,0.02585209347307682
0.1741148829460144,-0.3415968120098114,0.0620918944478035
0.15804952383041382,-0.07210840284824371,0.03455435112118721
0.1523471176624298,-0.07596097886562347,0.06122543662786484
-0.002236420987173915,-0.03934304043650627,0.16675980389118195
-0.0034299578983336687,-0.06275660544633865,0.1706916242837906
0.020125731825828552,-0.06310181319713593,0.17067106068134308
0.022719932720065117,-0.038432732224464417,0.1665518432855606
0.0016022525960579515,0.028452053666114807,0.14551052451133728
0.00034523996873758733,0.0066754319705069065,0.15356169641017914
0.014063619077205658,0.30241888761520386,0.06947523355484009
0.04103440046310425,-0.11320160329341888,0.17052455246448517
0.041641175746917725,-0.08721847087144852,0.16831673681735992
0.01814691722393036,-0.08924674242734909,0.1728029102087021
0.01756339892745018,-0.11760058254003525,0.1739821881055832
0.008674144744873047,-0.14583230018615723,0.17289823293685913
0.007005401886999607,-0.1596699059009552,0.17183317244052887
0.015666263177990913,-0.3311910331249237,0.15080544352531433
0.00629317294806242,-0.33189329504966736,0.15262047946453094
0.26766762137413025,0.23372115194797516,0.025171393528580666
0.2670343220233917,0.25305506587028503,0.017105313017964363
0.2491850107908249,0.2552191913127899,0.022188181057572365
0.250698059797287,0.23474322259426117,0.029133295640349388
0.08243588358163834,-0.1089320033788681,0.14518573880195618
0.062015943229198456,-0.110331691801548,0.1608707755804062
0.1764385849237442,0.14187917113304138,0.04396452009677887
0.1758052408695221,0.13167990744113922,0.026565590873360634
0.027550064027309418,0.0541941300034523,0.13786497712135315
0.07141870260238647,0.12188150733709335,0.13133089244365692
0.07121839374303818,0.1378551572561264,0.12457287311553955
0.08700032532215118,0.12471117824316025,0.12771522998809814
0.08771643787622452,0.1395641714334488,0.12151532620191574
-0.003508838126435876,-0.3721335530281067,0.01921660080552101
-0.004657763056457043,-0.38511359691619873,0.03221918269991875
0.2506093382835388,0.2413383573293686,-0.0735238566994667
0.2529434263706207,0.23211006820201874,-0.07645243406295776
0.23984438180923462,0.22752095758914948,-0.07871168106794357
0.23779654502868652,0.2383601814508438,-0.07593667507171631
-0.0049692438915371895,-0.442207396030426,0.03492565080523491
-0.005301193799823523,-0.4261726140975952,0.046636708080768585
0.011105453595519066,-0.37508624792099,-0.048473745584487915
-0.0013604775303974748,-0.3753449618816376,-0.03158467635512352
-0.0025773553643375635,-0.37232908606529236,-0.03352677822113037
-0.0028500165790319443,-0.3617348372936249,-0.05042598769068718
0.06127737835049629,-0.49339380860328674,0.11605587601661682
0.06372351199388504,-0.4618256986141205,0.12356308847665787
0.05812713876366615,-0.5247617363929749,0.10822196304798126
0.055159032344818115,-0.5556391477584839,0.1002146378159523
0.058854326605796814,-0.7483788132667542,0.03573447838425636
0.07008779793977737,-0.7776077389717102,0.0348164364695549
0.07506462186574936,-0.8731037974357605,0.018277455121278763
0.07567186653614044,-0.9091389179229736,0.014154471457004547
0.07756616920232773,-0.9475333094596863,0.008685464039444923
0.08231612294912338,-1.025007963180542,0.0021498720161616802
0.08007417619228363,-0.9873660206794739,0.00418883329257369
0.36562371253967285,0.2633601427078247,-0.03963867574930191
0.3686783015727997,0.2555919885635376,-0.05448799580335617
0.34140071272850037,0.25411757826805115,-0.056861214339733124
0.3376963436603546,0.263112872838974,-0.04175354167819023
0.31937751173973083,0.17115913331508636,-0.024112749844789505
0.3424376845359802,0.17398403584957123,-0.02556013874709606
0.3402227461338043,0.18060027062892914,-0.011154639534652233
0.31611791253089905,0.1787489354610443,-0.009426414035260677
0.36708736419677734,0.17614156007766724,-0.026847654953598976
0.34479451179504395,0.17116190493106842,-0.03994467854499817
0.3697727918624878,0.1753581464290619,-0.040873754769563675
0.3733837604522705,0.20127955079078674,-0.0712389126420021
0.3485261797904968,0.19546125829219818,-0.07328229397535324
0.3454500138759613,0.21078625321388245,-0.07653060555458069
0.37246331572532654,0.21581652760505676,-0.07454487681388855
0.3705657124519348,0.24402710795402527,-0.0657254308462143
0.3719942271709442,0.23030003905296326,-0.07272537052631378
0.3454281985759735,0.22747071087360382,-0.07446762174367905
0.3446846902370453,0.2419419288635254,-0.06761667877435684
0.3620455265045166,0.20150840282440186,0.012800408527255058
0.3358928859233856,0.20097753405570984,0.014275758527219296
0.3376273512840271,0.18972714245319366,0.002659349702298641
0.363176167011261,0.19011476635932922,0.0015723706455901265
0.2669834792613983,0.2678065896034241,0.001999769825488329
0.24854369461536407,0.2717629373073578,0.0063257296569645405
0.2024952471256256,0.172447070479393,0.028972439467906952
0.21510890126228333,0.1788346916437149,0.02143782004714012
0.21782951056957245,0.19302399456501007,0.03510049358010292
0.2050754427909851,0.1898065209388733,0.041063107550144196
0.30839428305625916,0.24815058708190918,0.01139284297823906
0.3104005753993988,0.26047107577323914,-0.00447105523198843
0.28702741861343384,0.2636461555957794,-0.0017265357309952378
0.28621411323547363,0.2499247044324875,0.013779020868241787
0.3106346130371094,0.19976742565631866,0.016128597781062126
0.286763995885849,0.19800157845020294,0.019392233341932297
0.288796603679657,0.18684276938438416,0.007296690717339516
0.3127177059650421,0.18850648403167725,0.004350179340690374
0.2993510961532593,0.17013202607631683,-0.061202842742204666
0.3233593702316284,0.1758912056684494,-0.06473049521446228
0.2511397898197174,0.21375319361686707,0.031066447496414185
0.26785439252853394,0.21380607783794403,0.027600275352597237
0.1708260178565979,0.13116037845611572,0.04729844629764557
0.18607132136821747,0.11428283900022507,-0.008568941615521908
0.1813516914844513,0.10534727573394775,-0.006235111970454454
0.13466131687164307,0.0784672424197197,0.10537461936473846
0.13634707033634186,0.09293823689222336,0.10784127563238144
0.1720571368932724,0.08570893108844757,0.023805152624845505
0.17021921277046204,0.06883054226636887,0.03280230611562729
0.14138880372047424,0.0933399349451065,0.10156398266553879
0.1424781233072281,0.08364848047494888,0.09745673090219498
0.0974883884191513,0.0063690245151519775,0.12897568941116333
0.03073474019765854,0.2615967094898224,0.06053682416677475
0.28610795736312866,0.21378976106643677,0.02456505596637726
0.286259263753891,0.23241640627384186,0.02261032909154892
0.27344202995300293,0.18254849314689636,-0.07290609925985336
0.27648240327835083,0.17378121614456177,-0.06655794382095337
0.2581293284893036,0.16889087855815887,-0.06150328367948532
0.25651782751083374,0.17635293304920197,-0.06873657554388046
0.1369459182024002,0.11730093508958817,-0.10534694790840149
0.1467389017343521,0.10533906519412994,-0.09508193284273148
0.13122360408306122,0.09155429899692535,-0.09962379187345505
0.11876281350851059,0.10493146628141403,-0.1108429804444313
0.25226932764053345,0.25797104835510254,-0.06274237483739853
0.23794449865818024,0.2582889795303345,-0.06361179053783417
0.23955586552619934,0.26765257120132446,-0.05197744071483612
0.2558935880661011,0.26581668853759766,-0.05227157473564148
0.2426481992006302,0.27529820799827576,-0.035866331309080124
0.24695831537246704,0.27922987937927246,-0.015385899692773819
0.26571977138519287,0.2747720181941986,-0.01796526275575161
0.26117265224456787,0.27217230200767517,-0.037212543189525604
0.17763827741146088,-0.29286015033721924,0.003969126846641302
0.16940970718860626,-0.2885286808013916,-0.02531629428267479
0.11648093163967133,-0.1694689691066742,0.11194176226854324
0.13448931276798248,-0.16194775700569153,0.09297581762075424
0.09196309745311737,-0.2612651586532593,0.12085052579641342
0.0034819587599486113,-0.4022311568260193,0.09336499124765396
0.019148951396346092,-0.3934631645679474,0.11853086203336716
-0.003088567405939102,-0.4665144979953766,0.02347744256258011
0.17905515432357788,-0.2981385290622711,0.03334670513868332
0.009624512866139412,-0.5281811356544495,0.005614671390503645
0.002477844012901187,-0.4965530037879944,0.013997776433825493
0.05837130546569824,-0.5220879316329956,-0.05592592433094978
0.052181120961904526,-0.4885592460632324,-0.05667315050959587
0.08305367082357407,-0.4919581711292267,-0.06142178177833557
0.08619112521409988,-0.5236878991127014,-0.06026584655046463
0.11314405500888824,-0.49606019258499146,-0.05570652335882187
0.11369340866804123,-0.5267106890678406,-0.054295238107442856
0.10384409129619598,-0.6203665733337402,0.09191036969423294
0.10168956220149994,-0.8559293150901794,-0.08656935393810272
0.1234053522348404,-0.8943371772766113,-0.07967998832464218
0.10246718674898148,-0.8943023085594177,-0.08429884910583496
0.12443218380212784,-0.8548101186752319,-0.08243485540151596
0.14342886209487915,-0.819575846195221,-0.06637918204069138
0.14387619495391846,-0.8558411002159119,-0.06880179792642593
0.1458096206188202,-0.9046923518180847,0.00864099059253931
0.10321254283189774,-0.9336374402046204,-0.07861534506082535
0.1218157634139061,-0.9350640773773193,-0.07396414130926132
0.1415441781282425,-0.8949512839317322,-0.06682948768138885
0.13755224645137787,-0.9357632398605347,-0.063435398042202
-0.005372839514166117,-0.4161747694015503,0.05792054906487465
-0.0022419514134526253,-0.3569023907184601,-0.06646068394184113
0.15510131418704987,-0.35516229271888733,0.09886831045150757
0.15740780532360077,-0.3875279724597931,0.09686490148305893
0.0687347874045372,-0.3595544099807739,0.13480816781520844
0.09704390168190002,-0.3431520164012909,0.12875255942344666
0.1241798847913742,-0.08407632261514664,0.10555276274681091
0.10500747710466385,-0.08574990183115005,0.12375257164239883
0.128287672996521,-0.039102837443351746,0.09986153990030289
0.12669363617897034,-0.062331270426511765,0.10281777381896973
0.14214988052845,-0.059080105274915695,0.08214165270328522
0.1434449553489685,-0.036985062062740326,0.07919692993164062
0.16033436357975006,-0.033257536590099335,0.02842925861477852
0.15822479128837585,-0.05297509953379631,0.03152546286582947
0.15714479982852936,-0.050507135689258575,0.0036121755838394165
0.1595568209886551,-0.031240517273545265,-0.00016542991215828806
0.15007255971431732,-0.06554146111011505,-0.019304396584630013
0.15736626088619232,-0.06886627525091171,0.006952852476388216
0.08403554558753967,-0.0290677510201931,-0.08956317603588104
0.08546536415815353,-0.005041487514972687,-0.09503812342882156
0.10491766035556793,-0.011517503298819065,-0.08441006392240524
0.10313129425048828,-0.03372010588645935,-0.0784856528043747
0.025330720469355583,-0.3347328305244446,0.14513491094112396
-0.004056887701153755,-0.40242353081703186,0.071502186357975
0.06596294045448303,-0.4327911138534546,0.12897220253944397
0.09893191605806351,-0.4017453193664551,0.13525500893592834
0.1308148056268692,-0.3967360258102417,0.1240256205201149
0.25719690322875977,0.16982358694076538,-0.015409608371555805
0.17705987393856049,0.13291959464550018,-0.08200486749410629
0.1737046241760254,0.14552761614322662,-0.08709008991718292
0.2861084043979645,0.27081209421157837,-0.02121094800531864
0.2813194692134857,0.26899707317352295,-0.040287066251039505
0.2667737603187561,0.19695855677127838,0.02325446344912052
0.2341279834508896,0.25770384073257446,0.026649827137589455
0.22068774700164795,0.23832757771015167,0.03948244825005531
0.23555244505405426,0.23581239581108093,0.03432659059762955
0.12091314792633057,-0.27282121777534485,0.10814190655946732
0.12314760684967041,-0.3001076579093933,0.11166098713874817
0.14899992942810059,-0.28892982006073,0.09355100244283676
-0.003967378754168749,-0.3784184753894806,-0.01304895244538784
-0.0022715136874467134,-0.37190771102905273,-0.021553734317421913
0.04290676489472389,-0.3775489330291748,0.1331218034029007
0.019588254392147064,-0.5886200070381165,-0.006596804596483707
0.01529676467180252,-0.559092104434967,-0.0003838834527414292
0.022881105542182922,-0.6166735887527466,-0.012935621663928032
0.02657475695014,-0.6448357701301575,-0.019067004323005676
0.031003696843981743,-0.6731968522071838,-0.024752207100391388
0.03832812234759331,-0.7016856074333191,-0.02965203858911991
0.04826734587550163,-0.7315086126327515,-0.030055532231926918
0.05246877297759056,-0.7629187107086182,-0.03629828989505768
0.04111849516630173,-0.8313746452331543,-0.034936435520648956
0.05045371130108833,-0.7950103282928467,-0.04593057930469513
0.04805374518036842,-0.8286546468734741,-0.05327868461608887
0.04739631339907646,-0.8634240031242371,-0.05795592814683914
0.05722779035568237,-0.9366768598556519,-0.05635792389512062
0.04992375522851944,-0.8991324305534363,-0.05928274989128113
0.06323742121458054,-0.9752852320671082,-0.05325763300061226
0.06599169224500656,-1.013838768005371,-0.05174051225185394
-0.0049158260226249695,-0.37833499908447266,0.015709644183516502
-0.004383827093988657,-0.3786444365978241,0.0020763049833476543
0.11728192120790482,0.2584298849105835,0.03427585959434509
0.1871042549610138,0.13072048127651215,0.006129719782620668
0.19686508178710938,0.1382903754711151,0.0019384112674742937
0.2495802491903305,0.19648446142673492,0.026908401399850845
-0.0014481029938906431,-0.34948691725730896,-0.08105514198541641
-0.0012170763220638037,-0.3408242166042328,-0.09424909204244614
0.3198995888233185,0.23789946734905243,-0.06956244260072708
0.3153606057167053,0.2514740526676178,-0.060547489672899246
0.2668706476688385,0.1859104037284851,0.01017857063561678
0.20351608097553253,0.15978239476680756,0.013634580187499523
0.21582666039466858,0.16869567334651947,0.008455649018287659
0.578857421875,0.26542529463768005,-0.024562055245041847
0.6001006364822388,0.2611144781112671,-0.025048013776540756
0.5990943312644958,0.26634588837623596,-0.0373050719499588
0.5772517323493958,0.26997268199920654,-0.03801022469997406
0.579291820526123,0.2552695870399475,-0.014364665374159813
0.600078284740448,0.25093168020248413,-0.01615700125694275
0.5761691927909851,0.1911913901567459,-0.032142095267772675
0.5975218415260315,0.19302725791931152,-0.037511780858039856
0.5975287556648254,0.20120267570018768,-0.024949517101049423
0.5759713053703308,0.20064684748649597,-0.019696779549121857
0.6197275519371033,0.23526012897491455,-0.013566281646490097
0.5994349718093872,0.2383459508419037,-0.011191058903932571
0.5983617901802063,0.22485250234603882,-0.011288246139883995
0.618857204914093,0.22292235493659973,-0.0148333003744483
0.5744210481643677,0.19193802773952484,-0.06420163810253143
0.5534459352493286,0.1880979984998703,-0.05925801396369934
0.551435112953186,0.19763486087322235,-0.07209191471338272
0.5725950598716736,0.20217162370681763,-0.07538798451423645
0.4870855212211609,0.19617247581481934,-0.007456220220774412
0.46882954239845276,0.1986588090658188,-0.0019188865553587675
0.47104209661483765,0.18663911521434784,-0.0117056705057621
0.48929232358932495,0.18498452007770538,-0.01851033791899681
0.5345795750617981,0.27381742000579834,-0.02321540378034115
0.5569139122962952,0.26962676644325256,-0.0238188449293375
0.554826021194458,0.27295464277267456,-0.03834649175405502
0.5318265557289124,0.27502456307411194,-0.03869244083762169
0.5331950783729553,0.23372790217399597,-0.0005885904538445175
0.5092197060585022,0.23785555362701416,0.0010800025193020701
0.5078814029693604,0.22097496688365936,-0.0014116044621914625
0.5314701199531555,0.21693415939807892,-0.003412475110962987
0.508722186088562,0.27515098452568054,-0.039321061223745346
0.5114312767982483,0.27767595648765564,-0.02386726438999176
0.577254056930542,0.22715270519256592,-0.00707638543099165
0.5557299852371216,0.2301408052444458,-0.0032232278026640415
0.5539830327033997,0.21450474858283997,-0.006860697641968727
0.5759104490280151,0.213063046336174,-0.011636538431048393
0.6162980794906616,0.2005307376384735,-0.06883405148983002
0.595440685749054,0.1962747871875763,-0.06736523658037186
0.5937517881393433,0.20656467974185944,-0.07689563184976578
0.6149527430534363,0.21065320074558258,-0.0770505741238594
0.6183136105537415,0.21178974211215973,-0.02054552547633648
0.5974677801132202,0.2123505026102066,-0.01648939959704876
0.6182594299316406,0.20214062929153442,-0.029619023203849792
0.6177646517753601,0.25824272632598877,-0.06087878718972206
0.5951669216156006,0.25914835929870605,-0.06389182060956955
0.597167432308197,0.26555049419403076,-0.050938449800014496
0.6192324161529541,0.26331713795661926,-0.0488508865237236
0.5318096280097961,0.1905742883682251,-0.019566386938095093
0.5541188716888428,0.19009993970394135,-0.02582170069217682
0.5537384748458862,0.20075784623622894,-0.014256334863603115
0.5311516523361206,0.2022380828857422,-0.009442943148314953
0.5354114174842834,0.26454466581344604,-0.010250194929540157
0.5576881766319275,0.2597411870956421,-0.012238327413797379
0.5723221302032471,0.25909048318862915,-0.0662761703133583
0.5492690205574036,0.257996141910553,-0.06774929165840149
0.5519047379493713,0.2679362893104553,-0.053216613829135895
0.574718713760376,0.2671605050563812,-0.05229704827070236
0.5254583358764648,0.2400704175233841,-0.07708854228258133
0.547766923904419,0.24375787377357483,-0.07736968249082565
0.5477316975593567,0.22724728286266327,-0.08037956058979034
0.5257991552352905,0.22290098667144775,-0.07895418256521225
0.5105145573616028,0.18394747376441956,-0.026893310248851776
0.509087324142456,0.1932692527770996,-0.013643420301377773
0.532267689704895,0.18475735187530518,-0.05283235386013985
0.5110840797424316,0.18185092508792877,-0.044957421720027924
0.5094385743141174,0.1888476014137268,-0.061215952038764954
0.5303637981414795,0.1934392750263214,-0.06742018461227417
0.4683205187320709,0.2609596848487854,-0.0008306551026180387
0.487583726644516,0.259005069732666,0.00018995543359778821
0.4887516498565674,0.2724517583847046,-0.010068467818200588
0.46870386600494385,0.27360019087791443,-0.01208680309355259
0.4880340099334717,0.27873098850250244,-0.025451621040701866
0.46762946248054504,0.27804726362228394,-0.028554700314998627
0.4369833171367645,0.2650079131126404,-0.04792233929038048
0.44964584708213806,0.2674539089202881,-0.04626861959695816
0.4468124508857727,0.25346091389656067,-0.05563405528664589
0.43514224886894226,0.25197798013687134,-0.0576024167239666
0.4833197295665741,0.2286011129617691,-0.07744627445936203
0.5037736892700195,0.23493871092796326,-0.07751528173685074
0.5044893622398376,0.2171526700258255,-0.07704436779022217
0.4839495122432709,0.21072694659233093,-0.07427279651165009
0.46941545605659485,0.19016671180725098,-0.061286672949790955
0.48637843132019043,0.1958242803812027,-0.0664324164390564
0.48974424600601196,0.18462476134300232,-0.05384592339396477
0.4730730354785919,0.18095731735229492,-0.04655219241976738
0.41290712356567383,0.18228532373905182,-0.04348428174853325
0.4292490780353546,0.18299204111099243,-0.04512372612953186
0.42869752645492554,0.17964045703411102,-0.03086177259683609
0.4118184447288513,0.1800224334001541,-0.02988102100789547
0.4248611629009247,0.19099445641040802,-0.002297855680808425
0.42435523867607117,0.20285628736019135,0.007605575956404209
0.40740033984184265,0.20237445831298828,0.009623602032661438
0.40814337134361267,0.1910550743341446,-0.001050771214067936
0.41127723455429077,0.26234155893325806,-0.004731773864477873
0.42609357833862305,0.26269274950027466,-0.004310065880417824
0.4257771670818329,0.2717629671096802,-0.019797641783952713
0.4111689627170563,0.26935437321662903,-0.021914005279541016
0.46639132499694824,0.22251233458518982,-0.07700109481811523
0.46445682644844055,0.20372895896434784,-0.07183264195919037
0.440062940120697,0.19012819230556488,-0.004327858332544565
0.454814076423645,0.18832279741764069,-0.007532693911343813
0.4529368281364441,0.2005419284105301,0.0019764667376875877
0.4388574957847595,0.2020478993654251,0.005122487433254719
0.4369705617427826,0.23190996050834656,0.00751433614641428
0.4512348175048828,0.2298728972673416,0.004376777447760105
0.4514145255088806,0.2459772676229477,0.0027743654791265726
0.4384530186653137,0.2470501810312271,0.003914437722414732
0.43851467967033386,0.26235243678092957,-0.0036815116181969643
0.4520662724971771,0.26190871000289917,-0.002536948537454009
0.4521619379520416,0.2735042870044708,-0.014877689070999622
0.4383598566055298,0.2728354036808014,-0.017261696979403496
0.45537155866622925,0.21981112658977509,-0.07616053521633148
0.44647878408432007,0.21638177335262299,-0.0748971700668335
0.44463059306144714,0.22961844503879547,-0.07205858826637268
0.45370593667030334,0.2336791604757309,-0.07220283150672913
0.4582233726978302,0.17887042462825775,-0.039610400795936584
0.4559432566165924,0.18638315796852112,-0.05428256094455719
0.4665907621383667,0.22822634875774384,0.0012985491193830967
0.4519301950931549,0.21509116888046265,0.005428170785307884
0.4674050211906433,0.21285998821258545,0.0017664909828454256
0.45145270228385925,0.27610981464385986,-0.03132110461592674
0.4139678478240967,0.18841588497161865,-0.05462346225976944
0.39676129817962646,0.18491807579994202,-0.05365259572863579
0.3972059488296509,0.19353370368480682,-0.06306645274162292
0.4141101539134979,0.19641773402690887,-0.06411020457744598
0.3954106271266937,0.17925909161567688,-0.041874632239341736
0.39314061403274536,0.17850694060325623,-0.02840794250369072
0.38743850588798523,0.2020091861486435,0.01143182534724474
0.3886279761791229,0.19079655408859253,0.00039942184230312705
0.38701072335243225,0.21691010892391205,0.01707821525633335
0.4074437916278839,0.21738876402378082,0.014877104200422764
0.40721386671066284,0.23299016058444977,0.013942056335508823
0.3862929344177246,0.232750803232193,0.0167047418653965
0.38762152194976807,0.2609245479106903,-0.0046643768437206745
0.38890552520751953,0.26680296659469604,-0.02209790050983429
0.41152602434158325,0.266562283039093,-0.03738006576895714
0.391377329826355,0.2637709379196167,-0.03846375271677971
0.42701491713523865,0.18311111629009247,-0.01578085497021675
0.44215846061706543,0.18159015476703644,-0.018300998955965042
0.5704851150512695,0.24636656045913696,-0.07678752392530441
0.5933482646942139,0.24802319705486298,-0.07448963075876236
0.5922077894210815,0.23380115628242493,-0.0795586034655571
0.5698792338371277,0.23097795248031616,-0.08063650131225586
0.5924326777458191,0.21974435448646545,-0.08074571192264557
0.6140986084938049,0.22307313978672028,-0.07941695302724838
0.5573209524154663,0.24606682360172272,-0.005045278929173946
0.5787238478660583,0.24204488098621368,-0.008161233738064766
0.6205101609230042,0.24725361168384552,-0.016872795298695564
0.46698054671287537,0.24432779848575592,0.00225143413990736
0.4857160747051239,0.24181070923805237,0.0017356184544041753
0.43475326895713806,0.2396111786365509,-0.06616990268230438
0.4245673716068268,0.23763784766197205,-0.06779518723487854
0.4241793751716614,0.2499149888753891,-0.05933195725083351
0.465131014585495,0.23986484110355377,-0.07118986546993256
0.4615184962749481,0.2534038722515106,-0.05662618204951286
0.48355183005332947,0.2604656219482422,-0.054202642291784286
0.48289403319358826,0.24685363471508026,-0.06976907700300217
0.4375653862953186,0.21307800710201263,-0.07302887737751007
0.4269512891769409,0.21040695905685425,-0.07173087447881699
0.42570337653160095,0.22417566180229187,-0.07222245633602142
0.43593090772628784,0.22669717669487,-0.0719602033495903
0.40897336602211,0.24855807423591614,0.007127733435481787
0.42492619156837463,0.24789348244667053,0.005135655868798494
0.39491111040115356,0.24569188058376312,-0.06379776448011398
0.39422106742858887,0.25577881932258606,-0.05258692055940628
0.4119381606578827,0.2583061158657074,-0.050258390605449677
0.4116877615451813,0.24782125651836395,-0.061025723814964294
0.4249916076660156,0.26174625754356384,-0.04910833016037941
0.395291805267334,0.23291081190109253,-0.07110128551721573
0.4120028018951416,0.23557870090007782,-0.0691974088549614
0.3864386975765228,0.24871842563152313,0.00973647739738226
0.41335827112197876,0.20806476473808289,-0.07114153355360031
0.3965386748313904,0.20528583228588104,-0.07079756259918213
0.39592987298965454,0.21914738416671753,-0.07353039085865021
0.41275039315223694,0.2217874377965927,-0.07260637730360031
0.570698082447052,0.21593314409255981,-0.0804617702960968
0.5491839647293091,0.21164420247077942,-0.07869791239500046
0.4734000861644745,0.1789492666721344,-0.028156094253063202
0.4909202754497528,0.1792464405298233,-0.03606630861759186
0.45720013976097107,0.1798384040594101,-0.02233564853668213
0.5757451057434082,0.1874891072511673,-0.04840666428208351
0.5968042612075806,0.19089588522911072,-0.05313495174050331
0.5325374603271484,0.18345238268375397,-0.034886639565229416
0.5543799996376038,0.1850992739200592,-0.04208671674132347
0.5264191627502441,0.25591376423835754,-0.06829185038805008
0.44151806831359863,0.19183006882667542,-0.05978277325630188
0.4522255063056946,0.19515427947044373,-0.06519407033920288
0.44318240880966187,0.18375542759895325,-0.04906155541539192
0.3901592493057251,0.18281814455986023,-0.013315272517502308
0.40991899371147156,0.1833122968673706,-0.014888539910316467
0.4551538825035095,0.2085859775543213,-0.0747559443116188
0.364882230758667,0.18180394172668457,-0.0123154167085886
0.46514007449150085,0.2699894905090332,-0.04413999244570732
0.4255947172641754,0.2705206871032715,-0.03569602966308594
0.4380510151386261,0.2735574543476105,-0.033540282398462296
0.6204130053520203,0.26306092739105225,-0.03591099753975868
0.5347529053688049,0.25019723176956177,-0.0024093477986752987
0.4848853647708893,0.22534692287445068,-0.00016933544247876853
0.48561933636665344,0.2098531424999237,-0.001994331134483218
0.4290221035480499,0.19010473787784576,-0.056406375020742416
0.42820337414741516,0.19827008247375488,-0.0658307895064354
0.4392319321632385,0.20069946348667145,-0.06832027435302734
0.4238933324813843,0.21773077547550201,0.012345441617071629
0.42307984828948975,0.23310048878192902,0.010818575508892536
0.6174055933952332,0.19497352838516235,-0.05616762116551399
0.43834972381591797,0.21663478016853333,0.009283851832151413
0.4857754111289978,0.27309930324554443,-0.04067716374993324
0.01515786163508892,0.21857944130897522,-0.10437630116939545
-0.0009811928030103445,0.20288357138633728,-0.10416828840970993
-0.0009193049627356231,0.21650540828704834,-0.1012740433216095
0.16628843545913696,0.052942097187042236,0.04227408021688461
0.12973268330097198,0.026226093992590904,0.09874024987220764
0.14436417818069458,0.029129518195986748,0.08030975610017776
0.18047437071800232,0.12273311614990234,0.009163436479866505
0.17590081691741943,0.11278031021356583,0.012722576968371868
0.2208331823348999,0.16038234531879425,-0.0058050211519002914
0.20854458212852478,0.14948239922523499,-0.002218957059085369
0.1667652130126953,0.09419399499893188,0.04334976151585579
0.08253824710845947,0.4653960168361664,-0.004921508487313986
0.08049117773771286,0.4582687020301819,-0.008081047795712948
0.08438290655612946,0.47876036167144775,-0.003992199897766113
0.006701448932290077,-0.13113562762737274,0.17254386842250824
-0.005934467073529959,-0.1611195206642151,0.1690065711736679
-0.005767844617366791,-0.17653606832027435,0.1684899777173996
0.08308465033769608,0.4484870731830597,0.009788752533495426
0.08090362697839737,0.4418945014476776,0.0052168224938213825
0.08527074009180069,0.445002943277359,0.008470806293189526
0.08307217806577682,0.45054858922958374,0.011929948814213276
0.08271237462759018,0.44952845573425293,0.011544515378773212
0.08533791452646255,0.4814457595348358,0.00680132582783699
0.07824096083641052,0.4495488703250885,-0.008531369268894196
0.07615189254283905,0.439890056848526,-0.007256597746163607
0.08372536301612854,0.46773436665534973,0.011480550281703472
0.050505273044109344,-0.1419277787208557,-0.0836043730378151
0.05439947918057442,-0.16079314053058624,-0.08715156465768814
0.02826627902686596,-0.16238123178482056,-0.088482566177845
0.02547973394393921,-0.14400851726531982,-0.08334991335868835
0.0004356516874395311,-0.17795944213867188,-0.0963514968752861
-0.00017680232122074813,-0.16197116672992706,-0.08842864632606506
0.03144374117255211,-0.17999641597270966,-0.09666256606578827
0.14547795057296753,-0.21190302073955536,-0.06247832253575325
0.14174489676952362,-0.1902138888835907,-0.05884363874793053
0.15621697902679443,-0.18854764103889465,-0.035676259547472
0.16074427962303162,-0.20947709679603577,-0.037692226469516754
0.1616635024547577,-0.17112751305103302,-0.009192172437906265
0.16568611562252045,-0.188950315117836,-0.00864093191921711
0.15192866325378418,-0.16983996331691742,-0.03477714583277702
0.1646565943956375,-0.17482464015483856,0.01944362185895443
0.16858571767807007,-0.19336900115013123,0.02037210576236248
0.1605778932571411,-0.18205945193767548,0.046881936490535736
0.16533027589321136,-0.20173794031143188,0.04783748462796211
0.15595242381095886,-0.21135394275188446,0.07231229543685913
0.13956846296787262,-0.22048094868659973,0.09349235892295837
0.11915962398052216,-0.24976956844329834,0.10807070136070251
0.11740880459547043,-0.22929774224758148,0.11010561883449554
0.0932757779955864,-0.2375219613313675,0.12292212247848511
0.06878434121608734,-0.24557888507843018,0.13308224081993103
0.04686899483203888,-0.2516966760158539,0.1411086767911911
0.027969857677817345,-0.25698843598365784,0.14708268642425537
0.01103648915886879,-0.26023292541503906,0.15061220526695251
-0.004311464726924896,-0.26237842440605164,0.15090331435203552
-0.003559902310371399,-0.2888275980949402,0.1507733166217804
0.11512445658445358,0.23990164697170258,0.05362696945667267
0.08524575084447861,0.2987616956233978,-0.060727883130311966
0.10351094603538513,0.3015076518058777,-0.03809643164277077
0.09431218355894089,0.2948744595050812,-0.06095675379037857
0.11820312589406967,0.2409180849790573,-0.1016867458820343
0.09668364375829697,0.23275892436504364,-0.10943785309791565
0.09762974083423615,0.2500874996185303,-0.10106953233480453
0.11893229931592941,0.25966668128967285,-0.09010643512010574
0.07507428526878357,0.28831347823143005,-0.07548431307077408
0.07041171193122864,0.2913598418235779,-0.07424604892730713
0.08081480115652084,0.28339019417762756,-0.07813899219036102
0.06572110950946808,0.27304500341415405,-0.08976839482784271
0.046978745609521866,0.2660094201564789,-0.09402743726968765
0.14793112874031067,0.29396405816078186,-0.03396841138601303
0.16164721548557281,0.2931062579154968,-0.02933003194630146
0.15932756662368774,0.280819833278656,-0.05191298574209213
0.1484370082616806,0.28147363662719727,-0.05791890621185303
0.15156938135623932,0.2331313043832779,-0.09531870484352112
0.16368038952350616,0.2359771579504013,-0.09009193629026413
0.1644430160522461,0.2202710658311844,-0.09444086998701096
0.15109826624393463,0.21614736318588257,-0.09965993463993073
0.2022550106048584,0.2879146337509155,-0.015445951372385025
0.21644462645053864,0.28534483909606934,-0.0142725994810462
0.21193678677082062,0.2805233299732208,-0.036388423293828964
0.19807100296020508,0.2818973660469055,-0.03847968578338623
0.16157950460910797,0.2512260675430298,-0.08144446462392807
0.0880921483039856,0.11222095787525177,-0.12228866666555405
0.10894575715065002,0.12098001688718796,-0.11865179985761642
0.1274414211511612,0.1301177740097046,-0.11353569477796555
0.170363649725914,0.15905891358852386,-0.09088896214962006
0.16265609860420227,0.13611185550689697,-0.09273611009120941
0.15852384269237518,0.1502530425786972,-0.09688617289066315
0.1822502315044403,0.1678178608417511,-0.08598919212818146
0.19222663342952728,0.17257721722126007,-0.08101844042539597
0.20593875646591187,0.24271319806575775,0.043005239218473434
0.20678572356700897,0.21467676758766174,0.04820522665977478
0.2205488085746765,0.21340785920619965,0.042133450508117676
0.21772944927215576,0.17915531992912292,-0.07297895103693008
0.22038273513317108,0.17289811372756958,-0.07005701959133148
0.20716777443885803,0.16528105735778809,-0.07033271342515945
0.2046331912279129,0.17262771725654602,-0.07345843315124512
0.1342959702014923,0.29468148946762085,-0.037776146084070206
0.210298553109169,0.2697524130344391,-0.05401480570435524
0.20935440063476562,0.2582690417766571,-0.06645669788122177
0.19568003714084625,0.2566814124584198,-0.06801601499319077
0.19644074141979218,0.269713819026947,-0.055795032531023026
0.2096497267484665,0.24562127888202667,-0.07536313682794571
0.21036970615386963,0.23245085775852203,-0.08033616095781326
0.19786813855171204,0.2295854240655899,-0.08257916569709778
0.19711604714393616,0.24326041340827942,-0.07760089635848999
0.2171565294265747,0.1869247406721115,-0.07626079022884369
0.20191597938537598,0.1809769868850708,-0.07674787938594818
0.23310896754264832,0.27539631724357605,0.008825610391795635
0.17693999409675598,0.2933489978313446,0.003392921295017004
0.16321223974227905,0.2960098385810852,-0.0015331570757552981
0.16373805701732635,0.2841748595237732,0.024358002468943596
0.17638975381851196,0.27953267097473145,0.02812700718641281
0.2382304072380066,0.16615836322307587,-0.01121585164219141
0.24232937395572662,0.16126960515975952,-0.02480706200003624
0.24417679011821747,0.15833234786987305,-0.037657029926776886
0.21256038546562195,0.1491563469171524,-0.06131836399435997
0.24452023208141327,0.15870283544063568,-0.048482004553079605
0.23302359879016876,0.19410818815231323,0.03034321777522564
0.2352440357208252,0.21335893869400024,0.03548825532197952
0.16449284553527832,0.2613274157047272,0.04167304188013077
0.17684952914714813,0.2553658187389374,0.04401487857103348
0.23072002828121185,0.2825280427932739,-0.014638436026871204
0.22640232741832733,0.2780206799507141,-0.03624775633215904
0.24949415028095245,0.18698827922344208,-0.07474245131015778
0.2362099289894104,0.1796685755252838,-0.07167758792638779
0.23336270451545715,0.18492139875888824,-0.07419373840093613
0.1998823881149292,0.14126625657081604,-0.06843330711126328
0.20921871066093445,0.15785466134548187,-0.06644461303949356
0.1749420315027237,0.29174742102622986,-0.02410244569182396
0.2235049605369568,0.25760263204574585,-0.06587645411491394
0.22404024004936218,0.26859042048454285,-0.053274303674697876
0.1853691190481186,0.24062268435955048,-0.08037667721509933
0.17437490820884705,0.23820795118808746,-0.08466276526451111
0.17216256260871887,0.2528408467769623,-0.07581328600645065
0.1833529770374298,0.254580557346344,-0.07130198180675507
0.22646605968475342,0.22272157669067383,-0.08081375062465668
0.22449377179145813,0.2353205531835556,-0.07847300171852112
0.17569853365421295,0.22323119640350342,-0.08955633640289307
0.18663550913333893,0.22625300288200378,-0.08566543459892273
0.2313823252916336,0.19203345477581024,-0.07669194042682648
0.15376701951026917,0.2655443251132965,0.038476526737213135
0.1430279016494751,0.2420024871826172,0.050445761531591415
0.1550704687833786,0.24175816774368286,0.05104706436395645
0.16647988557815552,0.23684082925319672,0.052869394421577454
0.1795075535774231,0.22922241687774658,0.05366336554288864
0.19364801049232483,0.22009515762329102,0.0522502101957798
0.13059107959270477,0.2408466935157776,0.051216986030340195
0.44856202602386475,0.20451299846172333,-0.07186811417341232
0.2538655996322632,0.18278299272060394,-0.07294666767120361
0.2622242867946625,0.1936468929052353,-0.07717530429363251
0.26790928840637207,0.1888734996318817,-0.07573949545621872
0.31942662596702576,0.2230135053396225,-0.07626092433929443
0.005910984240472317,0.39277321100234985,0.13170760869979858
0.006301925517618656,0.3866988718509674,0.12918846309185028
0.004689594265073538,0.4184994101524353,0.13153578341007233
0.004874997306615114,0.4145326018333435,0.13254131376743317
0.44445711374282837,0.24164626002311707,-0.0646660253405571
0.452560156583786,0.24328270554542542,-0.06432505697011948
0.5040673613548279,0.25220924615859985,-0.0687570720911026
0.505944013595581,0.2654164731502533,-0.053943149745464325
0.528775691986084,0.2673788368701935,-0.05374712496995926
0.5120779871940613,0.26937630772590637,-0.009227439761161804
0.5109841227531433,0.2549603581428528,-0.00044012119178660214
0.5079802870750427,0.2056174874305725,-0.00569646991789341
0.5066196322441101,0.20168253779411316,-0.07140480726957321
0.6620409488677979,0.2512342035770416,-0.02107757329940796
0.6828919053077698,0.2478356957435608,-0.019758736714720726
0.6835923194885254,0.2554170787334442,-0.02883908711373806
0.6622719168663025,0.2575533986091614,-0.03155330941081047
0.7032514214515686,0.24494116008281708,-0.01739368960261345
0.681873619556427,0.2373925894498825,-0.015966150909662247
0.7014919519424438,0.23387227952480316,-0.015442523173987865
0.6803091168403625,0.2267918884754181,-0.01745408959686756
0.6995229721069336,0.22411055862903595,-0.018284672871232033
0.6978527903556824,0.21612195670604706,-0.02481197565793991
0.6790808439254761,0.21757729351520538,-0.022821148857474327
0.6789533495903015,0.2107025682926178,-0.03057706542313099
0.6976844072341919,0.21067212522029877,-0.03317399322986603
0.6589726805686951,0.20463402569293976,-0.03697246313095093
0.6588574051856995,0.20113050937652588,-0.04820039123296738
0.6789740920066833,0.20434977114200592,-0.05038091540336609
0.6790750622749329,0.2061961144208908,-0.04008317366242409
0.6980792880058289,0.2157568335533142,-0.06857108324766159
0.6784815192222595,0.2121497094631195,-0.06962469220161438
0.6783205270767212,0.22152812778949738,-0.07353688031435013
0.6981102228164673,0.22417370975017548,-0.07165488600730896
0.658559262752533,0.24072536826133728,-0.0719689354300499
0.679960310459137,0.24321570992469788,-0.07001930475234985
0.6788352131843567,0.23233743011951447,-0.07299589365720749
0.6573869585990906,0.22921836376190186,-0.0752682089805603
0.6996793150901794,0.24572408199310303,-0.06969635933637619
0.6814404726028442,0.25131112337112427,-0.06277897953987122
0.7011060118675232,0.25365781784057617,-0.06155625730752945
0.6409131288528442,0.24408850073814392,-0.01644284650683403
0.6413277983665466,0.2542913854122162,-0.02326115407049656
0.6206831932067871,0.25710612535476685,-0.024730529636144638
0.6592971682548523,0.21895058453083038,-0.020102407783269882
0.6601515412330627,0.22929038107395172,-0.015903117135167122
0.6399518251419067,0.23225247859954834,-0.014919782988727093
0.6390553116798401,0.22080464661121368,-0.017661500722169876
0.6180227994918823,0.19535702466964722,-0.04213206470012665
0.6385809183120728,0.198446124792099,-0.04546209052205086
0.6385244131088257,0.20319890975952148,-0.033641986548900604
0.6589279770851135,0.21079590916633606,-0.027425317093729973
0.6385943293571472,0.2110833376646042,-0.02424078993499279
0.6584040522575378,0.202393040060997,-0.05998532101511955
0.6786889433860779,0.20624902844429016,-0.06109946593642235
0.6621946096420288,0.25897225737571716,-0.043556250631809235
0.6834694743156433,0.25750643014907837,-0.04073617607355118
0.682890772819519,0.255796879529953,-0.05228876695036888
0.6615029573440552,0.25632309913635254,-0.054822150617837906
0.6379548907279968,0.19900661706924438,-0.0582505501806736
0.6408273577690125,0.26100048422813416,-0.04623304679989815
0.6399051547050476,0.25729766488075256,-0.057757847011089325
0.6601254940032959,0.25034770369529724,-0.0650298222899437
0.6383435726165771,0.2495555579662323,-0.06803810596466064
0.7034682631492615,0.2573675811290741,-0.0382089801132679
0.703989565372467,0.2535609006881714,-0.026025544852018356
0.6413754820823669,0.26052677631378174,-0.0339251384139061
0.6577633619308472,0.20836639404296875,-0.06993517279624939
0.6370254755020142,0.20460866391658783,-0.06952033936977386
0.6360906362533569,0.2144402265548706,-0.07635846734046936
0.6572273969650269,0.21809232234954834,-0.07527954131364822
0.6145833134651184,0.23603469133377075,-0.0773036852478981
0.6367746591567993,0.23816761374473572,-0.0744943842291832
0.6358630657196045,0.22611325979232788,-0.07736431807279587
0.698620617389679,0.2345336377620697,-0.07205196470022202
0.616080641746521,0.24878855049610138,-0.07134725898504257
0.788503110408783,0.209567591547966,-0.03133406862616539
0.7937775254249573,0.20838342607021332,-0.02157249115407467
0.7839624285697937,0.20455124974250793,-0.019262488931417465
0.7783973813056946,0.20632725954055786,-0.0297231525182724
0.761930525302887,0.19586355984210968,-0.011079979129135609
0.7707006931304932,0.1975480318069458,-0.0010557153727859259
0.7630926966667175,0.2016550451517105,0.005872339475899935
0.752865731716156,0.2000470757484436,-0.0029668372590094805
0.7975142002105713,0.21046428382396698,-0.01238491851836443
0.7882469892501831,0.20535074174404144,-0.0102866655215621
0.7963725924491882,0.21616309881210327,-0.005708006210625172
0.8056074976921082,0.21560169756412506,-0.013795614242553711
0.8050369620323181,0.22336332499980927,-0.009844884276390076
0.8131767511367798,0.22679299116134644,-0.01246594823896885
0.8114033341407776,0.2361869513988495,-0.01626647263765335
0.7991622090339661,0.23499982059001923,-0.011841132305562496
0.7922117710113525,0.24666324257850647,-0.037369873374700546
0.8073285222053528,0.24444562196731567,-0.037646953016519547
0.80440354347229,0.24481289088726044,-0.04896123707294464
0.7890480160713196,0.2466507852077484,-0.048369698226451874
0.7945101857185364,0.23928920924663544,-0.06832920759916306
0.7803358435630798,0.24148494005203247,-0.06610941886901855
0.7850614190101624,0.24421006441116333,-0.05724717676639557
0.8006070852279663,0.24189689755439758,-0.05855384096503258
0.7816359400749207,0.2124333530664444,-0.04668013006448746
0.7838307619094849,0.21161822974681854,-0.04032255709171295
0.7737026810646057,0.20925185084342957,-0.0398361012339592
0.770911693572998,0.21055802702903748,-0.04673587530851364
0.7932343482971191,0.22115448117256165,0.0056250193156301975
0.7947654128074646,0.21687014400959015,0.0036855326034128666
0.795382559299469,0.22431573271751404,-0.0038495841436088085
0.7891080975532532,0.22846677899360657,-0.0021514168474823236
0.7434314489364624,0.20288801193237305,-0.05915912613272667
0.7431419491767883,0.20340755581855774,-0.050877783447504044
0.7319827675819397,0.20552466809749603,-0.04757669195532799
0.731161892414093,0.20516644418239594,-0.05673009157180786
0.7370723485946655,0.20197570323944092,-0.019034232944250107
0.7332276105880737,0.21472039818763733,-0.010885423980653286
0.7262623310089111,0.21622155606746674,-0.01616521179676056
0.7315329313278198,0.2059272825717926,-0.026868417859077454
0.744100034236908,0.20022334158420563,-0.011453412473201752
0.7499554753303528,0.21170517802238464,0.001520624035038054
0.7404433488845825,0.21282260119915009,-0.005005627404898405
0.7609655261039734,0.21135878562927246,0.00956098735332489
0.7294161319732666,0.20813967287540436,-0.06726472079753876
0.7380877733230591,0.20586112141609192,-0.07158869504928589
0.8641653060913086,0.2161506712436676,-0.01720409281551838
0.8581336140632629,0.21678611636161804,-0.016991019248962402
0.8587857484817505,0.21501068770885468,-0.02249855175614357
0.8650136590003967,0.2147863209247589,-0.02254738286137581
0.7361780405044556,0.2252398282289505,-0.07991839945316315
0.729232907295227,0.2242642641067505,-0.07697759568691254
0.7305545806884766,0.2342124730348587,-0.07578764110803604
0.7381621599197388,0.2349962592124939,-0.0765661969780922
0.7453964948654175,0.22614659368991852,-0.08354397118091583
0.7479457855224609,0.23584306240081787,-0.07785798609256744
0.867064893245697,0.22982917726039886,-0.015396276488900185
0.8607595562934875,0.23127461969852448,-0.016110895201563835
0.8594411015510559,0.226559579372406,-0.01367188710719347
0.8655027151107788,0.22503027319908142,-0.013357364572584629
0.7982097268104553,0.21149013936519623,-0.03130088374018669
0.8029497265815735,0.21093758940696716,-0.021981220692396164
0.8216692209243774,0.21289598941802979,-0.025899305939674377
0.8203855156898499,0.2149522751569748,-0.01942308060824871
0.8118383884429932,0.21301095187664032,-0.020739015191793442
0.8096360564231873,0.21244287490844727,-0.030706951394677162
0.8014764189720154,0.21399618685245514,-0.051268331706523895
0.8062418699264526,0.21356071531772614,-0.04385088011622429
0.7950257062911987,0.21350881457328796,-0.04337511584162712
0.7906075119972229,0.21380774676799774,-0.05119510367512703
0.7865692377090454,0.21134255826473236,-0.06369564682245255
0.7861073613166809,0.20939084887504578,-0.07007119804620743
0.7951712608337402,0.21046525239944458,-0.07136707752943039
0.7970020771026611,0.21225525438785553,-0.06433787196874619
0.8187426328659058,0.2142762541770935,-0.05909496545791626
0.8171206712722778,0.21417540311813354,-0.064914770424366
0.8267302513122559,0.21704556047916412,-0.06522297859191895
0.8287596106529236,0.2166624218225479,-0.059844255447387695
0.7221516966819763,0.2243373990058899,-0.07491620630025864
0.7229943871498108,0.2346399575471878,-0.07482370734214783
0.7842278480529785,0.23158510029315948,-0.08614284545183182
0.7940205335617065,0.23059521615505219,-0.08982892334461212
0.7893941402435303,0.22279076278209686,-0.09637986123561859
0.7794007062911987,0.2236606329679489,-0.09248648583889008
0.741611123085022,0.24301210045814514,-0.06938013434410095
0.7335786819458008,0.24346591532230377,-0.06940128654241562
0.8685763478279114,0.2324281483888626,-0.02043275721371174
0.8622592091560364,0.23409901559352875,-0.0210960041731596
0.7634843587875366,0.22200264036655426,0.008015098981559277
0.7520454525947571,0.2240617573261261,-0.0006095868302509189
0.7423315644264221,0.22599658370018005,-0.007365359924733639
0.7347573041915894,0.227712020277977,-0.011895447969436646
0.7275601625442505,0.22954027354717255,-0.013608595356345177
0.8149523138999939,0.2128795087337494,-0.03608815371990204
0.7920405864715576,0.2124590426683426,-0.03880312666296959
0.7795894145965576,0.2124539464712143,-0.05145442485809326
0.7732427716255188,0.20492567121982574,-0.08181477338075638
0.7762932777404785,0.2059382200241089,-0.07419859617948532
0.7688127756118774,0.2045634388923645,-0.07122442126274109
0.7645867466926575,0.20443807542324066,-0.08133753389120102
0.7780724167823792,0.2143641859292984,-0.09381929039955139
0.7880504131317139,0.21418894827365875,-0.096269391477108
0.7895520329475403,0.20881223678588867,-0.09128568321466446
0.7803662419319153,0.2081269472837448,-0.08942217379808426
0.7905293703079224,0.22424417734146118,0.009888454340398312
0.7824487686157227,0.2292991727590561,0.0021360169630497694
0.7359983325004578,0.21470358967781067,-0.07853569835424423
0.7286643981933594,0.21506240963935852,-0.07426005601882935
0.7217728495597839,0.21635062992572784,-0.07082509994506836
0.7567750215530396,0.2065117061138153,-0.04952340945601463
0.7586963772773743,0.20602592825889587,-0.04477223381400108
0.7447105050086975,0.20146937668323517,-0.03909357637166977
0.7432639002799988,0.20316822826862335,-0.04555461183190346
0.7672431468963623,0.2002507448196411,-0.027328532189130783
0.7738152146339417,0.19891607761383057,-0.016444580629467964
0.7541531920433044,0.19652049243450165,-0.021832963451743126
0.7317863702774048,0.20538920164108276,-0.03908981382846832
0.72276371717453,0.20878617465496063,-0.03629423305392265
0.7228536009788513,0.20838139951229095,-0.045813433825969696
0.7224946022033691,0.20864015817642212,-0.05551806464791298
0.7219123244285583,0.21095094084739685,-0.06466423720121384
0.7124924659729004,0.21028581261634827,-0.03507140278816223
0.7126895189285278,0.2090429663658142,-0.044457390904426575
0.7127455472946167,0.2096928209066391,-0.05442192777991295
0.7128165364265442,0.2125040590763092,-0.06309512257575989
0.7140918970108032,0.24632884562015533,-0.06951285898685455
0.7247157692909241,0.2446947693824768,-0.0694749653339386
0.7130898237228394,0.23524707555770874,-0.07360593974590302
0.7152053117752075,0.22080735862255096,-0.017573224380612373
0.7132843732833862,0.2144448161125183,-0.02610314078629017
0.7234165072441101,0.21152669191360474,-0.026278432458639145
0.7177071571350098,0.23147590458393097,-0.01464575994759798
0.7771278023719788,0.20009058713912964,0.006295147817581892
0.7839963436126709,0.20271316170692444,0.0006338602397590876
0.7888332605361938,0.20355458557605743,0.006799688097089529
0.7834488749504089,0.20150582492351532,0.012230241671204567
0.8129701614379883,0.2188975065946579,-0.01451194565743208
0.8207153677940369,0.22059667110443115,-0.015015607699751854
0.8213929533958435,0.22812774777412415,-0.014104428701102734
0.7471289038658142,0.20492801070213318,-0.07646137475967407
0.7519688010215759,0.203035369515419,-0.06539937853813171
0.8241792321205139,0.2132655680179596,-0.0318443663418293
0.8531644940376282,0.2323489785194397,-0.01683826372027397
0.8404431343078613,0.23358525335788727,-0.01737191341817379
0.8388330936431885,0.22775067389011383,-0.014737552031874657
0.8519781231880188,0.2273576408624649,-0.014114370569586754
0.8338435888290405,0.21766918897628784,-0.03538455441594124
0.8418857455253601,0.21952161192893982,-0.03344927355647087
0.8394060730934143,0.21561212837696075,-0.02906418964266777
0.8311182856559753,0.2149062156677246,-0.03000321239233017
0.8146299719810486,0.21302232146263123,-0.07179490476846695
0.8226015567779541,0.215249702334404,-0.07191833108663559
0.8221219778060913,0.23864275217056274,-0.03806221857666969
0.8091790080070496,0.2433077096939087,-0.025930942967534065
0.8212388157844543,0.24109484255313873,-0.026514817029237747
0.7988093495368958,0.2134159356355667,-0.0581219345331192
0.8072857856750488,0.21289801597595215,-0.06474697589874268
0.8089362978935242,0.21350446343421936,-0.058732613921165466
0.8185715079307556,0.21334782242774963,-0.03880251199007034
0.8145799040794373,0.2136164754629135,-0.04394581913948059
0.8227607011795044,0.2145967334508896,-0.04290563613176346
0.8253401517868042,0.21426831185817719,-0.036840274930000305
0.766103208065033,0.21274888515472412,-0.0909777581691742
0.7676229476928711,0.2252509593963623,-0.08941902965307236
0.8583707213401794,0.22122493386268616,-0.013976100832223892
0.8644378781318665,0.2202099710702896,-0.01409283746033907
0.7127867937088013,0.22484837472438812,-0.07263579964637756
0.7127761840820312,0.21737252175807953,-0.06907214969396591
0.7880668044090271,0.21305078268051147,-0.057343728840351105
0.7951065897941589,0.2436043620109558,-0.025052133947610855
0.777462363243103,0.2114132046699524,-0.05650921165943146
0.8125617504119873,0.2304898500442505,-0.07877620309591293
0.8211361169815063,0.23055361211299896,-0.07948809862136841
0.8202062845230103,0.22387856245040894,-0.08127313107252121
0.8121196627616882,0.22374147176742554,-0.08292128145694733
0.8542270660400391,0.22116176784038544,-0.03191063925623894
0.8618786931037903,0.22189727425575256,-0.031186599284410477
0.8604297637939453,0.21721944212913513,-0.02774464152753353
0.8524490594863892,0.2164856493473053,-0.028005050495266914
0.8288379907608032,0.2145392894744873,-0.024687759578227997
0.837588369846344,0.21452350914478302,-0.02367512136697769
0.8367360234260559,0.21667814254760742,-0.018393421545624733
0.827638566493988,0.2164197415113449,-0.019043026491999626
0.828075110912323,0.22158940136432648,-0.015645774081349373
0.8374549150466919,0.22187398374080658,-0.015413077548146248
0.8557425737380981,0.2280246913433075,-0.032582662999629974
0.8440279960632324,0.2271210104227066,-0.03383418917655945
0.8429183959960938,0.2344413548707962,-0.030228128656744957
0.8555986881256104,0.23382200300693512,-0.028395047411322594
0.7664641737937927,0.24377945065498352,-0.06385201215744019
0.7761781215667725,0.23801717162132263,-0.0752655416727066
0.7629204392433167,0.24023066461086273,-0.07242760807275772
0.807628870010376,0.23745088279247284,-0.07033560425043106
0.8016747832298279,0.23135656118392944,-0.07990064471960068
0.7893869280815125,0.235669806599617,-0.07793069630861282
0.7721617817878723,0.23354052007198334,-0.08271081745624542
0.8324657082557678,0.22771316766738892,-0.04112071171402931
0.8312125205993652,0.23399361968040466,-0.04262281954288483
0.8322943449020386,0.23365353047847748,-0.03388942778110504
0.7752764225006104,0.20884005725383759,-0.06367246806621552
0.8508175015449524,0.22174489498138428,-0.014446550980210304
0.7402114272117615,0.24771830439567566,-0.02407948486506939
0.7492153644561768,0.2454412877559662,-0.023508718237280846
0.7507967948913574,0.2519264221191406,-0.03754838928580284
0.7404853105545044,0.25330206751823425,-0.03618578240275383
0.8510185480117798,0.2148546278476715,-0.022580193355679512
0.8504853248596191,0.21655160188674927,-0.01723121851682663
0.8137087821960449,0.2133132517337799,-0.07896727323532104
0.8148796558380127,0.2159937471151352,-0.08438346534967422
0.8208913207054138,0.2178543657064438,-0.08203492313623428
0.8207820653915405,0.2157166451215744,-0.07770343124866486
0.7595118880271912,0.23552656173706055,-0.07990124076604843
0.8007944226264954,0.22981110215187073,-0.09335415065288544
0.7976207733154297,0.22183801233768463,-0.09935948997735977
0.7508922815322876,0.24215203523635864,-0.070452019572258
0.7445242404937744,0.24830538034439087,-0.059887878596782684
0.7539880275726318,0.2462308704853058,-0.061720110476017
0.8167499899864197,0.23747457563877106,-0.05916869267821312
0.770334005355835,0.24640421569347382,-0.05583084002137184
0.7574560046195984,0.24891804158687592,-0.05368366092443466
0.747001588344574,0.25127696990966797,-0.05044073611497879
0.7384463548660278,0.2531964182853699,-0.04877061769366264
0.736371636390686,0.2498084157705307,-0.05908510461449623
0.8545730113983154,0.23531965911388397,-0.022068127989768982
0.8632538318634033,0.23301319777965546,-0.02734406292438507
0.7156713008880615,0.25322845578193665,-0.059718724340200424
0.726884126663208,0.2513897716999054,-0.05885786563158035
0.717343270778656,0.25623929500579834,-0.048559632152318954
0.7289931774139404,0.2549145817756653,-0.048225417733192444
0.7632644772529602,0.2498357743024826,-0.03515498340129852
0.7608516216278076,0.25048357248306274,-0.04469892382621765
0.7774803638458252,0.24819670617580414,-0.03678435459733009
0.774117112159729,0.24847878515720367,-0.047225989401340485
0.8185046911239624,0.24232888221740723,-0.04914660379290581
0.8783785104751587,0.2267303168773651,-0.02872101031243801
0.8775659203529358,0.22203725576400757,-0.03001185692846775
0.868681788444519,0.22202321887016296,-0.03082682564854622
0.8698725700378418,0.22743110358715057,-0.029784154146909714
0.8631283640861511,0.22795285284519196,-0.031099146232008934
0.8697059154510498,0.23181241750717163,-0.026276854798197746
0.780448853969574,0.24410966038703918,-0.0240084957331419
0.830898106098175,0.21718665957450867,-0.04211270809173584
0.7640363574028015,0.24220812320709229,-0.02016940899193287
0.7744787335395813,0.23627552390098572,-0.00700799748301506
0.7857035398483276,0.23828895390033722,-0.010929022915661335
0.7564346790313721,0.2345430701971054,-0.006736675277352333
0.7458089590072632,0.23734769225120544,-0.012319096364080906
0.7299981117248535,0.24051538109779358,-0.016197936609387398
0.7373117804527283,0.23905986547470093,-0.015479897148907185
0.7195231914520264,0.24238523840904236,-0.016419043764472008
0.7674702405929565,0.23085877299308777,0.00172631093300879
0.8729643821716309,0.2143067866563797,-0.023294532671570778
0.872161865234375,0.21492239832878113,-0.017678074538707733
0.731666624546051,0.24923278391361237,-0.02396862767636776
0.7202854156494141,0.25130996108055115,-0.024420036002993584
0.7799188494682312,0.2002064734697342,-0.006908264942467213
0.7670580148696899,0.20934048295021057,-0.05518545210361481
0.7648931741714478,0.2067556083202362,-0.060542650520801544
0.7609659433364868,0.20356786251068115,-0.06857030838727951
0.7562006711959839,0.20438238978385925,-0.07964662462472916
0.7192468047142029,0.2567034363746643,-0.03633785992860794
0.6980401277542114,0.20786787569522858,-0.04251626133918762
0.6979944705963135,0.20796595513820648,-0.05257929861545563
0.702392041683197,0.2566840350627899,-0.050102099776268005
0.8726722598075867,0.21856984496116638,-0.014395548962056637
0.8306547999382019,0.22381959855556488,-0.06396371126174927
0.8323139548301697,0.22290360927581787,-0.061734482645988464
0.7710413336753845,0.2030004858970642,0.012202736921608448
0.7794352769851685,0.20428629219532013,0.01724189519882202
0.7827324271202087,0.2181643545627594,0.01997469738125801
0.772940456867218,0.22008351981639862,0.015099171549081802
0.7698749303817749,0.2109045535326004,0.015858598053455353
0.7796202301979065,0.21051834523677826,0.020052235573530197
0.7557555437088013,0.20594987273216248,-0.05336349457502365
0.7547390460968018,0.20472992956638336,-0.058548856526613235
0.7560973763465881,0.22632545232772827,-0.08658305555582047
0.754744827747345,0.21408234536647797,-0.08792135119438171
0.8291932940483093,0.22821828722953796,-0.01492681261152029
0.8301616907119751,0.23443597555160522,-0.018274320289492607
0.8215276598930359,0.23594731092453003,-0.017896614968776703
0.8415071368217468,0.23679283261299133,-0.023642076179385185
0.8359569907188416,0.22536267340183258,-0.036060821264982224
0.8339958190917969,0.22278130054473877,-0.04041638225317001
0.7621914744377136,0.2036827951669693,-0.037360597401857376
0.7485628128051758,0.19885481894016266,-0.031277790665626526
0.7931627035140991,0.21006107330322266,0.002644350053742528
0.7899131178855896,0.2079157829284668,-0.0031730844639241695
0.8109968900680542,0.2137223333120346,-0.05136638134717941
0.8298377394676208,0.23641954362392426,-0.056650273501873016
0.8296797275543213,0.2398575395345688,-0.04911333695054054
0.8198873400688171,0.21446548402309418,-0.051162149757146835
0.8741307258605957,0.22308792173862457,-0.013396733440458775
0.8756241202354431,0.22780878841876984,-0.015222032554447651
0.8309118151664734,0.23837196826934814,-0.0254325270652771
0.8050658702850342,0.21151842176914215,-0.07199715822935104
0.8317456245422363,0.2300654500722885,-0.060161128640174866
0.8245579600334167,0.23282667994499207,-0.06369099766016006
0.795385479927063,0.21438376605510712,-0.09791236370801926
0.7311932444572449,0.2548277676105499,-0.03568551689386368
0.8666479587554932,0.21694912016391754,-0.02804424799978733
0.8748565912246704,0.21672941744327545,-0.02832961082458496
0.8778303861618042,0.22990600764751434,-0.025476999580860138
0.8766062259674072,0.23057138919830322,-0.02019486576318741
0.7448886036872864,0.2145853340625763,-0.08367137610912323
0.7689310312271118,0.21052467823028564,-0.05104764550924301
0.6979951858520508,0.21049882471561432,-0.0617748498916626
0.7770946025848389,0.22746595740318298,0.009661256335675716
0.7867317199707031,0.22386647760868073,0.015962868928909302
0.8281639218330383,0.21590110659599304,-0.0512099489569664
0.8062915205955505,0.22839851677417755,-0.086468905210495
0.828822910785675,0.2338157594203949,-0.0667296051979065
0.8243863582611084,0.235848531126976,-0.07337544858455658
0.8169434666633606,0.23633216321468353,-0.07201743870973587
0.8319270610809326,0.22870612144470215,-0.06515195965766907
0.883902907371521,0.22952879965305328,-0.019952064380049706
0.8848680257797241,0.22896549105644226,-0.025150971487164497
0.8832223415374756,0.2267727255821228,-0.014916889369487762
0.8809696435928345,0.22203294932842255,-0.013612634502351284
0.8789260983467102,0.2178993970155716,-0.01470052171498537
0.8851708769798279,0.22589708864688873,-0.02832118235528469
0.8839887976646423,0.22162820398807526,-0.02950347773730755
0.8809798955917358,0.2167469561100006,-0.027960535138845444
0.8909783363342285,0.22495007514953613,-0.028313985094428062
0.8919758200645447,0.22779376804828644,-0.025007957592606544
0.8967004418373108,0.22327889502048492,-0.014187163673341274
0.8984655737876892,0.2254967987537384,-0.016232673078775406
0.894694447517395,0.22642043232917786,-0.016626134514808655
0.8911266326904297,0.22585658729076385,-0.0148527966812253
0.901790201663971,0.2218429446220398,-0.014971286989748478
0.9031925797462463,0.2245788872241974,-0.016631318256258965
0.8989027142524719,0.227250337600708,-0.01998356357216835
0.8942337036132812,0.22779345512390137,-0.019665302708745003
0.9040383696556091,0.22659806907176971,-0.020426368340849876
0.9036874771118164,0.22596314549446106,-0.024482976645231247
0.8987143635749817,0.22650358080863953,-0.02396974340081215
0.8948439359664917,0.2273533195257187,-0.02298218384385109
0.8903024196624756,0.2285977303981781,-0.019713109359145164
0.9061791896820068,0.22133219242095947,-0.017044154927134514
0.9088135361671448,0.22214867174625397,-0.02140944078564644
0.9081358313560486,0.2253226339817047,-0.0207904651761055
0.9064880013465881,0.22401396930217743,-0.017432719469070435
0.8875923156738281,0.2212480753660202,-0.013755874708294868
0.8944171667098999,0.21976087987422943,-0.014387530274689198
0.9002436995506287,0.21840189397335052,-0.01564219407737255
0.9049017429351807,0.21813131868839264,-0.018058469519019127
0.8934221267700195,0.2161346971988678,-0.015949305146932602
0.8994627594947815,0.21569198369979858,-0.017552291974425316
0.9033494591712952,0.21585194766521454,-0.019761258736252785
0.8932386636734009,0.21370823681354523,-0.019133679568767548
0.8993607759475708,0.21426011621952057,-0.020312609151005745
0.8851913213729858,0.2172314077615738,-0.015070869587361813
0.8841572999954224,0.21431788802146912,-0.018272096291184425
0.9021950960159302,0.21497726440429688,-0.021255014464259148
0.9074825644493103,0.21919436752796173,-0.022406145930290222
0.8978133797645569,0.2255827933549881,-0.026820560917258263
0.9031040072441101,0.22424094378948212,-0.02710857428610325
0.8969932794570923,0.22329117357730865,-0.028622277081012726
0.9023528695106506,0.22195011377334595,-0.028458258137106895
0.907253623008728,0.22546730935573578,-0.024467241019010544
0.9074040055274963,0.22328650951385498,-0.025950992479920387
0.8780080080032349,0.21464556455612183,-0.01801862008869648
0.8788472414016724,0.21441704034805298,-0.02361380122601986
0.8848439455032349,0.21403542160987854,-0.023509269580245018
0.8936088681221008,0.21343019604682922,-0.024170374497771263
0.8867822289466858,0.21659189462661743,-0.0277249738574028
0.8898041844367981,0.22093071043491364,-0.029307326301932335
0.8961873054504395,0.22020091116428375,-0.02910580113530159
0.8945948481559753,0.21629056334495544,-0.028068332001566887
0.9012852907180786,0.21906477212905884,-0.02849583886563778
0.900261640548706,0.2162826508283615,-0.027336329221725464
0.8997462391853333,0.2143590897321701,-0.02417520061135292
0.9045267701148987,0.21808524429798126,-0.02678455226123333
0.906203031539917,0.22057896852493286,-0.02678437903523445
0.905158519744873,0.21695612370967865,-0.023288734257221222
0.902868390083313,0.21547150611877441,-0.023851605132222176
0.9029414057731628,0.21645019948482513,-0.026214970275759697
0.8719214797019958,0.21866537630558014,-0.051182713359594345
0.8640782237052917,0.2193586528301239,-0.04980674758553505
0.8637220859527588,0.21841789782047272,-0.05498835816979408
0.8717852830886841,0.2179470658302307,-0.056502457708120346
0.8728107810020447,0.23229171335697174,-0.04711832478642464
0.8655247092247009,0.2336946725845337,-0.04655646160244942
0.8651497960090637,0.2277955263853073,-0.045172035694122314
0.8725098967552185,0.22627657651901245,-0.04613567888736725
0.8725085258483887,0.2353983074426651,-0.05302310362458229
0.8652618527412415,0.23706108331680298,-0.052545394748449326
0.856833279132843,0.23464910686016083,-0.04560577869415283
0.8422445058822632,0.2342272400856018,-0.044378720223903656
0.8421173691749573,0.22776372730731964,-0.043562475591897964
0.8565335273742676,0.22854751348495483,-0.04445355385541916
0.8410040736198425,0.22301098704338074,-0.06140737235546112
0.8392235040664673,0.21891964972019196,-0.05807889252901077
0.8646178841590881,0.22282353043556213,-0.04685010015964508
0.8722824454307556,0.22154539823532104,-0.04780705273151398
0.8555779457092285,0.22360868752002716,-0.062452513724565506
0.864875316619873,0.22389906644821167,-0.06343138962984085
0.8641572594642639,0.21997453272342682,-0.0600665844976902
0.8547563552856445,0.21957211196422577,-0.05902290344238281
0.8388844132423401,0.2174379974603653,-0.05185401812195778
0.8399354219436646,0.21837058663368225,-0.04567165672779083
0.8414125442504883,0.2224869728088379,-0.04354032874107361
0.8564203977584839,0.22968034446239471,-0.06268879771232605
0.8423243761062622,0.2298707664012909,-0.06120159849524498
0.8421046733856201,0.23625238239765167,-0.05718429386615753
0.8568020462989807,0.23535795509815216,-0.05876392126083374
0.8558108806610107,0.22312165796756744,-0.04553360864520073
0.8542877435684204,0.2181779444217682,-0.053430479019880295
0.8549719452857971,0.2190936803817749,-0.048131801187992096
0.8565267324447632,0.23801617324352264,-0.05181761085987091
0.8654241561889648,0.2343864142894745,-0.05951862409710884
0.8830589056015015,0.22811128199100494,-0.06377211958169937
0.8830664753913879,0.22346729040145874,-0.06518786400556564
0.8728158473968506,0.22363236546516418,-0.06449764966964722
0.8731955885887146,0.22869861125946045,-0.06362826377153397
0.8655104041099548,0.22911721467971802,-0.06320524960756302
0.8727948665618896,0.23336228728294373,-0.05961822345852852
0.8828698992729187,0.21725887060165405,-0.05853630229830742
0.8827266097068787,0.21760259568691254,-0.052972935140132904
0.8829677700996399,0.22013449668884277,-0.04942578077316284
0.8419855833053589,0.23931241035461426,-0.05019315332174301
0.882914125919342,0.22448064386844635,-0.04795154556632042
0.8828591704368591,0.23039136826992035,-0.04844691976904869
0.8721891641616821,0.21953105926513672,-0.06155816838145256
0.8827055096626282,0.2190885692834854,-0.06316309422254562
0.8825646042823792,0.23199360072612762,-0.060024190694093704
0.8821591138839722,0.23375968635082245,-0.053911011666059494
0.890701413154602,0.2321157157421112,-0.05512954294681549
0.8907067179679871,0.23065556585788727,-0.06076984107494354
0.8914562463760376,0.2292679250240326,-0.04981018230319023
0.8906756043434143,0.22378580272197723,-0.04915223643183708
0.8899152874946594,0.21980787813663483,-0.050615470856428146
0.8908960819244385,0.22746022045612335,-0.06405097991228104
0.8904021382331848,0.22350440919399261,-0.06542222201824188
0.889360249042511,0.21926236152648926,-0.06373774260282516
0.8983050584793091,0.22673435509204865,-0.06493325531482697
0.8994209170341492,0.22971679270267487,-0.06201215833425522
0.9121662378311157,0.22507856786251068,-0.053516946732997894
0.9130629301071167,0.2281794548034668,-0.05488286912441254
0.9076354503631592,0.22865040600299835,-0.05411918833851814
0.9064040780067444,0.22651538252830505,-0.0518818274140358
0.903735339641571,0.2296147644519806,-0.054067447781562805
0.9002394676208496,0.22874362766742706,-0.051543351262807846
0.9076912999153137,0.23043562471866608,-0.05801055207848549
0.902976930141449,0.23051908612251282,-0.05725632235407829
0.9135807752609253,0.23060102760791779,-0.058994729071855545
0.912571132183075,0.22967658936977386,-0.06297554075717926
0.9066995978355408,0.22940559685230255,-0.061556413769721985
0.9028294682502747,0.22972923517227173,-0.060484062880277634
0.9172782897949219,0.22515197098255157,-0.056153059005737305
0.917084276676178,0.22794395685195923,-0.056113291531801224
0.8983752131462097,0.2312987595796585,-0.05651190131902695
0.8974157571792603,0.22370123863220215,-0.050554752349853516
0.9048755764961243,0.22265520691871643,-0.051840536296367645
0.9116439819335938,0.2218082994222641,-0.05397827923297882
0.9164642691612244,0.22193528711795807,-0.057048335671424866
0.9038564562797546,0.21875791251659393,-0.05337436869740486
0.9107731580734253,0.2187950164079666,-0.055531613528728485
0.9147274494171143,0.21959009766578674,-0.05849916860461235
0.903201699256897,0.21623818576335907,-0.05691077187657356
0.9100649952888489,0.21711425483226776,-0.05865034461021423
0.89571213722229,0.21952411532402039,-0.051853977143764496
0.8946985602378845,0.2170511782169342,-0.0552118755877018
0.9132148623466492,0.21841534972190857,-0.0599295012652874
0.9182302355766296,0.22350439429283142,-0.06128653883934021
0.9195399880409241,0.22679074108600616,-0.06053091585636139
0.9188963770866394,0.23026762902736664,-0.05969900265336037
0.9058818817138672,0.22787465155124664,-0.06370677053928375
0.9120883941650391,0.2273874431848526,-0.06464427709579468
0.9054501056671143,0.2260129749774933,-0.06594759225845337
0.9117848873138428,0.22540315985679626,-0.06629974395036697
0.9170970320701599,0.2298199087381363,-0.06352843344211578
0.917199969291687,0.22749632596969604,-0.06438001990318298
0.8892897367477417,0.21749058365821838,-0.05416911467909813
0.8890596628189087,0.21724894642829895,-0.05923398211598396
0.8944562673568726,0.21678094565868378,-0.060177307575941086
0.9029140472412109,0.2164040356874466,-0.061953675001859665
0.89493328332901,0.2191781848669052,-0.06451257318258286
0.8969681859016418,0.22336557507514954,-0.06616273522377014
0.9043326377868652,0.22306452691555023,-0.0668262243270874
0.9031591415405273,0.21927623450756073,-0.06578535586595535
0.9106618762016296,0.2227800488471985,-0.06664156168699265
0.909661591053009,0.21978314220905304,-0.0658075362443924
0.9096130132675171,0.217277392745018,-0.06286405026912689
0.9147173166275024,0.2221851497888565,-0.06532947719097137
0.916418731212616,0.2247501015663147,-0.06516586244106293
0.9159853458404541,0.22085414826869965,-0.06211072579026222
0.9134710431098938,0.2189140021800995,-0.06267796456813812
0.912941038608551,0.22020022571086884,-0.06501690298318863
0.8597010374069214,0.2191481739282608,-0.07567091286182404
0.8534851670265198,0.21984459459781647,-0.07415939122438431
0.851633608341217,0.21740160882472992,-0.0786290094256401
0.8580527305603027,0.21666564047336578,-0.0803031325340271
0.8607959747314453,0.2313351035118103,-0.07574250549077988
0.8537455797195435,0.23283521831035614,-0.07354288548231125
0.8548552989959717,0.2286914587020874,-0.07169746607542038
0.8613290786743164,0.2278868407011032,-0.0737970843911171
0.8595930933952332,0.23273323476314545,-0.08065368235111237
0.8519430160522461,0.23426176607608795,-0.07911714911460876
0.8465628623962402,0.23341520130634308,-0.07152266800403595
0.8362987637519836,0.23364698886871338,-0.06905272603034973
0.8378992676734924,0.22818073630332947,-0.06734645366668701
0.8481523394584656,0.22865355014801025,-0.06956884264945984
0.8547343611717224,0.22406750917434692,-0.07207491248846054
0.8610495328903198,0.2234961986541748,-0.07385870814323425
0.8420518636703491,0.21978628635406494,-0.08503526449203491
0.8500001430511475,0.22028489410877228,-0.08673030883073807
0.8503969311714172,0.21772950887680054,-0.08343377709388733
0.8425134420394897,0.217412531375885,-0.08155685663223267
0.8314084410667419,0.21670591831207275,-0.07375520467758179
0.8343103528022766,0.21873126924037933,-0.06921297311782837
0.8368191719055176,0.22284045815467834,-0.06758072972297668
0.8422992825508118,0.22513552010059357,-0.0865456759929657
0.8300763368606567,0.2245691865682602,-0.08332233130931854
0.8311250805854797,0.23127232491970062,-0.08144339919090271
0.8427648544311523,0.23153236508369446,-0.08377128839492798
0.8480393886566162,0.2236836552619934,-0.07017389684915543
0.8441583514213562,0.2168172001838684,-0.07671847939491272
0.8464665412902832,0.219272181391716,-0.07219988852739334
0.8441548943519592,0.23481988906860352,-0.07741550356149673
0.8505191206932068,0.2310352772474289,-0.08500637859106064
0.8681694865226746,0.2250993400812149,-0.09071144461631775
0.8677384257316589,0.2206282764673233,-0.09094134718179703
0.8569486737251282,0.22015836834907532,-0.08865422755479813
0.8573821187019348,0.22516173124313354,-0.0891067311167717
0.8500210046768188,0.22519125044345856,-0.08800538629293442
0.8583217859268188,0.23022526502609253,-0.08610493689775467
0.8678574562072754,0.21619851887226105,-0.08299513161182404
0.8690873384475708,0.2179471105337143,-0.07833903282880783
0.8702272772789001,0.2220766693353653,-0.0764642059803009
0.8335224390029907,0.23547442257404327,-0.07512973994016647
0.8294693231582642,0.21897263824939728,-0.08210860937833786
0.8708334565162659,0.2259160429239273,-0.07641342282295227
0.8707720637321472,0.22931209206581116,-0.07807814329862595
0.8570074439048767,0.21725259721279144,-0.08528591692447662
0.8671621680259705,0.21714918315410614,-0.08799079805612564
0.8687859177589417,0.2292846143245697,-0.08766674250364304
0.8696016669273376,0.23127678036689758,-0.08263840526342392
0.8769686818122864,0.2302858978509903,-0.08412831276655197
0.876041054725647,0.2287590503692627,-0.08925724774599075
0.8783561587333679,0.22847038507461548,-0.07953206449747086
0.8779082894325256,0.22474804520606995,-0.07819745689630508
0.8767082691192627,0.22111745178699493,-0.0783359631896019
0.8754355311393738,0.22473526000976562,-0.09199535101652145
0.8749223947525024,0.22086191177368164,-0.09207136929035187
0.8734999299049377,0.21739546954631805,-0.08925265073776245
0.8808382153511047,0.22421202063560486,-0.09339265525341034
0.8826574683189392,0.22775699198246002,-0.0905693992972374
0.8964573740959167,0.22463637590408325,-0.08333468437194824
0.8966329097747803,0.22651301324367523,-0.08499239385128021
0.8916303515434265,0.2264949232339859,-0.08393959701061249
0.8913902640342712,0.22539639472961426,-0.08181164413690567
0.8879685401916504,0.22752735018730164,-0.08341731876134872
0.8851943016052246,0.22751644253730774,-0.08122854679822922
0.8910779356956482,0.2284075766801834,-0.0874306708574295
0.886644184589386,0.2287326157093048,-0.08628770709037781
0.8960203528404236,0.22816115617752075,-0.088817298412323
0.8942484855651855,0.22675417363643646,-0.09252752363681793
0.8893395066261292,0.22693219780921936,-0.0909629687666893
0.8859307765960693,0.22797861695289612,-0.08949052542448044
0.9004068374633789,0.22460411489009857,-0.08590947091579437
0.8998110294342041,0.22646833956241608,-0.08648727089166641
0.8827487230300903,0.22923052310943604,-0.08541249483823776
0.8834866881370544,0.22390784323215485,-0.07955393940210342
0.8900948166847229,0.22256451845169067,-0.08093713223934174
0.8957103490829468,0.22176602482795715,-0.0828879252076149
0.899352490901947,0.22141790390014648,-0.08590015769004822
0.8885310888290405,0.2193000763654709,-0.08165710419416428
0.8942083120346069,0.21891535818576813,-0.08376267552375793
0.8973396420478821,0.21874098479747772,-0.08645253628492355
0.8869601488113403,0.21658843755722046,-0.08354922384023666
0.8928430676460266,0.21681438386440277,-0.08562979102134705
0.8818368315696716,0.2202828973531723,-0.07998532056808472
0.8799126148223877,0.21737074851989746,-0.08185354620218277
0.8955696821212769,0.21752870082855225,-0.08722911030054092
0.8999577164649963,0.2216494083404541,-0.09077292680740356
0.9011076092720032,0.2251153141260147,-0.09053410589694977
0.9001949429512024,0.227835014462471,-0.09001533687114716
0.8877462148666382,0.22561639547348022,-0.09327432513237
0.89305579662323,0.22483192384243011,-0.09441997110843658
0.8866049647331238,0.22313551604747772,-0.09445031732320786
0.8923768401145935,0.22255219519138336,-0.09514037519693375
0.8979480862617493,0.22691984474658966,-0.09294497221708298
0.8978615999221802,0.225052610039711,-0.09394340962171555
0.8750624060630798,0.21796636283397675,-0.0801808089017868
0.8736485242843628,0.2164839506149292,-0.0843614861369133
0.8786792755126953,0.21625177562236786,-0.08553239703178406
0.8860504627227783,0.21574072539806366,-0.0875244140625
0.8783473372459412,0.2174215167760849,-0.09016840159893036
0.8797140121459961,0.2206253856420517,-0.09286072105169296
0.8859103322029114,0.22008857131004333,-0.09398332238197327
0.8852136731147766,0.21731415390968323,-0.09162889420986176
0.8915810585021973,0.2198762148618698,-0.0945608988404274
0.8912079930305481,0.21751484274864197,-0.0926140695810318
0.891819953918457,0.21623365581035614,-0.08912215381860733
0.8956000208854675,0.2197003811597824,-0.09365569800138474
0.896877110004425,0.22237835824489594,-0.09429369121789932
0.897855818271637,0.21910950541496277,-0.09032760560512543
0.8954672813415527,0.21748903393745422,-0.08985432982444763
0.894351601600647,0.2180061936378479,-0.09246815741062164
0.8296165466308594,0.21710984408855438,-0.07844114303588867
0.833317220211029,0.2153410166501999,-0.10285294055938721
0.8287801742553711,0.21592524647712708,-0.0999852865934372
0.8267097473144531,0.21400511264801025,-0.1029544398188591
0.8311398029327393,0.21335501968860626,-0.10579907149076462
0.8342157006263733,0.22614902257919312,-0.10510911047458649
0.8290520906448364,0.2272932529449463,-0.10192155838012695
0.8305198550224304,0.2238735407590866,-0.09895898401737213
0.8355348706245422,0.2230503410100937,-0.10221479088068008
0.8314435482025146,0.22635312378406525,-0.1098962277173996
0.8260148763656616,0.227557972073555,-0.10704967379570007
0.8228813409805298,0.22753162682056427,-0.09814179688692093
0.81324303150177,0.22802311182022095,-0.09177817404270172
0.8161919116973877,0.22345376014709473,-0.08960426598787308
0.8246798515319824,0.2238197773694992,-0.0952325165271759
0.8013173937797546,0.21482022106647491,-0.09910894185304642
0.8080554604530334,0.21473689377307892,-0.10209222137928009
0.8103204369544983,0.21286088228225708,-0.09864120185375214
0.8027565479278564,0.21198396384716034,-0.09516128152608871
0.8303112387657166,0.21956601738929749,-0.09844927489757538
0.8349949717521667,0.21897661685943604,-0.10172668844461441
0.8173320889472961,0.21509966254234314,-0.1069176122546196
0.8229284286499023,0.2153152972459793,-0.11010005325078964
0.8247277140617371,0.21379071474075317,-0.10660339146852493
0.8194857239723206,0.21332904696464539,-0.10351894795894623
0.8061205148696899,0.21143926680088043,-0.09089025855064392
0.8129050731658936,0.21296346187591553,-0.09498246014118195
0.8149764537811279,0.2149006873369217,-0.09150145202875137
0.8099276423454285,0.21260929107666016,-0.08678465336561203
0.816491961479187,0.21817007660865784,-0.08993246406316757
0.8161581754684448,0.21904581785202026,-0.1087871715426445
0.8066742420196533,0.21862198412418365,-0.10375699400901794
0.8061679601669312,0.2241051197052002,-0.10296778380870819
0.816932201385498,0.22421838343143463,-0.10786645859479904
0.8248103260993958,0.21938557922840118,-0.09509426355361938
0.8216559290885925,0.2136629819869995,-0.09996607154607773
0.8235419988632202,0.21579617261886597,-0.09672961384057999
0.819493293762207,0.22810567915439606,-0.10314344614744186
0.8233873248100281,0.22388893365859985,-0.11106351763010025
0.833696186542511,0.21750898659229279,-0.11858371645212173
0.833760142326355,0.21426233649253845,-0.11699509620666504
0.8275923132896423,0.21478544175624847,-0.11320040374994278
0.8271498680114746,0.21851208806037903,-0.11513858288526535
0.8221349120140076,0.21910206973552704,-0.11216792464256287
0.828685462474823,0.2230200469493866,-0.11395025998353958
0.8368195295333862,0.212516188621521,-0.10954957455396652
0.8394359350204468,0.21447275578975677,-0.10667217522859573
0.8409819602966309,0.2178734689950943,-0.1055297777056694
0.8089210391044617,0.2293698787689209,-0.09734249860048294
0.8417624831199646,0.22147861123085022,-0.10614258795976639
0.8407814502716064,0.22441719472408295,-0.10873056203126907
0.8291533589363098,0.21318139135837555,-0.10956737399101257
0.8349916934967041,0.21255548298358917,-0.11342896521091461
0.8352606296539307,0.22163443267345428,-0.11735124886035919
0.8379324078559875,0.2247169017791748,-0.11322224885225296
0.8433438539505005,0.2239735871553421,-0.11608414351940155
0.8407622575759888,0.2209792286157608,-0.12026714533567429
0.8459123373031616,0.22338047623634338,-0.1115180253982544
0.8463829159736633,0.220590740442276,-0.10886669903993607
0.8450468182563782,0.21708334982395172,-0.1084018275141716
0.8388577103614807,0.21672239899635315,-0.12116219848394394
0.8386614918708801,0.21405453979969025,-0.11930006742477417
0.839347243309021,0.2126954197883606,-0.11583148688077927
0.843826174736023,0.2163350135087967,-0.12343073636293411
0.8463773727416992,0.22026938199996948,-0.12273737788200378
0.8595200777053833,0.2191796898841858,-0.11711136251688004
0.8588875532150269,0.22067858278751373,-0.11871781200170517
0.8555946350097656,0.22100430727005005,-0.11736246943473816
0.8557073473930359,0.22021763026714325,-0.11504100263118744
0.8523580431938171,0.22207705676555634,-0.11657246202230453
0.8507810235023499,0.22211970388889313,-0.11405680328607559
0.8539352416992188,0.22199824452400208,-0.12061456590890884
0.8504934906959534,0.22235794365406036,-0.11920085549354553
0.8577456474304199,0.2216932624578476,-0.12251365184783936
0.855798065662384,0.21920320391654968,-0.12582729756832123
0.8520817160606384,0.21999844908714294,-0.12424271553754807
0.8495035171508789,0.2210938185453415,-0.12235725671052933
0.862325131893158,0.21865923702716827,-0.12002360820770264
0.8614490628242493,0.22045914828777313,-0.12049417942762375
0.8476197123527527,0.22301191091537476,-0.1179891973733902
0.8504912257194519,0.21973682940006256,-0.11130470782518387
0.855414628982544,0.2183813452720642,-0.11348487436771393
0.8600543737411499,0.2170017808675766,-0.11635662615299225
0.862250030040741,0.21599631011486053,-0.11999977380037308
0.8539355993270874,0.21583452820777893,-0.11325935274362564
0.8584446310997009,0.21465706825256348,-0.11637165397405624
0.8605415225028992,0.2139459252357483,-0.11963479965925217
0.8517169952392578,0.21346896886825562,-0.11392900347709656
0.8564264178276062,0.21286101639270782,-0.11695792526006699
0.848896324634552,0.21689695119857788,-0.1105017364025116
0.8465743660926819,0.21420761942863464,-0.11125075817108154
0.8586766123771667,0.2128426879644394,-0.11922803521156311
0.8614835739135742,0.2154507339000702,-0.12361284345388412
0.8619808554649353,0.21813461184501648,-0.12427352368831635
0.861004650592804,0.22097966074943542,-0.12420254200696945
0.8505280613899231,0.21807029843330383,-0.1256566345691681
0.8550776243209839,0.2169417142868042,-0.1270993947982788
0.8488553762435913,0.21540527045726776,-0.12533243000507355
0.8545432686805725,0.2144888937473297,-0.1265525370836258
0.8587986826896667,0.21927018463611603,-0.12654726207256317
0.8590601086616516,0.2171304076910019,-0.12684595584869385
0.8433007001876831,0.21421745419502258,-0.10939263552427292
0.8411216735839844,0.2125449925661087,-0.11194009333848953
0.8444560766220093,0.21230745315551758,-0.11386685073375702
0.8496748805046082,0.21173319220542908,-0.11623220890760422
0.8430935740470886,0.21232211589813232,-0.11778686940670013
0.8428041338920593,0.21369439363479614,-0.12128540873527527
0.8482974171638489,0.21309474110603333,-0.12341906875371933
0.8484388589859009,0.21158957481384277,-0.12010232359170914
0.8539913892745972,0.21261174976825714,-0.12466001510620117
0.8540682792663574,0.21153511106967926,-0.12193933129310608
0.8549448251724243,0.21161842346191406,-0.1188812255859375
0.8580543994903564,0.21301992237567902,-0.1241908147931099
0.8587902188301086,0.21466436982154846,-0.12593981623649597
0.8600807785987854,0.21351876854896545,-0.12237721681594849
0.8582503199577332,0.21238189935684204,-0.12093746662139893
0.8572027683258057,0.2121557891368866,-0.1225631982088089
0.800981879234314,0.21813374757766724,-0.10092253983020782
0.8001642823219299,0.22193297743797302,0.016211023554205894
0.8020097017288208,0.2189604640007019,0.011679159477353096
0.7999435663223267,0.20777930319309235,0.00999841745942831
0.7960537672042847,0.20286382734775543,0.013455093838274479
0.7918704152107239,0.20177875459194183,0.018969641998410225
0.7901582717895508,0.2050112634897232,0.02347104251384735
0.7905477285385132,0.21017014980316162,0.02598734013736248
0.8023363947868347,0.21403834223747253,0.009475200437009335
0.7967160940170288,0.22204233705997467,0.02188592590391636
0.7928847670555115,0.21710063517093658,0.02584952674806118
0.8019430041313171,0.21637001633644104,0.032318636775016785
0.8053110837936401,0.22164224088191986,0.027881430462002754
0.7993354201316833,0.20940138399600983,0.032690271735191345
0.7981008887290955,0.203970268368721,0.02913813479244709
0.7985191941261292,0.20116066932678223,0.023664314299821854
0.8078998923301697,0.22170260548591614,0.02110247313976288
0.8087804317474365,0.21843773126602173,0.01597212627530098
0.8078891038894653,0.21282418072223663,0.01349063403904438
0.8150723576545715,0.2214982509613037,0.02664860337972641
0.8153966665267944,0.22125427424907684,0.03466862067580223
0.8186658620834351,0.2062412053346634,0.044162727892398834
0.8190267086029053,0.21053974330425262,0.046141233295202255
0.8151609301567078,0.2105722725391388,0.04379945620894432
0.8137064576148987,0.20632614195346832,0.0419553779065609
0.8128173351287842,0.21157823503017426,0.041913870722055435
0.8088176846504211,0.2087220847606659,0.03912718966603279
0.8174588680267334,0.21659119427204132,0.04391273856163025
0.81489497423172,0.21633239090442657,0.0415654182434082
0.8204885125160217,0.2210562378168106,0.04093872755765915
0.8172691464424133,0.2202976644039154,0.03989430144429207
0.8211685419082642,0.21658048033714294,0.046796347945928574
0.8226191401481628,0.21100589632987976,0.04785871505737305
0.8248010277748108,0.21533285081386566,0.047913987189531326
0.8236528038978577,0.20813298225402832,0.04616807773709297
0.8109615445137024,0.21599964797496796,0.03835861012339592
0.8057698011398315,0.20324434340000153,0.03408115357160568
0.8127806782722473,0.20261681079864502,0.0380263589322567
0.8193394541740417,0.20326600968837738,0.040740206837654114
0.824923574924469,0.20601287484169006,0.04218402877449989
0.8138189911842346,0.20066604018211365,0.032469093799591064
0.8208369016647339,0.20258355140686035,0.03571425378322601
0.8252664804458618,0.20566239953041077,0.03766290470957756
0.8156523108482361,0.2019880712032318,0.026976941153407097
0.8220594525337219,0.20418182015419006,0.03178506717085838
0.8049330711364746,0.20030120015144348,0.02760075218975544
0.806617259979248,0.20145626366138458,0.02142196148633957
0.8252402544021606,0.2061525583267212,0.03455503284931183
0.8286353945732117,0.21106961369514465,0.04173820838332176
0.8279154300689697,0.21296687424182892,0.04616398364305496
0.821846604347229,0.22188809514045715,0.03654477372765541
0.8237968683242798,0.2206406444311142,0.04364350065588951
0.8259696960449219,0.22084173560142517,0.03952445834875107
0.8220118284225464,0.22076448798179626,0.031098295003175735
0.8269326090812683,0.2189420610666275,0.035237740725278854
0.8262360095977783,0.21907489001750946,0.04577057063579559
0.8284274339675903,0.21820038557052612,0.04295796528458595
0.8011292815208435,0.2020999789237976,0.017734933644533157
0.8049454689025879,0.2064538300037384,0.014131228439509869
0.8102794289588928,0.2062799036502838,0.017726726830005646
0.8183605670928955,0.20673145353794098,0.0235131848603487
0.8136017918586731,0.2128007858991623,0.01728340983390808
0.8151451349258423,0.21866413950920105,0.020707707852125168
0.822083055973053,0.2177228033542633,0.026609856635332108
0.8208779692649841,0.2126440554857254,0.02349034696817398
0.826711118221283,0.2158590853214264,0.031726282089948654
0.8256009817123413,0.21212992072105408,0.029634026810526848
0.8239875435829163,0.20777775347232819,0.029789073392748833
0.8284497261047363,0.2133607268333435,0.03546346724033356
0.829253613948822,0.21583038568496704,0.039040498435497284
0.8277912139892578,0.2096502184867859,0.03761862590909004
0.8265336751937866,0.20879590511322021,0.0340905524790287
0.8272413015365601,0.21154363453388214,0.03320546820759773
0.7967082262039185,0.20976699888706207,-0.0929945632815361
0.7998133301734924,0.20924241840839386,-0.08735161274671555
0.7919568419456482,0.20809593796730042,-0.08531586825847626
0.7826523184776306,0.20623339712619781,-0.0835028812289238
0.7726343274116516,0.207267165184021,-0.08790358155965805
0.7849029302597046,0.20746251940727234,-0.07662032544612885
0.794162929058075,0.20921668410301208,-0.07881984859704971
0.804587185382843,0.21072831749916077,-0.08083909004926682
0.779321014881134,0.2079867571592331,-0.06914263963699341
0.04150308668613434,0.4743778109550476,0.10291967540979385
0.04485643655061722,0.4733278751373291,0.10084205120801926
0.046397920697927475,0.4672621190547943,0.09819798916578293
0.0437922365963459,0.46705541014671326,0.1001335084438324
0.0404583178460598,0.46710219979286194,0.10185389220714569
0.03652018681168556,0.46741342544555664,0.10289538651704788
0.031141595914959908,0.47507503628730774,0.10387229919433594
0.0366407074034214,0.475358784198761,0.10409315675497055
0.021362287923693657,0.46975812315940857,0.10107401013374329
0.023290615528821945,0.4711693227291107,0.10096797347068787
0.02215450070798397,0.468793123960495,0.10153761506080627
0.028332816436886787,0.4682348966598511,0.10276349633932114
0.02457733266055584,0.4687298536300659,0.1017255187034607
0.048842549324035645,0.47068431973457336,0.09678318351507187
0.04968240112066269,0.4694507122039795,0.09553556144237518
0.04717326536774635,0.47199639678001404,0.09877187013626099
0.03236139193177223,0.4677949845790863,0.10319313406944275
0.04946131631731987,0.46832549571990967,0.09532604366540909
0.048288922756910324,0.4676048457622528,0.0963139533996582
0.026538589969277382,0.47365736961364746,0.10236953943967819
0.040807127952575684,0.46941760182380676,0.10177990049123764
0.0367329940199852,0.46980324387550354,0.10297250002622604
0.032009489834308624,0.4727291464805603,0.10369570553302765
0.03690171614289284,0.47262224555015564,0.10353198647499084
0.02867116779088974,0.4701026678085327,0.10287037491798401
0.026199808344244957,0.469944030046463,0.10210441797971725
0.04388026148080826,0.4690728783607483,0.10013686120510101
0.0324728824198246,0.47011658549308777,0.10333828628063202
0.041244953870773315,0.4720519185066223,0.10202402621507645
0.025688806548714638,0.4709796607494354,0.10204721242189407
0.027910886332392693,0.4720681309700012,0.10290075838565826
0.048817142844200134,0.4693884253501892,0.09604790806770325
0.0486769899725914,0.46896597743034363,0.09599459916353226
0.01917620748281479,0.22314375638961792,0.08254674077033997
0.01900405064225197,0.20737695693969727,0.09104679524898529
0.04428337141871452,0.47130870819091797,0.10018385201692581
0.04767179861664772,0.4688446819782257,0.0968826562166214
0.04603198915719986,0.4689924716949463,0.09830418974161148
0.0463898703455925,0.4705563187599182,0.0984162837266922
0.04794609919190407,0.4698992371559143,0.0969536080956459
0.30819639563560486,0.23179519176483154,0.02080090157687664
0.3091171085834503,0.21466369926929474,0.022005004808306694
0.3103592097759247,0.2673126459121704,-0.023605952039361
0.3062005937099457,0.2640409469604492,-0.045983489602804184
0.06389978528022766,-0.08592435717582703,0.15801432728767395
0.12049069255590439,-0.03863142803311348,-0.06442035734653473
0.12309546023607254,-0.0181932020932436,-0.07023550570011139
0.04227505251765251,-0.020122217014431953,-0.09841817617416382
0.06346222758293152,-0.024450697004795074,-0.09654982388019562
0.1547168344259262,-0.034830816090106964,0.05540328845381737
0.15306630730628967,-0.055750779807567596,0.0581248514354229
0.11124423146247864,-0.039976172149181366,0.11821183562278748
0.10840371251106262,-0.06359542161226273,0.12105491757392883
0.14068180322647095,-0.08020531386137009,0.08496361970901489
0.08652200549840927,-0.0738193541765213,-0.08109833300113678
0.0843791514635086,-0.05197872221469879,-0.08478894084692001
0.10371469706296921,-0.05508613586425781,-0.07428673654794693
0.10655274242162704,-0.07575809210538864,-0.0719541609287262
0.021342212334275246,-0.04227777570486069,-0.0889003649353981
0.021389780566096306,-0.016738038510084152,-0.09431229531764984
0.16312451660633087,-0.012485711835324764,0.025515438988804817
0.1622340828180313,-0.011349878273904324,-0.003399444976821542
0.14358200132846832,-0.004579377826303244,-0.0550372451543808
0.12736165523529053,0.0017695794813334942,-0.07448959350585938
0.0880761668086052,0.018862977623939514,-0.09930174797773361
0.10866386443376541,0.010339631699025631,-0.08859647065401077
0.09573189169168472,-0.015922533348202705,0.13236993551254272
0.07712611556053162,0.007795955520123243,0.14066708087921143
0.1563432216644287,-0.01301698386669159,0.053426727652549744
0.025269078090786934,-0.014368780888617039,0.16088415682315826
0.04369309917092323,0.05717618390917778,-0.11392494291067123
0.06837748736143112,0.05195736140012741,-0.11142658442258835
0.15558359026908875,-0.008707388304173946,-0.030780978500843048
0.035556260496377945,0.16390717029571533,0.11158859729766846
0.035390935838222504,0.14740857481956482,0.11828525364398956
0.05402028560638428,0.151402547955513,0.11833652853965759
0.05483531579375267,0.16736166179180145,0.11053041368722916
0.07202046364545822,0.15342546999454498,0.11674053221940994
0.08911514282226562,0.1545606404542923,0.11359402537345886
0.10501618683338165,0.15491043031215668,0.10939338058233261
0.1437142789363861,0.15043267607688904,0.0929613783955574
0.13238206505775452,0.15290415287017822,0.09915288537740707
0.1610107123851776,0.14174480736255646,0.07748144865036011
0.1533413827419281,0.14715594053268433,0.0861046314239502
0.1650906801223755,0.13154742121696472,0.06612652540206909
0.16618195176124573,0.11943010240793228,0.05172790586948395
0.16856396198272705,0.1070653572678566,0.035857077687978745
0.17135927081108093,0.1205410584807396,0.030096564441919327
0.16246500611305237,0.10596766322851181,0.0587199330329895
0.16008295118808746,0.1181565523147583,0.0721597895026207
0.15578030049800873,0.12769319117069244,0.0836578980088234
0.02010234072804451,0.10367453098297119,0.12737983465194702
0.023050054907798767,0.07937072217464447,0.13198025524616241
0.018178489059209824,0.23798875510692596,0.07468065619468689
0.5277328491210938,0.20699550211429596,-0.07569713145494461
0.661290168762207,0.24085929989814758,-0.015673907473683357
0.02994021773338318,0.2604290246963501,-0.09508760273456573
0.01337311789393425,0.25631600618362427,-0.09241700172424316
-0.001066588331013918,0.24233120679855347,-0.09402249753475189
-0.0012952700490131974,0.25389915704727173,-0.09018898010253906
0.10377799719572067,0.2896392047405243,-0.06404617428779602
0.08920279890298843,0.276396781206131,-0.0834513008594513
0.06817670911550522,0.26444122195243835,-0.09451573342084885
0.04854224994778633,0.2556014955043793,-0.0996706634759903
0.14511895179748535,0.007593764923512936,0.07728096097707748
0.03262866660952568,0.22337673604488373,-0.10887538641691208
0.05043058469891548,0.24397602677345276,-0.10555994510650635
0.07250525802373886,0.25346753001213074,-0.10122943669557571
0.0950731411576271,0.26581594347953796,-0.09063033759593964
0.11750994622707367,0.2810690402984619,-0.07094001024961472
0.13562467694282532,0.2820781469345093,-0.06355981528759003
0.16002720594406128,0.2663261592388153,-0.06908120214939117
0.17064641416072845,0.2669764757156372,-0.06317422538995743
0.17181318998336792,0.28086382150650024,-0.046829938888549805
0.18469096720218658,0.28153589367866516,-0.042259953916072845
0.18283478915691376,0.2685847878456116,-0.05918525904417038
0.27262189984321594,0.26301082968711853,-0.05470137670636177
0.2869148552417755,0.2572203278541565,-0.059211984276771545
0.2953532636165619,0.24725598096847534,-0.06614935398101807
0.2995651960372925,0.23473364114761353,-0.07242118567228317
0.2987927496433258,0.2210249900817871,-0.07707709074020386
0.2927019000053406,0.20758987963199615,-0.07884787023067474
0.2810900807380676,0.19691258668899536,-0.07792589068412781
0.23938602209091187,0.1769184023141861,-0.06932398676872253
0.22369559109210968,0.16964347660541534,-0.06696043908596039
0.18974994122982025,0.13168494403362274,-0.07199330627918243
0.18082354962825775,0.12324760109186172,-0.07512439042329788
0.14438803493976593,0.08136304467916489,-0.08632104843854904
0.15636423230171204,0.09541837126016617,-0.08341562002897263
0.13305175304412842,0.06527306139469147,-0.0903988629579544
0.10067638009786606,-0.17504434287548065,-0.0830901563167572
0.09699071943759918,-0.15667739510536194,-0.07844015210866928
0.11713602393865585,-0.1548520028591156,-0.06877557188272476
0.11981923878192902,-0.17303621768951416,-0.0717741921544075
0.023546257987618446,-0.12014801055192947,-0.08130231499671936
0.047349780797958374,-0.11913120001554489,-0.08354038000106812
0.16287562251091003,-0.15754549205303192,0.018237467855215073
0.1602962166070938,-0.15459120273590088,-0.010450306348502636
0.15037541091442108,-0.15359321236610413,-0.034917037934064865
0.1353902816772461,-0.15372875332832336,-0.054079845547676086
0.15785084664821625,-0.16356903314590454,0.0460774265229702
0.07466904819011688,-0.2035088688135147,0.14023524522781372
0.09521564841270447,-0.1967787742614746,0.1266012191772461
0.013322918675839901,-0.2147359699010849,0.1596900373697281
0.032895710319280624,-0.212131530046463,0.15666715800762177
0.1473921835422516,-0.17172585427761078,0.0705919861793518
0.053508393466472626,-0.2085677981376648,0.15037164092063904
0.11482463777065277,-0.1892131119966507,0.11053712666034698
0.1330103725194931,-0.1807146519422531,0.09188468754291534
0.09415328502655029,-0.13801215589046478,-0.07747431844472885
0.07294943183660507,-0.1398046761751175,-0.08216822892427444
0.06993213295936584,-0.11811342090368271,-0.08241593092679977
0.03711947798728943,0.12476121634244919,-0.12150654196739197
0.05858694761991501,0.12720462679862976,-0.12541203200817108
0.08028646558523178,0.13138821721076965,-0.12652118504047394
0.09695618599653244,0.15595874190330505,-0.12521862983703613
0.11639338731765747,0.1639949530363083,-0.11903013288974762
0.12030639499425888,0.14583508670330048,-0.11793065816164017
0.10088570415973663,0.13773158192634583,-0.12361539900302887
0.15138670802116394,0.18129055202007294,-0.10149897634983063
0.16579559445381165,0.1887304186820984,-0.09597676247358322
0.16747736930847168,0.1734238862991333,-0.09398167580366135
0.15407152473926544,0.16494318842887878,-0.09998735785484314
0.17982712388038635,0.18072691559791565,-0.08935471624135971
0.1899857223033905,0.18570572137832642,-0.08412768691778183
0.20169049501419067,0.1906452775001526,-0.07986333966255188
0.21603606641292572,0.19598634541034698,-0.07920721918344498
0.21213948726654053,0.21988841891288757,-0.0826171264052391
0.19917793571949005,0.2158585786819458,-0.08416963368654251
0.15067103505134583,0.1987498700618744,-0.10152152925729752
0.13305474817752838,0.19133740663528442,-0.10908076912164688
0.03402973711490631,0.16151750087738037,-0.1206321194767952
0.015489128418266773,0.1591711938381195,-0.11435700207948685
0.17324867844581604,0.09948790818452835,0.017449375241994858
0.17798389494419098,0.0932207852602005,-0.002593127777799964
0.1803201138973236,0.09015984833240509,-0.022044969722628593
0.17931826412677765,0.09025917947292328,-0.03966942057013512
0.1763291358947754,0.09354546666145325,-0.0551367849111557
0.17118805646896362,0.0984731912612915,-0.06881806999444962
0.16486917436122894,0.1058412715792656,-0.08061462640762329
0.17251530289649963,0.11498881876468658,-0.07811091095209122
0.15816225111484528,0.11503167450428009,-0.09061252325773239
0.16754287481307983,0.12412368506193161,-0.08659648150205612
0.15090909600257874,0.12635008990764618,-0.09887770563364029
0.14338582754135132,0.13971178233623505,-0.10534535348415375
0.13778120279312134,0.15524084866046906,-0.10901017487049103
0.13409480452537537,0.1727042943239212,-0.11009465157985687
0.09476324170827866,0.1754215657711029,-0.12407097220420837
0.11423937976360321,0.18338240683078766,-0.1176532432436943
0.073299840092659,0.18833544850349426,-0.12391813844442368
0.07321641594171524,0.20644989609718323,-0.11940988898277283
0.0760955959558487,0.15039342641830444,-0.1279323697090149
0.0744798332452774,0.16941215097904205,-0.12694577872753143
0.07300033420324326,0.3009278476238251,-0.06329858303070068
0.05579093471169472,0.29294395446777344,-0.07450445741415024
0.26798880100250244,0.20819655060768127,-0.07902470976114273
0.2791210114955902,0.20909656584262848,-0.07891702651977539
0.2723762094974518,0.20044218003749847,-0.07860033959150314
0.26603084802627563,0.2019045352935791,-0.07865839451551437
0.2825973629951477,0.21961818635463715,-0.07774609327316284
0.2684459388256073,0.2269374430179596,-0.07675003260374069
0.2826068103313446,0.2313634157180786,-0.07491198927164078
0.2690477669239044,0.21756699681282043,-0.07860672473907471
0.2794293165206909,0.24196065962314606,-0.07084271311759949
0.2660984992980957,0.2371596246957779,-0.07422266155481339
0.27346765995025635,0.2506180703639984,-0.06662551313638687
0.262541800737381,0.2452438920736313,-0.07100863754749298
0.25915855169296265,0.25045114755630493,-0.06813083589076996
0.26430338621139526,0.2560197710990906,-0.06355113536119461
0.22369401156902313,0.24649544060230255,-0.07364095747470856
0.23718653619289398,0.2484940141439438,-0.07103800028562546
0.25021490454673767,0.24961279332637787,-0.069193534553051
0.23022592067718506,0.20076438784599304,-0.07914157956838608
0.24398119747638702,0.20767422020435333,-0.07946644723415375
0.25667399168014526,0.21317839622497559,-0.07921373099088669
0.25555169582366943,0.22271379828453064,-0.0784309133887291
0.24246317148208618,0.21717631816864014,-0.07981092482805252
0.22855885326862335,0.21095213294029236,-0.08073646575212479
0.0342610664665699,0.14429478347301483,-0.1217457503080368
0.0546736903488636,0.1467747986316681,-0.12612566351890564
0.1782425343990326,0.19439972937107086,-0.09104422479867935
0.1888832300901413,0.1982426941394806,-0.08669693768024445
0.20020495355129242,0.20173323154449463,-0.0830286517739296
0.21372489631175995,0.2067030370235443,-0.08164801448583603
0.1880580186843872,0.212138369679451,-0.08751341700553894
0.17711354792118073,0.20880897343158722,-0.0914936512708664
0.1648631989955902,0.20444945991039276,-0.09616927802562714
0.05424139276146889,0.16526326537132263,-0.12534630298614502
0.01568187214434147,0.14237041771411896,-0.11619789153337479
0.1913030743598938,0.24848432838916779,0.04480809345841408
0.1907762885093689,0.2731016278266907,0.03061736933887005
0.19139042496681213,0.2885124981403351,0.007522504776716232
0.1885572075843811,0.2899704575538635,-0.01907815970480442
-0.002158873248845339,0.28892940282821655,-0.07575229555368423
0.44365039467811584,0.17879627645015717,-0.03442471846938133
-0.0009066350175999105,0.08356092870235443,-0.10972785949707031
-0.0012012524530291557,0.10396391898393631,-0.1122516542673111
0.0013100993819534779,0.01120268739759922,-0.0943598598241806
0.0004404282080940902,0.036691758781671524,-0.10059262812137604
0.04500991851091385,-0.09433218091726303,-0.0839916542172432
0.02225661836564541,-0.09342510998249054,-0.08100616186857224
0.021419234573841095,-0.0674605444073677,-0.08412909507751465
-0.0007068193517625332,-0.1446991264820099,-0.08113118261098862
-0.0006692131864838302,-0.12010390311479568,-0.07757754623889923
0.0005387127748690546,-0.06533896923065186,-0.07832273095846176
0.0010832648258656263,-0.0393727570772171,-0.08290716260671616
0.020400812849402428,0.059674959629774094,-0.10980252176523209
0.017076365649700165,0.12354376167058945,-0.11670423299074173
-0.0014018979854881763,0.142054483294487,-0.11317276954650879
-0.0011736457236111164,0.1584961861371994,-0.11158857494592667
-0.0009584046783857048,0.17391863465309143,-0.10955812782049179
0.11386927962303162,0.12445428967475891,0.11946284025907516
0.11619874089956284,0.13925255835056305,0.11258889734745026
0.10280099511146545,0.1399250477552414,0.11735279113054276
0.10142628103494644,0.125221848487854,0.12396568804979324
0.1349671185016632,0.12233187258243561,0.10687255859375
0.13893797993659973,0.13615374267101288,0.10015684366226196
0.1283596307039261,0.13805833458900452,0.10676386207342148
0.12500034272670746,0.12362376600503922,0.11351631581783295
0.14818313717842102,0.132839635014534,0.09276856482028961
0.14352531731128693,0.1194184273481369,0.09914582967758179
0.11233711242675781,0.10927587747573853,0.1252128779888153
0.12296736240386963,0.10886844247579575,0.11932031810283661
0.10035231709480286,0.1100163534283638,0.12916524708271027
0.13945333659648895,0.10622970014810562,0.10494852811098099
0.13196536898612976,0.1080448180437088,0.11245408654212952
0.011999215930700302,0.3465973436832428,0.10532696545124054
0.011598595418035984,0.35280415415763855,0.12022992223501205
0.005564553197473288,0.398149698972702,0.13225476443767548
0.005206218920648098,0.40287622809410095,0.12999612092971802
0.004498979076743126,0.33251917362213135,0.08582659810781479
0.004476393107324839,0.32283446192741394,0.08127204328775406
0.0029314726125448942,0.3783835470676422,0.13076713681221008
0.003150576027110219,0.3633421063423157,0.131386861205101
0.0030264388769865036,0.4266079068183899,0.1322201043367386
0.0029785886872559786,0.42268797755241394,0.1310671865940094
0.0031632091850042343,0.4106830954551697,0.13297535479068756
0.0032136591617017984,0.40653249621391296,0.13168805837631226
0.004403486382216215,0.31189799308776855,0.07579950243234634
0.004389300476759672,0.3401143550872803,0.0933191180229187
0.003981363028287888,0.28900036215782166,0.06728118658065796
0.0037810555659234524,0.2786869406700134,0.06386645138263702
0.015786264091730118,0.2701379060745239,0.062066007405519485
0.01632731780409813,0.25997576117515564,0.06353635340929031
0.018667545169591904,0.12423736602067947,0.12180173397064209
0.017694180831313133,0.1753442883491516,0.10520768165588379
0.017496075481176376,0.15916235744953156,0.11103596538305283
0.01838383637368679,0.19145554304122925,0.09882303327322006
0.017247235402464867,0.2496837079524994,0.06819717586040497
0.004276939667761326,0.3004780113697052,0.0709996148943901
0.003114731051027775,0.39292699098587036,0.13164769113063812
0.002930646063759923,0.3869211673736572,0.1292545199394226
0.0030576225835829973,0.41840845346450806,0.13129748404026031
0.003098214277997613,0.414569228887558,0.13213951885700226
0.0020458793733268976,0.22151242196559906,0.08251374959945679
0.0015982941258698702,0.20577014982700348,0.09154405444860458
0.017894990742206573,0.14207905530929565,0.11631444841623306
0.002557366853579879,0.10016888380050659,0.12409687042236328
0.002389909466728568,0.07592865079641342,0.1292547881603241
0.002368452725932002,0.23641790449619293,0.07441317290067673
0.0024321426171809435,0.05118902027606964,0.13717061281204224
0.1593790054321289,-0.33985593914985657,-0.05289531126618385
0.14176620543003082,-0.3555888533592224,-0.07293771207332611
0.134573295712471,-0.34171876311302185,-0.08269030600786209
0.14805486798286438,-0.32948213815689087,-0.06886125355958939
0.15783804655075073,-0.2874104380607605,-0.050737373530864716
0.15966668725013733,-0.261839896440506,-0.04420452192425728
0.16107384860515594,-0.2347477525472641,-0.03994717448949814
0.11504735052585602,-0.3493780195713043,-0.0953870490193367
0.08979257196187973,-0.33381345868110657,-0.11196819692850113
0.09090054035186768,-0.35225847363471985,-0.10553935915231705
0.14672982692718506,-0.23689724504947662,-0.06530458480119705
0.1460014134645462,-0.26314350962638855,-0.06859482079744339
0.14095044136047363,-0.3244751989841461,-0.07769446074962616
0.14366799592971802,-0.3102412819862366,-0.07600253075361252
0.15601420402526855,-0.31096699833869934,-0.05943908914923668
0.11322332173585892,-0.33240994811058044,-0.10150813311338425
0.13043758273124695,-0.32917025685310364,-0.08849725872278214
0.0584329217672348,-0.1789361834526062,-0.09436171501874924
0.06169144809246063,-0.1980893611907959,-0.10295607894659042
0.03411509096622467,-0.19888541102409363,-0.10449885576963425
0.13755813241004944,-0.17108950018882751,-0.055230893194675446
0.1241474375128746,-0.19201859831809998,-0.07676205039024353
-0.0008416043710894883,-0.33246806263923645,-0.1037948951125145
0.13025306165218353,-0.3119005262851715,-0.09166132658720016
0.08845414221286774,-0.3125569820404053,-0.11635380238294601
0.11225730925798416,-0.31267088651657104,-0.10561365634202957
0.08880689740180969,-0.2403009831905365,-0.11196600645780563
0.11076386272907257,-0.23975998163223267,-0.1008717343211174
0.1105818822979927,-0.2648617923259735,-0.10521364212036133
0.0884055644273758,-0.26425114274024963,-0.11665859818458557
0.1297142654657364,-0.2391035109758377,-0.08564531803131104
0.12786300480365753,-0.21412810683250427,-0.08166640996932983
0.08743145316839218,-0.21721310913562775,-0.10569534450769424
0.10873913019895554,-0.21569983661174774,-0.09563902765512466
0.10494239628314972,-0.19391217827796936,-0.08937010169029236
0.129806786775589,-0.2651190757751465,-0.0892084464430809
0.08792608231306076,-0.28906771540641785,-0.11839170753955841
0.0600883848965168,-0.28864142298698425,-0.12422400712966919
0.030507877469062805,-0.2875792682170868,-0.12315922975540161
0.0010095640318468213,-0.28869760036468506,-0.12095225602388382
0.0012083438923582435,-0.26506340503692627,-0.1219058483839035
0.08439090847969055,-0.19599772989749908,-0.09783532470464706
0.07629716396331787,-0.15854471921920776,-0.08397334069013596
0.08054391294717789,-0.17695261538028717,-0.08996337652206421
0.06733127683401108,-0.09500820189714432,-0.08263708651065826
0.11005207151174545,-0.5915506482124329,0.09810324758291245
-0.006489865016192198,-0.3904041647911072,0.011478932574391365
-0.007794083561748266,-0.40177738666534424,0.04187915474176407
0.1720966249704361,-0.31066182255744934,0.06754709780216217
0.17826063930988312,-0.3231334686279297,-0.008866405114531517
0.16678987443447113,-0.31539225578308105,-0.03631094843149185
0.0022576244082301855,-0.41039177775382996,0.0906708836555481
0.018040858209133148,-0.405276894569397,0.11350174993276596
0.1519632488489151,-0.3202734589576721,0.09601482003927231
0.09873005002737045,-0.37230902910232544,0.13304416835308075
-0.005406190175563097,-0.4089605212211609,0.06702152639627457
0.14549267292022705,-0.28812769055366516,-0.07225420325994492
0.13000164926052094,-0.2902238070964813,-0.09095647931098938
0.11129818856716156,-0.2898836135864258,-0.10669002681970596
0.06023091450333595,-0.31142494082450867,-0.12179841846227646
0.029423760250210762,-0.30928105115890503,-0.12026379257440567
0.0003837657568510622,-0.3090275228023529,-0.11617685109376907
0.01445423811674118,-0.35333579778671265,0.1436183750629425
0.0045312982983887196,-0.34751349687576294,0.14939770102500916
0.01147100143134594,-0.3447980582714081,0.14997850358486176
-0.0027618217281997204,-0.33331048488616943,0.15178370475769043
-0.002958269091323018,-0.34940916299819946,0.14720089733600616
0.0044111632741987705,-0.36099153757095337,0.14024148881435394
-0.002935521537438035,-0.3628466725349426,0.1373618096113205
-0.0028381478041410446,-0.37824296951293945,0.12800584733486176
0.07175730168819427,-0.2236390858888626,0.13613823056221008
0.09367404878139496,-0.21698006987571716,0.12420396506786346
0.011984165757894516,-0.2360071837902069,0.15380796790122986
0.030116872861981392,-0.23313143849372864,0.15067091584205627
0.15053017437458038,-0.19124507904052734,0.07105550915002823
0.05009119212627411,-0.22906599938869476,0.14504700899124146
0.11529230326414108,-0.20941415429115295,0.11016394942998886
0.13550075888633728,-0.2006087452173233,0.092014841735363
0.0012576893204823136,-0.21843372285366058,-0.11298943310976028
0.0009087976068258286,-0.19759200513362885,-0.10460282117128372
-0.004980860278010368,-0.2380019873380661,0.1539517045021057
0.003449845127761364,0.3524007499217987,0.12057649344205856
0.0037769523914903402,0.3457794785499573,0.105643130838871
0.0027405915316194296,0.5416110754013062,0.09581270068883896
-0.0013549431459978223,0.3390636444091797,-0.0488416813313961
0.003000701544806361,0.4892069399356842,0.11668147891759872
0.00308876927010715,0.40271836519241333,0.1298171579837799
0.0031482449267059565,0.42918816208839417,0.13497667014598846
0.0034801391884684563,0.26872894167900085,0.06094525009393692
0.003119872184470296,0.2579587697982788,0.061331991106271744
-0.003292781999334693,-0.3733380138874054,0.007541542407125235
0.0027745815459638834,0.24768970906734467,0.06706346571445465
-0.0027181548066437244,-0.3732110559940338,-0.005526955705136061
0.0013111616717651486,-0.013961992226541042,-0.08831964433193207
0.06808819621801376,-1.0522903203964233,-0.022839844226837158
0.06628098338842392,-1.0500704050064087,-0.03798604756593704
0.06841903179883957,-1.0814473628997803,-0.03368838131427765
0.06762010604143143,-1.0829358100891113,-0.01882963441312313
0.08357226103544235,-1.0454219579696655,-0.06712716072797775
0.07232044637203217,-1.047386884689331,-0.05880426615476608
0.09854700416326523,-1.0452251434326172,-0.06909386068582535
0.11222343146800995,-1.0465108156204224,-0.06333547085523605
0.1074022576212883,-1.0780397653579712,-0.06054631620645523
0.09598537534475327,-1.0771907567977905,-0.06846228241920471
0.12160094827413559,-1.0476709604263306,-0.053834035992622375
0.12467297166585922,-1.0798388719558716,-0.040729839354753494
0.12837016582489014,-1.0489044189453125,-0.042296480387449265
0.13077610731124878,-1.0505205392837524,-0.02353169210255146
0.12525783479213715,-1.080048680305481,-0.022527232766151428
0.12465637922286987,-1.0547726154327393,-0.0023089577443897724
0.11946453154087067,-1.083582878112793,-0.0023359982296824455
0.10954275727272034,-1.057543158531189,0.009116062894463539
0.07438696920871735,-1.055577039718628,-0.008026409894227982
0.07182391732931137,-1.0851812362670898,-0.002643057145178318
0.08214246481657028,-1.0774198770523071,-0.06712383031845093
0.07345178723335266,-1.0794408321380615,-0.05730858072638512
0.07051915675401688,-1.080427885055542,-0.044793590903282166
0.06801664084196091,-1.048923134803772,-0.04931466653943062
0.06630990654230118,-1.1120846271514893,-0.029796119779348373
0.060869961977005005,-1.1121617555618286,-0.012817067094147205
0.08034978806972504,-1.108392357826233,-0.06747107207775116
0.07523292303085327,-1.1100565195083618,-0.05290858820080757
0.10287776589393616,-1.1084951162338257,-0.05892954021692276
0.09383231401443481,-1.1076213121414185,-0.0701063796877861
0.12517330050468445,-1.1094783544540405,-0.040636349469423294
0.11493101716041565,-1.1090155839920044,-0.05065591633319855
0.11689382791519165,-1.0788490772247314,-0.05152830854058266
0.12533411383628845,-1.1091275215148926,-0.022274762392044067
0.11914023756980896,-1.1105360984802246,0.001799639081582427
0.06651385128498077,-1.1127116680145264,0.005548613611608744
0.07073534280061722,-1.1116710901260376,-0.04146275296807289
0.12379702925682068,-1.204695701599121,0.16712532937526703
0.12245861440896988,-1.1999359130859375,0.16637395322322845
0.11774519085884094,-1.199826717376709,0.1670493334531784
0.11639105528593063,-1.2052888870239258,0.1680798977613449
0.08029845356941223,-1.2053815126419067,0.1783316284418106
0.07811155915260315,-1.1941293478012085,0.1805231273174286
0.06943386048078537,-1.1958717107772827,0.17760726809501648
0.06842044740915298,-1.2088621854782104,0.1751643419265747
0.09976755082607269,-1.2058786153793335,0.17697511613368988
0.10119157284498215,-1.2094323635101318,0.1734762340784073
0.10637889057397842,-1.2093815803527832,0.1730976104736328
0.10836481302976608,-1.2058053016662598,0.1768113374710083
0.148281991481781,-1.2017680406570435,0.13489428162574768
0.1485891044139862,-1.2065720558166504,0.13222543895244598
0.15315581858158112,-1.2062889337539673,0.13068704307079315
0.15425439178943634,-1.2022342681884766,0.1320808231830597
0.13283586502075195,-1.2048895359039307,0.15444427728652954
0.13340985774993896,-1.2096363306045532,0.15127259492874146
0.13776856660842896,-1.2089614868164062,0.14988204836845398
0.1393284797668457,-1.2054377794265747,0.15155187249183655
0.08305863291025162,-1.1903513669967651,0.15518860518932343
0.06842128932476044,-1.1892058849334717,0.1519981324672699
0.06820935010910034,-1.1939815282821655,0.16724295914173126
0.08116988837718964,-1.1915154457092285,0.17023345828056335
0.062000807374715805,-1.2038867473602295,0.16282612085342407
0.062287554144859314,-1.201255202293396,0.1463807225227356
0.07009350508451462,-1.2093801498413086,0.14506569504737854
0.06985640525817871,-1.2090647220611572,0.16013821959495544
0.08321616798639297,-1.2092502117156982,0.14897191524505615
0.08184491842985153,-1.209020972251892,0.1625959873199463
0.0899851992726326,-1.201667070388794,0.1539192497730255
0.09014856070280075,-1.2011412382125854,0.16915851831436157
0.11080408841371536,-1.2002993822097778,0.15573588013648987
0.10594643652439117,-1.192308783531189,0.15647348761558533
0.10695397853851318,-1.196735143661499,0.16957886517047882
0.11317375302314758,-1.2034151554107666,0.1683863401412964
0.09422582387924194,-1.1932563781738281,0.15779483318328857
0.09843936562538147,-1.1970258951187134,0.17037299275398254
0.09048917889595032,-1.2040480375289917,0.1564592570066452
0.09630237519741058,-1.2094892263412476,0.15282809734344482
0.09847228229045868,-1.2094993591308594,0.16636212170124054
0.09253019094467163,-1.2042587995529175,0.1702938675880432
0.10606082528829575,-1.2085063457489014,0.15255889296531677
0.10797955095767975,-1.209555983543396,0.16541367769241333
0.1247241348028183,-1.1926312446594238,0.14919039607048035
0.11341073364019394,-1.1935971975326538,0.15142951905727386
0.11597290635108948,-1.1980177164077759,0.16116014122962952
0.12389404326677322,-1.1977120637893677,0.16022510826587677
0.11129993200302124,-1.206284761428833,0.16123269498348236
0.1100008562207222,-1.2041987180709839,0.15103891491889954
0.11576670408248901,-1.2089471817016602,0.14820559322834015
0.11703020334243774,-1.2095835208892822,0.15934814512729645
0.1255945861339569,-1.20796799659729,0.1470651775598526
0.12493092566728592,-1.2095698118209839,0.158761665225029
0.1297626495361328,-1.1995524168014526,0.14921687543392181
0.12899747490882874,-1.2034937143325806,0.16027675569057465
0.1461338847875595,-1.199465274810791,0.13481712341308594
0.14255426824092865,-1.1922883987426758,0.13554231822490692
0.140720933675766,-1.1975494623184204,0.14556707441806793
0.14390794932842255,-1.203772783279419,0.14442218840122223
0.13401268422603607,-1.1928496360778809,0.13944655656814575
0.1342429220676422,-1.197245717048645,0.14784905314445496
0.1293773651123047,-1.2020137310028076,0.14862102270126343
0.13049651682376862,-1.199089527130127,0.141451895236969
0.1333814412355423,-1.2079720497131348,0.13714918494224548
0.13196009397506714,-1.209775686264038,0.145853191614151
0.14208397269248962,-1.2078098058700562,0.1336185783147812
0.13995884358882904,-1.2098674774169922,0.1436396688222885
0.15826059877872467,-1.1920636892318726,0.11822430789470673
0.15632982552051544,-1.195285677909851,0.1272084265947342
0.15829043090343475,-1.201315999031067,0.12548847496509552
0.15979158878326416,-1.1994962692260742,0.11479855328798294
0.15098917484283447,-1.191439151763916,0.12333983927965164
0.15015657246112823,-1.194542407989502,0.12980441749095917
0.14596116542816162,-1.199714183807373,0.12985651195049286
0.1479380577802658,-1.1976474523544312,0.12471164017915726
0.1482437700033188,-1.206470251083374,0.12077394872903824
0.14704664051532745,-1.2074174880981445,0.1271992176771164
0.15538911521434784,-1.205887794494629,0.11635298281908035
0.15474744141101837,-1.207330346107483,0.12477058172225952
0.08858542144298553,-1.1897937059402466,0.14029188454151154
0.07013387233018875,-1.1854039430618286,0.13665343821048737
0.07126723974943161,-1.2089048624038696,0.17047914862632751
0.06426498293876648,-1.1991231441497803,0.13110454380512238
0.07805416733026505,-1.2088133096694946,0.17175264656543732
0.08920366317033768,-1.2093188762664795,0.13632917404174805
0.07280846685171127,-1.2087761163711548,0.12985610961914062
0.08969040215015411,-1.2016428709030151,0.14733734726905823
0.10645930469036102,-1.199983835220337,0.17625540494918823
0.11035804450511932,-1.2087781429290771,0.13528892397880554
0.10967996716499329,-1.2018465995788574,0.14529840648174286
0.10127397626638412,-1.200110673904419,0.17659179866313934
0.108465775847435,-1.189892292022705,0.13914607465267181
0.12796349823474884,-1.190824270248413,0.13040751218795776
0.11860314756631851,-1.2094156742095947,0.16531582176685333
0.12289418280124664,-1.2094659805297852,0.1648816168308258
0.1301165372133255,-1.2083137035369873,0.1286206841468811
0.13106019794940948,-1.1979618072509766,0.13938355445861816
0.13871099054813385,-1.2006523609161377,0.15148687362670898
0.1462317854166031,-1.2073585987091064,0.11721980571746826
0.14835576713085175,-1.1972852945327759,0.12500104308128357
0.134958416223526,-1.2003029584884644,0.15264715254306793
0.14620180428028107,-1.1892516613006592,0.11868403851985931
0.15332584083080292,-1.1984175443649292,0.1317274421453476
0.1571667343378067,-1.2062828540802002,0.10507277399301529
0.1623939424753189,-1.1979972124099731,0.10169961303472519
0.15011587738990784,-1.197752833366394,0.13353268802165985
0.1589604914188385,-1.189261555671692,0.10654357075691223
0.08132416754961014,-1.0870150327682495,0.009439338929951191
0.0831311047077179,-1.0581011772155762,0.003955856431275606
0.09464666247367859,-1.0593891143798828,0.010115478187799454
0.09289262443780899,-1.0878428220748901,0.014947892166674137
0.10654880106449127,-1.0861152410507202,0.011503959074616432
0.07893101871013641,-1.1128628253936768,0.01861480250954628
0.0921388790011406,-1.1124639511108398,0.02321484684944153
0.10574964433908463,-1.1124399900436401,0.017177514731884003
0.1291985660791397,-1.1331965923309326,-0.024014724418520927
0.12713740766048431,-1.1321629285812378,-0.0435236394405365
0.11353091895580292,-1.1319559812545776,-0.05251365154981613
0.10313146561384201,-1.1318835020065308,-0.06321624666452408
0.09399471431970596,-1.1312365531921387,-0.07485206425189972
0.06669287383556366,-1.1363728046417236,0.010934685356914997
0.07776530832052231,-1.1331255435943604,0.02934226766228676
0.09235110878944397,-1.1305686235427856,0.03616681694984436
0.1088578850030899,-1.1314254999160767,0.027786951512098312
0.0672924816608429,-1.1799285411834717,0.11917535960674286
0.08658990263938904,-1.1774530410766602,0.12100526690483093
0.08350789546966553,-1.1681382656097412,0.10089791566133499
0.06830587983131409,-1.1791273355484009,0.09733749181032181
0.10584860295057297,-1.1808981895446777,0.11780422925949097
0.1036798506975174,-1.16850745677948,0.09743884205818176
0.12475680559873581,-1.1827318668365479,0.11004264652729034
0.12197808176279068,-1.1722747087478638,0.08961937576532364
0.14263032376766205,-1.1837880611419678,0.09991671144962311
0.13843543827533722,-1.1766043901443481,0.07981753349304199
0.15794877707958221,-1.186094880104065,0.09043533354997635
0.15337872505187988,-1.1822876930236816,0.07002147287130356
0.16528984904289246,-1.1958200931549072,0.08535722643136978
0.16250905394554138,-1.1925982236862183,0.064295694231987
0.06198820099234581,-1.1979509592056274,0.11342048645019531
0.06462416052818298,-1.1956404447555542,0.0917707309126854
0.07280823588371277,-1.2097963094711304,0.11049610376358032
0.07475195825099945,-1.209830641746521,0.08901554346084595
0.0907706767320633,-1.2098777294158936,0.10993678867816925
0.09180207550525665,-1.20976984500885,0.08739853650331497
0.15728254616260529,-1.2056092023849487,0.06661854684352875
0.1586851179599762,-1.2074888944625854,0.088181272149086
0.11080324649810791,-1.2093284130096436,0.10623343288898468
0.11124230176210403,-1.2083251476287842,0.08322560042142868
0.1294897347688675,-1.2098760604858398,0.10047930479049683
0.12916944921016693,-1.2088704109191895,0.07745978236198425
0.1454351395368576,-1.209784984588623,0.09392677247524261
0.1446477323770523,-1.2088773250579834,0.07151547819375992
0.0796256810426712,-1.1612025499343872,0.07631699740886688
0.09971772134304047,-1.1547094583511353,0.07585778087377548
0.11722476780414581,-1.159415602684021,0.06698378920555115
0.13327227532863617,-1.1664624214172363,0.055806685239076614
0.14708583056926727,-1.1771236658096313,0.04521181806921959
0.1573299765586853,-1.1885509490966797,0.03977357596158981
0.1318133920431137,-1.1537985801696777,0.02598145604133606
0.1409216672182083,-1.174584150314331,0.017791057005524635
0.14867985248565674,-1.1875855922698975,0.015030712820589542
0.14176732301712036,-1.1869494915008545,-0.009835733100771904
0.13716916739940643,-1.173020601272583,-0.00942218117415905
0.12733298540115356,-1.1729010343551636,-0.05285122990608215
0.13213211297988892,-1.1721729040145874,-0.03381079435348511
0.13770367205142975,-1.1863332986831665,-0.034619975835084915
0.13315026462078094,-1.1884377002716064,-0.054828837513923645
0.13260263204574585,-1.154281735420227,-0.004382062237709761
0.12879440188407898,-1.153104305267334,-0.02895968034863472
0.12156273424625397,-1.152441143989563,-0.04639163985848427
0.11503677070140839,-1.1896016597747803,-0.07899386435747147
0.1131083220243454,-1.1721394062042236,-0.07871576398611069
0.12171027809381485,-1.1729539632797241,-0.06651616096496582
0.1265213042497635,-1.1892948150634766,-0.06872168183326721
0.09744146466255188,-1.191678524017334,-0.08349578827619553
0.0959676131606102,-1.173669457435608,-0.08571071922779083
0.07872823625802994,-1.1762958765029907,-0.07405343651771545
0.07975940406322479,-1.1935633420944214,-0.07372603565454483
0.10808584094047546,-1.1513142585754395,-0.07081153988838196
0.11447930335998535,-1.1525026559829712,-0.0589122474193573
0.09537963569164276,-1.1514739990234375,-0.07913878560066223
0.07964204996824265,-1.1541073322296143,-0.0701037049293518
0.07160007953643799,-1.1776020526885986,-0.054200656712055206
0.07388699054718018,-1.1556198596954346,-0.05223804712295532
0.07099883258342743,-1.1942412853240967,-0.054793354123830795
0.06917250901460648,-1.1777225732803345,0.0716496929526329
0.06899888068437576,-1.1916208267211914,0.0668754130601883
0.11385535448789597,-1.1443310976028442,0.046082738786935806
0.09501461684703827,-1.1420822143554688,0.05446436628699303
0.07540462166070938,-1.1513149738311768,0.04638144001364708
0.06656284630298615,-1.1750112771987915,0.043586548417806625
0.07098615914583206,-1.1901946067810059,0.03952786698937416
0.06451243162155151,-1.1762827634811401,0.01703394018113613
0.07141172885894775,-1.190106987953186,0.014666920527815819
0.07797389477491379,-1.202632188796997,0.06386816501617432
0.08101490885019302,-1.1973631381988525,0.03705568611621857
0.08050604909658432,-1.1969857215881348,0.012549422681331635
0.06472305953502655,-1.1770477294921875,-0.005628190003335476
0.06982328742742538,-1.1912504434585571,-0.007041445001959801
0.06787613779306412,-1.1770813465118408,-0.024039682000875473
0.06926106661558151,-1.192179560661316,-0.024554366245865822
0.06914889067411423,-1.1932889223098755,-0.0390411838889122
0.06983088701963425,-1.1775542497634888,-0.03859078139066696
0.06753092259168625,-1.1568760871887207,-0.02533755637705326
0.07036610692739487,-1.1557704210281372,-0.03832928091287613
0.06478811800479889,-1.1580826044082642,-0.0068644327111542225
0.06556110829114914,-1.1563485860824585,0.01684214174747467
0.15367388725280762,-1.2023797035217285,0.04147980362176895
0.1472502052783966,-1.1995980739593506,0.016203206032514572
0.13991668820381165,-1.1974126100540161,-0.008291209116578102
0.13489146530628204,-1.1988283395767212,-0.03253580257296562
0.12844644486904144,-1.2006715536117554,-0.05134760960936546
0.12163075804710388,-1.201400637626648,-0.06335961073637009
0.11199723184108734,-1.2012879848480225,-0.07223528623580933
0.09749859571456909,-1.2013095617294312,-0.0745813399553299
0.08457238972187042,-1.2026631832122803,-0.06824550777673721
0.07825011759996414,-1.2043044567108154,-0.05344191566109657
0.07628384232521057,-1.204994797706604,-0.03957786783576012
0.07809098809957504,-1.200060248374939,-0.008993959054350853
0.07610883563756943,-1.2036010026931763,-0.025685802102088928
0.06120859086513519,-1.1371066570281982,-0.009328692220151424
0.06423666328191757,-1.1359398365020752,-0.02745114266872406
0.06883835792541504,-1.1348475217819214,-0.03932584077119827
0.08013022691011429,-1.1325980424880981,-0.06725172698497772
0.0751078724861145,-1.1335761547088623,-0.050684500485658646
0.09309698641300201,-1.2063324451446533,0.06123480200767517
0.11119608581066132,-1.2055822610855103,0.056911930441856384
0.1281379908323288,-1.2060127258300781,0.051225677132606506
0.1422869712114334,-1.2059900760650635,0.04582604765892029
0.13791267573833466,-1.203667402267456,0.019722944125533104
0.1250515878200531,-1.2038098573684692,0.024040957912802696
0.10904845595359802,-1.2036978006362915,0.02908434346318245
0.09339752048254013,-1.2012916803359985,0.0340568907558918
0.13130471110343933,-1.2028632164001465,-0.004735660273581743
0.11982374638319016,-1.2038538455963135,-0.0005109268240630627
0.1051616296172142,-1.2038929462432861,0.0036167048383504152
0.09156867861747742,-1.201967477798462,0.009100471623241901
0.0879826545715332,-1.2054260969161987,-0.012619469314813614
0.09994253516197205,-1.206118106842041,-0.018521640449762344
0.11326754838228226,-1.205413579940796,-0.022439423948526382
0.12432302534580231,-1.203784704208374,-0.027552565559744835
0.11836124211549759,-1.2046374082565308,-0.04517030715942383
0.10797841101884842,-1.2058422565460205,-0.039419110864400864
0.09604354947805405,-1.2068817615509033,-0.03511359915137291
0.08601196855306625,-1.2070081233978271,-0.02973569929599762
0.11343254894018173,-1.2047786712646484,-0.055594850331544876
0.09827931225299835,-1.2048983573913574,-0.06622408330440521
0.10718534141778946,-1.2047231197357178,-0.06285831332206726
0.08967483043670654,-1.206197738647461,-0.06285034120082855
0.08636849373579025,-1.2069954872131348,-0.05248847231268883
0.0855441614985466,-1.2073719501495361,-0.04153348505496979
0.09376508742570877,-1.2064368724822998,-0.05303840711712837
0.09452495723962784,-1.2067309617996216,-0.045096393674612045
0.10483238846063614,-1.205653190612793,-0.049411360174417496
0.10171695053577423,-1.2054011821746826,-0.05638561025261879
0.09396512061357498,-1.205944299697876,-0.059065379202365875
0.09803958237171173,-1.2054402828216553,-0.06064499542117119
0.12128191441297531,-1.1353652477264404,0.005639574024826288
-0.0025019182357937098,0.3011504113674164,-0.06860120594501495
-0.0009935065172612667,0.229824498295784,-0.09794580936431885
0.08033621311187744,-0.7631226181983948,0.04682319983839989
0.0950731486082077,-0.7661665678024292,0.05238638073205948
0.11168735474348068,-0.7650270462036133,0.05389588326215744
0.12573136389255524,-0.33065760135650635,0.11765642464160919
0.08521577715873718,-0.0856098160147667,0.14199209213256836
0.09274459630250931,-0.039567362517118454,0.13562427461147308
0.08903457224369049,-0.06293908506631851,0.13910645246505737
0.128835067152977,-0.3642328977584839,0.12250854820013046
0.14414753019809723,-0.01461473386734724,0.07742062956094742
-0.0001095645857276395,-0.32433438301086426,-0.10873939096927643
-0.0010665677255019546,0.18887768685817719,-0.10723485052585602
0.11950498819351196,0.15443801879882812,0.10439503937959671
0.001219294616021216,-0.24125216901302338,-0.11887207627296448
0.08484696596860886,0.45088446140289307,0.017673490568995476
0.08236091583967209,0.4489750266075134,0.016118479892611504
0.08174120634794235,0.44546687602996826,0.014969890005886555
0.08092273771762848,0.44353607296943665,0.011164586991071701
0.0804179310798645,0.4416467845439911,0.00792170874774456
0.07991411536931992,0.44084322452545166,0.005465412978082895
0.08335071057081223,0.4461965262889862,0.012538345530629158
0.08138302713632584,0.44911113381385803,0.00937119871377945
0.08255603909492493,0.4492054879665375,0.012547562830150127
0.08383651077747345,0.4480811357498169,0.014120733365416527
0.001366638345643878,0.18907314538955688,0.09863106161355972
0.0012675264151766896,0.1722772866487503,0.10417766124010086
0.0016344034811481833,0.15599529445171356,0.10967376828193665
0.0019691293127834797,0.13871094584465027,0.11428004503250122
0.003096145112067461,0.39806386828422546,0.13235609233379364
-0.006118714343756437,-0.14577019214630127,0.16825993359088898
-0.005866135936230421,-0.1289428323507309,0.16850169003009796
-8.457808144157752e-05,-0.09251361340284348,-0.07583858072757721
-0.005670999176800251,-0.19633586704730988,0.16479060053825378
-0.0058175730518996716,-0.11143381893634796,0.17201174795627594
-0.0002528329787310213,0.061039045453071594,-0.10578052699565887
0.0024792212061583996,0.12075542658567429,0.11899486929178238
-0.005551619920879602,-0.21662963926792145,0.15936994552612305
-0.0014126222813501954,0.12367787957191467,-0.11345838010311127
-0.0046342541463673115,-0.08720514923334122,0.1725282520055771
-0.0027335442136973143,-0.3128538131713867,0.1520935446023941
-0.001325854449532926,-0.01591254398226738,0.16071338951587677
-0.040695831179618835,0.5132367610931396,0.09111392498016357
-0.05223771184682846,0.5039339065551758,0.0825972929596901
-0.04692472517490387,0.4958684742450714,0.09335794299840927
-0.035463422536849976,0.5014091730117798,0.10140479356050491
-0.043454356491565704,0.4885944426059723,0.10140719264745712
-0.03299963101744652,0.49146392941474915,0.10750555247068405
-0.059115830808877945,0.49258697032928467,0.07356290519237518
-0.05443326011300087,0.4881168603897095,0.0850856825709343
-0.060913462191820145,0.45134469866752625,0.08110683411359787
-0.05889143794775009,0.4606558382511139,0.08003658801317215
-0.0647597461938858,0.4571445882320404,0.0719141811132431
-0.06553752720355988,0.4446151852607727,0.07267710566520691
-0.0604640431702137,0.4244791269302368,0.08338668197393417
-0.06257413327693939,0.41379180550575256,0.07422356307506561
-0.057365644723176956,0.40688395500183105,0.08564683049917221
-0.054208748042583466,0.4176517724990845,0.09296129643917084
-0.02126854471862316,0.436707079410553,0.11381767690181732
-0.024450264871120453,0.44246140122413635,0.11114203929901123
-0.03042498417198658,0.43637195229530334,0.11107758432626724
-0.026629382744431496,0.42976444959640503,0.11387241631746292
-0.012253095395863056,0.44849085807800293,0.11868182569742203
-0.007913288660347462,0.45307302474975586,0.12476756423711777
-0.00844558048993349,0.4579404592514038,0.11882543563842773
-0.0134811419993639,0.45299261808395386,0.11402199417352676
-0.01606566458940506,0.4313678443431854,0.11628706008195877
-0.02171321026980877,0.4240431785583496,0.11597108840942383
-0.015026949346065521,0.43911486864089966,0.11865025013685226
-0.016732385382056236,0.4429931044578552,0.11468978226184845
-0.011300094425678253,0.43542927503585815,0.1311526596546173
-0.008068186230957508,0.4367656707763672,0.13597792387008667
-0.009222960099577904,0.4425530731678009,0.13524574041366577
-0.012829898856580257,0.4401038885116577,0.12865914404392242
-0.01493170764297247,0.43234434723854065,0.12154114246368408
-0.011091235093772411,0.4297032952308655,0.12446179986000061
-0.012501825578510761,0.43285050988197327,0.12704432010650635
-0.014923774637281895,0.4363069236278534,0.12387143820524216
-0.011766919866204262,0.4444292485713959,0.12353351712226868
-0.008224488236010075,0.4482150673866272,0.1302872598171234
-0.0038581863045692444,0.4508478045463562,0.13730280101299286
-0.004293061327189207,0.4433664083480835,0.14242343604564667
-0.037464216351509094,0.4148774743080139,0.11061665415763855
-0.03252189978957176,0.41148507595062256,0.11433407664299011
-0.027546079829335213,0.4176744520664215,0.11564283818006516
-0.032374072819948196,0.4224645793437958,0.11290881037712097
-0.012147624045610428,0.4256536066532135,0.1214723214507103
-0.015344993211328983,0.40895554423332214,0.12615062296390533
-0.009530476294457912,0.4107787311077118,0.1296795904636383
-0.009504267014563084,0.4150245785713196,0.12903240323066711
-0.01595701277256012,0.41326987743377686,0.12519173324108124
-0.04348624497652054,0.3984099328517914,0.10449035465717316
-0.04362395778298378,0.3893154263496399,0.10223888605833054
-0.03728827089071274,0.3903517723083496,0.10907723754644394
-0.037462227046489716,0.3977835178375244,0.11040876805782318
-0.034852031618356705,0.383695513010025,0.10943277925252914
-0.04121272638440132,0.38013166189193726,0.10157795250415802
-0.030948445200920105,0.3642168939113617,0.1070592850446701
-0.025290964171290398,0.3724782466888428,0.11632274091243744
-0.030572757124900818,0.37775447964668274,0.1116299107670784
-0.03677096217870712,0.37174320220947266,0.10340828448534012
-0.012989573180675507,0.37932753562927246,0.12434590607881546
-0.018888281658291817,0.36795729398727417,0.12268608808517456
-0.011890135705471039,0.3649996221065521,0.12842127680778503
-0.007132333237677813,0.3783635199069977,0.12786336243152618
-0.01447673887014389,0.4019441306591034,0.12304186820983887
-0.014728272333741188,0.40526798367500305,0.12517131865024567
-0.0190607700496912,0.4037033021450043,0.12200577557086945
-0.01860162243247032,0.4013786017894745,0.12037357687950134
-0.022956332191824913,0.40064936876296997,0.11778202652931213
-0.022871598601341248,0.4014681875705719,0.11847097426652908
-0.024655209854245186,0.40211158990859985,0.11823925375938416
-0.024871936067938805,0.40032052993774414,0.1170026957988739
-0.020922398194670677,0.40096476674079895,0.11893585324287415
-0.021818403154611588,0.3996700048446655,0.11825646460056305
-0.01951541192829609,0.3989177346229553,0.11982084065675735
-0.015996674075722694,0.3985286056995392,0.12300519645214081
-0.0025066614616662264,0.3979368507862091,0.1313173770904541
-0.0014714617282152176,0.4028151035308838,0.1293027102947235
-0.004866838920861483,0.4026722311973572,0.1280050277709961
-0.00657648267224431,0.39806294441223145,0.1299205720424652
-0.022962629795074463,0.404185950756073,0.1199847161769867
-0.02013380639255047,0.40644916892051697,0.12246226519346237
-0.021607618778944016,0.409819096326828,0.1219785138964653
-0.025437960401177406,0.4062354266643524,0.11940216273069382
-0.02852991782128811,0.40857985615730286,0.11772973090410233
-0.030997205525636673,0.40378838777542114,0.11580713838338852
-0.027376165613532066,0.40298551321029663,0.11751696467399597
-0.023756474256515503,0.3983246982097626,0.11698029935359955
-0.027848493307828903,0.39958593249320984,0.11603324115276337
-0.02676447108387947,0.39633020758628845,0.11521628499031067
-0.024416012689471245,0.3931610882282257,0.11659924685955048
-0.021351037546992302,0.39650923013687134,0.11873288452625275
-0.01785348169505596,0.3950771391391754,0.12210451066493988
-0.02072881907224655,0.3905302882194519,0.1197686493396759
-0.015467959456145763,0.38858628273010254,0.12342637777328491
-0.013095969334244728,0.39376726746559143,0.12616801261901855
-0.02382851392030716,0.41370445489883423,0.11972019821405411
-0.03208174929022789,0.39864104986190796,0.11399714648723602
-0.0356154628098011,0.40506741404533386,0.11239149421453476
-0.03143477067351341,0.3933132290840149,0.11295502632856369
-0.028988976031541824,0.38866668939590454,0.11382374912500381
-0.01940874010324478,0.3814971446990967,0.12027417123317719
-0.025007693096995354,0.3845966160297394,0.1165180653333664
-0.023109199479222298,0.35796239972114563,0.11318231374025345
-0.013847807422280312,0.3539741337299347,0.11798412352800369
-0.03930210694670677,0.48242753744125366,0.10282489657402039
-0.030598338693380356,0.48430386185646057,0.10582644492387772
-0.03966569900512695,0.47437578439712524,0.09954739362001419
-0.035924434661865234,0.4757962226867676,0.10164689272642136
-0.0365278497338295,0.4785580337047577,0.10181303322315216
-0.04128069430589676,0.4764748513698578,0.09879344701766968
-0.05277882143855095,0.46391770243644714,0.08522997051477432
-0.054749637842178345,0.45717066526412964,0.08596178144216537
-0.048754170536994934,0.4625764787197113,0.08929672837257385
-0.047904122620821,0.4667016863822937,0.08968278020620346
-0.0415312685072422,0.45606034994125366,0.09784730523824692
-0.039071161299943924,0.4634164571762085,0.09875284880399704
-0.04216865450143814,0.4638664126396179,0.0961063802242279
-0.04580756276845932,0.456786185503006,0.09447168558835983
-0.03527641296386719,0.4634104371070862,0.10079198330640793
-0.03659754991531372,0.456689715385437,0.10057558119297028
-0.031606242060661316,0.4582479000091553,0.10240285843610764
-0.031080594286322594,0.4640030860900879,0.10202983021736145
-0.029754716902971268,0.47987523674964905,0.10334925353527069
-0.03039492666721344,0.4767235517501831,0.10305347293615341
-0.024193348363041878,0.47649431228637695,0.10253984481096268
-0.022496361285448074,0.4798092842102051,0.10324756801128387
-0.014363836497068405,0.46946486830711365,0.09991120547056198
-0.01141401007771492,0.469396710395813,0.10201052576303482
-0.011739403940737247,0.4736878573894501,0.10171631723642349
-0.015170186758041382,0.47195789217948914,0.10003704577684402
-0.015832185745239258,0.4675559997558594,0.100846067070961
-0.01394694298505783,0.4660549461841583,0.10256917774677277
-0.03232576698064804,0.5346700549125671,0.0862778052687645
-0.04674713313579559,0.5250142812728882,0.07746053487062454
-0.026927834376692772,0.5192208886146545,0.09865081310272217
-0.05821135640144348,0.5121297240257263,0.0689798891544342
-0.06469136476516724,0.4973292946815491,0.060862403362989426
-0.05888485163450241,0.3964119255542755,0.07897811383008957
-0.05156345292925835,0.3914097845554352,0.09179732948541641
-0.050365615636110306,0.4015834629535675,0.0959324985742569
-0.05710987746715546,0.3850564658641815,0.07516177743673325
-0.04907550662755966,0.38030117750167847,0.08997516334056854
-0.0348842479288578,0.35956594347953796,0.09172174334526062
-0.04369552433490753,0.36904317140579224,0.08981823921203613
-0.06374478340148926,0.3924558758735657,0.05852050706744194
-0.06108688935637474,0.3829285502433777,0.05239101126790047
-0.05185997113585472,0.3732314109802246,0.07121004164218903
-0.06624863296747208,0.3954007923603058,0.03654709830880165
-0.06391505151987076,0.3914928138256073,0.027704259380698204
-0.056310541927814484,0.37261542677879333,0.042980730533599854
-0.03910613805055618,0.33495569229125977,0.05383089929819107
-0.05230069160461426,0.34020665287971497,0.03937078267335892
-0.05408146604895592,0.32710757851600647,0.03596748411655426
-0.04144023358821869,0.3220366835594177,0.05099918693304062
-0.06442155689001083,0.4029677212238312,0.06498663872480392
-0.06720507144927979,0.4667704105377197,0.06255953758955002
-0.06939033418893814,0.4526899456977844,0.06086697429418564
-0.06196489557623863,0.4688049256801605,0.07364547252655029
-0.06856000423431396,0.5245136618614197,0.032970041036605835
-0.07390863448381424,0.5073979496955872,0.03056913986802101
-0.06964891403913498,0.5028133988380432,0.046411868184804916
-0.06309901922941208,0.5195764899253845,0.051875654608011246
-0.040206991136074066,0.5593758821487427,0.039912980049848557
-0.05651314929127693,0.5441159605979919,0.03663886338472366
-0.05161720886826515,0.536016583442688,0.05905113369226456
-0.03673577308654785,0.5489737391471863,0.06533049046993256
-0.07774385809898376,0.5079202055931091,0.01483157742768526
-0.07214387506246567,0.5258203744888306,0.012316721491515636
-0.0743890255689621,0.521426796913147,-0.009523275308310986
-0.07925397157669067,0.5050727128982544,-0.0021778882946819067
-0.06006203964352608,0.5458468198776245,0.009019719436764717
-0.06297275424003601,0.5400552153587341,-0.01876717619597912
-0.06396119296550751,0.39403781294822693,0.014364378526806831
-0.06165773421525955,0.3754326403141022,0.020414283499121666
-0.05988699942827225,0.3593643009662628,0.023266304284334183
-0.051337599754333496,0.35544872283935547,0.04216751456260681
-0.04541853442788124,0.556056559085846,-0.025815337896347046
-0.04216265678405762,0.5615774989128113,0.007721458096057177
-0.06781121343374252,0.4751850366592407,-0.046536557376384735
-0.07346434891223907,0.46736273169517517,-0.03132171928882599
-0.07696947455406189,0.48331525921821594,-0.023541953414678574
-0.0716363713145256,0.49423789978027344,-0.040255751460790634
-0.05829199030995369,0.48257163166999817,-0.0620269849896431
-0.06164145469665527,0.5054447054862976,-0.055812254548072815
-0.055470261722803116,0.41911551356315613,-0.04053020477294922
-0.04554249346256256,0.42015546560287476,-0.05404208227992058
-0.04072288051247597,0.4032709300518036,-0.044526197016239166
-0.04933885112404823,0.40315374732017517,-0.031439583748579025
-0.05045776441693306,0.48358312249183655,0.09427819401025772
-0.05419233441352844,0.47720828652381897,0.08749471604824066
-0.0487586185336113,0.47522327303886414,0.09287570416927338
-0.04532191529870033,0.47926387190818787,0.09812536835670471
-0.06365635246038437,0.4803369343280792,0.06703963130712509
-0.058915670961141586,0.47880181670188904,0.07823465019464493
-0.07272737473249435,0.4874125123023987,0.04145122319459915
-0.0764681026339531,0.4921376705169678,0.028116073459386826
-0.08060795813798904,0.4916151463985443,0.0016407249495387077
-0.07944506406784058,0.4932142198085785,0.015427613630890846
-0.07649321854114532,0.46096593141555786,-0.02008313313126564
-0.07852127403020859,0.4714401066303253,-0.014968604780733585
-0.0648702010512352,0.4019583463668823,-0.002915274119004607
-0.05750881880521774,0.40215256810188293,-0.018808988854289055
-0.05497103929519653,0.3828906714916229,-0.013383913785219193
-0.06217576935887337,0.3799512982368469,0.0015892470255494118
-0.03860699012875557,0.3857530951499939,-0.036184992641210556
-0.046443093568086624,0.3846825659275055,-0.025568576529622078
-0.0597689189016819,0.34737101197242737,0.0038367127999663353
-0.05352819710969925,0.35005560517311096,-0.011618474498391151
-0.05529676005244255,0.33645495772361755,-0.014488164335489273
-0.05950849503278732,0.3337157666683197,0.0012786539737135172
-0.0482250452041626,0.3370339274406433,-0.028115855529904366
-0.04539079964160919,0.35162806510925293,-0.0244220532476902
-0.03708735853433609,0.3512597978115082,-0.03475464880466461
-0.0383051335811615,0.3363456130027771,-0.03755754232406616
-0.015470773912966251,0.31521525979042053,0.06940342485904694
-0.027438025921583176,0.3184187114238739,0.061530616134405136
-0.03017689846456051,0.3068760931491852,0.05831175670027733
-0.01679462008178234,0.30446892976760864,0.06541676074266434
-0.06122575327754021,0.32166701555252075,-0.003525499952957034
-0.05915873497724533,0.32619184255599976,-0.01997404173016548
-0.06208677217364311,0.41900449991226196,-0.026133572682738304
-0.06845299899578094,0.4202463626861572,-0.014184670522809029
-0.05229220539331436,0.32650503516197205,-0.03402648866176605
-0.053545694798231125,0.3647036552429199,-0.010993240401148796
-0.04566347971558571,0.3666616380214691,-0.023155666887760162
-0.02763582393527031,0.38627374172210693,-0.045153986662626266
-0.0299615990370512,0.4033680558204651,-0.05401996523141861
-0.01878388598561287,0.44781556725502014,0.11142947524785995
-0.021725988015532494,0.46201151609420776,0.10326647758483887
-0.017497537657618523,0.4638116657733917,0.10301503539085388
-0.01850314624607563,0.46672317385673523,0.1017700582742691
-0.022256258875131607,0.46575456857681274,0.10241572558879852
-0.009598922915756702,0.5035784840583801,0.11291390657424927
-0.022876325994729996,0.5039456486701965,0.10840911418199539
-0.02104971557855606,0.4912640154361725,0.11236169934272766
-0.008209149353206158,0.48780572414398193,0.11449604481458664
-0.04891512915492058,0.43132224678993225,0.10042986273765564
-0.04307983070611954,0.42116081714630127,0.10618473589420319
-0.036847975105047226,0.4293954074382782,0.10981228202581406
-0.03962338715791702,0.43827348947525024,0.10603267699480057
-0.04493163898587227,0.46843457221984863,0.09256445616483688
-0.04382609203457832,0.47058242559432983,0.09465792775154114
-0.04623490199446678,0.4705839455127716,0.09210821241140366
-0.04110465198755264,0.40714961290359497,0.10768765956163406
-0.04741845652461052,0.41142919659614563,0.10112764686346054
-0.06903098523616791,0.4377104938030243,0.061125513166189194
-0.056347113102674484,0.4697553813457489,0.08205541968345642
-0.01959737204015255,0.570100724697113,0.04304881766438484
-0.018328456208109856,0.5578252673149109,0.07181839644908905
-0.020604625344276428,0.5728632211685181,0.0074401176534593105
-0.02281995490193367,0.5671781301498413,-0.029341157525777817
-0.04645893722772598,0.5154575109481812,-0.06902338564395905
-0.024993451312184334,0.5237769484519958,-0.0778406485915184
-0.022276509553194046,0.49391141533851624,-0.08507932722568512
-0.043536651879549026,0.4892185926437378,-0.07599519193172455
-0.032600365579128265,0.4214918911457062,-0.06443467736244202
-0.026600070297718048,0.3528442978858948,-0.04214264452457428
-0.02754664234817028,0.33628860116004944,-0.04333469644188881
-0.01632203347980976,0.5400857925415039,0.0921553298830986
-0.012319805100560188,0.5210421085357666,0.10308601707220078
-0.06804104894399643,0.4826691150665283,0.05361112579703331
-0.06037534028291702,0.442898154258728,0.08491228520870209
-0.05684925988316536,0.436104416847229,0.09091058373451233
-0.05233453959226608,0.4472980797290802,0.09417404234409332
-0.05501369759440422,0.4513021409511566,0.08929789811372757
-0.06396108120679855,0.4332634508609772,0.07644453644752502
-0.06655354797840118,0.42364898324012756,0.06465484946966171
-0.06912343949079514,0.4143020808696747,0.05026897415518761
-0.06843985617160797,0.4022931158542633,0.04328599199652672
-0.07400122284889221,0.510955274105072,-0.02819889970123768
-0.07840783149003983,0.49773332476615906,-0.016553513705730438
-0.047692183405160904,0.5396108031272888,-0.052704229950904846
-0.0638987272977829,0.5260756015777588,-0.04187256097793579
-0.07993736118078232,0.48739176988601685,-0.010772001929581165
-0.025312883779406548,0.550997257232666,-0.05995040386915207
-0.009136710315942764,0.4197500944137573,0.12740784883499146
-0.007382893934845924,0.4243447780609131,0.12638290226459503
-0.016566501930356026,0.41915029287338257,0.12198522686958313
-0.00811117235571146,0.3930099904537201,0.1289704144001007
-0.009803094901144505,0.3872591257095337,0.12610898911952972
-0.004556411877274513,0.38678887486457825,0.12779177725315094
-0.003376610577106476,0.3927696645259857,0.1305520385503769
-0.01338397990912199,0.3478453457355499,0.10263139009475708
-0.02395102009177208,0.35245269536972046,0.0973537266254425
-0.014476669020950794,0.3259209990501404,0.07471738755702972
-0.025832755491137505,0.32945069670677185,0.06587420403957367
-0.006919047795236111,0.4339172840118408,0.12990760803222656
-0.007301925681531429,0.43302983045578003,0.12781229615211487
-0.005177487153559923,0.43339085578918457,0.12830482423305511
-0.005221792962402105,0.4342609643936157,0.1303703933954239
-0.021564241498708725,0.4026283025741577,0.11979067325592041
-0.004410326946526766,0.41108042001724243,0.13182921707630157
-0.004567802418023348,0.4070466458797455,0.13038143515586853
-0.0011835776967927814,0.406847208738327,0.13119743764400482
-0.0010399565799161792,0.4107620120048523,0.13257083296775818
-0.04172199219465256,0.35860058665275574,0.06922781467437744
-0.038706835359334946,0.3475131392478943,0.05879557132720947
-0.0597698949277401,0.33023667335510254,0.019060499966144562
-0.059598278254270554,0.34405696392059326,0.022130653262138367
-0.06044171378016472,0.36256060004234314,0.004173177294433117
-0.03891517221927643,0.36736446619033813,-0.03476885333657265
-0.027204245328903198,0.3690743148326874,-0.042645107954740524
-0.014787629246711731,0.3704568147659302,-0.047989796847105026
-0.015227261930704117,0.3870139718055725,-0.051602788269519806
-0.025650115683674812,0.3475654721260071,0.08220486342906952
-0.02560597099363804,0.33973267674446106,0.07176953554153442
-0.014250599779188633,0.33590418100357056,0.08014284074306488
-0.013727092184126377,0.3429637551307678,0.08920552581548691
-0.0010018402244895697,0.4311257600784302,0.13195177912712097
-0.002042495645582676,0.42975273728370667,0.12981471419334412
-8.066736336331815e-05,0.42739033699035645,0.130910262465477
0.0004943458479829133,0.4300123155117035,0.13372288644313812
-0.008274390362203121,0.4308239817619324,0.12618139386177063
-0.006249378900974989,0.4276480972766876,0.12629444897174835
-0.005788858979940414,0.42990565299987793,0.12629161775112152
-0.009170926176011562,0.4322460889816284,0.12780074775218964
-0.008552206680178642,0.43381887674331665,0.13054761290550232
-0.0034635555930435658,0.43484118580818176,0.13554584980010986
-0.0030283620581030846,0.4356759786605835,0.14079329371452332
-0.006582208909094334,0.4347572326660156,0.1336585432291031
-0.0029094587080180645,0.43248358368873596,0.1302187442779541
-0.003310434054583311,0.43105337023735046,0.12841415405273438
-0.0052899583242833614,0.4318562150001526,0.12668268382549286
-0.0070950728841125965,0.4320109188556671,0.12656226754188538
-0.0038254165556281805,0.4347432851791382,0.1332697868347168
-0.0057136910036206245,0.4345402419567108,0.13187001645565033
-0.0033322456292808056,0.4567524492740631,0.13101695477962494
-0.0043977112509310246,0.3236457109451294,0.07945379614830017
-0.004272975027561188,0.3336047828197479,0.08444327861070633
-0.022209540009498596,0.40102821588516235,0.1181778758764267
-0.021285271272063255,0.48410385847091675,0.1069478914141655
-0.046335045248270035,0.44591057300567627,0.09957780689001083
-0.026016294956207275,0.4483638107776642,0.1078319102525711
-0.026447147130966187,0.4542781114578247,0.1051180437207222
-0.032367248088121414,0.45103543996810913,0.10419144481420517
-0.032204169780015945,0.44358012080192566,0.10735974460840225
-0.012543625198304653,0.48114678263664246,0.10735882818698883
-0.007799571380019188,0.4756132662296295,0.10668004304170609
-0.003983450122177601,0.4776186943054199,0.11353836208581924
-0.007790233474224806,0.4691372811794281,0.1072363555431366
-0.011123946867883205,0.4639072120189667,0.10613573342561722
-0.009473344311118126,0.4617539942264557,0.11250399053096771
-0.004594864323735237,0.4687986671924591,0.11647740006446838
-0.04420032352209091,0.47379523515701294,0.09536521881818771
-0.04217449575662613,0.47253623604774475,0.0970742329955101
-0.014581444673240185,0.456792950630188,0.10946039855480194
-0.015745386481285095,0.4602257013320923,0.10538694262504578
-0.02083117701113224,0.45728689432144165,0.10519002377986908
-0.020057886838912964,0.452487051486969,0.10810435563325882
-0.03894702345132828,0.4479330778121948,0.10261435806751251
-0.050730280578136444,0.4702181816101074,0.08804108947515488
-0.04814983159303665,0.45897939801216125,0.09124895930290222
-0.06810963153839111,0.415352463722229,0.002045306144282222
-0.0716412290930748,0.4263647496700287,-0.00576091418042779
-0.07132329046726227,0.40741634368896484,0.02377619594335556
-0.07018935680389404,0.4099511206150055,0.01929306983947754
-0.06536096334457397,0.4045839011669159,0.021633407101035118
-0.06872939318418503,0.40363678336143494,0.026726508513092995
-0.07935064285993576,0.4613232910633087,0.0011978845577687025
-0.07863340526819229,0.46202558279037476,0.005415566265583038
-0.0790415108203888,0.4689856767654419,0.006137233227491379
-0.07915226370096207,0.467869371175766,-0.0017625767504796386
-0.07879433780908585,0.4646681249141693,0.012359770014882088
-0.07857520878314972,0.4608391523361206,0.012601836584508419
-0.07808105647563934,0.4604606628417969,0.01620854064822197
-0.07830216735601425,0.46802252531051636,0.014665408059954643
-0.07669583708047867,0.46545401215553284,0.022550655528903008
-0.07694727182388306,0.4775075316429138,0.025842463597655296
-0.07916281372308731,0.47966015338897705,0.01513268519192934
-0.07145868986845016,0.4639866054058075,0.046763163059949875
-0.07366275042295456,0.4723743200302124,0.03579804301261902
-0.0743454098701477,0.45988091826438904,0.02883530966937542
-0.07287482917308807,0.45154860615730286,0.03407062962651253
-0.0708402618765831,0.4159684479236603,0.03495336323976517
-0.07087239623069763,0.4076121747493744,0.031669873744249344
-0.06551241874694824,0.40818437933921814,0.012440979480743408
-0.05471434444189072,0.460326611995697,-0.06334297358989716
-0.06369839608669281,0.45570889115333557,-0.04784189164638519
-0.06984563171863556,0.45142799615859985,-0.033720143139362335
-0.07406477630138397,0.44814756512641907,-0.02146468311548233
-0.04092951864004135,0.4641106426715851,-0.07692373543977737
-0.02110188454389572,0.4663182497024536,-0.08580368012189865
-0.07202056795358658,0.4465140700340271,0.04790113866329193
-0.0722181499004364,0.4395025968551636,0.03590209409594536
-0.05932234227657318,0.43716302514076233,-0.04584700986742973
-0.049892496317625046,0.43977388739585876,-0.06017711013555527
-0.06587564945220947,0.4349565804004669,-0.03183431923389435
-0.07131245732307434,0.4347129166126251,-0.01960700936615467
-0.03669676557183266,0.4421733617782593,-0.07221407443284988
-0.018947022035717964,0.44137126207351685,-0.07969432324171066
-0.017427172511816025,0.42111867666244507,-0.06995213031768799
-0.07536973059177399,0.41640251874923706,0.02353525161743164
-0.07638686150312424,0.41070783138275146,0.024977857246994972
-0.07346772402524948,0.4096090495586395,0.026593627408146858
-0.07302815467119217,0.4156029522418976,0.027908550575375557
-0.07155951112508774,0.42748668789863586,0.03551041707396507
-0.07108645886182785,0.43103501200675964,0.04799938201904297
-0.003902386175468564,0.4626820981502533,0.12461961060762405
-0.004228397738188505,0.3639214038848877,0.13090765476226807
-0.001912584062665701,0.37835532426834106,0.13000831007957458
-0.0038171124178916216,0.4197028577327728,0.13030309975147247
-0.004287886433303356,0.41530466079711914,0.1313650757074356
-0.0008467622101306915,0.41465747356414795,0.1321248710155487
-0.0004794214037247002,0.41890835762023926,0.1311665028333664
-0.01590074971318245,0.47772499918937683,0.10219859331846237
-0.016197364777326584,0.40401747822761536,-0.060772497206926346
-0.014240598306059837,0.35441312193870544,-0.046230923384428024
-0.015042562037706375,0.33751019835472107,-0.04699140414595604
-0.04166756197810173,0.32439807057380676,-0.0436091311275959
-0.0294200386852026,0.3226875066757202,-0.04919259622693062
-8.265152428066358e-05,0.423274427652359,0.13052059710025787
-0.0030698501504957676,0.42384073138237,0.12927956879138947
-0.0031440742313861847,0.43406394124031067,0.13203740119934082
-0.009393535554409027,0.4065714478492737,0.1284257024526596
-0.0034821173176169395,0.42951199412345886,0.12809737026691437
-0.002811271231621504,0.4271197021007538,0.12866097688674927
0.001978981774300337,0.42676642537117004,0.13197198510169983
0.0016438429011031985,0.42286205291748047,0.13099421560764313
-0.02657136507332325,0.460257351398468,0.10328859835863113
-0.026614930480718613,0.46488720178604126,0.10249321907758713
-0.0015513991238549352,0.433066189289093,0.13439324498176575
-0.00038224412128329277,0.43222734332084656,0.13725772500038147
-0.044410575181245804,0.3102475106716156,0.047328464686870575
-0.05635952204465866,0.31424617767333984,0.0316738523542881
0.0012016053078696132,0.4067182242870331,0.13150808215141296
0.0012149384710937738,0.41058188676834106,0.13283991813659668
-0.07325761765241623,0.44371697306632996,0.02579719014465809
-0.0749112218618393,0.45128145813941956,0.02348838932812214
-0.07642918080091476,0.4457227289676666,0.01813802309334278
-0.07479070872068405,0.43911802768707275,0.020159099251031876
-0.005104475189000368,0.3134090006351471,0.07415970414876938
-0.06070292741060257,0.3176182210445404,0.013772507198154926
-0.016323694959282875,0.32317879796028137,-0.05215010419487953
-0.04422731697559357,0.464904248714447,0.09382438659667969
-0.04512815922498703,0.46646836400032043,0.09242752939462662
-0.018793171271681786,0.47494855523109436,0.1009618416428566
-0.011288926936686039,0.39824366569519043,0.1270247846841812
-0.009482688270509243,0.40249887108802795,0.12607942521572113
-0.004226063843816519,0.34073659777641296,0.09261542558670044
0.0020911076571792364,0.42942512035369873,0.1348419338464737
-0.07762659341096878,0.4533865451812744,0.00868278369307518
-0.07719813287258148,0.4494624137878418,0.009790352545678616
-0.07960955798625946,0.44849270582199097,0.01203902717679739
-0.07978180050849915,0.45206907391548157,0.012418047524988651
-0.08088389784097672,0.45596832036972046,0.017433399334549904
-0.08239459991455078,0.4595249891281128,0.015507778152823448
-0.08346134424209595,0.4555955231189728,0.013899000361561775
-0.08193894475698471,0.45249736309051514,0.014903132803738117
-0.07722412049770355,0.457227498292923,0.02024955116212368
-0.07871716469526291,0.4516691565513611,0.018264247104525566
-0.08481547981500626,0.4608653485774994,0.01351982168853283
-0.0844021737575531,0.45788657665252686,0.012170495465397835
-0.07852688431739807,0.46174007654190063,0.009743905626237392
-0.08183802664279938,0.4624366760253906,0.01238635741174221
-0.0832224115729332,0.463827908039093,0.0075835068710148335
-0.08757766336202621,0.4617424011230469,0.009482097811996937
-0.08547338098287582,0.4632166624069214,0.0012028464116156101
-0.0905444473028183,0.46090054512023926,0.004017435479909182
-0.08620195090770721,0.4588777720928192,-0.00420603109523654
-0.09193137288093567,0.45735475420951843,-0.0018157865852117538
-0.07269755005836487,0.4239819049835205,0.027614347636699677
-0.07259521633386612,0.4237368404865265,0.020454606041312218
-0.08636301010847092,0.4524088501930237,-0.006956900004297495
-0.09237734973430634,0.45171046257019043,-0.005310584791004658
-0.08590886741876602,0.4445497989654541,-0.008565090596675873
-0.09182731062173843,0.44424498081207275,-0.006668334826827049
-0.08519836515188217,0.43612849712371826,-0.0076484945602715015
-0.09053453058004379,0.43651556968688965,-0.0056872800923883915
-0.08404545485973358,0.4276464581489563,-0.004486722405999899
-0.08919496834278107,0.4290829002857208,-0.00251872930675745
-0.08222829550504684,0.4183833599090576,0.0006646964466199279
-0.08733424544334412,0.42216965556144714,0.0027323360554873943
-0.08785653114318848,0.45531901717185974,-0.0008970206254161894
-0.08648467808961868,0.45860251784324646,0.0029784422367811203
-0.0784517228603363,0.4571966230869293,-0.0007964621181599796
-0.08524532616138458,0.4594380855560303,0.008097575046122074
-0.07651481032371521,0.44319429993629456,0.0026660067960619926
-0.07546614110469818,0.44099000096321106,0.003374506486579776
-0.07791019231081009,0.4420922100543976,0.00661148177459836
-0.0758679211139679,0.4442635774612427,0.004767162259668112
-0.07588956505060196,0.4365362226963043,0.01638590730726719
-0.0758911594748497,0.4309505224227905,0.016712091863155365
-0.07462023198604584,0.43134793639183044,0.021119374781847
-0.07420315593481064,0.4267585277557373,0.016479017212986946
-0.07302158325910568,0.431408554315567,0.014870181679725647
-0.073279470205307,0.4280753433704376,0.014802131801843643
-0.07229886949062347,0.43532678484916687,0.014245353639125824
-0.07384994626045227,0.4264117479324341,0.013259189203381538
-0.07509368658065796,0.4246762692928314,0.01465829648077488
-0.07269061356782913,0.42747220396995544,0.012543603777885437
-0.07216797769069672,0.4285193085670471,0.013390276581048965
-0.07140368968248367,0.43040797114372253,0.012345654889941216
-0.071530781686306,0.4332788586616516,0.009865885600447655
-0.07322503626346588,0.43404078483581543,0.02694116346538067
-0.07231002300977707,0.42191457748413086,0.005243848077952862
-0.0754813626408577,0.4298987090587616,0.00041821907507255673
-0.08428454399108887,0.4168426990509033,0.00888302456587553
-0.0806996151804924,0.41112709045410156,0.008778318762779236
-0.07852797955274582,0.4074998199939728,0.022719282656908035
-0.07999712228775024,0.40719977021217346,0.016677387058734894
-0.07790835946798325,0.4516849219799042,-0.002297006081789732
-0.07798488438129425,0.4448813796043396,-0.0038065756671130657
-0.07059328258037567,0.41585832834243774,0.013271703384816647
-0.07711058855056763,0.43767407536506653,-0.0027174523565918207
-0.08526849001646042,0.42604973912239075,0.003802464110776782
-0.08245836198329926,0.42238277196884155,0.008311929181218147
-0.08784259855747223,0.43106356263160706,-4.9194299208465964e-05
-0.07641340792179108,0.4212920367717743,0.01713056117296219
-0.07964658737182617,0.4207897484302521,0.012912539765238762
-0.08182035386562347,0.41504615545272827,0.015169797465205193
-0.0789945125579834,0.4152604043483734,0.020308682695031166
-0.07988066226243973,0.42600545287132263,0.008279383182525635
-0.08334663510322571,0.4289591610431671,0.005500050261616707
-0.07619638741016388,0.42817556858062744,0.006980068515986204
-0.07937311381101608,0.4310993254184723,0.004632983822375536
-0.07473841309547424,0.42662888765335083,0.010504774749279022
-0.07693744450807571,0.4244130551815033,0.011457535438239574
-0.07218378037214279,0.43006783723831177,0.006355863530188799
-0.07496917247772217,0.4341978132724762,0.0032600825652480125
-0.07235251367092133,0.42817869782447815,0.01028789859265089
-0.08235035836696625,0.4346875250339508,0.0039480277337133884
-0.07883337140083313,0.43773916363716125,0.003062051022425294
-0.08232113718986511,0.44137388467788696,0.004613686352968216
-0.08495403081178665,0.4388043284416199,0.003755275858566165
-0.08601368963718414,0.43287962675094604,0.0028256161604076624
-0.08792828023433685,0.4375300407409668,0.0008495672955177724
-0.08827637881040573,0.43719276785850525,-0.002800813177600503
-0.08831748366355896,0.4431617856025696,-0.0004129750595893711
-0.08854518085718155,0.4440070688724518,-0.0038053870666772127
-0.08611543476581573,0.44288161396980286,0.0023913048207759857
-0.08435697853565216,0.4439493417739868,0.004674977622926235
-0.08862890303134918,0.45045796036720276,-0.0032509751617908478
-0.0878572091460228,0.4486273229122162,-0.00015365293074864894
-0.08691573143005371,0.4528888165950775,0.0013476605527102947
-0.08646471798419952,0.44706180691719055,0.0024964530020952225
-0.08538348972797394,0.45036375522613525,0.003624359145760536
-0.08510515093803406,0.4463585913181305,0.004127539228647947
-0.0840516909956932,0.44816508889198303,0.005286687985062599
-0.081981360912323,0.45690134167671204,0.010503165423870087
-0.08078982681035995,0.45500800013542175,0.012133218348026276
-0.08353300392627716,0.45696157217025757,0.007509435061365366
-0.0820804089307785,0.4543387293815613,0.0076120756566524506
-0.08107241988182068,0.45597416162490845,0.008898830972611904
-0.07971815764904022,0.4548080265522003,0.00923914834856987
-0.08113137632608414,0.45193296670913696,0.008274390362203121
-0.07909726351499557,0.4497295320034027,0.0070863086730241776
-0.020987099036574364,0.28118595480918884,0.060727719217538834
-0.007572588510811329,0.2796013057231903,0.06348743289709091
-0.006420359946787357,0.29027095437049866,0.06633555889129639
-0.01887310855090618,0.2924021780490875,0.06241103261709213
-0.08370441198348999,0.4526832103729248,0.005525860469788313
-0.08272560685873032,0.449928343296051,0.007186716888099909
-0.08515390753746033,0.45566442608833313,0.004049469251185656
-0.08062627911567688,0.4456177353858948,0.004920118022710085
-0.08137702941894531,0.44753456115722656,0.006386875174939632
-0.08299043774604797,0.44585731625556946,0.005866607651114464
-0.08211115002632141,0.4442705512046814,0.005218980833888054
-0.07551942020654678,0.44079768657684326,0.015040888451039791
-0.07365066558122635,0.4388035535812378,0.011488872580230236
-0.07374630123376846,0.43616876006126404,0.007398358080536127
-0.05925445631146431,0.26941877603530884,0.03974881023168564
-0.05501583218574524,0.2785545587539673,0.037571489810943604
-0.07000023871660233,0.28553223609924316,0.022891193628311157
-0.07553793489933014,0.27797943353652954,0.025288445875048637
-0.07134577631950378,0.24886250495910645,0.05722595006227493
-0.09460229426622391,0.2567054331302643,0.040212102234363556
-0.09475450217723846,0.23555780947208405,0.05996250733733177
-0.0739636942744255,0.23095709085464478,0.06724996119737625
-0.09338824450969696,0.2166086584329605,0.07290817052125931
-0.07409344613552094,0.21384473145008087,0.07714203745126724
-0.08680535852909088,0.16697871685028076,0.10298474133014679
-0.0692363828420639,0.16631537675857544,0.10624101012945175
-0.0711485892534256,0.1818459928035736,0.0966111496090889
-0.08933109790086746,0.18289676308631897,0.09351328015327454
-0.1042192205786705,0.08965329825878143,0.12584149837493896
-0.09816142916679382,0.07216881215572357,0.12435983121395111
-0.08500541746616364,0.0761231929063797,0.12972015142440796
-0.09231284260749817,0.09192981570959091,0.12945584952831268
-0.1650964915752411,0.18983861804008484,0.06998404860496521
-0.16806510090827942,0.210140198469162,0.06309676915407181
-0.18167081475257874,0.20049667358398438,0.06136695295572281
-0.1763790249824524,0.17912065982818604,0.06612325459718704
-0.10467763245105743,0.29189532995224,-0.009684626944363117
-0.10119442641735077,0.27644240856170654,0.013748697005212307
-0.09202638268470764,0.28051382303237915,0.008911616168916225
-0.09684356302022934,0.29555195569992065,-0.011725411750376225
-0.1496557593345642,0.10161007940769196,0.07995389401912689
-0.14414073526859283,0.0897350162267685,0.08806803822517395
-0.13987524807453156,0.09919814020395279,0.09600509703159332
-0.14479441940784454,0.11084140092134476,0.08954298496246338
-0.12544476985931396,0.006606199312955141,0.09347983449697495
-0.1265714019536972,-0.013994501903653145,0.09304419159889221
-0.11103135347366333,-0.01478341594338417,0.11124729365110397
-0.11033862084150314,0.006016339175403118,0.11043120175600052
-0.16491562128067017,0.028888916596770287,0.020518586039543152
-0.16765134036540985,0.02672613598406315,-0.008417939767241478
-0.16442959010601044,0.009983646683394909,-0.0077292476780712605
-0.16258592903614044,0.009995764121413231,0.021073628216981888
-0.1183331087231636,0.16604553163051605,0.09491055458784103
-0.10327216237783432,0.1670071929693222,0.09915731102228165
-0.10650009661912918,0.18301846086978912,0.09004225581884384
-0.12234067171812057,0.1824045330286026,0.08623526990413666
-0.36002102494239807,0.23256708681583405,0.01961543783545494
-0.36032775044441223,0.2156503051519394,0.02040591649711132
-0.33419421315193176,0.21539786458015442,0.022173356264829636
-0.33365103602409363,0.23231616616249084,0.020717857405543327
-0.1635756641626358,-0.08668901771306992,0.02857888676226139
-0.16273930668830872,-0.08213667571544647,0.0011693733977153897
-0.16735269129276276,-0.10074779391288757,0.0025852711405605078
-0.1669045090675354,-0.10604709386825562,0.03146205097436905
-0.21830303966999054,0.26317986845970154,0.02995854988694191
-0.20383869111537933,0.2676394283771515,0.031685587018728256
-0.20190191268920898,0.28388819098472595,0.00988120399415493
-0.21594874560832977,0.2805182635784149,0.010096278972923756
-0.16221818327903748,0.15019315481185913,0.07309433817863464
-0.15428300201892853,0.1576574742794037,0.08030352741479874
-0.16053059697151184,0.1727769374847412,0.07541216164827347
-0.16894963383674622,0.16301928460597992,0.06965038925409317
-0.17435500025749207,0.058431193232536316,-0.01286993082612753
-0.17159710824489594,0.06119798868894577,0.010100871324539185
-0.17449544370174408,0.07835828512907028,0.004095179960131645
-0.17807427048683167,0.07592884451150894,-0.01616574637591839
-0.1683746725320816,0.04472823441028595,0.015585480257868767
-0.17090749740600586,0.04222308471798897,-0.010364792309701443
-0.1440480500459671,0.16215106844902039,0.08559059351682663
-0.13202917575836182,0.1643684059381485,0.09042418003082275
-0.13656257092952728,0.1813037097454071,0.0826353207230568
-0.14873625338077545,0.1793099045753479,0.0793805941939354
-0.09341806173324585,0.05677387863397598,0.1221405640244484
-0.07715234160423279,0.061639510095119476,0.1291000247001648
-0.15985317528247833,-0.11210957914590836,0.05892590433359146
-0.14685538411140442,-0.11858296394348145,0.08258985728025436
-0.14600470662117004,-0.09681883454322815,0.07945377379655838
-0.15771636366844177,-0.09156402200460434,0.05567047744989395
-0.0928320661187172,0.02546893246471882,0.12237578630447388
-0.09173671901226044,0.042560141533613205,0.12175887823104858
-0.10716230422258377,0.04134581238031387,0.11131399869918823
-0.10892500728368759,0.02464049682021141,0.10972049832344055
-0.12983305752277374,-0.12439900636672974,0.10315605998039246
-0.11201068758964539,-0.12951955199241638,0.12316691130399704
-0.11171148717403412,-0.10530146956443787,0.12022747099399567
-0.12964630126953125,-0.10158904641866684,0.10040757805109024
-0.09172490984201431,0.19926655292510986,0.08354166895151138
-0.07288453727960587,0.1975739300251007,0.08682499825954437
-0.12375068664550781,0.08899321407079697,0.11321429908275604
-0.12069213390350342,0.07197412848472595,0.11078035086393356
-0.11020562797784805,0.07120316475629807,0.11796046048402786
-0.11493416875600815,0.0890011414885521,0.12019295990467072
-0.18176017701625824,0.14874878525733948,0.04270146042108536
-0.18337604403495789,0.16427332162857056,0.05741222947835922
-0.19538627564907074,0.18562765419483185,0.054175976663827896
-0.192866250872612,0.16049715876579285,0.03870324045419693
-0.17009295523166656,-0.1197456642985344,0.004970236215740442
-0.16841554641723633,-0.1255902498960495,0.03415048122406006
-0.12912993133068085,-0.14812321960926056,0.10416523367166519
-0.1112232580780983,-0.1541687697172165,0.12379845976829529
-0.23245450854301453,0.14926347136497498,-0.03173552453517914
-0.2205793261528015,0.13629791140556335,-0.02876020222902298
-0.21701519191265106,0.1392628252506256,-0.013373041525483131
-0.22948220372200012,0.15259192883968353,-0.01677384227514267
-0.052882760763168335,0.09408304840326309,0.13427092134952545
-0.06824151426553726,0.10299602895975113,0.132814422249794
-0.07413265109062195,0.08637230843305588,0.13304537534713745
-0.06182226911187172,0.07357914000749588,0.13354389369487762
-0.11898086965084076,0.056363433599472046,0.10540207475423813
-0.12024398148059845,0.04246068373322487,0.10002671927213669
-0.1073010042309761,0.055569183081388474,0.11411000043153763
-0.0365738719701767,0.0841289684176445,0.13322265446186066
-0.047989457845687866,0.0572868250310421,0.13431839644908905
-0.05361698940396309,0.19571232795715332,0.09071394056081772
-0.05230146273970604,0.18043065071105957,0.0996030792593956
-0.0541820265352726,0.21124528348445892,0.08239279687404633
-0.03444040194153786,0.20908164978027344,0.08726685494184494
-0.03321774676442146,0.22456714510917664,0.07938575744628906
-0.05299762636423111,0.2269977182149887,0.07397756725549698
-0.030454132705926895,0.23965275287628174,0.07227801531553268
-0.04992615804076195,0.24292990565299988,0.06656941026449203
-0.040593184530735016,0.2634628415107727,0.05116240307688713
-0.037491995841264725,0.273634135723114,0.04960612580180168
-0.1738864630460739,0.15102501213550568,0.05997148156166077
-0.16625769436359406,0.1398315280675888,0.06268717348575592
-0.14648854732513428,-0.14088790118694305,0.08431312441825867
-0.11510132998228073,0.2214483916759491,-0.1043182983994484
-0.11399980634450912,0.20255248248577118,-0.10991937667131424
-0.13285388052463531,0.20883049070835114,-0.1029168888926506
-0.13417427241802216,0.22714847326278687,-0.09833340346813202
-0.11431436240673065,0.2918664515018463,-0.008882561698555946
-0.11450628191232681,0.27750375866889954,0.015590371564030647
-0.1983191817998886,0.16103819012641907,-0.0768321231007576
-0.18562425673007965,0.15385717153549194,-0.08047450333833694
-0.18922312557697296,0.1409432590007782,-0.07596058398485184
-0.19969001412391663,0.15018139779567719,-0.07223282754421234
-0.23099558055400848,0.15307164192199707,-0.05361871421337128
-0.24522709846496582,0.16195209324359894,-0.056520141661167145
-0.2432103008031845,0.16941770911216736,-0.06386799365282059
-0.22785523533821106,0.1605323702096939,-0.06032803654670715
-0.16048116981983185,-0.0971059799194336,-0.023752566426992416
-0.15494795143604279,-0.07876643538475037,-0.024780137464404106
-0.14294566214084625,0.04045018553733826,-0.07763796299695969
-0.15614470839500427,0.032744962722063065,-0.0573706179857254
-0.16220702230930328,0.049625933170318604,-0.055685270577669144
-0.15141358971595764,0.0579250194132328,-0.07375644147396088
-0.018133148550987244,0.19084300100803375,-0.10998306423425674
-0.018038475885987282,0.17564672231674194,-0.11251665651798248
-0.0370144285261631,0.1792113333940506,-0.11716035008430481
-0.03704392537474632,0.19484297931194305,-0.11418810486793518
-0.07492240518331528,0.22429302334785461,-0.10932607203722
-0.07486654818058014,0.2404155731201172,-0.10331868380308151
-0.0536053366959095,0.23156826198101044,-0.10665933042764664
-0.05455431714653969,0.21649488806724548,-0.11191563308238983
-0.09503375738859177,0.2144118696451187,-0.11059089004993439
-0.0944494903087616,0.19575127959251404,-0.11611984670162201
-0.17786122858524323,0.07715915888547897,-0.035747867077589035
-0.1734764128923416,0.0605350024998188,-0.03450676426291466
-0.1866082102060318,0.09976831078529358,-0.03900761529803276
-0.1858113706111908,0.10003914684057236,-0.022220900282263756
-0.19066670536994934,0.10778256505727768,-0.02377815917134285
-0.19161151349544525,0.10749873518943787,-0.039706893265247345
-0.08963844925165176,0.30059269070625305,-0.013593318872153759
-0.08768532425165176,0.306560754776001,-0.03677099570631981
-0.09588529169559479,0.3028193712234497,-0.034704383462667465
-0.052274562418460846,0.282450407743454,-0.08114717155694962
-0.051491208374500275,0.27592313289642334,-0.08568307757377625
-0.06477165222167969,0.2814275622367859,-0.08030316233634949
-0.0634932592511177,0.28696221113204956,-0.07637995481491089
-0.04262779280543327,0.10534948110580444,-0.1203300952911377
-0.020685870200395584,0.10424517840147018,-0.11686448752880096
-0.021021969616413116,0.08334259688854218,-0.11491110175848007
-0.045087143778800964,0.08274783194065094,-0.11827144026756287
-0.19795680046081543,0.1170245110988617,-0.05302034690976143
-0.20854297280311584,0.1251084953546524,-0.0517408512532711
-0.2061830312013626,0.13135194778442383,-0.06045509874820709
-0.19550849497318268,0.12236789613962173,-0.0629691630601883
-0.18734876811504364,0.11508610844612122,-0.06426464021205902
-0.18049529194831848,0.1073235347867012,-0.0654531940817833
-0.18440847098827362,0.10252584517002106,-0.0530100092291832
-0.1904580295085907,0.11035218089818954,-0.05310280993580818
-0.16003279387950897,0.07360982149839401,-0.07035740464925766
-0.1683729588985443,0.06628347933292389,-0.05376429855823517
-0.17455242574214935,0.08164788782596588,-0.05322467163205147
-0.16817721724510193,0.08791423588991165,-0.06859003752470016
-0.018354743719100952,0.009138918481767178,-0.10203471779823303
-0.040247704833745956,0.006441138219088316,-0.10703001171350479
-0.042034976184368134,0.03273556008934975,-0.11149199306964874
-0.019244734197854996,0.03522484377026558,-0.10712514072656631
-0.23795780539512634,0.17292290925979614,0.006274733692407608
-0.23646928369998932,0.18102772533893585,0.0207880437374115
-0.2513001561164856,0.18483562767505646,0.016258833929896355
-0.2547016441822052,0.17645663022994995,0.0003030193620361388
-0.2494581788778305,0.19376680254936218,-0.0767814964056015
-0.26048630475997925,0.19954971969127655,-0.07810013741254807
-0.259359747171402,0.206582173705101,-0.07918450981378555
-0.2476263791322708,0.20122766494750977,-0.07848060876131058
-0.2771611511707306,0.17073142528533936,-0.01842784695327282
-0.2725716829299927,0.1783747524023056,-0.004023025743663311
-0.2929927408695221,0.1788373738527298,-0.00678779324516654
-0.29719340801239014,0.17107582092285156,-0.021941877901554108
-0.12255335599184036,0.2930307686328888,-0.03683127462863922
-0.12446688115596771,0.29325610399246216,-0.008297396823763847
-0.11314184963703156,0.29593324661254883,-0.035055723041296005
-0.26333826780319214,0.16138587892055511,-0.04029899090528488
-0.279965877532959,0.16438628733158112,-0.04508247226476669
-0.2788483798503876,0.1671077460050583,-0.0567939467728138
-0.26212358474731445,0.16336792707443237,-0.05190093070268631
-0.3595997393131256,0.2483818680047989,0.010362024419009686
-0.33338063955307007,0.2476855367422104,0.011073078960180283
-0.32124096155166626,0.16883675754070282,-0.03860804811120033
-0.3230893313884735,0.17082513868808746,-0.052407365292310715
-0.30034562945365906,0.16694726049900055,-0.04933810606598854
-0.2998424768447876,0.16729189455509186,-0.036308325827121735
-0.135894313454628,0.022417353466153145,-0.07998639345169067
-0.15038689970970154,0.016052203252911568,-0.05882790684700012
-0.1301400512456894,-0.09365115314722061,-0.06445322185754776
-0.14751307666301727,-0.09481902420520782,-0.04643058776855469
-0.1414976418018341,-0.07592425495386124,-0.047115910798311234
-0.12487630546092987,-0.0738782212138176,-0.06523208320140839
-0.16417069733142853,-0.115960031747818,-0.022174688056111336
-0.1341233253479004,-0.11424016207456589,-0.06303614377975464
-0.15178215503692627,-0.11438951641321182,-0.045413319021463394
-0.07188396155834198,0.31353846192359924,-0.03214045241475105
-0.0628257542848587,0.31319162249565125,-0.0477493591606617
-0.06892511993646622,0.30713191628456116,-0.05327713117003441
-0.07984240353107452,0.31021347641944885,-0.035766810178756714
-0.17710326611995697,-0.23165133595466614,-0.018178360536694527
-0.17606902122497559,-0.2590663731098175,-0.022597266361117363
-0.18439450860023499,-0.26059797406196594,0.006337310187518597
-0.1834140419960022,-0.23539134860038757,0.01198592223227024
-0.03721430525183678,0.2951161861419678,-0.07142273336648941
-0.054698456078767776,0.3009302020072937,-0.06416207551956177
-0.04946713522076607,0.30819323658943176,-0.05786401778459549
-0.034929778426885605,0.30327168107032776,-0.06389887630939484
-0.18008928000926971,-0.21111948788166046,0.012749732472002506
-0.17471450567245483,-0.20620399713516235,-0.01679878681898117
-0.07543924450874329,0.30672672390937805,-0.012473688460886478
-0.08303883671760559,0.30365800857543945,-0.013891899958252907
-0.0797811895608902,0.29353752732276917,0.004892017692327499
-0.07176564633846283,0.29896730184555054,0.005807769950479269
-0.06385034322738647,0.29332444071769714,0.023504605516791344
-0.18726322054862976,-0.27022480964660645,0.036835335195064545
-0.18333593010902405,-0.24386975169181824,0.039753902703523636
-0.057567935436964035,0.3182799518108368,-0.0411561094224453
-0.04556909203529358,0.3150542378425598,-0.0510234460234642
-0.032034844160079956,0.3126038908958435,-0.056504152715206146
-0.017565686255693436,0.31154802441596985,-0.05997342988848686
-0.16487723588943481,-0.13478384912014008,-0.01956777088344097
-0.16972196102142334,-0.13865181803703308,0.007537144236266613
-0.1208263412117958,-0.3642478585243225,-0.09182217717170715
-0.09419266134500504,-0.36854949593544006,-0.09955163300037384
-0.09187071770429611,-0.3803429901599884,-0.09168700128793716
-0.1230538859963417,-0.3812882602214813,-0.08198373019695282
-0.02735784836113453,-0.3520495295524597,-0.10230633616447449
-0.02531866915524006,-0.36118456721305847,-0.08945048600435257
-0.05843174085021019,-0.3737928569316864,-0.0931444987654686
-0.062437672168016434,-0.3636249303817749,-0.10410436987876892
-0.03149466961622238,-0.24078594148159027,-0.11965695023536682
-0.060902755707502365,-0.24023988842964172,-0.11925891786813736
-0.06090901419520378,-0.2180176079273224,-0.11252795159816742
-0.032248564064502716,-0.2184942066669464,-0.11352832615375519
-0.13602671027183533,-0.13344506919384003,-0.060613829642534256
-0.15299959480762482,-0.13342270255088806,-0.04289038106799126
-0.16650325059890747,-0.1449340134859085,0.03566661849617958
-0.18320146203041077,-0.41533327102661133,0.052151039242744446
-0.18781930208206177,-0.4046194553375244,0.011513842269778252
-0.1840638518333435,-0.4430367648601532,0.011713440530002117
-0.18121619522571564,-0.45345041155815125,0.0501224584877491
-0.14967676997184753,-0.4332720935344696,-0.049322497099637985
-0.15239565074443817,-0.40156862139701843,-0.0549904964864254
-0.12184438109397888,-0.40354230999946594,-0.07307601720094681
-0.11977998912334442,-0.4308978021144867,-0.06639119982719421
-0.09273622930049896,-0.15945662558078766,0.14258842170238495
-0.10907602310180664,-0.17698507010936737,0.12137861549854279
-0.08995848894119263,-0.18320074677467346,0.13847558200359344
-0.029972393065690994,-0.17057326436042786,0.17037105560302734
-0.053199343383312225,-0.1675846129655838,0.16659313440322876
-0.04859312251210213,-0.19154924154281616,0.16037698090076447
-0.02728785201907158,-0.19414441287517548,0.16442175209522247
-0.028253789991140366,-0.31083494424819946,0.14603175222873688
-0.014566058292984962,-0.31197428703308105,0.1501873880624771
-0.01712556928396225,-0.28718775510787964,0.14853011071681976
-0.03309771418571472,-0.28472277522087097,0.14365121722221375
-0.17461198568344116,-0.25337016582489014,0.06556368619203568
-0.15503713488578796,-0.262441486120224,0.08707369118928909
-0.15244102478027344,-0.24126334488391876,0.0861705094575882
-0.17044223845005035,-0.23133480548858643,0.0660848543047905
-0.023078275844454765,-0.3689415156841278,-0.07336050271987915
-0.05316079035401344,-0.38550999760627747,-0.07996398210525513
-0.16563080251216888,-0.4628731906414032,0.08699599653482437
-0.1664533019065857,-0.4245542585849762,0.08983656764030457
-0.1369600147008896,-0.46924588084220886,0.11472784727811813
-0.10212703794240952,-0.46739572286605835,0.12321780622005463
-0.1047617718577385,-0.43493834137916565,0.12749040126800537
-0.13887465000152588,-0.4336088299751282,0.11728085577487946
-0.01198041532188654,-0.38572245836257935,0.09442344307899475
-0.0228998102247715,-0.3695977032184601,0.1224619597196579
-0.028775904327630997,-0.38120490312576294,0.11474480479955673
-0.013304214924573898,-0.3927980065345764,0.08909132331609726
-0.029114749282598495,-0.32677650451660156,-0.11629042774438858
-0.028945764526724815,-0.34202468395233154,-0.10954304039478302
-0.06210459768772125,-0.3483986258506775,-0.11366347968578339
-0.061111725866794586,-0.3314150869846344,-0.1192631796002388
-0.11356034874916077,-0.11470984667539597,-0.07493768632411957
-0.11576198786497116,-0.13508674502372742,-0.07313001900911331
-0.09225574135780334,-0.11570675671100616,-0.08228784799575806
-0.1103895977139473,-0.09364202618598938,-0.07706199586391449
-0.08917232602834702,-0.09366387128829956,-0.08377555757761002
-0.09372340142726898,0.04251691326498985,-0.1057710126042366
-0.11651714891195297,0.03162454813718796,-0.09542076289653778
-0.12457915395498276,0.04971456900238991,-0.09461953490972519
-0.10255469381809235,0.06229406222701073,-0.10669620335102081
-0.05622648447751999,0.18417398631572723,-0.120356984436512
-0.05542569234967232,0.20063801109790802,-0.11663002520799637
-0.08348868042230606,-0.4218156933784485,-0.07447806745767593
-0.04201232269406319,-0.4060787558555603,-0.06732021272182465
-0.053197361528873444,-0.4500516355037689,-0.06212475150823593
-0.08773397654294968,-0.45730823278427124,-0.06742677837610245
-0.1467694193124771,-0.4666757583618164,-0.04601641744375229
-0.16753263771533966,-0.4707139730453491,-0.021985923871397972
-0.172834575176239,-0.43550360202789307,-0.02336018718779087
-0.17885594069957733,-0.4795771837234497,0.01136990450322628
-0.17722369730472565,-0.49003276228904724,0.04885265231132507
-0.13252098858356476,-0.5035497546195984,0.1104314774274826
-0.09807244688272476,-0.5006763935089111,0.11732359230518341
-0.018795467913150787,-0.4548964202404022,0.08094175904989243
-0.04031037539243698,-0.4600120484828949,0.09989216178655624
-0.03857318311929703,-0.4862120449542999,0.09111469238996506
-0.018567267805337906,-0.47948578000068665,0.06938566267490387
-0.06638108938932419,-0.3086393475532532,0.12572692334651947
-0.10122109949588776,-0.28913602232933044,0.11485058814287186
-0.10374567657709122,-0.31556132435798645,0.11752630025148392
-0.0742981880903244,-0.335881769657135,0.1255914270877838
-0.03597807511687279,-0.14449363946914673,0.17264868319034576
-0.055376239120960236,-0.14056222140789032,0.16902096569538116
-0.07292785495519638,-0.1638553887605667,0.1575569212436676
-0.07448621094226837,-0.13688553869724274,0.15947408974170685
-0.09374170005321503,-0.13347607851028442,0.14332401752471924
-0.0510503426194191,-0.03791830316185951,0.15900956094264984
-0.07382196187973022,-0.03796296939253807,0.14766918122768402
-0.07288336008787155,-0.061381470412015915,0.15117314457893372
-0.050546009093523026,-0.06198069453239441,0.16274884343147278
-0.05145018547773361,-0.013986384496092796,0.1537897288799286
-0.07450991868972778,-0.014259440824389458,0.14319948852062225
-0.04942142590880394,0.03167716786265373,0.13964024186134338
-0.07214599847793579,0.046731095761060715,0.13009022176265717
-0.07312203198671341,0.028169123455882072,0.13264863193035126
-0.034219756722450256,0.19352152943611145,0.09473822265863419
-0.033485811203718185,0.17810027301311493,0.10212305933237076
-0.17782580852508545,-0.2789916396141052,0.06377194821834564
-0.015179394744336605,-0.41572028398513794,-0.03754512593150139
-0.003958802204579115,-0.4293346107006073,-0.0053466930985450745
-0.0090223029255867,-0.457014262676239,-0.01447575818747282
-0.024809079244732857,-0.4499868154525757,-0.04293370619416237
-0.17854318022727966,-0.22053013741970062,0.0407843217253685
-0.16021881997585297,-0.13288578391075134,0.06119699031114578
-0.157274529337883,-0.15315940976142883,0.06122519448399544
-0.15423433482646942,0.03493721783161163,0.053285788744688034
-0.15350574254989624,0.011006541550159454,0.049780819565057755
-0.08203616738319397,0.10800264775753021,0.1299283355474472
-0.08312945812940598,0.09567507356405258,0.13132184743881226
-0.17708460986614227,-0.39938363432884216,-0.026431692764163017
-0.12771260738372803,-0.5357721447944641,0.104317307472229
-0.1208556666970253,-0.5654436349868774,0.0977262333035469
-0.08754067867994308,-0.5628678798675537,0.10270822793245316
-0.09266800433397293,-0.5326164364814758,0.1106003075838089
-0.011160193011164665,-0.5017063617706299,0.032822687178850174
-0.020020436495542526,-0.5077185034751892,0.05755003169178963
-0.02306501194834709,-0.5368706583976746,0.04646844416856766
-0.01626824401319027,-0.5320366621017456,0.021969817578792572
-0.020618634298443794,-0.5626242756843567,0.014390568248927593
-0.025274883955717087,-0.5685828924179077,0.03877272829413414
-0.02515408582985401,-0.5989632606506348,0.030574925243854523
-0.023022862151265144,-0.592427670955658,0.0066702780313789845
-0.16162557899951935,-0.5005331635475159,0.08544652909040451
-0.1661721169948578,-0.5563004612922668,0.04696224629878998
-0.1501391977071762,-0.5639395117759705,0.07763706147670746
-0.15640680491924286,-0.533453643321991,0.08193650096654892
-0.17211247980594635,-0.5249941945075989,0.04868348687887192
-0.12001597881317139,-0.4637486934661865,-0.060806017369031906
-0.007232200354337692,-0.4732951819896698,0.0443456806242466
-0.00563328992575407,-0.44980326294898987,0.05663850158452988
-0.02469315193593502,-0.5244683027267456,-0.02708398550748825
-0.04183487966656685,-0.5222764611244202,-0.04827436804771423
-0.03388352692127228,-0.4879404902458191,-0.04596850648522377
-0.016521155834197998,-0.4909823536872864,-0.021482335403561592
-0.1443953812122345,-0.5297896862030029,-0.04225806146860123
-0.15998828411102295,-0.5358023643493652,-0.01795278675854206
-0.16384905576705933,-0.5044659972190857,-0.019093111157417297
-0.1457902044057846,-0.4989785850048065,-0.043383900076150894
-0.17340807616710663,-0.5139360427856445,0.013113575056195259
-0.1674576699733734,-0.5456905364990234,0.013197205029428005
-0.15342190861701965,-0.6158472895622253,0.04296369478106499
-0.13518095016479492,-0.6215327978134155,0.06906489282846451
-0.14308558404445648,-0.5932206511497498,0.07320950925350189
-0.15991221368312836,-0.5864364504814148,0.045066289603710175
-0.15647348761558533,-0.6053931713104248,0.01173150260001421
-0.16155971586704254,-0.5755683183670044,0.01268996112048626
-0.15622450411319733,-0.5658420324325562,-0.017272066324949265
-0.15287652611732483,-0.5956524610519409,-0.016490044072270393
-0.13919396698474884,-0.58810955286026,-0.03787597641348839
-0.14212116599082947,-0.558692455291748,-0.040303461253643036
-0.12118187546730042,-0.5547997355461121,-0.05599319189786911
-0.12069414556026459,-0.5832430720329285,-0.05298561975359917
-0.09664265066385269,-0.5523461103439331,-0.06271778047084808
-0.07130584120750427,-0.5514684319496155,-0.05961074307560921
-0.07629464566707611,-0.5800806879997253,-0.057134125381708145
-0.09882567822933197,-0.5809831619262695,-0.05967344343662262
-0.038006167858839035,-0.5841633677482605,-0.034417569637298584
-0.05460881441831589,-0.5813128352165222,-0.04919281601905823
-0.04846789687871933,-0.5527616143226624,-0.048831306397914886
-0.03192620351910591,-0.5553839206695557,-0.030932599678635597
-0.05880593881011009,-0.6983251571655273,-0.04523354768753052
-0.07544487714767456,-0.6955612897872925,-0.050046343356370926
-0.06998831033706665,-0.6657593846321106,-0.04942901432514191
-0.051652949303388596,-0.6683869957923889,-0.04425986483693123
-0.09185565263032913,-0.6939888596534729,-0.056202612817287445
-0.10950963944196701,-0.6939210891723633,-0.05608665570616722
-0.10506362468004227,-0.6650213599205017,-0.05329207703471184
-0.08760075271129608,-0.6646894216537476,-0.052920348942279816
-0.13581398129463196,-0.6727447509765625,-0.03240860253572464
-0.1216358169913292,-0.6674982905387878,-0.04672776535153389
-0.12574999034404755,-0.696149468421936,-0.049454398453235626
-0.13930711150169373,-0.7012529373168945,-0.03476780280470848
-0.15215100347995758,-0.7081966996192932,-0.01611410081386566
-0.15123699605464935,-0.6802953481674194,-0.01513952761888504
-0.14958736300468445,-0.7165669202804565,0.008544396609067917
-0.1522199660539627,-0.6895754933357239,0.009049191139638424
-0.13859598338603973,-0.6977640986442566,0.03709852322936058
-0.1393669694662094,-0.7240519523620605,0.037122588604688644
-0.028119206428527832,-0.6852978467941284,0.0024110465310513973
-0.03311796113848686,-0.7149834632873535,-0.002847383264452219
-0.033803507685661316,-0.7081612348556519,-0.02249368466436863
-0.027497241273522377,-0.6788910627365112,-0.016072744503617287
-0.054752714931964874,-0.6963199377059937,0.04366745054721832
-0.07032870501279831,-0.7004773616790771,0.06799240410327911
-0.07108882069587708,-0.7266427874565125,0.05804816260933876
-0.05663207173347473,-0.7239747643470764,0.03509560599923134
-0.1528633087873459,-0.633692741394043,0.010527923703193665
-0.14701814949512482,-0.643643856048584,0.04031096398830414
-0.13634778559207916,-0.6167213916778564,-0.034946259111166
-0.15019047260284424,-0.6241586804389954,-0.015572183765470982
-0.04249485582113266,-0.6120730638504028,-0.03825867176055908
-0.06004645302891731,-0.6092305183410645,-0.04959726706147194
-0.02570304647088051,-0.6282112002372742,0.02199552021920681
-0.02406732179224491,-0.6216892004013062,-0.0005387117271311581
-0.09958067536354065,-0.6773746609687805,0.08078596740961075
-0.1026875227689743,-0.6500018835067749,0.08234630525112152
-0.12897777557373047,-0.6490159034729004,0.0668010339140892
-0.12609416246414185,-0.6765092611312866,0.06642742455005646
-0.15308231115341187,-0.6619194746017456,0.009807188995182514
-0.1497288942337036,-0.6521912217140198,-0.015252995304763317
-0.13500691950321198,-0.6448087692260742,-0.032765455543994904
-0.12008346617221832,-0.6393021941184998,-0.04718168079853058
-0.10247331857681274,-0.6368023753166199,-0.0535079725086689
-0.0841100886464119,-0.6361024379730225,-0.05282628536224365
-0.06520448625087738,-0.636989176273346,-0.04937974736094475
-0.04698989912867546,-0.639822781085968,-0.04139760136604309
-0.025166239589452744,-0.6501542329788208,-0.008677997626364231
-0.026670897379517555,-0.6572139859199524,0.012151231989264488
-0.09725139290094376,-0.728805661201477,0.06865920126438141
-0.0979631096124649,-0.704198956489563,0.07739071547985077
-0.1255154013633728,-0.7031992077827454,0.06465797126293182
-0.1244453489780426,-0.7284079194068909,0.06047951802611351
-0.09756109863519669,-0.7500444650650024,0.056437667459249496
-0.07616755366325378,-0.7481998205184937,0.045796945691108704
-0.09638605266809464,-0.7234658002853394,-0.06061264127492905
-0.11405885219573975,-0.7235851287841797,-0.05955897644162178
-0.13040973246097565,-0.7258163690567017,-0.05284680426120758
-0.15305212140083313,-0.7358970642089844,-0.018044719472527504
-0.14860567450523376,-0.7441145181655884,0.009504240937530994
-0.13615339994430542,-0.7504478693008423,0.03585442528128624
-0.12015718221664429,-0.7499331831932068,0.05305758863687515
-0.0474100187420845,-0.7660720944404602,-0.029848016798496246
-0.04230774939060211,-0.7366820573806763,-0.025272516533732414
-0.04121645539999008,-0.7417730093002319,-0.007676203269511461
-0.047842834144830704,-0.7697287201881409,-0.012084630317986012
-0.06688061356544495,-0.7592149376869202,-0.05644958093762398
-0.08206053823232651,-0.7558925747871399,-0.06651409715414047
-0.07981081306934357,-0.7255392074584961,-0.05502942204475403
-0.06528472155332565,-0.7283822298049927,-0.04623265936970711
-0.10084374994039536,-0.7544395923614502,-0.07069918513298035
-0.11930552124977112,-0.7545590996742249,-0.06751596182584763
-0.13675415515899658,-0.7554682493209839,-0.05939265713095665
-0.15607281029224396,-0.7650788426399231,-0.0193636454641819
-0.14516881108283997,-0.7296457886695862,-0.0389055497944355
-0.15092119574546814,-0.7587243914604187,-0.043403297662734985
-0.15025046467781067,-0.7727938294410706,0.012341526336967945
-0.12999655306339264,-0.8098594546318054,0.03253777325153351
-0.12838351726531982,-0.7794382572174072,0.03637265786528587
-0.1532953381538391,-0.8033958673477173,0.011776592582464218
-0.10350195318460464,-0.911097526550293,0.02056247368454933
-0.13002313673496246,-0.9093953371047974,0.020398251712322235
-0.12631946802139282,-0.9457377195358276,0.013729318976402283
-0.10315336287021637,-0.9477934241294861,0.014403417706489563
-0.04927199333906174,-0.7999712228775024,-0.01665603369474411
-0.04733705893158913,-0.7973675727844238,-0.03699340671300888
-0.06521236896514893,-0.7918087244033813,-0.06753057986497879
-0.08319348841905594,-0.788604736328125,-0.07717118412256241
-0.16545800864696503,-0.8280664086341858,-0.02407677285373211
-0.16191980242729187,-0.7957636117935181,-0.020193561911582947
-0.15699957311153412,-0.7900274395942688,-0.046549562364816666
-0.1602449268102646,-0.8230271339416504,-0.05077284201979637
-0.04762203246355057,-0.9019513726234436,-0.02792242169380188
-0.04670931026339531,-0.9005087018013,-0.048054371029138565
-0.04330551624298096,-0.8649811744689941,-0.04664839431643486
-0.04442519694566727,-0.8669031858444214,-0.02443065494298935
-0.08171163499355316,-0.822602391242981,-0.08436191082000732
-0.06327372044324875,-0.825873613357544,-0.07405073195695877
-0.06328976899385452,-0.8607784509658813,-0.07825876772403717
-0.0820496454834938,-0.8580849766731262,-0.08773328363895416
-0.16052895784378052,-0.9002661108970642,-0.028477635234594345
-0.16500645875930786,-0.862991988658905,-0.026713645085692406
-0.16056202352046967,-0.8586515784263611,-0.05340096354484558
-0.1568986475467682,-0.8969832062721252,-0.05345064401626587
-0.13175958395004272,-0.8405474424362183,0.0298822782933712
-0.15627531707286835,-0.834998607635498,0.0079168900847435
-0.15577292442321777,-0.8684960007667542,0.0036483376752585173
-0.1327650249004364,-0.8741294145584106,0.025492096319794655
-0.10307544469833374,-0.8419829607009888,0.029023556038737297
-0.1039905771613121,-0.8753173351287842,0.025713559240102768
-0.061722539365291595,-0.9772324562072754,-0.04573727026581764
-0.05465520918369293,-0.9378045201301575,-0.0465669184923172
-0.05489909276366234,-0.9405752420425415,-0.029284611344337463
-0.062378037720918655,-0.9808663725852966,-0.03020421974360943
-0.08489017188549042,-0.8952531814575195,-0.0857243537902832
-0.06614379584789276,-0.8972073793411255,-0.07672029733657837
-0.07212039828300476,-0.9352422952651978,-0.07167559862136841
-0.0875244140625,-0.9340782165527344,-0.07971800118684769
-0.14824283123016357,-0.9810497760772705,-0.03020457550883293
-0.1546061784029007,-0.939893364906311,-0.029493039473891258
-0.15096937119960785,-0.9376168847084045,-0.05203038081526756
-0.14410412311553955,-0.9786505699157715,-0.05089487135410309
-0.12284910678863525,-0.9851671457290649,0.007155862171202898
-0.14718738198280334,-0.9427345395088196,-0.0031325160525739193
-0.14199984073638916,-0.9832617044448853,-0.007638880982995033
-0.11886143684387207,-1.0243325233459473,0.003428893629461527
-0.10163845121860504,-1.025925636291504,0.0046447101049125195
-0.10238602757453918,-0.9866745471954346,0.008200690150260925
-0.06863442063331604,-1.0189965963363647,-0.031178396195173264
-0.06677686423063278,-1.0160820484161377,-0.04578370228409767
-0.07597952336072922,-1.0131572484970093,-0.06560233235359192
-0.08812637627124786,-1.011205792427063,-0.07295984029769897
-0.08861882984638214,-0.9732386469841003,-0.07565198838710785
-0.07505553215742111,-0.9746680855751038,-0.06817562878131866
-0.12203516066074371,-0.9761463403701782,-0.07465492188930511
-0.10536491870880127,-0.9738538265228271,-0.07808206975460052
-0.10358799993991852,-1.0116591453552246,-0.07489599287509918
-0.11863617599010468,-1.0139286518096924,-0.07067842781543732
-0.13696785271167755,-1.016227126121521,-0.0491173230111599
-0.1352342665195465,-0.9772082567214966,-0.0657760500907898
-0.12928135693073273,-1.0150669813156128,-0.062260787934064865
-0.14133018255233765,-1.0182220935821533,-0.030033519491553307
-0.13584235310554504,-1.0218312740325928,-0.00855323951691389
-0.0026383388321846724,-0.3900538682937622,-0.010042932815849781
-0.0005027514416724443,-0.4040928781032562,0.022906938567757607
-0.0014809106942266226,-0.41211941838264465,0.007779526058584452
-0.006879703141748905,-0.3953656554222107,-0.025776071473956108
-0.03762805834412575,-0.5462816953659058,0.07237286120653152
-0.03803620859980583,-0.5151071548461914,0.08205264061689377
-0.035868290811777115,-0.6070531606674194,0.05503221973776817
-0.037310704588890076,-0.5777655839920044,0.06369708478450775
-0.03591861203312874,-0.6362220048904419,0.04473491758108139
-0.0375552736222744,-0.664642870426178,0.03346928209066391
-0.038496557623147964,-0.6933072209358215,0.023326106369495392
-0.04117703437805176,-0.7206919193267822,0.015601382590830326
-0.048581723123788834,-0.7470065951347351,0.010836326517164707
-0.05564313009381294,-0.7746624946594238,0.007580915931612253
-0.05852271988987923,-0.8345804810523987,0.000189726022654213
-0.046520672738552094,-0.8326088190078735,-0.021358318626880646
-0.05990099161863327,-0.803420901298523,0.0031169618014246225
-0.05898451805114746,-0.9049677848815918,-0.005595033057034016
-0.05705959349870682,-0.868485689163208,-0.002477115485817194
-0.06419099122285843,-0.944198489189148,-0.010019783861935139
-0.07038564234972,-0.984503448009491,-0.013584074564278126
-0.07626401633024216,-1.0223320722579956,-0.015685295686125755
-0.07434721291065216,-0.40776827931404114,0.1263434737920761
-0.04587852209806442,-0.41292765736579895,0.11588426679372787
-0.049061309546232224,-0.39469683170318604,0.12131111323833466
-0.0766168013215065,-0.3838473856449127,0.12829817831516266
-0.004431750159710646,-0.3882458806037903,0.05415282025933266
-0.00686634611338377,-0.39062801003456116,0.07266940921545029
-0.006501220632344484,-0.39480164647102356,0.06885742396116257
-0.0030520104337483644,-0.3915293216705322,0.05051165446639061
-0.1425134390592575,-0.6707913279533386,0.03858211264014244
-0.12015816569328308,-0.6113976240158081,-0.049441225826740265
-0.10065028071403503,-0.6088306307792664,-0.05554421991109848
-0.08035509288311005,-0.6080917716026306,-0.05436428636312485
-0.05057840794324875,-0.6707373857498169,0.05743514001369476
-0.05193742364645004,-0.6431631445884705,0.06670254468917847
-0.07364845275878906,-0.647803544998169,0.08153445273637772
-0.07182703167200089,-0.6746655702590942,0.0746946781873703
-0.10119593143463135,-0.8134872317314148,0.032811488956213
-0.07919883728027344,-0.8387023210525513,0.015804879367351532
-0.07787812501192093,-0.8088794350624084,0.020333731546998024
-0.10059403628110886,-0.7885222434997559,0.038872770965099335
-0.1247158944606781,-0.7856069803237915,-0.07631564885377884
-0.14331437647342682,-0.786394476890564,-0.06591788679361343
-0.10476570576429367,-0.8198769688606262,-0.08752641826868057
-0.1273791342973709,-0.8185587525367737,-0.08398795127868652
-0.1038503423333168,-0.7862849235534668,-0.07843621075153351
-0.056551244109869,-0.5871303677558899,0.08380176872015
-0.0828564465045929,-0.5920124650001526,0.09408573806285858
-0.07821589708328247,-0.6202474236488342,0.0863182544708252
-0.05347011610865593,-0.6152667999267578,0.0748339593410492
-0.13665804266929626,-0.058003272861242294,-0.049264974892139435
-0.12039107829332352,-0.054829224944114685,-0.06692883372306824
-0.14007624983787537,0.06696680188179016,0.08645768463611603
-0.1453821361064911,0.05305211991071701,0.07316722720861435
-0.13307298719882965,0.045944977551698685,0.08727805316448212
-0.12985676527023315,0.05998867005109787,0.09619234502315521
-0.15386146306991577,0.06423526257276535,0.062133874744176865
-0.14790043234825134,0.07708260416984558,0.07719209045171738
-0.1535184681415558,0.08966886252164841,0.06803645938634872
-0.15916818380355835,0.07746291905641556,0.05288151279091835
-0.18278343975543976,0.13823844492435455,0.025677822530269623
-0.1932486742734909,0.1465710550546646,0.021255943924188614
-0.050947707146406174,0.009210885502398014,0.14741197228431702
-0.025692546740174294,0.008385743945837021,0.15245799720287323
-0.024594023823738098,0.03054811991751194,0.14444872736930847
-0.06962087750434875,-0.18823747336864471,0.15178066492080688
-0.07434330880641937,-0.2764151096343994,0.12671861052513123
-0.04401129111647606,-0.3112006187438965,0.13901400566101074
-0.05162426084280014,-0.2812837064266205,0.13641834259033203
-0.008869144134223461,-0.3749907612800598,0.123959980905056
-0.06301610171794891,0.0019346572225913405,-0.10594993084669113
-0.06559490412473679,0.027802398428320885,-0.1097581535577774
-0.03611532971262932,0.2098499834537506,-0.11061174422502518
-0.01790221780538559,0.205241397023201,-0.10695093125104904
-0.0339166633784771,0.23778504133224487,-0.10165145248174667
-0.03313007205724716,0.2502825856208801,-0.09687113761901855
-0.01657184027135372,0.24492087960243225,-0.09557745605707169
-0.017015786841511726,0.2324240654706955,-0.0997571051120758
-0.018628865480422974,0.3011743426322937,-0.06744295358657837
-0.019699886441230774,0.2911335825920105,-0.07481615245342255
-0.0017412715824320912,-0.3857156038284302,0.03149935603141785
-0.002077899407595396,-0.3949838876724243,0.04525329917669296
-0.001258261501789093,-0.38629305362701416,0.020858416333794594
-0.020628510043025017,-0.43402695655822754,0.09129220992326736
-0.006772032473236322,-0.4316851794719696,0.0684586614370346
-0.009247600100934505,-0.4176969826221466,0.07740085572004318
-0.023546865209937096,-0.41690826416015625,0.0994531437754631
-0.18329937756061554,-0.37771108746528625,0.05491465702652931
-0.19048945605754852,-0.3664817214012146,0.01441953331232071
-0.08792092651128769,-0.3983795642852783,-0.08145859837532043
-0.3723844885826111,0.18203791975975037,-0.05380633473396301
-0.373939573764801,0.19121265411376953,-0.06410869210958481
-0.34912988543510437,0.1855568289756775,-0.06551305949687958
-0.34735116362571716,0.17677345871925354,-0.05391782894730568
-0.06701485067605972,0.10750030726194382,-0.12088646739721298
-0.07649721205234528,0.08026515692472458,-0.11559057980775833
-0.08545351028442383,0.28795361518859863,0.006275841034948826
-0.1479150354862213,0.29311642050743103,-0.00368734379298985
-0.14964111149311066,0.2830468416213989,0.023067086935043335
-0.13797347247600555,0.28253012895584106,0.019430560991168022
-0.13562044501304626,0.29345211386680603,-0.0068145073018968105
-0.1492196023464203,0.2477404773235321,-0.08478372544050217
-0.14785225689411163,0.26345035433769226,-0.07234996557235718
-0.134598970413208,0.2625060975551605,-0.07832477241754532
-0.1347859799861908,0.24515239894390106,-0.09074483811855316
-0.030344584956765175,-0.2636632025241852,-0.12340330332517624
-0.05998895689845085,-0.2636586129665375,-0.1240978091955185
-0.041424673050642014,-0.06887749582529068,-0.0904511958360672
-0.06366625428199768,-0.07055869698524475,-0.0906643345952034
-0.0613228939473629,-0.047586262226104736,-0.09619994461536407
-0.039493709802627563,-0.04486849531531334,-0.09612111002206802
-0.10101564973592758,0.0950230285525322,-0.11333451420068741
-0.11845726519823074,0.07890765368938446,-0.10292886197566986
-0.03268701583147049,0.10921190679073334,0.12974467873573303
-0.03205745294690132,0.12895624339580536,0.12327205389738083
-0.049712784588336945,0.1330500841140747,0.1237422525882721
-0.049977514892816544,0.11520275473594666,0.13001243770122528
-0.31473782658576965,0.20692159235477448,-0.0791623443365097
-0.2927126884460449,0.19279219210147858,-0.07700752466917038
-0.29860401153564453,0.18339496850967407,-0.07179123163223267
-0.322995126247406,0.1917274296283722,-0.07427691668272018
-0.17885372042655945,-0.35624921321868896,-0.031959787011146545
-0.1527634561061859,-0.3729371428489685,-0.06335946917533875
-0.15292461216449738,-0.0241819117218256,-0.032795634120702744
-0.139940083026886,-0.020200612023472786,-0.056965768337249756
-0.13689956068992615,-0.039519574493169785,-0.05343123897910118
-0.15058395266532898,-0.0432051457464695,-0.03029618039727211
-0.16457712650299072,0.028216220438480377,-0.03435482457280159
-0.15992416441440582,0.011809196323156357,-0.03445272147655487
-0.16913244128227234,0.04402786120772362,-0.0342189185321331
-0.2181791216135025,0.14002808928489685,-0.05112520605325699
-0.22010883688926697,0.13596926629543304,-0.04173322394490242
-0.2321321666240692,0.14893542230129242,-0.044022783637046814
-0.04259058088064194,-0.4346392750740051,0.10915166884660721
-0.04962603375315666,-0.3600427806377411,0.1273488700389862
-0.04268789291381836,-0.3444629907608032,0.13165105879306793
-0.0029732997063547373,-0.3822743892669678,0.0369408018887043
-0.06455882638692856,0.306599885225296,0.008980988524854183
-0.05937185883522034,0.30285900831222534,0.02678528055548668
-0.26261454820632935,0.1638687402009964,-0.027368584647774696
-0.27986159920692444,0.1656751185655594,-0.0322449691593647
-0.1982337385416031,0.11502619087696075,-0.02525777369737625
-0.19394466280937195,0.11940889805555344,-0.008462767116725445
-0.2048047035932541,0.12737247347831726,-0.010732250288128853
-0.2090436965227127,0.12330363690853119,-0.02679317072033882
-0.21002669632434845,0.12267385423183441,-0.040541842579841614
-0.19930589199066162,0.1142832338809967,-0.04059027507901192
-0.15299703180789948,0.19680076837539673,0.07188879698514938
-0.13923266530036926,0.1997302919626236,0.07438484579324722
-0.14096599817276,0.2175445854663849,0.06522935628890991
-0.1544972062110901,0.2154097557067871,0.06399267911911011
-0.1251830905675888,0.2000502049922943,0.07705020904541016
-0.10930568724870682,0.19993023574352264,0.08021222800016403
-0.11136511713266373,0.21816900372505188,0.06915497779846191
-0.12690511345863342,0.21860793232917786,0.06673487275838852
-0.08210086077451706,0.2699950635433197,0.03108186274766922
-0.0651351809501648,0.26190340518951416,0.04787974804639816
-0.045281875878572464,0.2550376355648041,0.05837389826774597
-0.027134504169225693,0.2512155771255493,0.06564819067716599
-0.01914437860250473,0.28036198019981384,-0.08138943463563919
-0.01797146536409855,0.2682940363883972,-0.08678629249334335
-0.03586103394627571,0.2720814347267151,-0.0870196670293808
-0.040698785334825516,0.28495359420776367,-0.0796985775232315
-0.05162609741091728,0.28866738080978394,0.03890638425946236
-0.035474371165037155,0.28445878624916077,0.05178164318203926
-0.022541437298059464,0.2703366279602051,0.05971412733197212
-0.3608859181404114,0.25976014137268066,-0.004506431985646486
-0.334865927696228,0.25923284888267517,-0.004662655293941498
-0.06502290815114975,0.31809061765670776,-0.026033524423837662
-0.06714821606874466,0.3128124475479126,-0.008334421552717686
-0.33670520782470703,0.26559606194496155,-0.023328598588705063
-0.36283913254737854,0.26573678851127625,-0.022917455062270164
-0.1285964548587799,0.2599099278450012,0.03765850514173508
-0.12669527530670166,0.28015223145484924,0.01702759973704815
-0.14054147899150848,0.26277661323547363,0.03912915289402008
-0.04829147458076477,0.2991395890712738,0.04247874766588211
-0.033466886729002,0.29512909054756165,0.05514227971434593
-0.18958903849124908,-0.3292762339115143,0.021108455955982208
-0.18125559389591217,-0.3410424590110779,0.05672303959727287
-0.1555526703596115,-0.0718361884355545,0.05288451910018921
-0.16051359474658966,-0.06786473840475082,0.026259897276759148
-0.026900900527834892,-0.03852076083421707,0.16527500748634338
-0.02689925767481327,-0.06282171607017517,0.16923277080059052
-0.0057160742580890656,0.30186206102371216,0.069727323949337
-0.0528680644929409,-0.11299136281013489,0.16808642446994781
-0.029245076701045036,-0.11747846007347107,0.17272374033927917
-0.02780168130993843,-0.08895145356655121,0.17174984514713287
-0.05111902579665184,-0.08673898875713348,0.16550807654857635
-0.021072376519441605,-0.14592857658863068,0.1719648540019989
-0.019220100715756416,-0.15972550213336945,0.17090319097042084
-0.022570248693227768,-0.3317699432373047,0.14585715532302856
-0.012410590425133705,-0.3321334421634674,0.15023936331272125
-0.2682412266731262,0.23379376530647278,0.027011346071958542
-0.2506226897239685,0.23533380031585693,0.030781511217355728
-0.24774998426437378,0.2556173503398895,0.023414552211761475
-0.26630619168281555,0.25273847579956055,0.018379628658294678
-0.07356338948011398,-0.10984772443771362,0.15722838044166565
-0.0933154821395874,-0.10772117972373962,0.14034120738506317
-0.1736651360988617,0.13879263401031494,0.045146644115448
-0.17448323965072632,0.12943431735038757,0.028004324063658714
-0.022708499804139137,0.05395156890153885,0.13655108213424683
-0.06624731421470642,0.12001122534275055,0.12888044118881226
-0.06661892682313919,0.13558529317378998,0.12257807701826096
-0.0828658789396286,0.1368972361087799,0.11968521028757095
-0.08185343444347382,0.1224222332239151,0.12599383294582367
-0.0025582059752196074,-0.38416776061058044,0.03061932511627674
-0.25040069222450256,0.24461087584495544,-0.07315618544816971
-0.2375895380973816,0.24124380946159363,-0.07559173554182053
-0.24072086811065674,0.23058658838272095,-0.07849186658859253
-0.2537511885166168,0.23555921018123627,-0.07624470442533493
-0.0008947831229306757,-0.4254176914691925,0.04009675979614258
-0.0019568356219679117,-0.44153374433517456,0.02757272496819496
-0.016463475301861763,-0.3749804198741913,-0.05419910326600075
-0.00503859156742692,-0.3746504485607147,-0.03495527058839798
-0.06536372750997543,-0.4945370554924011,0.1092081069946289
-0.06865200400352478,-0.46355828642845154,0.11655426770448685
-0.06251393258571625,-0.5265085697174072,0.10076232254505157
-0.05949505418539047,-0.5574350953102112,0.092300646007061
-0.06264728307723999,-0.7494974732398987,0.027548208832740784
-0.07397571951150894,-0.778416633605957,0.027582263574004173
-0.07993700355291367,-0.8724403381347656,0.012389913201332092
-0.08116492629051208,-0.9082697033882141,0.007689591962844133
-0.083095982670784,-0.9469777345657349,0.003588166320696473
-0.08543562889099121,-0.9869859218597412,-0.0019086943939328194
-0.08724679797887802,-1.0253159999847412,-0.0030740108340978622
-0.36532077193260193,0.2646922171115875,-0.04111233353614807
-0.3379696011543274,0.2654023766517639,-0.04322776570916176
-0.3420684337615967,0.25666916370391846,-0.05780511721968651
-0.3689621686935425,0.25763294100761414,-0.05587637424468994
-0.3190854787826538,0.17315243184566498,-0.02450329065322876
-0.3159487545490265,0.18058782815933228,-0.009540938772261143
-0.3395989239215851,0.18163667619228363,-0.010962529107928276
-0.3419547379016876,0.17574773728847504,-0.02609986439347267
-0.3665117621421814,0.17765265703201294,-0.027156773954629898
-0.369577020406723,0.17726776003837585,-0.04129723459482193
-0.34454137086868286,0.17354829609394073,-0.040508583188056946
-0.3739933669567108,0.2039213627576828,-0.07173029333353043
-0.3731228709220886,0.21817192435264587,-0.07528972625732422
-0.34600740671157837,0.21383319795131683,-0.07700587064027786
-0.349176287651062,0.1986362338066101,-0.07338252663612366
-0.37146735191345215,0.24652141332626343,-0.06717626750469208
-0.3455253541469574,0.24459588527679443,-0.06814240664243698
-0.3465656638145447,0.23020488023757935,-0.07503210008144379
-0.37293800711631775,0.23268243670463562,-0.07397797703742981
-0.3608894348144531,0.20094367861747742,0.013759128749370575
-0.3621825873851776,0.19007866084575653,0.001911109546199441
-0.3368464708328247,0.1897723376750946,0.003453921526670456
-0.33548247814178467,0.20085637271404266,0.015450037084519863
-0.24640314280986786,0.2729156017303467,0.0071174101904034615
-0.2656502425670624,0.2682403028011322,0.0030295373871922493
-0.20521126687526703,0.17215408384799957,0.032683588564395905
-0.207588791847229,0.1894044131040573,0.044869665056467056
-0.22080478072166443,0.19273236393928528,0.038955193012952805
-0.21875116229057312,0.17835989594459534,0.026265988126397133
-0.3082638680934906,0.24731171131134033,0.012624424882233143
-0.2862265408039093,0.24945946037769318,0.01533257681876421
-0.2863765358924866,0.2634487450122833,-0.0006661014049313962
-0.309752881526947,0.2601432204246521,-0.0036419553216546774
-0.3107529282569885,0.20019951462745667,0.01797599531710148
-0.31281015276908875,0.18971088528633118,0.005406810902059078
-0.28962135314941406,0.18853165209293365,0.008204293437302113
-0.2879403531551361,0.198775053024292,0.02145342342555523
-0.3241357207298279,0.17942139506340027,-0.06496385484933853
-0.300079345703125,0.1728130280971527,-0.06167500093579292
-0.2528783679008484,0.21415017545223236,0.03373591601848602
-0.2697802782058716,0.21374939382076263,0.029975173994898796
-0.16692794859409332,0.1284303069114685,0.04793066531419754
-0.18146143853664398,0.10391879826784134,-0.003552771871909499
-0.18651363253593445,0.11240550130605698,-0.006093147210776806
-0.1296764761209488,0.0748671293258667,0.10339058190584183
-0.13106772303581238,0.08965867757797241,0.10612949728965759
-0.1662999838590622,0.06756885349750519,0.03313690796494484
-0.16891036927700043,0.08398767560720444,0.024966008961200714
-0.13764086365699768,0.08046508580446243,0.09574595093727112
-0.1361810564994812,0.09037530422210693,0.10005728155374527
-0.09361238777637482,0.006632928736507893,0.1251310110092163
-0.023964425548911095,0.26043808460235596,0.06045304611325264
-0.2870551645755768,0.2320607453584671,0.024120129644870758
-0.28704634308815,0.21374468505382538,0.02677862159907818
-0.2742176353931427,0.18377594649791718,-0.07321572303771973
-0.2577893137931824,0.1771262288093567,-0.06886836141347885
-0.2598666250705719,0.16901454329490662,-0.061705686151981354
-0.27731001377105713,0.1751968264579773,-0.06687035411596298
-0.13895176351070404,0.11841573566198349,-0.10301340371370316
-0.1208302453160286,0.10719706863164902,-0.10866313427686691
-0.13407482206821442,0.09338587522506714,-0.09815511852502823
-0.14961308240890503,0.10621518641710281,-0.09335426241159439
-0.2505323588848114,0.26100462675094604,-0.062406476587057114
-0.25445443391799927,0.26901331543922424,-0.052525658160448074
-0.23753154277801514,0.27093374729156494,-0.05262500420212746
-0.23609015345573425,0.2611294090747833,-0.06363089382648468
-0.24021033942699432,0.2788623869419098,-0.036908578127622604
-0.25932350754737854,0.2752000391483307,-0.0376119539141655
-0.2637872099876404,0.2758110761642456,-0.018048863857984543
-0.2438366711139679,0.2806914150714874,-0.015620559453964233
-0.17507094144821167,-0.2870291769504547,-0.029600512236356735
-0.18509989976882935,-0.29052212834358215,-0.000965686806011945
-0.14354819059371948,-0.1620335876941681,0.08304701000452042
-0.12704087793827057,-0.1700819581747055,0.10247864574193954
-0.10183212906122208,-0.26475051045417786,0.11487959325313568
-0.027710944414138794,-0.39183101058006287,0.11047084629535675
-0.011983625590801239,-0.3998931050300598,0.08619043976068497
-0.00486297020688653,-0.46584612131118774,0.016122641041874886
-0.18827934563159943,-0.2958315908908844,0.027249863371253014
-0.010090483352541924,-0.4960797131061554,0.006143585313111544
-0.016926685348153114,-0.5276538729667664,-0.002410322427749634
-0.06672181934118271,-0.5219833254814148,-0.060984425246715546
-0.09415923058986664,-0.5231916308403015,-0.06434660404920578
-0.09130286425352097,-0.4918118119239807,-0.06545849144458771
-0.06068532541394234,-0.4883280396461487,-0.06164916604757309
-0.12133374065160751,-0.5259320139884949,-0.057739175856113434
-0.12081695348024368,-0.4954517185688019,-0.05892685800790787
-0.1078602597117424,-0.6220748424530029,0.08473546802997589
-0.10471785813570023,-0.8561499714851379,-0.09087535738945007
-0.12625537812709808,-0.8945356607437134,-0.08390508592128754
-0.12742416560649872,-0.854865312576294,-0.08711117506027222
-0.10559477657079697,-0.8945852518081665,-0.08813275396823883
-0.147011399269104,-0.8556982278823853,-0.07366670668125153
-0.1466192603111267,-0.8196023106575012,-0.07120423763990402
-0.15225955843925476,-0.9044127464294434,0.0009283324470743537
-0.10607954114675522,-0.9339763522148132,-0.0825970247387886
-0.12454517930746078,-0.9353024959564209,-0.07909505069255829
-0.1446809023618698,-0.8948266506195068,-0.07232129573822021
-0.14043216407299042,-0.936022162437439,-0.06904254853725433
-0.0024768041912466288,-0.41435524821281433,0.05186833068728447
-0.16566593945026398,-0.3878326416015625,0.09109445661306381
-0.16350282728672028,-0.3557237982749939,0.09263715893030167
-0.10595017671585083,-0.3447032570838928,0.12294532358646393
-0.0770043134689331,-0.36011460423469543,0.1274930089712143
-0.11114882677793503,-0.08294222503900528,0.11681140214204788
-0.12907962501049042,-0.08035088330507278,0.0976761132478714
-0.12748393416404724,-0.03603128343820572,0.09393391758203506
-0.14240390062332153,-0.033682744950056076,0.07335860282182693
-0.14341916143894196,-0.05501729995012283,0.07474029064178467
-0.12819620966911316,-0.058542054146528244,0.09552386403083801
-0.15959689021110535,-0.029431600123643875,0.02274310030043125
-0.1596854031085968,-0.027240831404924393,-0.005719493608921766
-0.15829452872276306,-0.04625767841935158,-0.0035732253454625607
-0.15920796990394592,-0.04882901906967163,0.024313827976584435
-0.15935449302196503,-0.0644727274775505,-0.0012434774544090033
-0.15098534524440765,-0.06141502782702446,-0.027177048847079277
-0.08295845985412598,-0.027165859937667847,-0.09571075439453125
-0.10280703753232956,-0.031122170388698578,-0.08557429164648056
-0.10495375841856003,-0.009046733379364014,-0.09006141871213913
-0.08479689061641693,-0.0033979699946939945,-0.09990201145410538
-0.03255610913038254,-0.3347923457622528,0.13856828212738037
-0.0048650405369699,-0.4002109467983246,0.065257228910923
-0.07169888913631439,-0.43434029817581177,0.12236227095127106
-0.10600725561380386,-0.4035199284553528,0.1290910542011261
-0.13901975750923157,-0.3987317681312561,0.11790458858013153
-0.2595524489879608,0.16889047622680664,-0.013851972296833992
-0.1751260757446289,0.14509746432304382,-0.08495620638132095
-0.1793680042028427,0.1322988122701645,-0.07996697723865509
-0.2801890969276428,0.2707045078277588,-0.04024660959839821
-0.28500938415527344,0.2710523009300232,-0.020894676446914673
-0.26850590109825134,0.19704578816890717,0.025801243260502815
-0.23242710530757904,0.2586837112903595,0.02771017514169216
-0.23516233265399933,0.2363879680633545,0.0358508825302124
-0.22047480940818787,0.2393573820590973,0.040825873613357544
-0.12994292378425598,-0.2752390503883362,0.10224191099405289
-0.1582457572221756,-0.2893398404121399,0.08763939142227173
-0.13270303606987,-0.3017197847366333,0.10591483116149902
-0.0024210596457123756,-0.37720173597335815,-0.015237203799188137
-0.05074423924088478,-0.377124160528183,0.12492921203374863
-0.022478967905044556,-0.5585049986839294,-0.008975477889180183
-0.026846082881093025,-0.5879457592964172,-0.015014954842627048
-0.029972175136208534,-0.6162794828414917,-0.02138439565896988
-0.03301692381501198,-0.6444188356399536,-0.0271905530244112
-0.036654673516750336,-0.6729202270507812,-0.032815203070640564
-0.04353756085038185,-0.7016512751579285,-0.03737565502524376
-0.05179985612630844,-0.7317140102386475,-0.03866809606552124
-0.055426642298698425,-0.7624580264091492,-0.044246673583984375
-0.04451592639088631,-0.8305879831314087,-0.04236587882041931
-0.05084523931145668,-0.8281798958778381,-0.060159455984830856
-0.053332678973674774,-0.794221818447113,-0.053678981959819794
-0.05007292702794075,-0.8633574843406677,-0.06453972309827805
-0.052990518510341644,-0.8989303708076477,-0.06401170045137405
-0.061321936547756195,-0.9364843964576721,-0.060531772673130035
-0.06649485975503922,-0.9754540920257568,-0.058036841452121735
-0.06932608038187027,-1.0140762329101562,-0.056496258825063705
-0.0023468858562409878,-0.37722310423851013,0.013923970982432365
-0.0023870044387876987,-0.37727755308151245,0.000645385414827615
-0.11524877697229385,0.2565290033817291,0.03655483201146126
-0.18758229911327362,0.1279938966035843,0.008564010262489319
-0.19805045425891876,0.13534584641456604,0.00514975655823946
-0.2519426941871643,0.19600877165794373,0.030024610459804535
-0.3211153745651245,0.24167436361312866,-0.07061995565891266
-0.3161368668079376,0.2544458508491516,-0.061583321541547775
-0.2687391936779022,0.18699400126934052,0.01181208249181509
-0.20605413615703583,0.15873509645462036,0.018463874235749245
-0.21894904971122742,0.16846485435962677,0.014029309153556824
-0.5764405727386475,0.26495298743247986,-0.025384563952684402
-0.5744227170944214,0.26906105875968933,-0.040032487362623215
-0.596172571182251,0.2652476727962494,-0.038764048367738724
-0.5975634455680847,0.26021209359169006,-0.025334326550364494
-0.5773667693138123,0.2549215257167816,-0.014258182607591152
-0.5980340838432312,0.2501274645328522,-0.01591658778488636
-0.5749046206474304,0.1888069361448288,-0.031659409403800964
-0.5744256377220154,0.19880342483520508,-0.019226081669330597
-0.5955455303192139,0.19895008206367493,-0.024417156353592873
-0.595894455909729,0.19026292860507965,-0.03720119222998619
-0.6176678538322449,0.2337731570005417,-0.013244942761957645
-0.6166151762008667,0.22108060121536255,-0.014262491837143898
-0.5964092016220093,0.223371684551239,-0.010560532100498676
-0.597563624382019,0.23744657635688782,-0.010922604240477085
-0.5734212398529053,0.19065742194652557,-0.06551405787467957
-0.5712990760803223,0.2013029158115387,-0.07717310637235641
-0.5506082773208618,0.1971692591905594,-0.074017733335495
-0.5530454516410828,0.18724530935287476,-0.06071234494447708
-0.48670607805252075,0.1949961632490158,-0.0072316802106797695
-0.48943737149238586,0.18403807282447815,-0.018887415528297424
-0.4710603654384613,0.18580076098442078,-0.012124045751988888
-0.4684949219226837,0.19767868518829346,-0.0020342927891761065
-0.5328369736671448,0.27390414476394653,-0.024861900135874748
-0.5297969579696655,0.274790495634079,-0.04137943685054779
-0.5522498488426208,0.27229246497154236,-0.040736373513936996
-0.5548270344734192,0.2695029079914093,-0.02485262043774128
-0.5323401093482971,0.2336806207895279,-0.0005657494766637683
-0.5306940674781799,0.2169530987739563,-0.003804671810939908
-0.5073804259300232,0.2209540754556656,-0.0013552161399275064
-0.5087293386459351,0.2381683886051178,0.0013587457360699773
-0.5101643800735474,0.27756553888320923,-0.025991732254624367
-0.5073769092559814,0.2752876281738281,-0.042301781475543976
-0.5758287906646729,0.2265186309814453,-0.006693583447486162
-0.5745079517364502,0.21165688335895538,-0.011010137386620045
-0.5530077219009399,0.21401254832744598,-0.006814949680119753
-0.5546510219573975,0.23001185059547424,-0.0032991012558341026
-0.6144205331802368,0.1989717185497284,-0.07001166045665741
-0.6129715442657471,0.20954503118991852,-0.07909513264894485
-0.5921517014503479,0.20559488236904144,-0.0787893682718277
-0.5939483642578125,0.194745272397995,-0.06851634383201599
-0.6160085797309875,0.20967112481594086,-0.019910091534256935
-0.6160892248153687,0.19981351494789124,-0.029006116092205048
-0.5954484343528748,0.2104833871126175,-0.015760039910674095
-0.6147845983505249,0.25810492038726807,-0.0641898512840271
-0.6162452101707458,0.2621843218803406,-0.05124467983841896
-0.5941216945648193,0.2650090157985687,-0.05358479917049408
-0.5921812057495117,0.25910142064094543,-0.06722307205200195
-0.5312445163726807,0.18953371047973633,-0.019570546224713326
-0.5303317308425903,0.20154236257076263,-0.009443712420761585
-0.552713930606842,0.1995495706796646,-0.01391371339559555
-0.553331196308136,0.18861974775791168,-0.025676889345049858
-0.5341501832008362,0.2651391327381134,-0.010759865865111351
-0.5560807585716248,0.25996434688568115,-0.012500345706939697
-0.5695955753326416,0.25924620032310486,-0.06936796009540558
-0.5718244314193726,0.2673729658126831,-0.05552080273628235
-0.5490887761116028,0.26829975843429565,-0.05653279647231102
-0.5468526482582092,0.2583698332309723,-0.07058408111333847
-0.5242053866386414,0.2406737208366394,-0.08039099723100662
-0.5248792171478271,0.2232811599969864,-0.08141445368528366
-0.5461519956588745,0.2276933640241623,-0.08296459913253784
-0.5458298921585083,0.24416610598564148,-0.08017045259475708
-0.5086092352867126,0.19204220175743103,-0.013705329038202763
-0.5106368064880371,0.1827334463596344,-0.027317307889461517
-0.5323308110237122,0.18438053131103516,-0.05431858077645302
-0.5300609469413757,0.19310228526592255,-0.06931401789188385
-0.5098221898078918,0.18915194272994995,-0.06314913928508759
-0.5116475224494934,0.1815468668937683,-0.046133168041706085
-0.4680214822292328,0.2615591585636139,-0.0017084397841244936
-0.46845686435699463,0.2739020884037018,-0.014015368185937405
-0.48804187774658203,0.27305325865745544,-0.011449960991740227
-0.4869794547557831,0.2597673237323761,-0.00044073766912333667
-0.48722875118255615,0.2787516415119171,-0.02818424627184868
-0.4672723412513733,0.2778894603252411,-0.03136289492249489
-0.43788304924964905,0.2658645212650299,-0.05044334754347801
-0.43715980648994446,0.2536860406398773,-0.059415414929389954
-0.44892174005508423,0.25486403703689575,-0.05769003927707672
-0.45053669810295105,0.2681044340133667,-0.049059897661209106
-0.48370757699012756,0.23008379340171814,-0.08063563704490662
-0.4842515289783478,0.21208496391773224,-0.07663916051387787
-0.5042255520820618,0.2180842161178589,-0.07939821481704712
-0.5033919215202332,0.23603969812393188,-0.0809946358203888
-0.47050926089286804,0.1911202222108841,-0.06317774206399918
-0.4741247594356537,0.1808803230524063,-0.04824194684624672
-0.49081432819366455,0.1847119778394699,-0.05575341358780861
-0.4872349202632904,0.19663004577159882,-0.06859184056520462
-0.41258618235588074,0.18379338085651398,-0.04371846094727516
-0.41106539964675903,0.1811726987361908,-0.030238496139645576
-0.4289419651031494,0.1807606816291809,-0.03167035058140755
-0.42983168363571167,0.1844811886548996,-0.04577132314443588
-0.4241545796394348,0.19031882286071777,-0.0028899265453219414
-0.40670493245124817,0.1902165561914444,-0.0016082667279988527
-0.4061720073223114,0.20100034773349762,0.009364605881273746
-0.4233521819114685,0.20141944289207458,0.007338130846619606
-0.41061490774154663,0.26220062375068665,-0.006230845116078854
-0.41104835271835327,0.2696530818939209,-0.023761268705129623
-0.42535096406936646,0.2719686031341553,-0.022016892209649086
-0.42573535442352295,0.26329368352890015,-0.0058319163508713245
-0.46739915013313293,0.22418074309825897,-0.07969428598880768
-0.4654051959514618,0.20564445853233337,-0.07404102385044098
-0.43955540657043457,0.18928875029087067,-0.0047477614134550095
-0.4382861852645874,0.20070098340511322,0.004825917072594166
-0.4525951147079468,0.19959861040115356,0.0014277031878009439
-0.45468002557754517,0.18768785893917084,-0.007770755793899298
-0.43620479106903076,0.23092922568321228,0.006642028223723173
-0.437832772731781,0.2472711205482483,0.0031404299661517143
-0.45138615369796753,0.24612799286842346,0.0028383538592606783
-0.45088571310043335,0.22935017943382263,0.003858905518427491
-0.43846240639686584,0.2629947066307068,-0.00451570563018322
-0.43821388483047485,0.273151695728302,-0.019839627668261528
-0.4523843824863434,0.2735816240310669,-0.016737082973122597
-0.45240524411201477,0.2623491585254669,-0.00297414418309927
-0.4565674662590027,0.22173884510993958,-0.07823365181684494
-0.4555520713329315,0.23504579067230225,-0.07430543750524521
-0.4467035233974457,0.23108015954494476,-0.07361513376235962
-0.44779545068740845,0.2181319147348404,-0.07627759128808975
-0.4570694863796234,0.18679101765155792,-0.05623958259820938
-0.4592471420764923,0.17936033010482788,-0.04099135100841522
-0.46681734919548035,0.2271791696548462,0.0013621755642816424
-0.4674002230167389,0.2119346559047699,0.0020681985188275576
-0.45182695984840393,0.21368408203125,0.005961468908935785
-0.4517727792263031,0.2760131061077118,-0.03426915034651756
-0.4141786992549896,0.19008822739124298,-0.05474221333861351
-0.414499431848526,0.19802089035511017,-0.06456055492162704
-0.39743515849113464,0.19556055963039398,-0.06356890499591827
-0.3968179523944855,0.1869557648897171,-0.05416730046272278
-0.3950370252132416,0.1814645230770111,-0.0427422858774662
-0.3925014138221741,0.18009424209594727,-0.02891811914741993
-0.3873191773891449,0.19036537408828735,0.00012104616325814277
-0.3862248361110687,0.201344296336174,0.011537288315594196
-0.3856295943260193,0.21561233699321747,0.01784626580774784
-0.38508421182632446,0.23177123069763184,0.017607254907488823
-0.4060737192630768,0.2317533940076828,0.01434538047760725
-0.40633565187454224,0.21546660363674164,0.015133780427277088
-0.38694486021995544,0.26047980785369873,-0.004944882355630398
-0.38854166865348816,0.26672986149787903,-0.02313936874270439
-0.41160956025123596,0.26807132363319397,-0.03978538140654564
-0.39126110076904297,0.26541614532470703,-0.040385667234659195
-0.44219252467155457,0.1812862902879715,-0.018795426934957504
-0.4266798496246338,0.18298134207725525,-0.016496697440743446
-0.567896842956543,0.24665555357933044,-0.07981358468532562
-0.5678329467773438,0.23113854229450226,-0.08353537321090698
-0.5897665023803711,0.2338564693927765,-0.08273366838693619
-0.5903336405754089,0.248087078332901,-0.07772816717624664
-0.611826479434967,0.22249990701675415,-0.08235105872154236
-0.590447723865509,0.21929198503494263,-0.08321501314640045
-0.5771005749702454,0.24168874323368073,-0.007698563858866692
-0.5560659170150757,0.24581164121627808,-0.005063917953521013
-0.6181936860084534,0.24599847197532654,-0.0170893557369709
-0.4672172963619232,0.24398097395896912,0.001974572194740176
-0.48560893535614014,0.2421257644891739,0.0019969106651842594
-0.43697091937065125,0.24126824736595154,-0.06778518110513687
-0.4257979989051819,0.2518669366836548,-0.061016280204057693
-0.42632409930229187,0.2395799309015274,-0.06933263689279556
-0.4667259752750397,0.24122761189937592,-0.07384316623210907
-0.483512282371521,0.24791544675827026,-0.07256308197975159
-0.48355504870414734,0.26090383529663086,-0.05689677596092224
-0.4631000757217407,0.254543274641037,-0.059208232909440994
-0.4389820992946625,0.21485714614391327,-0.0735677182674408
-0.43774378299713135,0.22822856903076172,-0.07304282486438751
-0.42698901891708374,0.22593717277050018,-0.07302862405776978
-0.42793700098991394,0.21233464777469635,-0.07201900333166122
-0.40860363841056824,0.24817371368408203,0.007035647984594107
-0.42452213168144226,0.24789036810398102,0.004529979079961777
-0.39552831649780273,0.24781742691993713,-0.0654715895652771
-0.4122965931892395,0.2498587667942047,-0.06282608956098557
-0.4122897982597351,0.2601563632488251,-0.0522642508149147
-0.3947068154811859,0.2578192353248596,-0.05449650436639786
-0.4256850481033325,0.26294273138046265,-0.05117461830377579
-0.39582058787345886,0.2348966747522354,-0.07229889184236526
-0.41267675161361694,0.23762118816375732,-0.0707017257809639
-0.3855215907096863,0.24791254103183746,0.009990126825869083
-0.41366711258888245,0.20996664464473724,-0.0711948573589325
-0.41325217485427856,0.22381041944026947,-0.07320504635572433
-0.39617908000946045,0.2209903597831726,-0.07395018637180328
-0.3966794013977051,0.20704752206802368,-0.07075075805187225
-0.5691108703613281,0.2157265543937683,-0.08280070871114731
-0.5478959679603577,0.2117164433002472,-0.08076023310422897
-0.4740261435508728,0.178517147898674,-0.028934316709637642
-0.4916759431362152,0.1790153533220291,-0.0370347760617733
-0.4576188325881958,0.1795528531074524,-0.022730469703674316
-0.5749380588531494,0.18545977771282196,-0.04871213436126709
-0.5954455733299255,0.18890173733234406,-0.05349889025092125
-0.5324682593345642,0.18229149281978607,-0.03534665331244469
-0.5539318323135376,0.1833372563123703,-0.042412545531988144
-0.5250969529151917,0.25622114539146423,-0.0709879994392395
-0.4424067437648773,0.19297488033771515,-0.06136365607380867
-0.4442283809185028,0.18493561446666718,-0.04997203126549721
-0.4533943831920624,0.19645540416240692,-0.06757738441228867
-0.38897275924682617,0.18292605876922607,-0.013789474032819271
-0.4088212251663208,0.1835366040468216,-0.015478027984499931
-0.456455260515213,0.21051006019115448,-0.07689431309700012
-0.3636479377746582,0.1816728711128235,-0.011947686783969402
-0.46524494886398315,0.2705977261066437,-0.047457024455070496
-0.4380073547363281,0.27378445863723755,-0.03671994432806969
-0.42559731006622314,0.2711729407310486,-0.03833325207233429
-0.6175426840782166,0.2615097463130951,-0.037100985646247864
-0.5338740944862366,0.2504928708076477,-0.0023903341498225927
-0.4845362901687622,0.22517703473567963,9.716645581647754e-05
-0.4852563440799713,0.20908799767494202,-0.001972685568034649
-0.44049835205078125,0.2024761587381363,-0.06992768496274948
-0.4290497601032257,0.19991756975650787,-0.06671863794326782
-0.4297661781311035,0.1914108544588089,-0.05714092776179314
-0.42249801754951477,0.23199762403964996,0.01047972310334444
-0.42324042320251465,0.21573607623577118,0.012392454780638218
-0.6156710386276245,0.1928478181362152,-0.05661757290363312
-0.43740537762641907,0.21499888598918915,0.009248838759958744
-0.485209584236145,0.27378159761428833,-0.04397297650575638
-0.017404792830348015,0.21912811696529388,-0.10356128215789795
-0.1619286984205246,0.05196112394332886,0.041628070175647736
-0.1236182451248169,0.026043765246868134,0.09513915330171585
-0.13869208097457886,0.029254842549562454,0.07763136178255081
-0.17485164105892181,0.1108400896191597,0.014702105894684792
-0.18013061583042145,0.12065538763999939,0.011589393019676208
-0.2115326076745987,0.14724737405776978,0.002831088611856103
-0.2236291915178299,0.15908530354499817,-0.0011864480329677463
-0.16241057217121124,0.09171019494533539,0.04386443644762039
-0.07861754298210144,0.46323975920677185,-0.007217942737042904
-0.07743056118488312,0.45576179027557373,-0.010479611344635487
-0.08007249981164932,0.4773537814617157,-0.006297152955085039
-0.018870625644922256,-0.13089421391487122,0.1713738590478897
-0.07710019499063492,0.4475981593132019,0.004791539162397385
-0.07509288936853409,0.43920648097991943,0.0018988740630447865
-0.0801113024353981,0.44315364956855774,0.003902408992871642
-0.07659289985895157,0.4487243592739105,0.006705311127007008
-0.07674450427293777,0.4499521553516388,0.007178489584475756
-0.0802597850561142,0.4796220362186432,0.004352266434580088
-0.07572714984416962,0.44666939973831177,-0.011071158573031425
-0.07386001199483871,0.4371988773345947,-0.009527750313282013
-0.07882184535264969,0.4653761088848114,0.009859712794423103
-0.051100265234708786,-0.1416558474302292,-0.08418919891119003
-0.026757927611470222,-0.1435987949371338,-0.08300310373306274
-0.028539543971419334,-0.16202867031097412,-0.08912283927202225
-0.05412871763110161,-0.1605122834444046,-0.08793073892593384
-0.030490988865494728,-0.17979992926120758,-0.09725377708673477
-0.14647631347179413,-0.2103630155324936,-0.06752621382474899
-0.16309277713298798,-0.20727820694446564,-0.043862130492925644
-0.15852686762809753,-0.1864394098520279,-0.04152777045965195
-0.1428733766078949,-0.18879744410514832,-0.06410486251115799
-0.16543082892894745,-0.1696959286928177,-0.016402656212449074
-0.15424604713916779,-0.16841115057468414,-0.040183354169130325
-0.1697973608970642,-0.18651260435581207,-0.015763988718390465
-0.17477552592754364,-0.19101634621620178,0.012489777989685535
-0.16994428634643555,-0.17337191104888916,0.010968263261020184
-0.17279894649982452,-0.19966542720794678,0.0398072712123394
-0.16705408692359924,-0.18086577951908112,0.03797489032149315
-0.1647782027721405,-0.20990949869155884,0.06450022757053375
-0.14954586327075958,-0.22065961360931396,0.08534906804561615
-0.12880760431289673,-0.251867413520813,0.10146911442279816
-0.10362929105758667,-0.24078527092933655,0.11627677828073502
-0.1278812289237976,-0.23128309845924377,0.10219849646091461
-0.05680159479379654,-0.2545055150985718,0.13714009523391724
-0.07919459789991379,-0.24903428554534912,0.12788891792297363
-0.01975993998348713,-0.26083630323410034,0.14900338649749756
-0.037320058792829514,-0.2582809031009674,0.14418087899684906
-0.11317287385463715,0.23705044388771057,0.05571822077035904
-0.0870964527130127,0.29789280891418457,-0.05598726123571396
-0.09538296610116959,0.29386261105537415,-0.05616786330938339
-0.10414112359285355,0.29941558837890625,-0.033766210079193115
-0.11700809746980667,0.24024967849254608,-0.09749151766300201
-0.11746171116828918,0.2588307559490204,-0.08566401153802872
-0.0972912609577179,0.2505635917186737,-0.0963999330997467
-0.09626472741365433,0.23275594413280487,-0.10411674529314041
-0.07729233801364899,0.2889227867126465,-0.07059323787689209
-0.0732530951499939,0.29174941778182983,-0.06968887895345688
-0.08224203437566757,0.28419870138168335,-0.07295487076044083
-0.050721362233161926,0.2668147385120392,-0.09019995480775833
-0.06737488508224487,0.2749789357185364,-0.08464448899030685
-0.1463867872953415,0.29064682126045227,-0.03150021657347679
-0.14649727940559387,0.2789725661277771,-0.05525299906730652
-0.15744979679584503,0.2782968580722809,-0.049866821616888046
-0.1594531387090683,0.28993502259254456,-0.027218559756875038
-0.15013496577739716,0.2312183529138565,-0.09272942692041397
-0.15029999613761902,0.21420073509216309,-0.09722306579351425
-0.16307567059993744,0.21832285821437836,-0.09286464750766754
-0.16190598905086517,0.2340819388628006,-0.08808083832263947
-0.1982898712158203,0.2886912524700165,-0.015589272603392601
-0.1944074183702469,0.2817966043949127,-0.038678232580423355
-0.2081330418586731,0.28225091099739075,-0.03720008209347725
-0.21200653910636902,0.2867685556411743,-0.014562244527041912
-0.15981128811836243,0.24932442605495453,-0.07917381823062897
-0.08972301334142685,0.1141950935125351,-0.12046164274215698
-0.11047878861427307,0.12295280396938324,-0.11649607867002487
-0.1288992315530777,0.13148391246795654,-0.11038635671138763
-0.17060457170009613,0.15868857502937317,-0.0887937918305397
-0.15961262583732605,0.1503000259399414,-0.0937291830778122
-0.16473428905010223,0.1361417919397354,-0.09004605561494827
-0.18188856542110443,0.1670379340648651,-0.08509688079357147
-0.19345562160015106,0.17160442471504211,-0.08060146123170853
-0.22185909748077393,0.21464328467845917,0.044403571635484695
-0.20852740108966827,0.21487940847873688,0.050507742911577225
-0.20602621138095856,0.24293996393680573,0.04471001774072647
-0.22011902928352356,0.1790296882390976,-0.07294106483459473
-0.2061685025691986,0.1724509298801422,-0.07407575100660324
-0.20884953439235687,0.16448403894901276,-0.07016701996326447
-0.22274935245513916,0.17289091646671295,-0.06952566653490067
-0.13378289341926575,0.2914595305919647,-0.03498543053865433
-0.20769841969013214,0.27074167132377625,-0.054537270218133926
-0.1939711570739746,0.26912134885787964,-0.055565882474184036
-0.1942112296819687,0.25634369254112244,-0.06760655343532562
-0.20749610662460327,0.2593253552913666,-0.06596898287534714
-0.20904241502285004,0.24607424437999725,-0.07466762512922287
-0.19617751240730286,0.24247734248638153,-0.07702642679214478
-0.1974976807832718,0.2289055436849594,-0.0824386328458786
-0.21069037914276123,0.23255765438079834,-0.07985031604766846
-0.2184317260980606,0.18684110045433044,-0.07613227516412735
-0.20385022461414337,0.18081188201904297,-0.07780589163303375
-0.23023229837417603,0.276949942111969,0.009369196370244026
-0.17377501726150513,0.2902778387069702,0.005090311635285616
-0.17453919351100922,0.27741655707359314,0.030238980427384377
-0.16159212589263916,0.2810635268688202,0.02714802697300911
-0.16062618792057037,0.292301744222641,0.0010484106605872512
-0.24542328715324402,0.1590660661458969,-0.022616572678089142
-0.24129648506641388,0.16452817618846893,-0.007974175736308098
-0.24721869826316833,0.15541841089725494,-0.0358768105506897
-0.21564622223377228,0.14771656692028046,-0.059677477926015854
-0.24701832234859467,0.15690383315086365,-0.047332461923360825
-0.23608574271202087,0.19419819116592407,0.03399389609694481
-0.23671238124370575,0.21429060399532318,0.038155023008584976
-0.1764896959066391,0.25406020879745483,0.04631582275032997
-0.1633995622396469,0.25915196537971497,0.044653091579675674
-0.22694151103496552,0.284252405166626,-0.014941364526748657
-0.22328735888004303,0.2809962332248688,-0.03716462105512619
-0.23601607978343964,0.18597789108753204,-0.07411114126443863
-0.23863591253757477,0.18049578368663788,-0.07161103188991547
-0.25218120217323303,0.18832474946975708,-0.07497306168079376
-0.20291127264499664,0.14014238119125366,-0.06699670851230621
-0.21173450350761414,0.1570131927728653,-0.06571316719055176
-0.17186202108860016,0.2895982563495636,-0.022700294852256775
-0.22175337374210358,0.2709793746471405,-0.05415739119052887
-0.22177506983280182,0.25974956154823303,-0.06556399911642075
-0.18438315391540527,0.23919464647769928,-0.08013071119785309
-0.18207323551177979,0.2532360851764679,-0.07085658609867096
-0.17100399732589722,0.2511110007762909,-0.07499276846647263
-0.17317107319831848,0.23642510175704956,-0.08392278850078583
-0.22428616881370544,0.23694410920143127,-0.07830105721950531
-0.2269134670495987,0.22502638399600983,-0.08045708388090134
-0.17453262209892273,0.22138020396232605,-0.08832234889268875
-0.1856563836336136,0.22473996877670288,-0.08486068248748779
-0.23400284349918365,0.19344162940979004,-0.07695179432630539
-0.15168021619319916,0.2628277540206909,0.04170934110879898
-0.15401487052440643,0.23927199840545654,0.054035160690546036
-0.14130204916000366,0.2395230233669281,0.053276579827070236
-0.17996791005134583,0.22752848267555237,0.0559997633099556
-0.1661970317363739,0.23451922833919525,0.055590543895959854
-0.19479626417160034,0.21913082897663116,0.05451110377907753
-0.12861087918281555,0.23810698091983795,0.05380517616868019
-0.4499780237674713,0.20618239045143127,-0.07390201836824417
-0.25561055541038513,0.18380342423915863,-0.07299721240997314
-0.26921045780181885,0.19051268696784973,-0.07594965398311615
-0.2642567753791809,0.19540198147296906,-0.07756016403436661
-0.3203938901424408,0.2258327156305313,-0.0765475258231163
-0.00033652756246738136,0.38670769333839417,0.12897491455078125
0.00014893205661792308,0.39272579550743103,0.13141323626041412
0.0012970484094694257,0.41441136598587036,0.132319837808609
0.001445807982236147,0.4184066355228424,0.1313924938440323
-0.44666987657546997,0.24291639029979706,-0.06660345196723938
-0.45463255047798157,0.2443545162677765,-0.06685362756252289
-0.5036810636520386,0.2527821660041809,-0.07145342230796814
-0.5268683433532715,0.2676493525505066,-0.05675317347049713
-0.5049925446510315,0.26528653502464294,-0.05670627951622009
-0.5111724734306335,0.2703693211078644,-0.010266857221722603
-0.5102656483650208,0.2557320296764374,-0.0005343889934010804
-0.5073156356811523,0.20494596660137177,-0.005785468965768814
-0.5065433979034424,0.20211318135261536,-0.07357726246118546
-0.6593507528305054,0.24929234385490417,-0.021317539736628532
-0.6594932079315186,0.2554849088191986,-0.032339636236429214
-0.6809152364730835,0.2528466284275055,-0.029360150918364525
-0.6801531314849854,0.24536986649036407,-0.01944035477936268
-0.7005346417427063,0.24237433075904846,-0.01702187955379486
-0.6988942623138428,0.23151038587093353,-0.014128481969237328
-0.6792187690734863,0.2348833829164505,-0.014943881891667843
-0.6968905329704285,0.22137600183486938,-0.017532967031002045
-0.6776366233825684,0.2239871323108673,-0.01663481444120407
-0.6951220631599426,0.2132498025894165,-0.024590719491243362
-0.6948922872543335,0.20771078765392303,-0.03297136351466179
-0.6760870218276978,0.2081151306629181,-0.03015194647014141
-0.6763944625854492,0.2148742526769638,-0.022180359810590744
-0.656482994556427,0.20241530239582062,-0.036470070481300354
-0.6763578653335571,0.20341694355010986,-0.03984722122550011
-0.6764910221099854,0.20160335302352905,-0.050959330052137375
-0.6565264463424683,0.19875219464302063,-0.04816528037190437
-0.6962199807167053,0.21365886926651,-0.07111989706754684
-0.6963264346122742,0.22252027690410614,-0.07476987689733505
-0.6762384176254272,0.22006094455718994,-0.0762779638171196
-0.6762100458145142,0.2101842164993286,-0.07174286991357803
-0.6559537053108215,0.23987112939357758,-0.07498899102210999
-0.6550825834274292,0.22842572629451752,-0.07822708040475845
-0.6767803430557251,0.2311723232269287,-0.07608261704444885
-0.6776335835456848,0.24214737117290497,-0.07305619865655899
-0.6975817084312439,0.24471017718315125,-0.07268278300762177
-0.6993330121040344,0.25203245878219604,-0.06362011283636093
-0.6789169311523438,0.2504259943962097,-0.06584952026605606
-0.6181694865226746,0.256059467792511,-0.02520320750772953
-0.6387236714363098,0.25254684686660767,-0.02367105521261692
-0.638509213924408,0.2422206699848175,-0.016526121646165848
-0.6567749381065369,0.21676751971244812,-0.019503038376569748
-0.6368358731269836,0.2188642919063568,-0.016934406012296677
-0.6377261877059937,0.2303411215543747,-0.014415496960282326
-0.6577338576316833,0.22707973420619965,-0.015436780638992786
-0.6162585616111755,0.19286683201789856,-0.04173138365149498
-0.6363223791122437,0.2010742872953415,-0.03298364579677582
-0.6364219188690186,0.19606149196624756,-0.04521071910858154
-0.6564491391181946,0.20860172808170319,-0.026806626468896866
-0.6363518238067627,0.20920269191265106,-0.0235122237354517
-0.6559730768203735,0.20034103095531464,-0.06078918278217316
-0.6762816905975342,0.20418080687522888,-0.06237468868494034
-0.6593993306159973,0.2571948170661926,-0.044919222593307495
-0.6587086915969849,0.25530293583869934,-0.057395048439502716
-0.6803387999534607,0.25438007712364197,-0.05441340431571007
-0.6809506416320801,0.25544923543930054,-0.041964806616306305
-0.6359310746192932,0.1969340294599533,-0.058727897703647614
-0.6368978023529053,0.2567426264286041,-0.06089899688959122
-0.63792884349823,0.25957411527633667,-0.048172418028116226
-0.65738844871521,0.2494419366121292,-0.06807731837034225
-0.6355464458465576,0.24894897639751434,-0.07108338922262192
-0.7012701034545898,0.25428521633148193,-0.03913894295692444
-0.7015445232391357,0.25067803263664246,-0.02645937353372574
-0.6385831832885742,0.2584308683872223,-0.03479676693677902
-0.655487060546875,0.20651757717132568,-0.07151902467012405
-0.6551246643066406,0.21679821610450745,-0.0774988904595375
-0.6339247822761536,0.21313101053237915,-0.07850287854671478
-0.6349438428878784,0.202827587723732,-0.0708387941122055
-0.6118941307067871,0.23587121069431305,-0.08061932027339935
-0.6334906816482544,0.22538597881793976,-0.08039265125989914
-0.6339923143386841,0.23772263526916504,-0.07776710391044617
-0.6966069340705872,0.23334787786006927,-0.07506297528743744
-0.61314857006073,0.2486061155796051,-0.07444248348474503
-0.7864198088645935,0.2068455070257187,-0.028871048241853714
-0.7763307690620422,0.203382670879364,-0.02736014686524868
-0.7815952301025391,0.20134998857975006,-0.016748527064919472
-0.7913141250610352,0.20552633702754974,-0.01878480426967144
-0.7598735094070435,0.19227004051208496,-0.00888367835432291
-0.7505685091018677,0.19656488299369812,-0.0006868339842185378
-0.7605832815170288,0.197557732462883,0.008737999945878983
-0.7684924006462097,0.1935795694589615,0.0015216745669022202
-0.7949637174606323,0.20709337294101715,-0.00950074102729559
-0.7857160568237305,0.20199185609817505,-0.00762202637270093
-0.7937048673629761,0.2116239070892334,-0.0028362898156046867
-0.8029128909111023,0.21929717063903809,-0.0062317028641700745
-0.8032554388046265,0.21216507256031036,-0.010533597320318222
-0.8115215301513672,0.22322043776512146,-0.008199496194720268
-0.7970663905143738,0.23072689771652222,-0.008566603995859623
-0.8098945021629333,0.23254205286502838,-0.01239289902150631
-0.791588306427002,0.24293142557144165,-0.03509721904993057
-0.7888931035995483,0.24364829063415527,-0.04659195616841316
-0.8042486310005188,0.2423398345708847,-0.04695967212319374
-0.8065962791442871,0.24103708565235138,-0.0349685400724411
-0.795315146446228,0.23791442811489105,-0.0673951506614685
-0.8009715676307678,0.24057960510253906,-0.057302165776491165
-0.7854492664337158,0.2424493432044983,-0.05604924261569977
-0.7811092734336853,0.2401152104139328,-0.06517461687326431
-0.7800527215003967,0.20988966524600983,-0.04458551108837128
-0.7693160176277161,0.20780016481876373,-0.04497184231877327
-0.7718074917793274,0.20645050704479218,-0.03773809224367142
-0.7819876670837402,0.20906491577625275,-0.03810795024037361
-0.7895656228065491,0.21440865099430084,0.008767585270106792
-0.7861090898513794,0.22291170060634613,0.0008272186387330294
-0.7924035787582397,0.2192942351102829,-0.0009325806167908013
-0.791536808013916,0.2108868956565857,0.0069445837289094925
-0.7429311275482178,0.19964759051799774,-0.05941476672887802
-0.7303729057312012,0.2025536149740219,-0.057586703449487686
-0.7308974266052246,0.20292991399765015,-0.047944627702236176
-0.7423165440559387,0.20065288245677948,-0.050886284559965134
-0.7349008917808533,0.19898761808872223,-0.017900384962558746
-0.729593813419342,0.20286984741687775,-0.026080088689923286
-0.7237669229507446,0.21326054632663727,-0.015108744613826275
-0.7308740019798279,0.21151739358901978,-0.009293200448155403
-0.7417068481445312,0.19689622521400452,-0.00970740057528019
-0.7377485632896423,0.20950111746788025,-0.0029154897201806307
-0.7470855116844177,0.2078891098499298,0.004390808288007975
-0.7580409049987793,0.20665638148784637,0.012900290079414845
-0.7292741537094116,0.20599417388439178,-0.06855560839176178
-0.7381854057312012,0.20335276424884796,-0.07225164771080017
-0.8641948103904724,0.2155822217464447,-0.015184045769274235
-0.8648496866226196,0.21391485631465912,-0.02119544707238674
-0.8587929010391235,0.21421459317207336,-0.02038813941180706
-0.8581531643867493,0.21596015989780426,-0.014298485592007637
-0.737363338470459,0.2238684445619583,-0.0805424228310585
-0.7394078969955444,0.2339118868112564,-0.07731296122074127
-0.7316763997077942,0.2335081249475479,-0.07709953188896179
-0.7300294637680054,0.22290857136249542,-0.07822125405073166
-0.7471192479133606,0.22470906376838684,-0.08344162255525589
-0.749485969543457,0.23469388484954834,-0.07769004255533218
-0.8667615056037903,0.2287217676639557,-0.013857981190085411
-0.8654817938804626,0.22427158057689667,-0.01099820714443922
-0.8593232035636902,0.22551871836185455,-0.010974968783557415
-0.8603879809379578,0.22999046742916107,-0.014176384545862675
-0.8007233738899231,0.20828557014465332,-0.019112668931484222
-0.7962952852249146,0.20895278453826904,-0.028605367988348007
-0.820225715637207,0.2106839269399643,-0.022926658391952515
-0.8079779148101807,0.21001741290092468,-0.02796865627169609
-0.8099058866500854,0.2103966325521469,-0.01767982728779316
-0.8188973665237427,0.21240483224391937,-0.016042420640587807
-0.8006039261817932,0.21122276782989502,-0.04932406172156334
-0.7895062565803528,0.21097016334533691,-0.049165695905685425
-0.793545126914978,0.21101771295070648,-0.041076987981796265
-0.805006742477417,0.21107588708400726,-0.04165678471326828
-0.7864509224891663,0.20761455595493317,-0.062349673360586166
-0.7969857454299927,0.20868128538131714,-0.06294387578964233
-0.7955347299575806,0.20667558908462524,-0.07007648050785065
-0.7862755656242371,0.2056398093700409,-0.06897198408842087
-0.8186711668968201,0.21201719343662262,-0.057791177183389664
-0.8287232518196106,0.21497134864330292,-0.05864127725362778
-0.8270111680030823,0.21536347270011902,-0.06448766589164734
-0.8173407316207886,0.21164606511592865,-0.0638158768415451
-0.7236542701721191,0.23383180797100067,-0.07689735293388367
-0.7220178842544556,0.2230532318353653,-0.07674308121204376
-0.7859668731689453,0.2301173210144043,-0.08558878302574158
-0.7812884449958801,0.22194848954677582,-0.0915800929069519
-0.7912121415138245,0.22032858431339264,-0.09549262374639511
-0.795881986618042,0.2287270426750183,-0.08912176638841629
-0.7425297498703003,0.2418864369392395,-0.06984500586986542
-0.7342076897621155,0.24254758656024933,-0.07034870237112045
-0.8679503202438354,0.23095135390758514,-0.019445454701781273
-0.8615637421607971,0.23238496482372284,-0.01981845498085022
-0.7492486238479614,0.21982736885547638,0.001994730904698372
-0.7606173157691956,0.21679703891277313,0.011121627874672413
-0.7396002411842346,0.22228485345840454,-0.005107784643769264
-0.7323814630508423,0.22432203590869904,-0.009542208164930344
-0.724823534488678,0.22639203071594238,-0.011621643789112568
-0.8136637806892395,0.21070408821105957,-0.033592041581869125
-0.7903279066085815,0.20988662540912628,-0.036427661776542664
-0.7783472537994385,0.20946583151817322,-0.04960968717932701
-0.7740604281425476,0.20192433893680573,-0.08116947114467621
-0.7656974196434021,0.2018088400363922,-0.08083900809288025
-0.7693188786506653,0.20109225809574127,-0.07059671729803085
-0.7766687870025635,0.20236721634864807,-0.07339844852685928
-0.7796258330345154,0.2118573635816574,-0.09292002767324448
-0.78155118227005,0.20538032054901123,-0.08848141133785248
-0.7906733751296997,0.2056058645248413,-0.09035670012235641
-0.7893967032432556,0.2109803408384323,-0.09571699053049088
-0.7870132327079773,0.2171906977891922,0.01283051073551178
-0.779312014579773,0.22331753373146057,0.0048482040874660015
-0.7368627190589905,0.21274594962596893,-0.07943887263536453
-0.7289076447486877,0.2131929248571396,-0.07570696622133255
-0.7212088704109192,0.21463797986507416,-0.07289652526378632
-0.7556966543197632,0.20356225967407227,-0.048653990030288696
-0.7421355843544006,0.20071303844451904,-0.04520322382450104
-0.7431731224060059,0.19889666140079498,-0.038189053535461426
-0.757162868976593,0.20312735438346863,-0.04344022274017334
-0.7651084065437317,0.1970336139202118,-0.025205593556165695
-0.7520804405212402,0.19304457306861877,-0.020008862018585205
-0.7716107368469238,0.19543159008026123,-0.014130216091871262
-0.7303463220596313,0.2027360498905182,-0.038946013897657394
-0.7213172316551208,0.20563869178295135,-0.04627673700451851
-0.7209406495094299,0.2059890627861023,-0.03618033602833748
-0.7213695049285889,0.20618698000907898,-0.05673758685588837
-0.7213447690010071,0.20920079946517944,-0.06626329571008682
-0.7107589840888977,0.20630428194999695,-0.044887058436870575
-0.7102025747299194,0.20748154819011688,-0.03496792912483215
-0.7109352946281433,0.2073131501674652,-0.05568680912256241
-0.7113404870033264,0.21035708487033844,-0.06497465819120407
-0.7133743166923523,0.24614311754703522,-0.07166527956724167
-0.7119820713996887,0.23462414741516113,-0.0756969153881073
-0.7251290082931519,0.2443348914384842,-0.0710630789399147
-0.7127088904380798,0.21822233498096466,-0.016849327832460403
-0.7212530374526978,0.20845669507980347,-0.02545524388551712
-0.7109395861625671,0.2112327218055725,-0.02565755695104599
-0.7147952318191528,0.22885289788246155,-0.01299845427274704
-0.7744035124778748,0.1952870786190033,0.009090803563594818
-0.7803640365600586,0.19580325484275818,0.01534185092896223
-0.7860254049301147,0.1979508399963379,0.009850849397480488
-0.7814723253250122,0.1981622874736786,0.0034832186065614223
-0.8201173543930054,0.22533178329467773,-0.010010533966124058
-0.8194287419319153,0.21773654222488403,-0.010850237682461739
-0.811131477355957,0.21550270915031433,-0.010594925843179226
-0.7521945238113403,0.1993718296289444,-0.0653969943523407
-0.7477651238441467,0.2022826224565506,-0.07667118310928345
-0.823065996170044,0.21150162816047668,-0.029056159779429436
-0.8526407480239868,0.2308870404958725,-0.014387579634785652
-0.8517025113105774,0.22605367004871368,-0.010970370844006538
-0.8384004831314087,0.22612494230270386,-0.010989208705723286
-0.8397982120513916,0.23188930749893188,-0.014478293247520924
-0.8331838250160217,0.21609726548194885,-0.0329732783138752
-0.830420970916748,0.21321986615657806,-0.027317892760038376
-0.839087724685669,0.2136378288269043,-0.026840928941965103
-0.8417034149169922,0.21774084866046906,-0.03168664872646332
-0.8230352997779846,0.2130770981311798,-0.07125211507081985
-0.8150994777679443,0.210190087556839,-0.07092782109975815
-0.8212836384773254,0.23555466532707214,-0.03551967069506645
-0.8199428915977478,0.23771312832832336,-0.023076897487044334
-0.8078728914260864,0.23953157663345337,-0.022325513884425163
-0.7984025478363037,0.2102591097354889,-0.05647838115692139
-0.8087061643600464,0.21072585880756378,-0.05718665570020676
-0.8074192404747009,0.20976848900318146,-0.06345265358686447
-0.8174201846122742,0.2116042822599411,-0.036509159952402115
-0.8243237733840942,0.21271638572216034,-0.03436888009309769
-0.8218360543251038,0.21283596754074097,-0.04077005013823509
-0.8135154843330383,0.2114766240119934,-0.04185638949275017
-0.7694187164306641,0.22396355867385864,-0.08881139010190964
-0.7677385210990906,0.21064287424087524,-0.09026407450437546
-0.8644633293151855,0.21953873336315155,-0.011569587513804436
-0.858453631401062,0.22037529945373535,-0.010948458686470985
-0.7115205526351929,0.22360053658485413,-0.07486400753259659
-0.7114978432655334,0.2154783010482788,-0.0713367909193039
-0.7874172925949097,0.2097168117761612,-0.055654630064964294
-0.7937121987342834,0.23963667452335358,-0.02218770608305931
-0.7767057418823242,0.20801623165607452,-0.05499003827571869
-0.8133972883224487,0.2287406623363495,-0.07833333313465118
-0.8130903840065002,0.221669539809227,-0.0831141322851181
-0.8207772374153137,0.221792072057724,-0.08085411041975021
-0.8215370178222656,0.228721484541893,-0.07906143367290497
-0.8537274599075317,0.21955953538417816,-0.03090503439307213
-0.8521608114242554,0.21513308584690094,-0.026288127526640892
-0.8600541949272156,0.21593813598155975,-0.026603560894727707
-0.8612907528877258,0.22032418847084045,-0.030687691643834114
-0.8279232978820801,0.2125784307718277,-0.021593866869807243
-0.8267029523849487,0.2142462581396103,-0.015534976497292519
-0.8364211916923523,0.21504835784435272,-0.015124100260436535
-0.8372371196746826,0.21280574798583984,-0.020898839458823204
-0.827380895614624,0.21942131221294403,-0.011565247550606728
-0.8371567130088806,0.22011394798755646,-0.011411026120185852
-0.8549771308898926,0.226296529173851,-0.03194735199213028
-0.8547298312187195,0.2320004105567932,-0.02754601091146469
-0.8420972228050232,0.23232610523700714,-0.028752105310559273
-0.8433971405029297,0.22530189156532288,-0.03267286345362663
-0.7673495411872864,0.2422148734331131,-0.0633026584982872
-0.764179527759552,0.23889990150928497,-0.07186167687177658
-0.777511715888977,0.23656751215457916,-0.07444866001605988
-0.7907388210296631,0.2343907207250595,-0.07731717079877853
-0.8029505014419556,0.23006151616573334,-0.07954764366149902
-0.8082361221313477,0.23613938689231873,-0.06947402656078339
-0.773799479007721,0.23242275416851044,-0.08205477893352509
-0.8319454193115234,0.2260959893465042,-0.038290686905384064
-0.8315891623497009,0.23128409683704376,-0.031583283096551895
-0.8306964635848999,0.2322874367237091,-0.03977848216891289
-0.7751595973968506,0.2052910327911377,-0.06271903961896896
-0.8508298993110657,0.22055022418498993,-0.010853296145796776
-0.738423228263855,0.24390429258346558,-0.023283876478672028
-0.7393221855163574,0.24930351972579956,-0.03564439341425896
-0.7499862313270569,0.24797634780406952,-0.03666798770427704
-0.7476550340652466,0.24168330430984497,-0.02212289720773697
-0.8507624268531799,0.21382835507392883,-0.02023322321474552
-0.8504775762557983,0.21552053093910217,-0.014279539696872234
-0.814346194267273,0.21016007661819458,-0.0780397430062294
-0.8213319182395935,0.21324467658996582,-0.07710643857717514
-0.8214219212532043,0.21551953256130219,-0.08136719465255737
-0.8157212138175964,0.2132716029882431,-0.08375436067581177
-0.761183500289917,0.23447304964065552,-0.07935016602277756
-0.7989981174468994,0.21848951280117035,-0.09833157062530518
-0.8024468421936035,0.22742612659931183,-0.09270365536212921
-0.7521255016326904,0.24098560214042664,-0.07041438668966293
-0.7549314498901367,0.244788259267807,-0.061583876609802246
-0.7450203895568848,0.24688059091567993,-0.060216233134269714
-0.8169177174568176,0.23609420657157898,-0.05816368758678436
-0.7708389759063721,0.24423496425151825,-0.054892648011446
-0.7577733397483826,0.24631540477275848,-0.053114015609025955
-0.7467775940895081,0.2483493536710739,-0.05031246319413185
-0.7377654314041138,0.25012364983558655,-0.048996616154909134
-0.7362268567085266,0.24838708341121674,-0.05988146364688873
-0.8538079857826233,0.23349876701831818,-0.02042500115931034
-0.86235111951828,0.2311861217021942,-0.02667996659874916
-0.7263098955154419,0.2500869631767273,-0.060050658881664276
-0.7145012021064758,0.2521415650844574,-0.06139802560210228
-0.7159290909767151,0.25369715690612793,-0.04956900328397751
-0.7281997799873352,0.251884788274765,-0.04841550067067146
-0.7604435086250305,0.2465585321187973,-0.043749433010816574
-0.7623624801635742,0.24568046629428864,-0.033825527876615524
-0.7738533020019531,0.24494166672229767,-0.045858483761548996
-0.7768769264221191,0.24417753517627716,-0.03500114381313324
-0.8182169795036316,0.24010440707206726,-0.04708345979452133
-0.8776397109031677,0.2252601832151413,-0.02947230264544487
-0.8689130544662476,0.22578105330467224,-0.03015829622745514
-0.8679768443107605,0.22039863467216492,-0.030885687097907066
-0.8769404292106628,0.2206537276506424,-0.03065618686378002
-0.8622511625289917,0.22621898353099823,-0.030905166640877724
-0.8687936067581177,0.23012161254882812,-0.025994129478931427
-0.7789531946182251,0.24022327363491058,-0.021698497235774994
-0.8302454948425293,0.21586520969867706,-0.039964839816093445
-0.7620752453804016,0.23845317959785461,-0.018313171342015266
-0.7833029627799988,0.23380009829998016,-0.00799420103430748
-0.7716370224952698,0.23159091174602509,-0.0044685048051178455
-0.7433370351791382,0.23350676894187927,-0.010702818632125854
-0.7532718181610107,0.2300359010696411,-0.005011741071939468
-0.727410614490509,0.23739466071128845,-0.015418165363371372
-0.7352715134620667,0.23556478321552277,-0.01385840866714716
-0.7166727781295776,0.23971934616565704,-0.015979591757059097
-0.7645367383956909,0.22549305856227875,0.004295396152883768
-0.8722414970397949,0.21446453034877777,-0.01641162671148777
-0.8729925155639648,0.21345551311969757,-0.022596564143896103
-0.7295204997062683,0.2458018660545349,-0.023878587409853935
-0.71807861328125,0.24823099374771118,-0.02451803907752037
-0.7776023149490356,0.1964123249053955,-0.0043587819673120975
-0.7647773027420044,0.20327399671077728,-0.05993492901325226
-0.7663092613220215,0.20593132078647614,-0.05414794385433197
-0.7573354244232178,0.20179975032806396,-0.07952246814966202
-0.7616238594055176,0.19992570579051971,-0.06819462776184082
-0.7175713181495667,0.2532632350921631,-0.036807432770729065
-0.6956300139427185,0.20484517514705658,-0.04271259903907776
-0.6958681344985962,0.20521460473537445,-0.05350436642765999
-0.7005528807640076,0.25421127676963806,-0.05166643485426903
-0.8728854656219482,0.218070387840271,-0.012417059391736984
-0.8322370052337646,0.22156833112239838,-0.060684651136398315
-0.8308435082435608,0.22257566452026367,-0.06336622685194016
-0.7681928873062134,0.19801925122737885,0.015551830641925335
-0.7764202356338501,0.1984175443649292,0.020668135955929756
-0.7789506316184998,0.2111424058675766,0.023323245346546173
-0.7763588428497314,0.20414596796035767,0.023738376796245575
-0.7668815851211548,0.20540912449359894,0.01958947256207466
-0.7696835398674011,0.2140267938375473,0.01842147298157215
-0.7550405263900757,0.2027316689491272,-0.05288323387503624
-0.7545532584190369,0.20116567611694336,-0.0582989826798439
-0.757811963558197,0.22498482465744019,-0.08622422069311142
-0.7563340067863464,0.2122497409582138,-0.087552011013031
-0.8284024000167847,0.22626174986362457,-0.010949881747364998
-0.8202978372573853,0.23280580341815948,-0.014258185401558876
-0.8292144536972046,0.23226964473724365,-0.015024655498564243
-0.8406815528869629,0.2346041202545166,-0.021299077197909355
-0.8334760665893555,0.22142399847507477,-0.037934064865112305
-0.8354594111442566,0.22351954877376556,-0.03396721929311752
-0.746675431728363,0.1958824247121811,-0.029948294162750244
-0.7602641582489014,0.20064805448055267,-0.03559237718582153
-0.7874988317489624,0.20361660420894623,-0.00031790524371899664
-0.7902878522872925,0.20470908284187317,0.005794994067400694
-0.8102683424949646,0.21129967272281647,-0.04956391453742981
-0.829655647277832,0.23484264314174652,-0.05581201612949371
-0.8292784690856934,0.23800337314605713,-0.047187402844429016
-0.8193714022636414,0.21235381066799164,-0.04940955713391304
-0.8755483031272888,0.22697532176971436,-0.014069107361137867
-0.8742217421531677,0.2224145531654358,-0.011447747237980366
-0.8299131393432617,0.23561012744903564,-0.022570839151740074
-0.8055016994476318,0.20800469815731049,-0.07084066420793533
-0.8247354030609131,0.23146197199821472,-0.06324316561222076
-0.8315885663032532,0.2288818210363388,-0.05967729538679123
-0.7964149713516235,0.21098922193050385,-0.0968061238527298
-0.7296857237815857,0.251065194606781,-0.035906486213207245
-0.866281270980835,0.2155732363462448,-0.02757294476032257
-0.8746275901794434,0.21535997092723846,-0.028529729694128036
-0.8772091865539551,0.22847311198711395,-0.02568412944674492
-0.8763000965118408,0.22930696606636047,-0.01962362416088581
-0.746142566204071,0.21262161433696747,-0.08390122652053833
-0.7677252888679504,0.20746058225631714,-0.0496075414121151
-0.6961612105369568,0.20841509103775024,-0.06352408230304718
-0.7737361192703247,0.2210765779018402,0.012668357230722904
-0.7830682992935181,0.21651802957057953,0.01897488161921501
-0.8278965353965759,0.21416333317756653,-0.04949649050831795
-0.8076982498168945,0.22628352046012878,-0.08620869368314743
-0.8173737525939941,0.23487994074821472,-0.07137232273817062
-0.8246033191680908,0.23440222442150116,-0.07312090694904327
-0.8290994763374329,0.23272688686847687,-0.06649558991193771
-0.8322421312332153,0.22778359055519104,-0.06480729579925537
-0.8841322660446167,0.22776034474372864,-0.025736026465892792
-0.8835089802742004,0.2285197526216507,-0.01976086013019085
-0.8830816745758057,0.22612829506397247,-0.014214263297617435
-0.8812592625617981,0.22157631814479828,-0.011958747170865536
-0.8792279958724976,0.21751253306865692,-0.01326386071741581
-0.8843947052955627,0.22477781772613525,-0.029304683208465576
-0.8832995891571045,0.22038094699382782,-0.030411727726459503
-0.8807007074356079,0.21539662778377533,-0.028425628319382668
-0.8900920152664185,0.22391767799854279,-0.029509618878364563
-0.8911598324775696,0.22681888937950134,-0.025834165513515472
-0.8965107202529907,0.22289840877056122,-0.013987756334245205
-0.8908548355102539,0.2252981811761856,-0.014608416706323624
-0.8942402005195618,0.22573155164718628,-0.01695328764617443
-0.8979709148406982,0.22489650547504425,-0.016591574996709824
-0.9024410247802734,0.22396749258041382,-0.017131756991147995
-0.9013011455535889,0.2213277816772461,-0.015074017457664013
-0.8935825228691101,0.22693970799446106,-0.020193347707390785
-0.8979876637458801,0.22634491324424744,-0.020666969940066338
-0.8978213667869568,0.22580328583717346,-0.024882864207029343
-0.902225136756897,0.22516413033008575,-0.02543073333799839
-0.9027032852172852,0.22572721540927887,-0.021266696974635124
-0.894107460975647,0.22656625509262085,-0.023744497448205948
-0.889715313911438,0.22775323688983917,-0.019933026283979416
-0.9053705930709839,0.22081102430820465,-0.01752348802983761
-0.9055717587471008,0.2234223484992981,-0.018115000799298286
-0.9068236351013184,0.2246258556842804,-0.021560916677117348
-0.9078280329704285,0.22170086205005646,-0.0220499187707901
-0.8874839544296265,0.22086669504642487,-0.012542051263153553
-0.8943353295326233,0.21946404874324799,-0.013576557859778404
-0.9000257253646851,0.2182559072971344,-0.015454716049134731
-0.9044902324676514,0.2178376466035843,-0.01829514652490616
-0.8932306170463562,0.21610179543495178,-0.015417921356856823
-0.8991343379020691,0.2156912088394165,-0.01767689920961857
-0.9028537273406982,0.2156704068183899,-0.020197590813040733
-0.8931384682655334,0.21372981369495392,-0.019140878692269325
-0.8988544344902039,0.214056134223938,-0.020707614719867706
-0.8843667507171631,0.21408335864543915,-0.017692387104034424
-0.8851719498634338,0.21690627932548523,-0.013883089646697044
-0.9016485810279846,0.21471484005451202,-0.021760815754532814
-0.9065204858779907,0.21863538026809692,-0.02297382801771164
-0.8967574238777161,0.22477824985980988,-0.027861101552844048
-0.9019808173179626,0.22362589836120605,-0.028068948537111282
-0.8960587978363037,0.22248134016990662,-0.029898716136813164
-0.901446521282196,0.22118434309959412,-0.029553815722465515
-0.906387209892273,0.22278320789337158,-0.026715345680713654
-0.906029999256134,0.22485120594501495,-0.02515413612127304
-0.8780298233032227,0.2141658216714859,-0.01725371927022934
-0.8788865804672241,0.21358731389045715,-0.023314187303185463
-0.8848931789398193,0.21327009797096252,-0.023615067824721336
-0.8931968212127686,0.21268406510353088,-0.024576781317591667
-0.8863019943237305,0.21536365151405334,-0.028481375426054
-0.8888787031173706,0.21984227001667023,-0.03046090342104435
-0.8951168656349182,0.21925227344036102,-0.030348440632224083
-0.8938799500465393,0.2153305858373642,-0.028969062492251396
-0.9004659056663513,0.2182997167110443,-0.029590539634227753
-0.8996552228927612,0.21558228135108948,-0.028154274448752403
-0.8993683457374573,0.2140088528394699,-0.024632036685943604
-0.9038940668106079,0.21745789051055908,-0.02758421190083027
-0.9055452942848206,0.22001758217811584,-0.027514638379216194
-0.9046956896781921,0.2165934294462204,-0.023817764595150948
-0.9023810625076294,0.21595798432826996,-0.026920204982161522
-0.9024270176887512,0.2152605801820755,-0.02430502139031887
-0.8718586564064026,0.21904250979423523,-0.049459829926490784
-0.8714110851287842,0.21782132983207703,-0.05526721850037575
-0.8635567426681519,0.21831759810447693,-0.053646162152290344
-0.8641437292098999,0.2195473313331604,-0.04793981462717056
-0.8725640773773193,0.23202522099018097,-0.04566385969519615
-0.8726192712783813,0.22627054154872894,-0.04356231540441513
-0.8653801679611206,0.227589413523674,-0.042434900999069214
-0.8653445243835449,0.23327206075191498,-0.044851161539554596
-0.8717723488807678,0.23469269275665283,-0.052045196294784546
-0.8645833134651184,0.23594683408737183,-0.05148885399103165
-0.8567741513252258,0.2339547872543335,-0.04354533553123474
-0.8567928671836853,0.22800494730472565,-0.041306279599666595
-0.8420323133468628,0.22679021954536438,-0.04029238224029541
-0.8420450091362,0.23313480615615845,-0.041534461081027985
-0.8390759229660034,0.21698813140392303,-0.05698665976524353
-0.8406057357788086,0.22175443172454834,-0.06034330651164055
-0.8724415302276611,0.22171223163604736,-0.04534485936164856
-0.8649418950080872,0.22266721725463867,-0.044042401015758514
-0.8549914956092834,0.22292682528495789,-0.061320677399635315
-0.8545323014259338,0.21873363852500916,-0.05782538652420044
-0.8636325597763062,0.21952487528324127,-0.05893268436193466
-0.8639962077140808,0.22323593497276306,-0.06250210851430893
-0.8397164940834045,0.2175636887550354,-0.04399159178137779
-0.8387206792831421,0.21583810448646545,-0.050462234765291214
-0.841256856918335,0.22172226011753082,-0.0411769263446331
-0.8555083870887756,0.228823721408844,-0.06223567575216293
-0.855883777141571,0.2343759685754776,-0.05847295746207237
-0.8414342403411865,0.234949991106987,-0.05652199685573578
-0.8416398167610168,0.2288242131471634,-0.060626380145549774
-0.8560474514961243,0.22272184491157532,-0.042817533016204834
-0.8542006611824036,0.21745344996452332,-0.05223514512181282
-0.855033278465271,0.2188558131456375,-0.04643804952502251
-0.8559985160827637,0.23657839000225067,-0.05050227791070938
-0.8643801808357239,0.23342952132225037,-0.059303510934114456
-0.8816347718238831,0.22776277363300323,-0.06364131718873978
-0.8718145489692688,0.22808966040611267,-0.06328850239515305
-0.8715832233428955,0.22302915155887604,-0.06385234743356705
-0.8818230032920837,0.22306852042675018,-0.06478694826364517
-0.864355742931366,0.22835160791873932,-0.06281477212905884
-0.8716698288917542,0.23269276320934296,-0.059455856680870056
-0.8825796246528625,0.2180914729833603,-0.05151224881410599
-0.8822737336158752,0.21734046936035156,-0.0573931485414505
-0.8829629421234131,0.22050336003303528,-0.04731961339712143
-0.8415208458900452,0.2375805675983429,-0.04848776012659073
-0.8826042413711548,0.23034299910068512,-0.04705625772476196
-0.8829245567321777,0.2246631383895874,-0.04554029554128647
-0.8713836073875427,0.21906760334968567,-0.06060738489031792
-0.8817548751831055,0.2187974750995636,-0.06244528666138649
-0.8814213275909424,0.23179727792739868,-0.05988279730081558
-0.8814617991447449,0.23332558572292328,-0.0529707707464695
-0.8895136117935181,0.23067717254161835,-0.06058342382311821
-0.8898639678955078,0.23202362656593323,-0.054255709052085876
-0.8908908367156982,0.22939884662628174,-0.04854271933436394
-0.8903254866600037,0.2239527851343155,-0.04714146628975868
-0.8895937204360962,0.22023963928222656,-0.04897570610046387
-0.8894109129905701,0.22734461724758148,-0.06409341096878052
-0.8890042304992676,0.22326965630054474,-0.06517737358808517
-0.8882644772529602,0.21908345818519592,-0.06319714337587357
-0.8968380093574524,0.2267656922340393,-0.06507325917482376
-0.8980639576911926,0.22992931306362152,-0.0619308240711689
-0.9114888310432434,0.22574421763420105,-0.052427567541599274
-0.90574711561203,0.22691233456134796,-0.05066400021314621
-0.9063580632209778,0.2288234382867813,-0.05352769419550896
-0.9116832613945007,0.2285497635602951,-0.05426747351884842
-0.8993281722068787,0.2288774698972702,-0.05039190873503685
-0.9025244116783142,0.22966457903385162,-0.05345571041107178
-0.9018612504005432,0.23059135675430298,-0.05676461011171341
-0.9063140153884888,0.230569988489151,-0.057685550302267075
-0.9055553078651428,0.2296150028705597,-0.06173519417643547
-0.9108405709266663,0.22965021431446075,-0.06290432810783386
-0.9118752479553223,0.23080971837043762,-0.05858246982097626
-0.901681661605835,0.23004573583602905,-0.06036919355392456
-0.9155913591384888,0.2283325344324112,-0.055676717311143875
-0.9158486127853394,0.2256995141506195,-0.05569298192858696
-0.8972959518432617,0.2313549667596817,-0.05576767399907112
-0.8970603346824646,0.22388076782226562,-0.048404596745967865
-0.9042662382125854,0.22304019331932068,-0.049988631159067154
-0.9105601906776428,0.22228141129016876,-0.052890513092279434
-0.915034294128418,0.22241906821727753,-0.05674085393548012
-0.903253436088562,0.2194649577140808,-0.05219356715679169
-0.9096959829330444,0.21948421001434326,-0.05493640527129173
-0.9134977459907532,0.22022685408592224,-0.058198802173137665
-0.9025752544403076,0.21710143983364105,-0.05612988770008087
-0.9091870188713074,0.2178715169429779,-0.05809324234724045
-0.8941673040390015,0.21769870817661285,-0.05419723317027092
-0.895365297794342,0.22006487846374512,-0.050146281719207764
-0.9121876358985901,0.21909919381141663,-0.05946849286556244
-0.9178591370582581,0.2271789163351059,-0.06034877151250839
-0.9169072508811951,0.22391515970230103,-0.06117430701851845
-0.9170642495155334,0.23041875660419464,-0.059306550770998
-0.9045297503471375,0.2279575616121292,-0.06391838192939758
-0.9102767109870911,0.22754395008087158,-0.06495504081249237
-0.9038257002830505,0.22613629698753357,-0.06611166149377823
-0.9100561738014221,0.2256883680820465,-0.06667108833789825
-0.9154256582260132,0.22774866223335266,-0.06446843594312668
-0.9150637984275818,0.22982679307460785,-0.06307640671730042
-0.88882976770401,0.21802398562431335,-0.05294826999306679
-0.8883662223815918,0.21750332415103912,-0.05833730846643448
-0.89360111951828,0.21687456965446472,-0.0595545768737793
-0.9021293520927429,0.21646729111671448,-0.061438437551259995
-0.8936461806297302,0.2188541442155838,-0.06409234553575516
-0.8954521417617798,0.22305828332901,-0.06596897542476654
-0.9028098583221436,0.22284221649169922,-0.06686118990182877
-0.9019542336463928,0.2189289629459381,-0.06550602614879608
-0.9091346859931946,0.22274892032146454,-0.06688283383846283
-0.9083353281021118,0.2195175141096115,-0.0657421350479126
-0.9084534645080566,0.21751394867897034,-0.06234412640333176
-0.9134000539779663,0.22233927249908447,-0.06545092165470123
-0.9149554967880249,0.2251170128583908,-0.0654454156756401
-0.9146900177001953,0.22116465866565704,-0.061866965144872665
-0.9117764830589294,0.22018909454345703,-0.06491781771183014
-0.912236213684082,0.2193097323179245,-0.06228889524936676
-0.8599611520767212,0.2186778485774994,-0.07627233117818832
-0.858116865158081,0.21572676301002502,-0.08094444125890732
-0.8517898917198181,0.216468945145607,-0.07905303686857224
-0.8538568019866943,0.21919038891792297,-0.07442937046289444
-0.8606957197189331,0.2307242751121521,-0.07637760043144226
-0.8614687323570251,0.22747066617012024,-0.07428064197301865
-0.8551537990570068,0.22820624709129333,-0.07199689745903015
-0.8537502288818359,0.23212069272994995,-0.07393793761730194
-0.8591915369033813,0.23204714059829712,-0.08143246918916702
-0.8516021370887756,0.23327931761741638,-0.0794636532664299
-0.8467752933502197,0.2327510416507721,-0.07169663161039352
-0.8485939502716064,0.22817566990852356,-0.06969787925481796
-0.8381935954093933,0.22743923962116241,-0.06707846373319626
-0.8364718556404114,0.2328653335571289,-0.06885729730129242
-0.8613020777702332,0.22315537929534912,-0.07435198128223419
-0.8551554083824158,0.22360765933990479,-0.07224375009536743
-0.8420961499214172,0.21815845370292664,-0.08481553196907043
-0.8427146077156067,0.2156662940979004,-0.08164308220148087
-0.8502825498580933,0.21641434729099274,-0.08373688906431198
-0.8496676683425903,0.2188413292169571,-0.08675560355186462
-0.834530234336853,0.21746769547462463,-0.06897472590208054
-0.8317101001739502,0.21488820016384125,-0.07345050573348999
-0.8370988368988037,0.2219308763742447,-0.06723228842020035
-0.8421276211738586,0.22371481359004974,-0.08628172427415848
-0.8424524068832397,0.2303779274225235,-0.08398208022117615
-0.8310423493385315,0.22958964109420776,-0.08121546357870102
-0.8302002549171448,0.22267460823059082,-0.08269724249839783
-0.8485842943191528,0.2230658084154129,-0.07011771947145462
-0.8444896340370178,0.21541157364845276,-0.07678378373384476
-0.8468988537788391,0.21836717426776886,-0.07217507809400558
-0.8440350294113159,0.23384937644004822,-0.07759983837604523
-0.8499341607093811,0.2299616038799286,-0.08558610826730728
-0.8672338724136353,0.2237333208322525,-0.09199949353933334
-0.8565309643745422,0.2238105833530426,-0.08982478827238083
-0.8563227653503418,0.21850177645683289,-0.08917766809463501
-0.8669450879096985,0.21896961331367493,-0.091969333589077
-0.849510908126831,0.22389239072799683,-0.08819084614515305
-0.85758376121521,0.2292596995830536,-0.0871102511882782
-0.8692663311958313,0.21766158938407898,-0.07943497598171234
-0.8677401542663574,0.21515677869319916,-0.08403939008712769
-0.8704873323440552,0.22175341844558716,-0.07748118042945862
-0.8334347009658813,0.23427312076091766,-0.0750916451215744
-0.8297191262245178,0.21672430634498596,-0.08177945017814636
-0.8707506656646729,0.22888623178005219,-0.07912545651197433
-0.8710609674453735,0.22574549913406372,-0.07723752409219742
-0.8566190600395203,0.21562153100967407,-0.08596363663673401
-0.8666746020317078,0.2155478447675705,-0.08903074264526367
-0.8680447340011597,0.2283691167831421,-0.08921003341674805
-0.8692682981491089,0.2306678593158722,-0.0837225466966629
-0.8752185106277466,0.22785812616348267,-0.09109217673540115
-0.8765280246734619,0.22975730895996094,-0.08562043309211731
-0.8781721591949463,0.22816380858421326,-0.0809735432267189
-0.877930223941803,0.22462019324302673,-0.07927710562944412
-0.876724123954773,0.2208535522222519,-0.07972877472639084
-0.8745914101600647,0.22343596816062927,-0.0936603918671608
-0.874038577079773,0.21935848891735077,-0.09336993843317032
-0.8729296922683716,0.21588653326034546,-0.09052041172981262
-0.8799146413803101,0.22301824390888214,-0.09525232762098312
-0.8817294836044312,0.22698259353637695,-0.09267549961805344
-0.8964141011238098,0.2249811887741089,-0.08530885726213455
-0.891391932964325,0.22561556100845337,-0.0835668221116066
-0.8913408517837524,0.2266339808702469,-0.08592341840267181
-0.8961138725280762,0.22665472328662872,-0.087155781686306
-0.8851277828216553,0.2274758517742157,-0.08293358981609344
-0.8876152038574219,0.2275879830121994,-0.08538559079170227
-0.8860878348350525,0.22841836512088776,-0.08834943920373917
-0.8905056118965149,0.22822892665863037,-0.08966641128063202
-0.8884643316268921,0.22640283405780792,-0.09338273108005524
-0.8930935859680176,0.22624218463897705,-0.09477169811725616
-0.895248532295227,0.22794486582279205,-0.09100138396024704
-0.8852335214614868,0.2275359183549881,-0.09171295911073685
-0.8991321325302124,0.22649110853672028,-0.08870570361614227
-0.9000059366226196,0.22475461661815643,-0.08807495981454849
-0.8822833895683289,0.22899028658866882,-0.08726038038730621
-0.8837440013885498,0.22379811108112335,-0.08065973222255707
-0.8901721835136414,0.22263453900814056,-0.08222948014736176
-0.8958751559257507,0.2219550758600235,-0.08463457226753235
-0.8991392850875854,0.22161322832107544,-0.08796103298664093
-0.8885653614997864,0.21925829350948334,-0.08304649591445923
-0.8942283391952515,0.21885257959365845,-0.08545312285423279
-0.8971419334411621,0.2187989056110382,-0.08834747225046158
-0.8867562413215637,0.21639743447303772,-0.08525443077087402
-0.8925873637199402,0.21668294072151184,-0.08745299279689789
-0.8800763487815857,0.21709224581718445,-0.08337029069662094
-0.8819576501846313,0.22008013725280762,-0.08122508227825165
-0.8952614665031433,0.21736781299114227,-0.08907722681760788
-0.9002217650413513,0.22491343319416046,-0.0925767719745636
-0.8993801474571228,0.22146369516849518,-0.09289180487394333
-0.8990253210067749,0.2273685783147812,-0.09206090122461319
-0.8868952989578247,0.22490164637565613,-0.09538489580154419
-0.8920302391052246,0.22426201403141022,-0.09650921076536179
-0.8856874704360962,0.22195841372013092,-0.09643144905567169
-0.8913652896881104,0.22162210941314697,-0.09724875539541245
-0.89664226770401,0.22446507215499878,-0.09611783921718597
-0.8965948820114136,0.22632601857185364,-0.09497452527284622
-0.8750519752502441,0.21748223900794983,-0.08174953609704971
-0.8734039664268494,0.21545253694057465,-0.08574892580509186
-0.878425121307373,0.21527111530303955,-0.08712759613990784
-0.8855296969413757,0.21478411555290222,-0.08926140516996384
-0.8777920007705688,0.21577687561511993,-0.09164566546678543
-0.8789728879928589,0.2191080003976822,-0.0944204032421112
-0.8849465250968933,0.2187364399433136,-0.09579766541719437
-0.8845409154891968,0.21569737792015076,-0.09345198422670364
-0.8906815648078918,0.21877406537532806,-0.09658586233854294
-0.8904597163200378,0.21616607904434204,-0.09469357877969742
-0.8914403915405273,0.21539194881916046,-0.09100093692541122
-0.8948664665222168,0.2189195156097412,-0.09578082710504532
-0.8959670662879944,0.22164881229400635,-0.09650426357984543
-0.8972699046134949,0.2187255471944809,-0.09243635088205338
-0.8936561346054077,0.21704436838626862,-0.09458056837320328
-0.8949101567268372,0.2169257551431656,-0.09183972328901291
-0.8299243450164795,0.21482469141483307,-0.07825805991888046
-0.8336659073829651,0.21226535737514496,-0.10297884792089462
-0.8313906788825989,0.20983296632766724,-0.10554047673940659
-0.8271316289901733,0.21045972406864166,-0.10269322246313095
-0.8292340636253357,0.21279099583625793,-0.10017617791891098
-0.8346226811408997,0.22335945069789886,-0.1050453782081604
-0.835920512676239,0.2201957106590271,-0.10238927602767944
-0.8311839699745178,0.22108939290046692,-0.09907319396734238
-0.8296955227851868,0.22474388778209686,-0.10172522068023682
-0.8315292000770569,0.22311127185821533,-0.10967227816581726
-0.8264113664627075,0.22451040148735046,-0.10663226991891861
-0.8239670991897583,0.22507840394973755,-0.097648486495018
-0.8258054852485657,0.22114498913288116,-0.09503922611474991
-0.8173118233680725,0.220961794257164,-0.08924543857574463
-0.8146073818206787,0.2256775051355362,-0.09129159152507782
-0.8021911978721619,0.21078035235404968,-0.09787838906049728
-0.8036262392997742,0.2081999033689499,-0.09396566450595856
-0.8108944892883301,0.20860010385513306,-0.09775274246931076
-0.8085311651229858,0.2103630006313324,-0.10125052183866501
-0.8353915214538574,0.2160240113735199,-0.10196856409311295
-0.8308688402175903,0.21661870181560516,-0.09879092127084732
-0.8177682161331177,0.21069121360778809,-0.10624486953020096
-0.8200535774230957,0.20912125706672668,-0.10288622975349426
-0.8249920606613159,0.2096734493970871,-0.10598932206630707
-0.8231045603752136,0.21099328994750977,-0.10927502065896988
-0.8067761659622192,0.20773720741271973,-0.08989999443292618
-0.8105641007423401,0.20930428802967072,-0.08597082644701004
-0.8157714605331421,0.2115894854068756,-0.09078797698020935
-0.8135620355606079,0.2090824991464615,-0.09416934847831726
-0.8172895908355713,0.21539659798145294,-0.0895523875951767
-0.8166697025299072,0.21471333503723145,-0.1080712303519249
-0.8176832795143127,0.22046992182731628,-0.10700239986181259
-0.80724036693573,0.22051377594470978,-0.10188852995634079
-0.8073498010635376,0.2144964635372162,-0.10282327979803085
-0.8256828784942627,0.21645714342594147,-0.09528487920761108
-0.8223609328269958,0.20988892018795013,-0.09937479346990585
-0.8244158029556274,0.21259340643882751,-0.09648384153842926
-0.8203748464584351,0.2252044677734375,-0.1027132198214531
-0.823686957359314,0.22017335891723633,-0.11033106595277786
-0.8334711790084839,0.21305188536643982,-0.11774010956287384
-0.8270581960678101,0.21412275731563568,-0.11410731822252274
-0.8273117542266846,0.2101777195930481,-0.11248331516981125
-0.8333919048309326,0.2095552384853363,-0.11632103472948074
-0.8223882913589478,0.21478784084320068,-0.11119122058153152
-0.8286541700363159,0.21907587349414825,-0.11321214586496353
-0.8397753834724426,0.21140359342098236,-0.10653675347566605
-0.8371334671974182,0.2089306116104126,-0.10911253094673157
-0.8413096070289612,0.21498869359493256,-0.10574858635663986
-0.810359537601471,0.22673320770263672,-0.09678530693054199
-0.841049313545227,0.22167378664016724,-0.10872836410999298
-0.8420746922492981,0.2186378389596939,-0.10630735009908676
-0.8291340470314026,0.20900869369506836,-0.10897346585988998
-0.8348492383956909,0.2082018405199051,-0.11288268119096756
-0.8351395726203918,0.21770623326301575,-0.11676298826932907
-0.837948739528656,0.22147127985954285,-0.11303447186946869
-0.8405321836471558,0.21687962114810944,-0.1198418140411377
-0.8432366251945496,0.2206772416830063,-0.11604819446802139
-0.8461235165596008,0.22058053314685822,-0.11148364096879959
-0.8466616272926331,0.21774780750274658,-0.10886355489492416
-0.845309317111969,0.21423353254795074,-0.10829082876443863
-0.838738739490509,0.2122195065021515,-0.12066873162984848
-0.8384202122688293,0.20932714641094208,-0.1188017725944519
-0.8392341136932373,0.2082933932542801,-0.115301214158535
-0.8435724973678589,0.21201875805854797,-0.12261418253183365
-0.8460128307342529,0.21645544469356537,-0.12218568474054337
-0.8597366213798523,0.2162400782108307,-0.11722523719072342
-0.8561077117919922,0.21741236746311188,-0.1151290312409401
-0.8556504845619202,0.21810922026634216,-0.117367684841156
-0.8589666485786438,0.21761155128479004,-0.11881472170352936
-0.850979745388031,0.21927815675735474,-0.11412833631038666
-0.8524017333984375,0.21912425756454468,-0.11662570387125015
-0.8503347039222717,0.21907420456409454,-0.11915793269872665
-0.8537504076957703,0.21875658631324768,-0.12051057815551758
-0.8518061637878418,0.21657371520996094,-0.1236661896109581
-0.8554561138153076,0.2157800793647766,-0.1253271996974945
-0.8575071096420288,0.21842145919799805,-0.12227069586515427
-0.8492242693901062,0.2176251858472824,-0.12195134162902832
-0.861476719379425,0.21752850711345673,-0.12046752870082855
-0.8624697327613831,0.2158105969429016,-0.12000459432601929
-0.8474792838096619,0.21974708139896393,-0.11797505617141724
-0.8508195281028748,0.21680285036563873,-0.11130863428115845
-0.8558191657066345,0.2154911905527115,-0.11365653574466705
-0.8600887656211853,0.21408547461032867,-0.11653365194797516
-0.8622571229934692,0.21307994425296783,-0.11989707499742508
-0.8541839718818665,0.21295729279518127,-0.11322935670614243
-0.8586938977241516,0.21182188391685486,-0.11638601124286652
-0.8605862855911255,0.2110012024641037,-0.11954598128795624
-0.8520891666412354,0.21037781238555908,-0.11386259645223618
-0.8567090034484863,0.20985423028469086,-0.1169389933347702
-0.8469956517219543,0.21096302568912506,-0.11123942583799362
-0.8492551445960999,0.21396104991436005,-0.11056052148342133
-0.8589747548103333,0.20993249118328094,-0.11915023624897003
-0.8617810606956482,0.21496893465518951,-0.12403310835361481
-0.8614324927330017,0.21224504709243774,-0.12335442751646042
-0.8605726957321167,0.2176499217748642,-0.12390502542257309
-0.8501721620559692,0.21436330676078796,-0.12484452873468399
-0.8547931909561157,0.21340444684028625,-0.1264549046754837
-0.8485545516014099,0.21137480437755585,-0.12450733035802841
-0.8542134165763855,0.2107980102300644,-0.12591452896595
-0.8587728142738342,0.2137218415737152,-0.12639276683330536
-0.8583497405052185,0.21583391726016998,-0.12600943446159363
-0.8434362411499023,0.2110338807106018,-0.10913658142089844
-0.8411501049995422,0.20890866219997406,-0.11162500083446503
-0.8446407914161682,0.20862343907356262,-0.11364240944385529
-0.8497280478477478,0.20811769366264343,-0.1160668134689331
-0.8430659770965576,0.20787250995635986,-0.11729032546281815
-0.8426223397254944,0.20905831456184387,-0.12071623653173447
-0.8481727838516235,0.20876862108707428,-0.12286118417978287
-0.8484986424446106,0.20731644332408905,-0.11966400593519211
-0.8539318442344666,0.2087731808423996,-0.12419082224369049
-0.8541836738586426,0.20768773555755615,-0.12159574031829834
-0.8551974296569824,0.20827826857566833,-0.11870545893907547
-0.8580854535102844,0.20958875119686127,-0.12381118535995483
-0.8586698174476624,0.21128027141094208,-0.1255113184452057
-0.8602078557014465,0.21039831638336182,-0.12208030372858047
-0.8573639988899231,0.2086499035358429,-0.12223970144987106
-0.8585169911384583,0.2091466784477234,-0.1207396537065506
-0.802066445350647,0.2142476588487625,-0.099738210439682
-0.7962419986724854,0.2140384316444397,0.020075244829058647
-0.7984954118728638,0.21174687147140503,0.015742113813757896
-0.7929690480232239,0.196292445063591,0.01654008962213993
-0.7969262003898621,0.2011430412530899,0.013378487899899483
-0.7886802554130554,0.1952870488166809,0.02191825397312641
-0.7865292429924011,0.2025284767150879,0.02944994904100895
-0.786708652973175,0.19788877665996552,0.026629643514752388
-0.7991212606430054,0.20730595290660858,0.01322194654494524
-0.7926473021507263,0.2138499915599823,0.025461046025156975
-0.7885898947715759,0.20894940197467804,0.02929082326591015
-0.8012270331382751,0.21267737448215485,0.031872332096099854
-0.797507107257843,0.20754940807819366,0.03605335205793381
-0.7950820922851562,0.20059724152088165,0.03610213100910187
-0.7944161295890808,0.19581250846385956,0.03203558921813965
-0.7952557802200317,0.19358791410923004,0.026520783081650734
-0.804181694984436,0.21339944005012512,0.025717807933688164
-0.805416464805603,0.21089768409729004,0.020487820729613304
-0.8045143485069275,0.2055874466896057,0.017690418288111687
-0.8117695450782776,0.21262598037719727,0.031106524169445038
-0.8117057085037231,0.2115979641675949,0.038959622383117676
-0.8150715231895447,0.196552574634552,0.04784891754388809
-0.8101599812507629,0.19689816236495972,0.045424140989780426
-0.8115459680557251,0.2006886750459671,0.04752251133322716
-0.8150681853294373,0.20032115280628204,0.05010964348912239
-0.8049201965332031,0.1992340236902237,0.042689502239227295
-0.809088408946991,0.20183822512626648,0.04559704288840294
-0.8109298348426819,0.20638182759284973,0.0452490895986557
-0.8135449886322021,0.20632357895374298,0.04776311293244362
-0.8134279847145081,0.2099834382534027,0.0437445230782032
-0.8166120052337646,0.21061308681964874,0.04520487040281296
-0.8170628547668457,0.2059215009212494,0.05077934265136719
-0.8189029693603516,0.20070886611938477,0.05195126682519913
-0.8209783434867859,0.20479261875152588,0.05217700079083443
-0.8201305866241455,0.19803883135318756,0.050269633531570435
-0.8071007132530212,0.20652948319911957,0.041910409927368164
-0.8019518852233887,0.19442960619926453,0.03736361116170883
-0.8092801570892334,0.19374141097068787,0.0415014810860157
-0.8160286545753479,0.19392406940460205,0.044555265456438065
-0.8217535614967346,0.19623509049415588,0.04638943821191788
-0.8102783560752869,0.19196119904518127,0.03604274243116379
-0.817582368850708,0.19348442554473877,0.03971705585718155
-0.8220145106315613,0.19619035720825195,0.041888438165187836
-0.812746524810791,0.19373983144760132,0.03089912422001362
-0.8191429376602173,0.19525280594825745,0.03592183068394661
-0.803803563117981,0.19369404017925262,0.024950463324785233
-0.8018203377723694,0.1921623796224594,0.031094595789909363
-0.8219920992851257,0.19677042961120605,0.03877633064985275
-0.8244959712028503,0.2025495022535324,0.050645098090171814
-0.8254550099372864,0.20087875425815582,0.04605032503604889
-0.8181549310684204,0.2116231471300125,0.04097401350736618
-0.8199213147163391,0.2100689709186554,0.047917440533638
-0.8224858045578003,0.21053524315357208,0.04405476897954941
-0.8187618255615234,0.21129094064235687,0.03568131476640701
-0.8237394094467163,0.20904381573200226,0.039772674441337585
-0.8250138163566589,0.20788908004760742,0.047554317861795425
-0.8224661350250244,0.20859315991401672,0.05028339475393295
-0.7978984713554382,0.1947462409734726,0.020969728007912636
-0.8015798330307007,0.19935542345046997,0.018009046092629433
-0.8073604106903076,0.19891639053821564,0.021690024062991142
-0.815349817276001,0.19848202168941498,0.027600476518273354
-0.8105551600456238,0.20521602034568787,0.02158886007964611
-0.8121235370635986,0.21072834730148315,0.025156928226351738
-0.8192700743675232,0.20889663696289062,0.030888736248016357
-0.8180285096168518,0.20413267612457275,0.027755262330174446
-0.8238544464111328,0.20646314322948456,0.03619169816374779
-0.8227147459983826,0.20290178060531616,0.033858511596918106
-0.820963978767395,0.19877319037914276,0.03399579972028732
-0.8254307508468628,0.20360340178012848,0.03985290974378586
-0.8260814547538757,0.2058234065771103,0.04353684186935425
-0.824714720249176,0.19994448125362396,0.04178928956389427
-0.8242318034172058,0.20198363065719604,0.037484150379896164
-0.8233835101127625,0.19930949807167053,0.038276657462120056
-0.7977498173713684,0.2063719928264618,-0.09196877479553223
-0.8007339239120483,0.20552389323711395,-0.08626829087734222
-0.7929118871688843,0.20435361564159393,-0.08432053029537201
-0.7835308909416199,0.20288069546222687,-0.08263633400201797
-0.7739362716674805,0.2046898901462555,-0.08712941408157349
-0.7853556871414185,0.20374023914337158,-0.07570034265518188
-0.7948060035705566,0.20522432029247284,-0.07770982384681702
-0.8053175210952759,0.2070152759552002,-0.07970944046974182
-0.77934330701828,0.20426437258720398,-0.06829709559679031
-0.03862428665161133,0.47286492586135864,0.09876362979412079
-0.035503141582012177,0.4740593433380127,0.10059589892625809
-0.037877146154642105,0.4665330648422241,0.09846155345439911
-0.04045940563082695,0.4667297303676605,0.09673313796520233
-0.030695689842104912,0.4668610394001007,0.10106288641691208
-0.035085320472717285,0.46627265214920044,0.10039357841014862
-0.030753064900636673,0.47481632232666016,0.10173538327217102
-0.025317857041954994,0.47457629442214966,0.10144484043121338
-0.017580371350049973,0.4705612063407898,0.0990331768989563
-0.015896249562501907,0.4692147970199585,0.0992593839764595
-0.01677936688065529,0.468265175819397,0.09985357522964478
-0.019047418609261513,0.46817606687545776,0.09996484965085983
-0.022746214643120766,0.46768996119499207,0.10097070783376694
-0.0432460717856884,0.46910104155540466,0.0938994511961937
-0.04235171154141426,0.4703855514526367,0.0949908196926117
-0.040788136422634125,0.4716888964176178,0.09682206809520721
-0.02664880082011223,0.46728241443634033,0.10135042667388916
-0.04232650250196457,0.46726906299591064,0.09496193379163742
-0.04324016720056534,0.4679895341396332,0.09389105439186096
-0.020815962925553322,0.4732646048069,0.10010398924350739
-0.030988967046141624,0.46927517652511597,0.1011258214712143
-0.03495927155017853,0.46897661685943604,0.10011915117502213
-0.031138228252530098,0.47217661142349243,0.10143117606639862
-0.026326525956392288,0.4722120761871338,0.10152362287044525
-0.020633192732930183,0.4693615436553955,0.10029822587966919
-0.02313758060336113,0.4694702923297882,0.10100352764129639
-0.03797955811023712,0.46864205598831177,0.09845518320798874
-0.026827171444892883,0.46953415870666504,0.10139842331409454
-0.0354083850979805,0.47155889868736267,0.10028225928544998
-0.022349564358592033,0.47149530053138733,0.10086053609848022
-0.02007365971803665,0.4705064594745636,0.10000035166740417
-0.04250526800751686,0.4689711332321167,0.09453170001506805
-0.042514629662036896,0.46853214502334595,0.09453538805246353
-0.015039237216114998,0.22222541272640228,0.08160196244716644
-0.015801124274730682,0.20666496455669403,0.09015479683876038
-0.038266729563474655,0.4708029329776764,0.09848320484161377
-0.0416402593255043,0.4684709906578064,0.09545182436704636
-0.040120527148246765,0.46852046251296997,0.09681415557861328
-0.040281496942043304,0.47013115882873535,0.09674572944641113
-0.04169483855366707,0.4694909155368805,0.09537722915410995
-0.3091028034687042,0.2144678831100464,0.023890595883131027
-0.30841463804244995,0.2315397709608078,0.022138942033052444
-0.3097623288631439,0.26697495579719543,-0.02320769801735878
-0.30600252747535706,0.265470027923584,-0.04634564742445946
-0.07282432168722153,-0.08499769121408463,0.15404340624809265
-0.1204632967710495,-0.03547557443380356,-0.07186327129602432
-0.1235770732164383,-0.01510065607726574,-0.07627871632575989
-0.03915795683860779,-0.019669972360134125,-0.10183573514223099
-0.06143977865576744,-0.023428788408637047,-0.10131459683179855
-0.15425053238868713,-0.05171054229140282,0.050916943699121475
-0.15366043150424957,-0.03130060434341431,0.04953188821673393
-0.11101751774549484,-0.060708463191986084,0.11451845616102219
-0.11123783141374588,-0.037692874670028687,0.11271870136260986
-0.14482234418392181,-0.07611969113349915,0.07675137370824814
-0.08567086607217789,-0.07161558419466019,-0.08690233528614044
-0.10625803470611572,-0.0726289227604866,-0.07866330444812775
-0.10265550762414932,-0.05203939974308014,-0.0808485820889473
-0.08303559571504593,-0.04973549768328667,-0.09081574529409409
-0.018064910545945168,-0.016654564067721367,-0.09623970091342926
-0.018442917615175247,-0.04190302640199661,-0.0904761403799057
-0.16088975965976715,-0.009331307373940945,0.02165640890598297
-0.16183120012283325,-0.007963752374053001,-0.007095984648913145
-0.14480948448181152,-0.0012245032703503966,-0.05896442383527756
-0.1290731430053711,0.004492038395255804,-0.07923068851232529
-0.10993874073028564,0.012323656119406223,-0.09337438642978668
-0.08842158317565918,0.02044082246720791,-0.10306952893733978
-0.09446076303720474,-0.01479336991906166,0.12848234176635742
-0.0740380585193634,0.0077481321059167385,0.13778235018253326
-0.15333771705627441,-0.010351505130529404,0.049201399087905884
-0.02664513699710369,-0.014440654776990414,0.1594667136669159
-0.06927335262298584,0.05328788608312607,-0.11301769316196442
-0.04337264224886894,0.05779281631112099,-0.11559296399354935
-0.15615475177764893,-0.005160452798008919,-0.03440020605921745
-0.0326974093914032,0.16217058897018433,0.10936732590198517
-0.0511561743915081,0.16502688825130463,0.10821473598480225
-0.05030602216720581,0.14926543831825256,0.11634982377290726
-0.03204923868179321,0.14565372467041016,0.11632943898439407
-0.06773555278778076,0.15098844468593597,0.11490950733423233
-0.08462754637002945,0.15158811211585999,0.111851766705513
-0.10024847835302353,0.15155699849128723,0.10786543041467667
-0.1383204460144043,0.14676977694034576,0.09236140549182892
-0.12712688744068146,0.1490800976753235,0.09800665080547333
-0.15570871531963348,0.13785599172115326,0.07760871201753616
-0.14790530502796173,0.14323793351650238,0.08571960031986237
-0.16017639636993408,0.12816448509693146,0.06658637523651123
-0.16151957213878632,0.11668919771909714,0.05237536504864693
-0.16837991774082184,0.11842973530292511,0.03114006668329239
-0.16466650366783142,0.10490977764129639,0.03700746223330498
-0.15756361186504364,0.10334210097789764,0.05924428999423981
-0.15457265079021454,0.11511623859405518,0.0723765641450882
-0.149892196059227,0.12412017583847046,0.08318837732076645
-0.01809251308441162,0.078581303358078,0.1303662210702896
-0.015316949225962162,0.10309524834156036,0.12557168304920197
-0.013509852811694145,0.23707520961761475,0.07365252822637558
-0.527012050151825,0.20712397992610931,-0.07774292677640915
-0.6587114334106445,0.23868907988071442,-0.015436535701155663
-0.016676384955644608,0.25672364234924316,-0.09129371494054794
-0.03355398401618004,0.26132825016975403,-0.09206965565681458
-0.08958843350410461,0.2771390676498413,-0.0778767317533493
-0.10406660288572311,0.28835219144821167,-0.059253353625535965
-0.06970687955617905,0.266099750995636,-0.08961451798677444
-0.051194801926612854,0.2569741904735565,-0.09553158283233643
-0.14015653729438782,0.008910901844501495,0.07372909039258957
-0.03533102944493294,0.224238783121109,-0.10632867366075516
-0.05265035852789879,0.2451486885547638,-0.10118447989225388
-0.07279685139656067,0.25473159551620483,-0.096426822245121
-0.09439965337514877,0.2663295269012451,-0.08538252115249634
-0.11638819426298141,0.27935928106307983,-0.0664931908249855
-0.13386055827140808,0.27953189611434937,-0.060062143951654434
-0.158339262008667,0.26404130458831787,-0.06699575483798981
-0.16906726360321045,0.2648608386516571,-0.06206909939646721
-0.18055345118045807,0.2669175863265991,-0.05830579623579979
-0.1816968023777008,0.2805466949939728,-0.04187506064772606
-0.1692619025707245,0.27885156869888306,-0.045504145324230194
-0.2714085876941681,0.26566463708877563,-0.05437666177749634
-0.28654882311820984,0.25936219096183777,-0.05878858268260956
-0.29583853483200073,0.2497856169939041,-0.06605657935142517
-0.3005985915660858,0.2378353774547577,-0.07270248979330063
-0.3000090420246124,0.22454151511192322,-0.07784754037857056
-0.2943645715713501,0.21094036102294922,-0.07997122406959534
-0.28243768215179443,0.1991335153579712,-0.07828415930271149
-0.24166090786457062,0.1775667667388916,-0.06926390528678894
-0.22639942169189453,0.16953518986701965,-0.06648500263690948
-0.1927708238363266,0.13065248727798462,-0.07012422382831573
-0.18367449939250946,0.12225533276796341,-0.07319168001413345
-0.15990948677062988,0.09590386599302292,-0.08184830844402313
-0.14773528277873993,0.08213518559932709,-0.08543121069669724
-0.13578417897224426,0.06695135682821274,-0.09004335105419159
-0.10013502836227417,-0.17414893209934235,-0.08614467084407806
-0.1201418861746788,-0.17151875793933868,-0.07561635971069336
-0.1172860711812973,-0.15376026928424835,-0.07274839282035828
-0.09676453471183777,-0.15640707314014435,-0.0814502164721489
-0.0478440597653389,-0.1182045266032219,-0.08465471863746643
-0.02458661049604416,-0.11969570815563202,-0.08177409321069717
-0.1639128178358078,-0.1529802680015564,-0.017210621386766434
-0.1682472676038742,-0.15671277046203613,0.009368388913571835
-0.13673622906208038,-0.15178105235099792,-0.059003397822380066
-0.1524585634469986,-0.1516238898038864,-0.040333084762096405
-0.16475635766983032,-0.1630645990371704,0.036466334015131
-0.10669434070587158,-0.19841216504573822,0.11904419213533401
-0.08650301396846771,-0.20484082400798798,0.13434848189353943
-0.044508807361125946,-0.21281370520591736,0.15376770496368408
-0.024622447788715363,-0.21504832804203033,0.15797199308872223
-0.15556462109088898,-0.17189642786979675,0.060750920325517654
-0.06532051414251328,-0.20954200625419617,0.1459437608718872
-0.14252924919128418,-0.18160681426525116,0.08197034895420074
-0.1256813108921051,-0.19076645374298096,0.10129369050264359
-0.0704316794872284,-0.11695053428411484,-0.08523230999708176
-0.07320210337638855,-0.1390165239572525,-0.08423235267400742
-0.09439776837825775,-0.13698700070381165,-0.08092737197875977
-0.03917733207345009,0.1260465383529663,-0.120881088078022
-0.060620710253715515,0.12864801287651062,-0.12365031242370605
-0.08219695836305618,0.1332205981016159,-0.12405985593795776
-0.09834341704845428,0.15728048980236053,-0.12225713580846786
-0.10287543386220932,0.13940872251987457,-0.12093349546194077
-0.12157650291919708,0.1470431536436081,-0.11433353275060654
-0.11693329364061356,0.16474305093288422,-0.11536651104688644
-0.15153071284294128,0.18030111491680145,-0.09868153929710388
-0.15351498126983643,0.16480575501918793,-0.09644097834825516
-0.166824072599411,0.17272484302520752,-0.09198091924190521
-0.16513077914714813,0.18741999566555023,-0.09463504701852798
-0.1792721003293991,0.17960971593856812,-0.08890876173973083
-0.1903272420167923,0.18473057448863983,-0.08465105295181274
-0.20292779803276062,0.19017498195171356,-0.08081606030464172
-0.2172597050666809,0.19591408967971802,-0.07965707778930664
-0.21165214478969574,0.22063840925693512,-0.08222172409296036
-0.1984947770833969,0.21502897143363953,-0.08418215066194534
-0.15038271248340607,0.19716201722621918,-0.09918877482414246
-0.13261525332927704,0.19044320285320282,-0.10569009184837341
-0.036753784865140915,0.16304653882980347,-0.11953692883253098
-0.017897993326187134,0.15992218255996704,-0.11461733281612396
-0.17112089693546295,0.09785707294940948,0.019163597375154495
-0.17748072743415833,0.09185625612735748,-0.0003813302901107818
-0.18142391741275787,0.08898584544658661,-0.019567372277379036
-0.181263729929924,0.08939714729785919,-0.03639918193221092
-0.17938204109668732,0.09281868487596512,-0.05305780842900276
-0.17443840205669403,0.09819307178258896,-0.06698759645223618
-0.17554575204849243,0.11420110613107681,-0.07610859721899033
-0.16814610362052917,0.1057296171784401,-0.07876595854759216
-0.17023217678070068,0.12404512614011765,-0.08431506156921387
-0.16129334270954132,0.11541425436735153,-0.08838151395320892
-0.15367738902568817,0.1271601915359497,-0.09587829560041428
-0.1451912820339203,0.14050757884979248,-0.10168752819299698
-0.13832905888557434,0.1557493656873703,-0.10491646826267242
-0.1343156099319458,0.17254933714866638,-0.10642563551664352
-0.11441342532634735,0.1835581660270691,-0.11382133513689041
-0.095960833132267,0.17647935450077057,-0.12036336213350296
-0.0754970908164978,0.1895633488893509,-0.11994989216327667
-0.07491259276866913,0.20720674097537994,-0.11496514827013016
-0.07628460973501205,0.17098335921764374,-0.1236204132437706
-0.07749771326780319,0.1519809514284134,-0.12527965009212494
-0.07572381943464279,0.3004743158817291,-0.058763664215803146
-0.059525925666093826,0.29321545362472534,-0.07074916362762451
-0.2701609134674072,0.21095775067806244,-0.07959526777267456
-0.26841312646865845,0.20408451557159424,-0.0792391449213028
-0.27429041266441345,0.20270799100399017,-0.07914398610591888
-0.2808442711830139,0.21206845343112946,-0.07964838296175003
-0.28439465165138245,0.22321312129497528,-0.07858327031135559
-0.27000191807746887,0.2306048721075058,-0.07719248533248901
-0.27145227789878845,0.2206275910139084,-0.07904846966266632
-0.2839513123035431,0.23460663855075836,-0.07520260661840439
-0.2799151539802551,0.24494147300720215,-0.07073771208524704
-0.26659122109413147,0.24023836851119995,-0.0740785002708435
-0.2730723023414612,0.2535039186477661,-0.06619903445243835
-0.26209789514541626,0.2483690232038498,-0.07066380232572556
-0.2631957530975342,0.25905439257621765,-0.06317999958992004
-0.2579927444458008,0.2535361051559448,-0.06780365109443665
-0.2229173630475998,0.24815478920936584,-0.07328685373067856
-0.23601990938186646,0.2508905827999115,-0.07109963893890381
-0.2488705962896347,0.2525079846382141,-0.06905487924814224
-0.23239563405513763,0.20245535671710968,-0.07963528484106064
-0.24631716310977936,0.21030469238758087,-0.0800127163529396
-0.25911852717399597,0.21676136553287506,-0.08009614795446396
-0.2571262717247009,0.22631743550300598,-0.07900827378034592
-0.24402397871017456,0.2202063798904419,-0.08013308793306351
-0.2301785796880722,0.21307164430618286,-0.08108486235141754
-0.03692390024662018,0.14564505219459534,-0.12079089879989624
-0.056902699172496796,0.14858558773994446,-0.1240907534956932
-0.1775517761707306,0.19301357865333557,-0.09086798131465912
-0.1884271651506424,0.19705648720264435,-0.08726292848587036
-0.20040175318717957,0.20089711248874664,-0.08359739184379578
-0.2146151214838028,0.20717497169971466,-0.08199723064899445
-0.18752343952655792,0.21068868041038513,-0.08771798759698868
-0.17618343234062195,0.2070901095867157,-0.0910378023982048
-0.1638612449169159,0.20277749001979828,-0.09494450688362122
-0.0564071387052536,0.16684679687023163,-0.1230376809835434
-0.01824815757572651,0.14310666918754578,-0.11657066643238068
-0.19105838239192963,0.24818280339241028,0.04646037891507149
-0.18894566595554352,0.2723287045955658,0.03195016831159592
-0.18789450824260712,0.28713297843933105,0.008399216458201408
-0.1850176900625229,0.2895241975784302,-0.018407011404633522
-0.44432908296585083,0.17959418892860413,-0.03538418933749199
-0.020045427605509758,-0.06714987754821777,-0.08527561277151108
-0.02226504683494568,-0.09303251653909683,-0.08199385553598404
-0.04462970048189163,-0.09323526918888092,-0.08577969670295715
-0.02032216265797615,0.06008613854646683,-0.11137711256742477
-0.01938324235379696,0.12430819123983383,-0.11730542033910751
-0.10867045074701309,0.12139192223548889,0.11772586405277252
-0.09620340168476105,0.12243025004863739,0.12216009944677353
-0.09785711020231247,0.13690006732940674,0.11572220921516418
-0.11101242154836655,0.13602279126644135,0.11104287952184677
-0.12941834330558777,0.11905832588672638,0.10546433180570602
-0.1197592169046402,0.1204792782664299,0.11213748157024384
-0.12292784452438354,0.1347413808107376,0.10540354251861572
-0.1333974301815033,0.1327497810125351,0.09904186427593231
-0.1378105878829956,0.11618668586015701,0.09807837754487991
-0.14247475564479828,0.12955453991889954,0.09193004667758942
-0.11772056668996811,0.1054992750287056,0.11800464987754822
-0.10729613900184631,0.10639748722314835,0.12378542125225067
-0.0949452668428421,0.10757607221603394,0.12725581228733063
-0.13390879333019257,0.10298161208629608,0.10371134430170059
-0.12646189332008362,0.10465694218873978,0.11100231856107712
-0.004419620148837566,0.3460242748260498,0.10533323138952255
-0.004897656384855509,0.35263100266456604,0.12028773874044418
0.0005891003529541194,0.3980129063129425,0.13204425573349
0.0009899050928652287,0.402702271938324,0.1297699362039566
-0.010034782811999321,0.25902077555656433,0.06250366568565369
-0.0088045047596097,0.2693532407283783,0.06161631643772125
-0.014561439864337444,0.12340778112411499,0.1204688623547554
-0.014620544388890266,0.1579689085483551,0.10920263081789017
-0.015301831997931004,0.17421352863311768,0.103512704372406
-0.015724193304777145,0.1905251443386078,0.0975491851568222
-0.012178170494735241,0.2491244673728943,0.06720252335071564
-0.014438661746680737,0.14097237586975098,0.1150040253996849
-0.16390611231327057,-0.33798861503601074,-0.05625388026237488
-0.14531566202640533,-0.35413220524787903,-0.07616377621889114
-0.15152966976165771,-0.3283332288265228,-0.07271415740251541
-0.13787896931171417,-0.34056100249290466,-0.08650849759578705
-0.16342595219612122,-0.2599547207355499,-0.04844360053539276
-0.16198579967021942,-0.2860350012779236,-0.05460541695356369
-0.1648430973291397,-0.23295383155345917,-0.04548383131623268
-0.11805159598588943,-0.34846657514572144,-0.09953977912664413
-0.09289176017045975,-0.35144132375717163,-0.10910633206367493
-0.09040392935276031,-0.3328404724597931,-0.11518055945634842
-0.14839453995227814,-0.235831156373024,-0.06953973323106766
-0.14818909764289856,-0.2618986964225769,-0.0723387598991394
-0.14355266094207764,-0.3230664134025574,-0.08123281598091125
-0.15866975486278534,-0.3092982769012451,-0.06248796731233597
-0.1456611454486847,-0.3083566725254059,-0.07929829508066177
-0.11456996947526932,-0.3315819799900055,-0.10550318658351898
-0.13276493549346924,-0.32773175835609436,-0.09242736548185349
-0.05717943608760834,-0.17874789237976074,-0.09581942111253738
-0.032313331961631775,-0.1985529065132141,-0.10532816499471664
-0.05985112488269806,-0.1979990452528,-0.10417556017637253
-0.13875405490398407,-0.16942115128040314,-0.06009119004011154
-0.12414521723985672,-0.1911599338054657,-0.08087172359228134
-0.1310485601425171,-0.3101385831832886,-0.09455720335245132
-0.11218179017305374,-0.31163454055786133,-0.10862438380718231
-0.08795469254255295,-0.31169459223747253,-0.11929154396057129
-0.08692333102226257,-0.2396475225687027,-0.11453648656606674
-0.08672942966222763,-0.26320549845695496,-0.11920672655105591
-0.10989096760749817,-0.2641600966453552,-0.10864802449941635
-0.10995166003704071,-0.2392372041940689,-0.10426080226898193
-0.12782758474349976,-0.21302518248558044,-0.08584492653608322
-0.13012805581092834,-0.23822785913944244,-0.08930333703756332
-0.08576087653636932,-0.21686117351055145,-0.10788480192422867
-0.10784640163183212,-0.2149786353111267,-0.09893669933080673
-0.10402403771877289,-0.19357648491859436,-0.0925188660621643
-0.1305488646030426,-0.26395606994628906,-0.09254644811153412
-0.05867369472980499,-0.28757795691490173,-0.12571968138217926
-0.08687422424554825,-0.2878459692001343,-0.12090800702571869
-0.029047789052128792,-0.2868868112564087,-0.12389962375164032
-0.08304263651371002,-0.19603942334651947,-0.09997968375682831
-0.07948213815689087,-0.17654450237751007,-0.09224902838468552
-0.07588627934455872,-0.15828727185726166,-0.0861121416091919
-0.06721320003271103,-0.09370464831590652,-0.086189404129982
-0.11418451368808746,-0.5941554307937622,0.09031567722558975
-0.0009471190278418362,-0.3990546464920044,0.03658135235309601
-0.0012221973156556487,-0.3881221115589142,0.007249745540320873
-0.18027742207050323,-0.3091428875923157,0.06214306876063347
-0.18444353342056274,-0.32117581367492676,-0.012805727310478687
-0.1719614714384079,-0.3139221668243408,-0.04023050144314766
-0.026570793241262436,-0.40349218249320984,0.10565966367721558
-0.011183323338627815,-0.40773287415504456,0.08309075981378555
-0.16139228641986847,-0.3206147253513336,0.0895070731639862
-0.10665839165449142,-0.3737739026546478,0.12721703946590424
-0.00364028662443161,-0.4063126742839813,0.06077202409505844
-0.14690294861793518,-0.28650596737861633,-0.07570834457874298
-0.13067521154880524,-0.2885746955871582,-0.09424319118261337
-0.11080674827098846,-0.2889237701892853,-0.10973668843507767
-0.05943044275045395,-0.3106914460659027,-0.12368326634168625
-0.02873452752828598,-0.3088383078575134,-0.12092682719230652
-0.020741192623972893,-0.3531225621700287,0.13774512708187103
-0.018019970506429672,-0.3448033630847931,0.14495667815208435
-0.01059306412935257,-0.3473495841026306,0.14617511630058289
-0.010281783528625965,-0.36070555448532104,0.1368233561515808
-0.10457974672317505,-0.21946901082992554,0.11745744198560715
-0.08257385343313217,-0.22605741024017334,0.13062407076358795
-0.040569037199020386,-0.2343735247850418,0.1477835774421692
-0.02204038016498089,-0.23669755458831787,0.15195928514003754
-0.15892073512077332,-0.1906009167432785,0.06224766746163368
-0.0607454739511013,-0.23090234398841858,0.1407497525215149
-0.14549008011817932,-0.2010136991739273,0.08335882425308228
-0.1264190822839737,-0.21112753450870514,0.10152211785316467
-0.07414472103118896,-1.0524348020553589,-0.028341781347990036
-0.0738971084356308,-1.0828628540039062,-0.023830316960811615
-0.07467895746231079,-1.0812797546386719,-0.03920915722846985
-0.07164938747882843,-1.0502697229385376,-0.043373510241508484
-0.08623059093952179,-1.0456749200820923,-0.07143038511276245
-0.0753105953335762,-1.0476938486099243,-0.06414829939603806
-0.10086773335933685,-1.0455243587493896,-0.07302411645650864
-0.09902980923652649,-1.0774744749069214,-0.07339586317539215
-0.11102728545665741,-1.0785011053085327,-0.06573127210140228
-0.11469181627035141,-1.0470248460769653,-0.06802354753017426
-0.12441977858543396,-1.048179030418396,-0.05868511646986008
-0.12785457074642181,-1.080413818359375,-0.04527326673269272
-0.12932279706001282,-1.0802580118179321,-0.026413654908537865
-0.13411763310432434,-1.050693392753601,-0.027913454920053482
-0.13106109201908112,-1.049280047416687,-0.046663254499435425
-0.12971936166286469,-1.055243730545044,-0.0069947740994393826
-0.12540826201438904,-1.083654522895813,-0.005665538366883993
-0.11452929675579071,-1.0580097436904907,0.003798129502683878
-0.07968113571405411,-1.0556161403656006,-0.012427184730768204
-0.07744382321834564,-1.08487868309021,-0.006313842721283436
-0.08469849079847336,-1.0775266885757446,-0.07290845364332199
-0.07556717097759247,-1.079278588294983,-0.06167346239089966
-0.07059048116207123,-1.0493860244750977,-0.053975723683834076
-0.07507247477769852,-1.0803066492080688,-0.05007252097129822
-0.07222086191177368,-1.1113955974578857,-0.034155476838350296
-0.06729211658239365,-1.1116658449172974,-0.017436552792787552
-0.08314142376184464,-1.107743740081787,-0.07325831800699234
-0.07883752137422562,-1.1092265844345093,-0.058146025985479355
-0.10666488111019135,-1.1084575653076172,-0.06345249712467194
-0.0968676283955574,-1.107444167137146,-0.07536862045526505
-0.12831369042396545,-1.1100918054580688,-0.0442037396132946
-0.12060869485139847,-1.0794899463653564,-0.05681014060974121
-0.11861532926559448,-1.1094199419021606,-0.05504119023680687
-0.13047604262828827,-1.1091620922088623,-0.02494289167225361
-0.1252540498971939,-1.1106287240982056,-0.0006330374744720757
-0.0714825689792633,-1.111948013305664,0.001998929074034095
-0.07639360427856445,-1.1106075048446655,-0.046075817197561264
-0.13057035207748413,-1.2073819637298584,0.16647334396839142
-0.12306337803602219,-1.2084394693374634,0.16840337216854095
-0.12444649636745453,-1.2026305198669434,0.16684353351593018
-0.12916171550750732,-1.2025386095046997,0.1658667027950287
-0.08878164738416672,-1.2083485126495361,0.17768283188343048
-0.07655640691518784,-1.2123645544052124,0.1757453978061676
-0.07756716758012772,-1.199628233909607,0.17784258723258972
-0.08623076975345612,-1.197683334350586,0.17947541177272797
-0.10753712058067322,-1.2090678215026855,0.17698854207992554
-0.11597555875778198,-1.2087706327438354,0.17621873319149017
-0.113737091422081,-1.2127292156219482,0.17309273779392242
-0.10854537785053253,-1.2126364707946777,0.17361776530742645
-0.15281468629837036,-1.2042505741119385,0.1339273601770401
-0.15856057405471802,-1.2044055461883545,0.13100126385688782
-0.15739595890045166,-1.2084184885025024,0.12958765029907227
-0.15325459837913513,-1.208959937095642,0.1311875581741333
-0.13950830698013306,-1.2077364921569824,0.15384513139724731
-0.14548996090888977,-1.2080459594726562,0.1511632651090622
-0.14414705336093903,-1.2117210626602173,0.14894483983516693
-0.14017389714717865,-1.2125799655914307,0.15061114728450775
-0.08978867530822754,-1.1925071477890015,0.15581876039505005
-0.08910976350307465,-1.1939440965652466,0.17066949605941772
-0.07515600323677063,-1.1963715553283691,0.168100506067276
-0.07395479083061218,-1.1913633346557617,0.15350653231143951
-0.06919658929109573,-1.2067276239395142,0.1641656458377838
-0.0778089165687561,-1.2124029397964478,0.1610698401927948
-0.07643916457891464,-1.2126176357269287,0.14603494107723236
-0.06769618391990662,-1.2038522958755493,0.1478758454322815
-0.09062985330820084,-1.2125356197357178,0.1630583256483078
-0.0907321646809578,-1.2126394510269165,0.14931561052799225
-0.09798085689544678,-1.2041170597076416,0.15369169414043427
-0.09913414716720581,-1.2036902904510498,0.1690962016582489
-0.11781205236911774,-1.202838659286499,0.15561769902706146
-0.1207648515701294,-1.2058073282241821,0.16800974309444427
-0.11462569236755371,-1.199278712272644,0.16933198273181915
-0.112691730260849,-1.1949399709701538,0.1565753072500229
-0.10584220290184021,-1.2000106573104858,0.17071007192134857
-0.10091375559568405,-1.1957287788391113,0.15809156000614166
-0.09774798154830933,-1.2066049575805664,0.156300887465477
-0.099993035197258,-1.2073314189910889,0.17064958810806274
-0.10543108731508255,-1.212602972984314,0.16639098525047302
-0.10299614816904068,-1.2121467590332031,0.15263256430625916
-0.11275365203619003,-1.2112338542938232,0.1523546427488327
-0.11491765826940536,-1.212679386138916,0.1653655469417572
-0.13123229146003723,-1.1947075128555298,0.14831174910068512
-0.1304616630077362,-1.2000747919082642,0.1598089188337326
-0.1225423738360405,-1.2007008790969849,0.16082195937633514
-0.12022178620100021,-1.1959502696990967,0.15075957775115967
-0.1182483434677124,-1.209112524986267,0.1610095202922821
-0.12381087988615036,-1.2126758098602295,0.15909770131111145
-0.12199044227600098,-1.211582899093628,0.14804671704769135
-0.11662839353084564,-1.206873893737793,0.15101592242717743
-0.13187724351882935,-1.2104158401489258,0.14667294919490814
-0.13150396943092346,-1.2126948833465576,0.15819506347179413
-0.13644270598888397,-1.2015931606292725,0.1487141102552414
-0.135718435049057,-1.2059882879257202,0.15924881398677826
-0.1518276184797287,-1.2018330097198486,0.1339128017425537
-0.14982298016548157,-1.2062861919403076,0.14371860027313232
-0.14667245745658875,-1.200384259223938,0.14505118131637573
-0.14821021258831024,-1.194693684577942,0.13466878235340118
-0.140374094247818,-1.1998616456985474,0.1470840871334076
-0.13978716731071472,-1.1954971551895142,0.1390225738286972
-0.1359628140926361,-1.205069899559021,0.1479395031929016
-0.13852444291114807,-1.212688684463501,0.14536814391613007
-0.1391245424747467,-1.2106740474700928,0.13678206503391266
-0.1366100311279297,-1.2021187543869019,0.14109377562999725
-0.1457844376564026,-1.21273934841156,0.14327552914619446
-0.1476132720708847,-1.210239291191101,0.132880300283432
-0.1619923710823059,-1.1947118043899536,0.11635030061006546
-0.1637127697467804,-1.2021504640579224,0.11308739334344864
-0.16240717470645905,-1.2035082578659058,0.12380638718605042
-0.16012021899223328,-1.1977876424789429,0.12520383298397064
-0.15443533658981323,-1.197102427482605,0.1281237155199051
-0.1551273912191391,-1.1940804719924927,0.12180924415588379
-0.15055635571479797,-1.2023074626922607,0.12849970161914825
-0.15176202356815338,-1.209627628326416,0.12590965628623962
-0.15266364812850952,-1.2087851762771606,0.11954435706138611
-0.15243545174598694,-1.2004599571228027,0.12346736341714859
-0.15875573456287384,-1.2093024253845215,0.12381798774003983
-0.15933994948863983,-1.2080390453338623,0.11485827714204788
-0.07405613362789154,-1.18734610080719,0.13834050297737122
-0.09424940496683121,-1.1916853189468384,0.14151938259601593
-0.0797952190041542,-1.212381362915039,0.1710955649614334
-0.06805474311113358,-1.2018170356750488,0.13218030333518982
-0.08696474879980087,-1.2125041484832764,0.17183756828308105
-0.09505595266819,-1.2122504711151123,0.13631731271743774
-0.0774594247341156,-1.2120026350021362,0.13030359148979187
-0.09674278646707535,-1.2042367458343506,0.1471257209777832
-0.11412087827920914,-1.2030069828033447,0.17571191489696503
-0.1159360408782959,-1.2043163776397705,0.14536823332309723
-0.11587771028280258,-1.2115932703018188,0.13521435856819153
-0.10897840559482574,-1.2033381462097168,0.17657914757728577
-0.1141883060336113,-1.1918483972549438,0.13947038352489471
-0.1333116888999939,-1.1927242279052734,0.12991538643836975
-0.12526126205921173,-1.2126649618148804,0.16548828780651093
-0.12934674322605133,-1.2127021551132202,0.1648055613040924
-0.1353946477174759,-1.211134433746338,0.12818393111228943
-0.13699927926063538,-1.200731873512268,0.13911327719688416
-0.14488333463668823,-1.2033514976501465,0.15088944137096405
-0.1532297283411026,-1.1998127698898315,0.12380032986402512
-0.15071557462215424,-1.2101939916610718,0.11614023894071579
-0.14127753674983978,-1.202946424484253,0.15190374851226807
-0.15070584416389465,-1.1912963390350342,0.11762260645627975
-0.1574568748474121,-1.2007277011871338,0.1300080269575119
-0.1655810922384262,-1.2011932134628296,0.09989653527736664
-0.16081680357456207,-1.2091249227523804,0.10341914743185043
-0.15443718433380127,-1.2000401020050049,0.1318815052509308
-0.162657231092453,-1.1918811798095703,0.10498539358377457
-0.08790360391139984,-1.0583568811416626,7.508024282287806e-05
-0.08626990020275116,-1.0862765312194824,0.006922869011759758
-0.09965591877698898,-1.0597201585769653,0.006059600040316582
-0.11174438893795013,-1.0865089893341064,0.0070206173695623875
-0.09816226363182068,-1.088068962097168,0.010737084783613682
-0.08299904316663742,-1.1122393608093262,0.017133241519331932
-0.1109083816409111,-1.1129775047302246,0.013580056838691235
-0.09656067192554474,-1.112874984741211,0.020513582974672318
-0.12965650856494904,-1.1325693130493164,-0.04664864391088486
-0.13346557319164276,-1.1330074071884155,-0.026439720764756203
-0.11644017696380615,-1.131762146949768,-0.055955998599529266
-0.09674155712127686,-1.1301530599594116,-0.07930534332990646
-0.10637199133634567,-1.1309703588485718,-0.06731777638196945
-0.08099810034036636,-1.1329933404922485,0.0285170990973711
-0.07079125940799713,-1.1353546380996704,0.008448297157883644
-0.09631867706775665,-1.1320011615753174,0.034252017736434937
-0.11418181657791138,-1.1319950819015503,0.025978704914450645
-0.06935110688209534,-1.1822441816329956,0.12051518261432648
-0.06972287595272064,-1.1813498735427856,0.09756743162870407
-0.08519293367862701,-1.1697821617126465,0.10189055651426315
-0.08981046080589294,-1.1797133684158325,0.12231233716011047
-0.10622062534093857,-1.1707557439804077,0.09735798835754395
-0.10978730767965317,-1.1829050779342651,0.11788038164377213
-0.12520219385623932,-1.1737326383590698,0.0889643207192421
-0.12888982892036438,-1.1838815212249756,0.10957794636487961
-0.14174781739711761,-1.1780773401260376,0.0785677582025528
-0.1463649719953537,-1.1856001615524292,0.0987841784954071
-0.1557285338640213,-1.1854444742202759,0.0680253654718399
-0.16080771386623383,-1.1891063451766968,0.08868581056594849
-0.16465160250663757,-1.1962841749191284,0.061809930950403214
-0.1679878979921341,-1.1994990110397339,0.08302859961986542
-0.0644034817814827,-1.2007830142974854,0.11372529715299606
-0.0658060684800148,-1.1983281373977661,0.09140395373106003
-0.07581589370965958,-1.21318781375885,0.11039210110902786
-0.0766507089138031,-1.213207483291626,0.08795712143182755
-0.09468280524015427,-1.2135130167007446,0.10972564667463303
-0.0943099707365036,-1.2133293151855469,0.08623669296503067
-0.15964153409004211,-1.2097455263137817,0.0635860338807106
-0.16176408529281616,-1.2112751007080078,0.08565516769886017
-0.11458790302276611,-1.2129276990890503,0.10575924068689346
-0.11360849440097809,-1.211960792541504,0.08184307813644409
-0.13311170041561127,-1.2134929895401,0.09940310567617416
-0.13159909844398499,-1.2125524282455444,0.0754372626543045
-0.1487778276205063,-1.2135030031204224,0.09209122508764267
-0.14697736501693726,-1.2128791809082031,0.06879490613937378
-0.0808098092675209,-1.1624068021774292,0.0767519474029541
-0.10193465650081635,-1.156536340713501,0.07591012865304947
-0.12054295837879181,-1.1610618829727173,0.066058449447155
-0.13631494343280792,-1.1683673858642578,0.05429002270102501
-0.14890450239181519,-1.1798813343048096,0.0431600920855999
-0.15911418199539185,-1.1911537647247314,0.037515319883823395
-0.13509054481983185,-1.1549290418624878,0.02464374154806137
-0.1425943225622177,-1.1763520240783691,0.01566859893500805
-0.1504172384738922,-1.1891001462936401,0.01259997021406889
-0.1380019187927246,-1.174064040184021,-0.011916928924620152
-0.14307533204555511,-1.187713384628296,-0.012487649917602539
-0.12880374491214752,-1.1727540493011475,-0.05623108893632889
-0.13508309423923492,-1.187854290008545,-0.058069679886102676
-0.13847292959690094,-1.186533808708191,-0.03742796555161476
-0.1332189440727234,-1.1725181341171265,-0.03694253787398338
-0.13385578989982605,-1.1543644666671753,-0.006428453139960766
-0.13061575591564178,-1.1530979871749878,-0.032406773418188095
-0.12478748708963394,-1.1523518562316895,-0.05076201260089874
-0.11781605333089828,-1.1883848905563354,-0.08291049301624298
-0.12872710824012756,-1.188563346862793,-0.0722198486328125
-0.1240544319152832,-1.1724218130111694,-0.07010619342327118
-0.11567242443561554,-1.1712327003479004,-0.08258108049631119
-0.09881456196308136,-1.1717653274536133,-0.09027563780546188
-0.10047334432601929,-1.1894859075546265,-0.0872078686952591
-0.08188041299581528,-1.17397141456604,-0.07922645658254623
-0.08266162872314453,-1.1913774013519287,-0.07856768369674683
-0.11075662821531296,-1.1506420373916626,-0.07486157864332199
-0.1174280121922493,-1.152043104171753,-0.06302612274885178
-0.09837289899587631,-1.1499645709991455,-0.08391868323087692
-0.08286719769239426,-1.1521209478378296,-0.0751347467303276
-0.07979972660541534,-1.1539379358291626,-0.057430069893598557
-0.07677430659532547,-1.1759090423583984,-0.05964743718504906
-0.07455950975418091,-1.192488670349121,-0.06013530492782593
-0.07033675909042358,-1.179539680480957,0.07074590027332306
-0.0704689770936966,-1.1938637495040894,0.06566736102104187
-0.11797027289867401,-1.1459904909133911,0.04472984001040459
-0.09769702702760696,-1.1439812183380127,0.05382172018289566
-0.07751565426588058,-1.1524808406829834,0.04560645669698715
-0.0688542053103447,-1.1762754917144775,0.04182475432753563
-0.07381650060415268,-1.1914217472076416,0.03734130412340164
-0.07525684684515,-1.1905667781829834,0.0116017647087574
-0.06824477761983871,-1.1770066022872925,0.014250471256673336
-0.07939783483743668,-1.2054704427719116,0.061952751129865646
-0.08331355452537537,-1.199101448059082,0.03446011245250702
-0.08371865749359131,-1.1976587772369385,0.009281303733587265
-0.0741422101855278,-1.1910122632980347,-0.010902880690991879
-0.0694289579987526,-1.1769616603851318,-0.009332582354545593
-0.07453227788209915,-1.1910706758499146,-0.029081784188747406
-0.0729428082704544,-1.175880789756775,-0.028371810913085938
-0.07507672160863876,-1.175723671913147,-0.04342262074351311
-0.07373016327619553,-1.1917698383331299,-0.04393951967358589
-0.07293865084648132,-1.1552051305770874,-0.029102541506290436
-0.07634603977203369,-1.1540015935897827,-0.04261438548564911
-0.06868530064821243,-1.1570557355880737,-0.00967299472540617
-0.06840083003044128,-1.1562275886535645,0.014981737360358238
-0.15535186231136322,-1.2055611610412598,0.03861261531710625
-0.1485317349433899,-1.2015248537063599,0.013569251634180546
-0.14118614792823792,-1.1981563568115234,-0.011077077127993107
-0.13596922159194946,-1.198447585105896,-0.03561187908053398
-0.12986508011817932,-1.1998019218444824,-0.05462223291397095
-0.12362147122621536,-1.2003008127212524,-0.06677822023630142
-0.10025620460510254,-1.199321985244751,-0.07876056432723999
-0.11439687758684158,-1.1996644735336304,-0.07601315528154373
-0.08752664923667908,-1.200778841972351,-0.07295874506235123
-0.08170858025550842,-1.2026337385177612,-0.0579783171415329
-0.08031097799539566,-1.2035279273986816,-0.04455024376511574
-0.08185376971960068,-1.199876308441162,-0.012867596000432968
-0.0803305134177208,-1.2025666236877441,-0.03000899776816368
-0.06587241590023041,-1.136286973953247,-0.01319519430398941
-0.06959719955921173,-1.1351940631866455,-0.03189362958073616
-0.07478708028793335,-1.133913278579712,-0.044196564704179764
-0.08266108483076096,-1.131088376045227,-0.07257479429244995
-0.07932604104280472,-1.13243567943573,-0.05626911297440529
-0.09461138397455215,-1.2095130681991577,0.059018753468990326
-0.11271001398563385,-1.2088284492492676,0.054535023868083954
-0.12963201105594635,-1.2094095945358276,0.04850674793124199
-0.1437491923570633,-1.2094401121139526,0.042873527854681015
-0.13927991688251495,-1.2059751749038696,0.01693168841302395
-0.12653948366641998,-1.2062382698059082,0.021165678277611732
-0.11077304184436798,-1.206196665763855,0.02617495134472847
-0.09524271637201309,-1.2036060094833374,0.031179895624518394
-0.13277661800384521,-1.2037757635116577,-0.0076439050026237965
-0.1216035932302475,-1.2050302028656006,-0.0035830673296004534
-0.10748349875211716,-1.2052046060562134,0.0004013373691122979
-0.0942205861210823,-1.2031095027923584,0.005757629871368408
-0.09124648571014404,-1.2054662704467773,-0.016753768548369408
-0.10286849737167358,-1.206339716911316,-0.022479940205812454
-0.11528851091861725,-1.2055740356445312,-0.026145877316594124
-0.12597952783107758,-1.2036303281784058,-0.03075188398361206
-0.12035144865512848,-1.2038962841033936,-0.048537321388721466
-0.11035939306020737,-1.2052680253982544,-0.043201662600040436
-0.09926266223192215,-1.2063297033309937,-0.038779258728027344
-0.08977122604846954,-1.2062296867370605,-0.034167300909757614
-0.11557426303625107,-1.2036094665527344,-0.05934371426701546
-0.10118546336889267,-1.2032307386398315,-0.07034474611282349
-0.10967317968606949,-1.2032972574234009,-0.06669687479734421
-0.09285657852888107,-1.2044367790222168,-0.06727015972137451
-0.08980248868465424,-1.2054411172866821,-0.05693764612078667
-0.08924619853496552,-1.2061445713043213,-0.04599842429161072
-0.09776715189218521,-1.2057075500488281,-0.04916748031973839
-0.09701051563024521,-1.2050832509994507,-0.05716471001505852
-0.10757911950349808,-1.2046903371810913,-0.05281771346926689
-0.10455553233623505,-1.2041051387786865,-0.06025548279285431
-0.0971687063574791,-1.2043837308883667,-0.06323574483394623
-0.10102380067110062,-1.2039062976837158,-0.06461317837238312
-0.12612010538578033,-1.1351714134216309,0.004144337493926287
-0.09886150807142258,-0.7674856185913086,0.04509516432881355
-0.08363091200590134,-0.7641363739967346,0.03924737498164177
-0.11602295190095901,-0.7663844227790833,0.04651106521487236
-0.13498765230178833,-0.3323788046836853,0.11175212264060974
-0.0930180773139,-0.08387576043605804,0.13663282990455627
-0.09420724213123322,-0.03811686486005783,0.13107268512248993
-0.09329978376626968,-0.061202794313430786,0.13371725380420685
-0.1373944878578186,-0.3657056391239166,0.11688169836997986
-0.1411987692117691,-0.012195602059364319,0.07298057526350021
-0.11433776468038559,0.15081308782100677,0.10326454043388367
-0.07987260073423386,0.44914206862449646,0.015272569842636585
-0.07808976620435715,0.44585368037223816,0.014185240492224693
-0.07721685618162155,0.4424859583377838,0.012322453781962395
-0.07661318778991699,0.44012451171875,0.009127391502261162
-0.07593230903148651,0.43822258710861206,0.005811578594148159
-0.07441628724336624,0.4377816319465637,0.002645669737830758
-0.07888933271169662,0.4435589611530304,0.009480982087552547
-0.07613015174865723,0.44645223021507263,0.006276457104831934
-0.07680566608905792,0.4477819502353668,0.008435054682195187
-0.07930026203393936,0.4459603726863861,0.011207787320017815
